{
  "type": "collection",
  "entry": [
    {
      "fullUrl": "urn:uuid:9433eeb6-e5d8-40d6-9bb0-a94704b73d46",
      "resource": {
        "id": "9433eeb6-e5d8-40d6-9bb0-a94704b73d46",
        "meta": {
          "profile": [
            "http://standardhealthrecord.org/fhir/StructureDefinition/shr-demographics-PersonOfRecord"
          ]
        },
        "text": {
          "status": "generated",
          "div": "<div>Generated by <a href=\"https://github.com/synthetichealth/synthea\">Synthea</a>. Version identifier: 4d02400401b9fab839e47bf5b2f1f6a8c683ab55</div>"
        },
        "extension": [
          {
            "url": "http://hl7.org/fhir/us/core/StructureDefinition/us-core-race",
            "valueCodeableConcept": {
              "coding": [
                {
                  "system": "http://hl7.org/fhir/v3/Race",
                  "code": "2106-3",
                  "display": "White"
                }
              ],
              "text": "race"
            }
          },
          {
            "url": "http://hl7.org/fhir/us/core/StructureDefinition/us-core-ethnicity",
            "valueCodeableConcept": {
              "coding": [
                {
                  "system": "http://hl7.org/fhir/v3/Ethnicity",
                  "code": "2186-5",
                  "display": "Nonhispanic"
                }
              ],
              "text": "ethnicity"
            }
          },
          {
            "url": "http://hl7.org/fhir/StructureDefinition/birthPlace",
            "valueAddress": {
              "city": "Grafton",
              "state": "MA",
              "country": "US"
            }
          },
          {
            "url": "http://hl7.org/fhir/StructureDefinition/patient-mothersMaidenName",
            "valueString": "Sanford378 Yost726"
          },
          {
            "url": "http://hl7.org/fhir/us/core/StructureDefinition/us-core-birthsex",
            "valueCode": "F"
          },
          {
            "url": "http://hl7.org/fhir/StructureDefinition/patient-interpreterRequired",
            "valueBoolean": false
          },
          {
            "url": "http://standardhealthrecord.org/fhir/StructureDefinition/shr-actor-FictionalPerson-extension",
            "valueBoolean": true
          },
          {
            "url": "http://standardhealthrecord.org/fhir/StructureDefinition/shr-demographics-FathersName-extension",
            "valueHumanName": {
              "text": "Kylie221 Schultz126"
            }
          },
          {
            "url": "http://standardhealthrecord.org/fhir/StructureDefinition/shr-demographics-SocialSecurityNumber-extension",
            "valueString": "999-69-8964"
          }
        ],
        "identifier": [
          {
            "system": "https://github.com/synthetichealth/synthea",
            "value": "acf6404f-e9a0-42f4-b8b4-25fd185154f9"
          },
          {
            "type": {
              "coding": [
                {
                  "system": "http://hl7.org/fhir/identifier-type",
                  "code": "SB"
                }
              ]
            },
            "system": "http://hl7.org/fhir/sid/us-ssn",
            "value": "999698964"
          },
          {
            "type": {
              "coding": [
                {
                  "system": "http://hl7.org/fhir/v2/0203",
                  "code": "DL"
                }
              ]
            },
            "system": "urn:oid:2.16.840.1.113883.4.3.25",
            "value": "S99910291"
          }
        ],
        "name": [
          {
            "use": "official",
            "family": "Abbott992",
            "given": [
              "Estrella545"
            ],
            "prefix": [
              "Mrs."
            ]
          },
          {
            "use": "maiden",
            "family": "Schultz126",
            "given": [
              "Estrella545"
            ]
          }
        ],
        "telecom": [
          {
            "system": "phone",
            "value": "889-181-1310 x5155",
            "use": "home"
          }
        ],
        "gender": "female",
        "birthDate": "1928-05-02",
        "deceasedDateTime": "1990-09-10T21:42:54-04:00",
        "address": [
          {
            "extension": [
              {
                "extension": [
                  {
                    "url": "latitude",
                    "valueDecimal": 42.62048111302013
                  },
                  {
                    "url": "longitude",
                    "valueDecimal": -72.79132286461412
                  }
                ],
                "url": "http://hl7.org/fhir/StructureDefinition/geolocation"
              }
            ],
            "line": [
              "4554 Renner Cape"
            ],
            "city": "Charlemont",
            "state": "MA",
            "postalCode": "01346",
            "country": "US"
          }
        ],
        "maritalStatus": {
          "coding": [
            {
              "system": "http://hl7.org/fhir/v3/MaritalStatus",
              "code": "M"
            }
          ],
          "text": "M"
        },
        "multipleBirthBoolean": false,
        "communication": [
          {
            "language": {
              "coding": [
                {
                  "system": "http://hl7.org/fhir/ValueSet/languages",
                  "code": "en-US",
                  "display": "English (United States)"
                }
              ]
            }
          }
        ],
        "resourceType": "Patient"
      }
    },
    {
      "fullUrl": "urn:uuid:d25eddda-1422-42b5-b140-9e0c07fd6878",
      "resource": {
        "id": "d25eddda-1422-42b5-b140-9e0c07fd6878",
        "meta": {
          "profile": [
            "http://standardhealthrecord.org/fhir/StructureDefinition/shr-actor-Organization"
          ]
        },
        "type": [
          {
            "coding": [
              {
                "system": "http://hl7.org/fhir/ValueSet/organization-type",
                "code": "prov",
                "display": "Healthcare Provider"
              }
            ],
            "text": "Healthcare Provider"
          }
        ],
        "name": "Synthetic Provider",
        "resourceType": "Organization"
      }
    },
    {
      "fullUrl": "urn:uuid:54535ed7-e05a-4d6b-9342-12c61a8dccd4",
      "resource": {
        "id": "54535ed7-e05a-4d6b-9342-12c61a8dccd4",
        "meta": {
          "profile": [
            "http://standardhealthrecord.org/fhir/StructureDefinition/shr-encounter-Encounter"
          ]
        },
        "status": "finished",
        "class": {
          "code": "ambulatory"
        },
        "type": [
          {
            "coding": [
              {
                "system": "http://snomed.info/sct",
                "code": "308646001"
              }
            ],
            "text": "Death Certification"
          }
        ],
        "subject": {
          "reference": "urn:uuid:9433eeb6-e5d8-40d6-9bb0-a94704b73d46"
        },
        "period": {
          "start": "1990-09-10T21:42:54-04:00",
          "end": "1990-09-10T21:57:54-04:00"
        },
        "serviceProvider": {
          "reference": "urn:uuid:d25eddda-1422-42b5-b140-9e0c07fd6878"
        },
        "resourceType": "Encounter"
      }
    },
    {
      "fullUrl": "urn:uuid:06498975-f13b-43c5-92ac-06f7d9fadc55",
      "resource": {
        "id": "06498975-f13b-43c5-92ac-06f7d9fadc55",
        "meta": {
          "profile": [
            "http://standardhealthrecord.org/fhir/StructureDefinition/shr-problem-Problem"
          ]
        },
        "clinicalStatus": "active",
        "verificationStatus": "confirmed",
        "code": {
          "coding": [
            {
              "system": "http://snomed.info/sct",
              "code": "38341003",
              "display": "Hypertension"
            }
          ],
          "text": "Hypertension"
        },
        "subject": {
          "reference": "urn:uuid:9433eeb6-e5d8-40d6-9bb0-a94704b73d46"
        },
        "context": {
          "reference": "urn:uuid:54535ed7-e05a-4d6b-9342-12c61a8dccd4"
        },
        "onsetDateTime": "1946-07-30T03:18:57-04:00",
        "assertedDate": "1946-07-30",
        "resourceType": "Condition"
      }
    },
    {
      "fullUrl": "urn:uuid:a2def730-d14b-44db-96a7-fd28d0910cb5",
      "resource": {
        "id": "a2def730-d14b-44db-96a7-fd28d0910cb5",
        "meta": {
          "profile": [
            "http://standardhealthrecord.org/fhir/StructureDefinition/shr-problem-Problem"
          ]
        },
        "clinicalStatus": "active",
        "verificationStatus": "confirmed",
        "code": {
          "coding": [
            {
              "system": "http://snomed.info/sct",
              "code": "230265002",
              "display": "Familial Alzheimer's disease of early onset (disorder)"
            }
          ],
          "text": "Familial Alzheimer's disease of early onset (disorder)"
        },
        "subject": {
          "reference": "urn:uuid:9433eeb6-e5d8-40d6-9bb0-a94704b73d46"
        },
        "context": {
          "reference": "urn:uuid:54535ed7-e05a-4d6b-9342-12c61a8dccd4"
        },
        "onsetDateTime": "1979-10-30T13:51:32-05:00",
        "assertedDate": "1979-10-30",
        "resourceType": "Condition"
      }
    },
    {
      "fullUrl": "urn:uuid:9fa64989-0c7d-48bc-be9c-e98122c814c0",
      "resource": {
        "id": "9fa64989-0c7d-48bc-be9c-e98122c814c0",
        "meta": {
          "profile": [
            "http://standardhealthrecord.org/fhir/StructureDefinition/shr-problem-Problem"
          ]
        },
        "clinicalStatus": "active",
        "verificationStatus": "confirmed",
        "code": {
          "coding": [
            {
              "system": "http://snomed.info/sct",
              "code": "410429000",
              "display": "Cardiac Arrest"
            }
          ],
          "text": "Cardiac Arrest"
        },
        "subject": {
          "reference": "urn:uuid:9433eeb6-e5d8-40d6-9bb0-a94704b73d46"
        },
        "context": {
          "reference": "urn:uuid:54535ed7-e05a-4d6b-9342-12c61a8dccd4"
        },
        "onsetDateTime": "1984-06-13T20:25:54-04:00",
        "assertedDate": "1984-06-13",
        "resourceType": "Condition"
      }
    },
    {
      "fullUrl": "urn:uuid:eac649bf-8daa-42aa-b8c7-454a1bfe6414",
      "resource": {
        "id": "eac649bf-8daa-42aa-b8c7-454a1bfe6414",
        "meta": {
          "profile": [
            "http://standardhealthrecord.org/fhir/StructureDefinition/shr-problem-Problem"
          ]
        },
        "clinicalStatus": "active",
        "verificationStatus": "confirmed",
        "code": {
          "coding": [
            {
              "system": "http://snomed.info/sct",
              "code": "429007001",
              "display": "History of cardiac arrest (situation)"
            }
          ],
          "text": "History of cardiac arrest (situation)"
        },
        "subject": {
          "reference": "urn:uuid:9433eeb6-e5d8-40d6-9bb0-a94704b73d46"
        },
        "context": {
          "reference": "urn:uuid:54535ed7-e05a-4d6b-9342-12c61a8dccd4"
        },
        "onsetDateTime": "1984-06-13T20:25:54-04:00",
        "assertedDate": "1984-06-13",
        "resourceType": "Condition"
      }
    },
    {
      "fullUrl": "urn:uuid:adadad1e-eb50-480e-859c-fb01d580d0d1",
      "resource": {
        "id": "adadad1e-eb50-480e-859c-fb01d580d0d1",
        "meta": {
          "profile": [
            "http://standardhealthrecord.org/fhir/StructureDefinition/shr-problem-Problem"
          ]
        },
        "clinicalStatus": "active",
        "verificationStatus": "confirmed",
        "code": {
          "coding": [
            {
              "system": "http://snomed.info/sct",
              "code": "64859006",
              "display": "Osteoporosis (disorder)"
            }
          ],
          "text": "Osteoporosis (disorder)"
        },
        "subject": {
          "reference": "urn:uuid:9433eeb6-e5d8-40d6-9bb0-a94704b73d46"
        },
        "context": {
          "reference": "urn:uuid:54535ed7-e05a-4d6b-9342-12c61a8dccd4"
        },
        "onsetDateTime": "1989-04-03T07:23:26-04:00",
        "assertedDate": "1989-04-03",
        "resourceType": "Condition"
      }
    },
    {
      "fullUrl": "urn:uuid:0ee61adc-4cd2-4784-99e9-89a01424b918",
      "resource": {
        "id": "0ee61adc-4cd2-4784-99e9-89a01424b918",
        "meta": {
          "profile": [
            "http://standardhealthrecord.org/fhir/StructureDefinition/shr-observation-Observation"
          ]
        },
        "status": "final",
        "category": [
          {
            "coding": [
              {
                "system": "http://hl7.org/fhir/observation-category"
              }
            ]
          }
        ],
        "code": {
          "coding": [
            {
              "system": "http://loinc.org",
              "code": "69453-9",
              "display": "Cause of Death [US Standard Certificate of Death]"
            }
          ],
          "text": "Cause of Death [US Standard Certificate of Death]"
        },
        "subject": {
          "reference": "urn:uuid:9433eeb6-e5d8-40d6-9bb0-a94704b73d46"
        },
        "context": {
          "reference": "urn:uuid:54535ed7-e05a-4d6b-9342-12c61a8dccd4"
        },
        "effectiveDateTime": "1990-09-10T21:42:54-04:00",
        "issued": "1990-09-10T21:42:54-04:00",
        "valueCodeableConcept": {
          "coding": [
            {
              "system": "http://snomed.info/sct",
              "code": "230265002",
              "display": "Familial Alzheimer's disease of early onset (disorder)"
            }
          ],
          "text": "Familial Alzheimer's disease of early onset (disorder)"
        },
        "resourceType": "Observation"
      }
    },
    {
      "fullUrl": "urn:uuid:1b755833-34b7-4f34-9025-f5f612df2e5f",
      "resource": {
        "id": "1b755833-34b7-4f34-9025-f5f612df2e5f",
        "meta": {
          "profile": [
            "http://standardhealthrecord.org/fhir/StructureDefinition/shr-observation-Panel"
          ]
        },
        "status": "final",
        "code": {
          "coding": [
            {
              "system": "http://loinc.org",
              "code": "69409-1",
              "display": "U.S. standard certificate of death - 2003 revision"
            }
          ]
        },
        "subject": {
          "reference": "urn:uuid:9433eeb6-e5d8-40d6-9bb0-a94704b73d46"
        },
        "context": {
          "reference": "urn:uuid:54535ed7-e05a-4d6b-9342-12c61a8dccd4"
        },
        "effectiveDateTime": "1990-09-10T21:42:54-04:00",
        "issued": "1990-09-10T21:42:54-04:00",
        "result": [
          {
            "reference": "urn:uuid:0ee61adc-4cd2-4784-99e9-89a01424b918",
            "display": "Cause of Death [US Standard Certificate of Death]"
          }
        ],
        "resourceType": "DiagnosticReport"
      }
    },
    {
      "resource": {
        "status": "active",
        "category": [
          {
            "coding": [
              {
                "system": "http://snomed.info/sct",
                "code": "386257007",
                "display": "Demential management"
              }
            ]
          }
        ],
        "subject": {
          "reference": "urn:uuid:9433eeb6-e5d8-40d6-9bb0-a94704b73d46"
        },
        "context": {
          "reference": "urn:uuid:54535ed7-e05a-4d6b-9342-12c61a8dccd4"
        },
        "period": {
          "start": "1979-10-30"
        },
        "addresses": [
          {
            "reference": "urn:uuid:a2def730-d14b-44db-96a7-fd28d0910cb5"
          }
        ],
        "activity": [
          {
            "detail": {
              "code": {
                "coding": [
                  {
                    "system": "http://snomed.info/sct",
                    "code": "850261000000100",
                    "display": "Education about dementia"
                  }
                ]
              },
              "status": "in-progress"
            }
          },
          {
            "detail": {
              "code": {
                "coding": [
                  {
                    "system": "http://snomed.info/sct",
                    "code": "710125008",
                    "display": "Promotion of use of memory skills"
                  }
                ]
              },
              "status": "in-progress"
            }
          },
          {
            "detail": {
              "code": {
                "coding": [
                  {
                    "system": "http://snomed.info/sct",
                    "code": "315043002",
                    "display": "Long term social support"
                  }
                ]
              },
              "status": "in-progress"
            }
          }
        ],
        "resourceType": "CarePlan"
      }
    },
    {
      "resource": {
        "status": "active",
        "category": [
          {
            "coding": [
              {
                "system": "http://snomed.info/sct",
                "code": "698358001",
                "display": "Angina self management plan"
              }
            ]
          }
        ],
        "subject": {
          "reference": "urn:uuid:9433eeb6-e5d8-40d6-9bb0-a94704b73d46"
        },
        "context": {
          "reference": "urn:uuid:54535ed7-e05a-4d6b-9342-12c61a8dccd4"
        },
        "period": {
          "start": "1984-07-27"
        },
        "addresses": [
          {
            "reference": "urn:uuid:9fa64989-0c7d-48bc-be9c-e98122c814c0"
          }
        ],
        "activity": [
          {
            "detail": {
              "code": {
                "coding": [
                  {
                    "system": "http://snomed.info/sct",
                    "code": "229065009",
                    "display": "Exercise therapy"
                  }
                ]
              },
              "status": "in-progress"
            }
          },
          {
            "detail": {
              "code": {
                "coding": [
                  {
                    "system": "http://snomed.info/sct",
                    "code": "226060000",
                    "display": "Stress management"
                  }
                ]
              },
              "status": "in-progress"
            }
          },
          {
            "detail": {
              "code": {
                "coding": [
                  {
                    "system": "http://snomed.info/sct",
                    "code": "710081004",
                    "display": "Smoking cessation therapy"
                  }
                ]
              },
              "status": "in-progress"
            }
          },
          {
            "detail": {
              "code": {
                "coding": [
                  {
                    "system": "http://snomed.info/sct",
                    "code": "226234005",
                    "display": "Healthy diet"
                  }
                ]
              },
              "status": "in-progress"
            }
          }
        ],
        "resourceType": "CarePlan"
      }
    },
    {
      "resource": {
        "meta": {
          "profile": [
            "http://standardhealthrecord.org/fhir/StructureDefinition/shr-medication-Medication"
          ]
        },
        "code": {
          "coding": [
            {
              "system": "http://www.nlm.nih.gov/research/umls/rxnorm",
              "code": "834101",
              "display": "Penicillin V Potassium 500 MG"
            }
          ],
          "text": "Penicillin V Potassium 500 MG"
        },
        "resourceType": "Medication"
      }
    },
    {
      "resource": {
        "meta": {
          "profile": [
            "http://standardhealthrecord.org/fhir/StructureDefinition/shr-medication-MedicationPrescription"
          ]
        },
        "extension": [
          {
            "url": "http://standardhealthrecord.org/fhir/StructureDefinition/shr-base-ActionCode-extension",
            "valueCodeableConcept": {
              "coding": [
                {
                  "system": "http://snomed.info/sct",
                  "code": "33633005",
                  "display": "Prescription of drug (procedure)"
                }
              ],
              "text": "Prescription of drug (procedure)"
            }
          }
        ],
        "status": "active",
        "medicationReference": {
          "reference": ""
        },
        "subject": {
          "reference": "urn:uuid:9433eeb6-e5d8-40d6-9bb0-a94704b73d46"
        },
        "context": {
          "reference": "urn:uuid:54535ed7-e05a-4d6b-9342-12c61a8dccd4"
        },
        "authoredOn": "1951-05-08",
        "dosageInstruction": [
          {

          }
        ],
        "resourceType": "MedicationRequest"
      }
    }
  ],
  "resourceType": "Bundle"
}