{
  "type": "collection",
  "entry": [
    {
      "fullUrl": "urn:uuid:6999e5bf-eb22-4590-b01a-ae10c2d1bd05",
      "resource": {
        "id": "6999e5bf-eb22-4590-b01a-ae10c2d1bd05",
        "meta": {
          "profile": [
            "http://standardhealthrecord.org/fhir/StructureDefinition/shr-demographics-PersonOfRecord"
          ]
        },
        "text": {
          "status": "generated",
          "div": "<div>Generated by <a href=\"https://github.com/synthetichealth/synthea\">Synthea</a>. Version identifier: 4d02400401b9fab839e47bf5b2f1f6a8c683ab55</div>"
        },
        "extension": [
          {
            "url": "http://hl7.org/fhir/us/core/StructureDefinition/us-core-race",
            "valueCodeableConcept": {
              "coding": [
                {
                  "system": "http://hl7.org/fhir/v3/Race",
                  "code": "2106-3",
                  "display": "White"
                }
              ],
              "text": "race"
            }
          },
          {
            "url": "http://hl7.org/fhir/us/core/StructureDefinition/us-core-ethnicity",
            "valueCodeableConcept": {
              "coding": [
                {
                  "system": "http://hl7.org/fhir/v3/Ethnicity",
                  "code": "2186-5",
                  "display": "Nonhispanic"
                }
              ],
              "text": "ethnicity"
            }
          },
          {
            "url": "http://hl7.org/fhir/StructureDefinition/birthPlace",
            "valueAddress": {
              "city": "Norwell",
              "state": "MA",
              "country": "US"
            }
          },
          {
            "url": "http://hl7.org/fhir/StructureDefinition/patient-mothersMaidenName",
            "valueString": "Cesar537 Murazik52"
          },
          {
            "url": "http://hl7.org/fhir/us/core/StructureDefinition/us-core-birthsex",
            "valueCode": "M"
          },
          {
            "url": "http://hl7.org/fhir/StructureDefinition/patient-interpreterRequired",
            "valueBoolean": false
          },
          {
            "url": "http://standardhealthrecord.org/fhir/StructureDefinition/shr-actor-FictionalPerson-extension",
            "valueBoolean": true
          },
          {
            "url": "http://standardhealthrecord.org/fhir/StructureDefinition/shr-demographics-FathersName-extension",
            "valueHumanName": {
              "text": "Brandon697 Abbott992"
            }
          },
          {
            "url": "http://standardhealthrecord.org/fhir/StructureDefinition/shr-demographics-SocialSecurityNumber-extension",
            "valueString": "999-59-3572"
          }
        ],
        "identifier": [
          {
            "system": "https://github.com/synthetichealth/synthea",
            "value": "1970b7f5-9427-40bb-9479-c6ab63ab81ec"
          },
          {
            "type": {
              "coding": [
                {
                  "system": "http://hl7.org/fhir/identifier-type",
                  "code": "SB"
                }
              ]
            },
            "system": "http://hl7.org/fhir/sid/us-ssn",
            "value": "999593572"
          },
          {
            "type": {
              "coding": [
                {
                  "system": "http://hl7.org/fhir/v2/0203",
                  "code": "DL"
                }
              ]
            },
            "system": "urn:oid:2.16.840.1.113883.4.3.25",
            "value": "S99954235"
          },
          {
            "type": {
              "coding": [
                {
                  "system": "http://hl7.org/fhir/v2/0203",
                  "code": "PPN"
                }
              ]
            },
            "system": "http://standardhealthrecord.org/fhir/StructureDefinition/passportNumber",
            "value": "X93045028X"
          }
        ],
        "name": [
          {
            "use": "official",
            "family": "Abbott992",
            "given": [
              "Joan928"
            ],
            "prefix": [
              "Mr."
            ]
          }
        ],
        "telecom": [
          {
            "system": "phone",
            "value": "(481) 467-3752",
            "use": "home"
          }
        ],
        "gender": "male",
        "birthDate": "1990-12-04",
        "address": [
          {
            "extension": [
              {
                "extension": [
                  {
                    "url": "latitude",
                    "valueDecimal": 42.44036283178367
                  },
                  {
                    "url": "longitude",
                    "valueDecimal": -71.11695603579423
                  }
                ],
                "url": "http://hl7.org/fhir/StructureDefinition/geolocation"
              }
            ],
            "line": [
              "630 Gaylord Divide"
            ],
            "city": "Medford",
            "state": "MA",
            "postalCode": "02153",
            "country": "US"
          }
        ],
        "maritalStatus": {
          "coding": [
            {
              "system": "http://hl7.org/fhir/v3/MaritalStatus",
              "code": "S"
            }
          ],
          "text": "Never Married"
        },
        "multipleBirthBoolean": false,
        "communication": [
          {
            "language": {
              "coding": [
                {
                  "system": "http://hl7.org/fhir/ValueSet/languages",
                  "code": "en-US",
                  "display": "English (United States)"
                }
              ]
            }
          }
        ],
        "resourceType": "Patient"
      }
    },
    {
      "fullUrl": "urn:uuid:03ab720d-8835-40f8-8576-c696a718adfb",
      "resource": {
        "id": "03ab720d-8835-40f8-8576-c696a718adfb",
        "meta": {
          "profile": [
            "http://standardhealthrecord.org/fhir/StructureDefinition/shr-actor-Organization"
          ]
        },
        "type": [
          {
            "coding": [
              {
                "system": "http://hl7.org/fhir/ValueSet/organization-type",
                "code": "prov",
                "display": "Healthcare Provider"
              }
            ],
            "text": "Healthcare Provider"
          }
        ],
        "name": "Synthetic Provider",
        "resourceType": "Organization"
      }
    },
    {
      "fullUrl": "urn:uuid:66364d66-85c9-4c98-9961-2e9476d86354",
      "resource": {
        "id": "66364d66-85c9-4c98-9961-2e9476d86354",
        "meta": {
          "profile": [
            "http://standardhealthrecord.org/fhir/StructureDefinition/shr-encounter-Encounter"
          ]
        },
        "status": "finished",
        "class": {
          "code": "outpatient"
        },
        "type": [
          {
            "coding": [
              {
                "system": "http://snomed.info/sct",
                "code": "185349003"
              }
            ],
            "text": "Outpatient Encounter"
          }
        ],
        "subject": {
          "reference": "urn:uuid:6999e5bf-eb22-4590-b01a-ae10c2d1bd05"
        },
        "period": {
          "start": "2011-02-20T07:13:47-05:00",
          "end": "2011-02-20T08:13:47-05:00"
        },
        "serviceProvider": {
          "reference": "urn:uuid:03ab720d-8835-40f8-8576-c696a718adfb"
        },
        "resourceType": "Encounter"
      }
    },
    {
      "fullUrl": "urn:uuid:4b0bd3a6-19a2-4d1d-9381-931e1c8e85e4",
      "resource": {
        "id": "4b0bd3a6-19a2-4d1d-9381-931e1c8e85e4",
        "meta": {
          "profile": [
            "http://standardhealthrecord.org/fhir/StructureDefinition/shr-observation-Observation",
            "http://standardhealthrecord.org/fhir/StructureDefinition/shr-vital-VitalSign",
            "http://standardhealthrecord.org/fhir/StructureDefinition/shr-vital-BodyHeight"
          ]
        },
        "status": "final",
        "category": [
          {
            "coding": [
              {
                "system": "http://hl7.org/fhir/observation-category",
                "code": "vital-signs"
              }
            ]
          }
        ],
        "code": {
          "coding": [
            {
              "system": "http://loinc.org",
              "code": "8302-2",
              "display": "Body Height"
            }
          ],
          "text": "Body Height"
        },
        "subject": {
          "reference": "urn:uuid:6999e5bf-eb22-4590-b01a-ae10c2d1bd05"
        },
        "context": {
          "reference": "urn:uuid:66364d66-85c9-4c98-9961-2e9476d86354"
        },
        "effectiveDateTime": "2011-02-20T07:13:47-05:00",
        "issued": "2011-02-20T07:13:47-05:00",
        "valueQuantity": {
          "value": 169.91305658184046,
          "unit": "cm",
          "system": "http://unitsofmeasure.org/",
          "code": "cm"
        },
        "resourceType": "Observation"
      }
    },
    {
      "fullUrl": "urn:uuid:9106358b-db04-463f-ace9-775bfcf4e17c",
      "resource": {
        "id": "9106358b-db04-463f-ace9-775bfcf4e17c",
        "meta": {
          "profile": [
            "http://standardhealthrecord.org/fhir/StructureDefinition/shr-observation-Observation",
            "http://standardhealthrecord.org/fhir/StructureDefinition/shr-vital-VitalSign",
            "http://standardhealthrecord.org/fhir/StructureDefinition/shr-vital-BodyWeight"
          ]
        },
        "status": "final",
        "category": [
          {
            "coding": [
              {
                "system": "http://hl7.org/fhir/observation-category",
                "code": "vital-signs"
              }
            ]
          }
        ],
        "code": {
          "coding": [
            {
              "system": "http://loinc.org",
              "code": "29463-7",
              "display": "Body Weight"
            }
          ],
          "text": "Body Weight"
        },
        "subject": {
          "reference": "urn:uuid:6999e5bf-eb22-4590-b01a-ae10c2d1bd05"
        },
        "context": {
          "reference": "urn:uuid:66364d66-85c9-4c98-9961-2e9476d86354"
        },
        "effectiveDateTime": "2011-02-20T07:13:47-05:00",
        "issued": "2011-02-20T07:13:47-05:00",
        "valueQuantity": {
          "value": 55.29150582425338,
          "unit": "kg",
          "system": "http://unitsofmeasure.org/",
          "code": "kg"
        },
        "resourceType": "Observation"
      }
    },
    {
      "fullUrl": "urn:uuid:e5f42dbb-70a1-4a79-8c94-326013ddc063",
      "resource": {
        "id": "e5f42dbb-70a1-4a79-8c94-326013ddc063",
        "meta": {
          "profile": [
            "http://standardhealthrecord.org/fhir/StructureDefinition/shr-observation-Observation",
            "http://standardhealthrecord.org/fhir/StructureDefinition/shr-vital-VitalSign",
            "http://standardhealthrecord.org/fhir/StructureDefinition/shr-vital-BodyMassIndex"
          ]
        },
        "status": "final",
        "category": [
          {
            "coding": [
              {
                "system": "http://hl7.org/fhir/observation-category",
                "code": "vital-signs"
              }
            ]
          }
        ],
        "code": {
          "coding": [
            {
              "system": "http://loinc.org",
              "code": "39156-5",
              "display": "Body Mass Index"
            }
          ],
          "text": "Body Mass Index"
        },
        "subject": {
          "reference": "urn:uuid:6999e5bf-eb22-4590-b01a-ae10c2d1bd05"
        },
        "context": {
          "reference": "urn:uuid:66364d66-85c9-4c98-9961-2e9476d86354"
        },
        "effectiveDateTime": "2011-02-20T07:13:47-05:00",
        "issued": "2011-02-20T07:13:47-05:00",
        "valueQuantity": {
          "value": 19.151593396895414,
          "unit": "kg/m2",
          "system": "http://unitsofmeasure.org/",
          "code": "kg/m2"
        },
        "resourceType": "Observation"
      }
    },
    {
      "fullUrl": "urn:uuid:2c8172af-0586-4d89-82c5-871691845f36",
      "resource": {
        "id": "2c8172af-0586-4d89-82c5-871691845f36",
        "meta": {
          "profile": [
            "http://standardhealthrecord.org/fhir/StructureDefinition/shr-observation-Observation",
            "http://standardhealthrecord.org/fhir/StructureDefinition/shr-vital-BloodPressure"
          ]
        },
        "status": "final",
        "category": [
          {
            "coding": [
              {
                "system": "http://hl7.org/fhir/observation-category",
                "code": "vital-signs"
              }
            ]
          }
        ],
        "code": {
          "coding": [
            {
              "system": "http://loinc.org",
              "code": "55284-4",
              "display": "Blood Pressure"
            }
          ]
        },
        "subject": {
          "reference": "urn:uuid:6999e5bf-eb22-4590-b01a-ae10c2d1bd05"
        },
        "context": {
          "reference": "urn:uuid:66364d66-85c9-4c98-9961-2e9476d86354"
        },
        "effectiveDateTime": "2011-02-20T07:13:47-05:00",
        "issued": "2011-02-20T07:13:47-05:00",
        "component": [
          {
            "code": {
              "coding": [
                {
                  "system": "http://loinc.org",
                  "code": "8480-6",
                  "display": "Systolic Blood Pressure"
                }
              ],
              "text": "Systolic Blood Pressure"
            },
            "valueQuantity": {
              "value": 123,
              "unit": "mmHg",
              "system": "http://unitsofmeasure.org/",
              "code": "mmHg"
            }
          },
          {
            "code": {
              "coding": [
                {
                  "system": "http://loinc.org",
                  "code": "8462-4",
                  "display": "Diastolic Blood Pressure"
                }
              ],
              "text": "Diastolic Blood Pressure"
            },
            "valueQuantity": {
              "value": 75,
              "unit": "mmHg",
              "system": "http://unitsofmeasure.org/",
              "code": "mmHg"
            }
          }
        ],
        "resourceType": "Observation"
      }
    },
    {
      "resource": {
        "meta": {
          "profile": [
            "http://standardhealthrecord.org/fhir/StructureDefinition/shr-immunization-Immunization"
          ]
        },
        "status": "completed",
        "notGiven": false,
        "vaccineCode": {
          "coding": [
            {
              "system": "http://hl7.org/fhir/sid/cvx",
              "code": "140",
              "display": "Influenza, seasonal, injectable, preservative free"
            }
          ],
          "text": "Influenza, seasonal, injectable, preservative free"
        },
        "patient": {
          "reference": "urn:uuid:6999e5bf-eb22-4590-b01a-ae10c2d1bd05"
        },
        "encounter": {
          "reference": "urn:uuid:66364d66-85c9-4c98-9961-2e9476d86354"
        },
        "date": "2011-02-20T07:13:47-05:00",
        "primarySource": true,
        "resourceType": "Immunization"
      }
    },
    {
      "resource": {
        "status": "completed",
        "category": [
          {
            "coding": [
              {
                "system": "http://snomed.info/sct",
                "code": "53950000",
                "display": "Respiratory therapy"
              }
            ]
          }
        ],
        "subject": {
          "reference": "urn:uuid:6999e5bf-eb22-4590-b01a-ae10c2d1bd05"
        },
        "context": {
          "reference": "urn:uuid:66364d66-85c9-4c98-9961-2e9476d86354"
        },
        "period": {
          "start": "1997-11-14",
          "end": "1998-01-07"
        },
        "activity": [
          {
            "detail": {
              "code": {
                "coding": [
                  {
                    "system": "http://snomed.info/sct",
                    "code": "304510005",
                    "display": "Recommendation to avoid exercise"
                  }
                ]
              },
              "status": "completed"
            }
          },
          {
            "detail": {
              "code": {
                "coding": [
                  {
                    "system": "http://snomed.info/sct",
                    "code": "371605008",
                    "display": "Deep breathing and coughing exercises"
                  }
                ]
              },
              "status": "completed"
            }
          }
        ],
        "resourceType": "CarePlan"
      }
    },
    {
      "resource": {
        "meta": {
          "profile": [
            "http://standardhealthrecord.org/fhir/StructureDefinition/shr-medication-Medication"
          ]
        },
        "code": {
          "coding": [
            {
              "system": "http://www.nlm.nih.gov/research/umls/rxnorm",
              "code": "834060",
              "display": "Penicillin V Potassium 250 MG"
            }
          ],
          "text": "Penicillin V Potassium 250 MG"
        },
        "resourceType": "Medication"
      }
    },
    {
      "resource": {
        "meta": {
          "profile": [
            "http://standardhealthrecord.org/fhir/StructureDefinition/shr-medication-MedicationPrescription"
          ]
        },
        "extension": [
          {
            "url": "http://standardhealthrecord.org/fhir/StructureDefinition/shr-base-ActionCode-extension",
            "valueCodeableConcept": {
              "coding": [
                {
                  "system": "http://snomed.info/sct",
                  "code": "33633005",
                  "display": "Prescription of drug (procedure)"
                }
              ],
              "text": "Prescription of drug (procedure)"
            }
          }
        ],
        "status": "active",
        "medicationReference": {
          "reference": ""
        },
        "subject": {
          "reference": "urn:uuid:6999e5bf-eb22-4590-b01a-ae10c2d1bd05"
        },
        "context": {
          "reference": "urn:uuid:66364d66-85c9-4c98-9961-2e9476d86354"
        },
        "authoredOn": "2003-06-15",
        "dosageInstruction": [
          {

          }
        ],
        "resourceType": "MedicationRequest"
      }
    },
    {
      "fullUrl": "urn:uuid:497c59c5-49a6-4970-8847-784bf90ba86a",
      "resource": {
        "id": "497c59c5-49a6-4970-8847-784bf90ba86a",
        "meta": {
          "profile": [
            "http://standardhealthrecord.org/fhir/StructureDefinition/shr-encounter-Encounter"
          ]
        },
        "status": "finished",
        "class": {
          "code": "outpatient"
        },
        "type": [
          {
            "coding": [
              {
                "system": "http://snomed.info/sct",
                "code": "185349003"
              }
            ],
            "text": "Outpatient Encounter"
          }
        ],
        "subject": {
          "reference": "urn:uuid:6999e5bf-eb22-4590-b01a-ae10c2d1bd05"
        },
        "period": {
          "start": "2013-12-02T13:37:23-05:00",
          "end": "2013-12-02T14:37:23-05:00"
        },
        "serviceProvider": {
          "reference": "urn:uuid:03ab720d-8835-40f8-8576-c696a718adfb"
        },
        "resourceType": "Encounter"
      }
    },
    {
      "fullUrl": "urn:uuid:12baf8a8-8fda-4dae-97b0-d3baa7c10bb9",
      "resource": {
        "id": "12baf8a8-8fda-4dae-97b0-d3baa7c10bb9",
        "meta": {
          "profile": [
            "http://standardhealthrecord.org/fhir/StructureDefinition/shr-problem-Problem"
          ]
        },
        "clinicalStatus": "active",
        "verificationStatus": "confirmed",
        "code": {
          "coding": [
            {
              "system": "http://snomed.info/sct",
              "code": "15777000",
              "display": "Prediabetes"
            }
          ],
          "text": "Prediabetes"
        },
        "subject": {
          "reference": "urn:uuid:6999e5bf-eb22-4590-b01a-ae10c2d1bd05"
        },
        "context": {
          "reference": "urn:uuid:497c59c5-49a6-4970-8847-784bf90ba86a"
        },
        "onsetDateTime": "2013-12-02T13:37:23-05:00",
        "assertedDate": "2013-12-02",
        "resourceType": "Condition"
      }
    },
    {
      "fullUrl": "urn:uuid:8b74f225-b258-4077-9a7e-f8cf85e8c183",
      "resource": {
        "id": "8b74f225-b258-4077-9a7e-f8cf85e8c183",
        "meta": {
          "profile": [
            "http://standardhealthrecord.org/fhir/StructureDefinition/shr-observation-Observation"
          ]
        },
        "status": "final",
        "category": [
          {
            "coding": [
              {
                "system": "http://hl7.org/fhir/observation-category",
                "code": "laboratory"
              }
            ]
          }
        ],
        "code": {
          "coding": [
            {
              "system": "http://loinc.org",
              "code": "4548-4",
              "display": "Hemoglobin A1c/Hemoglobin.total in Blood"
            }
          ],
          "text": "Hemoglobin A1c/Hemoglobin.total in Blood"
        },
        "subject": {
          "reference": "urn:uuid:6999e5bf-eb22-4590-b01a-ae10c2d1bd05"
        },
        "context": {
          "reference": "urn:uuid:497c59c5-49a6-4970-8847-784bf90ba86a"
        },
        "effectiveDateTime": "2013-12-02T13:37:23-05:00",
        "issued": "2013-12-02T13:37:23-05:00",
        "valueQuantity": {
          "value": 5.8,
          "unit": "%",
          "system": "http://unitsofmeasure.org/",
          "code": "%"
        },
        "resourceType": "Observation"
      }
    },
    {
      "fullUrl": "urn:uuid:f2e3a35f-5eae-417a-941f-6443d1d5649c",
      "resource": {
        "id": "f2e3a35f-5eae-417a-941f-6443d1d5649c",
        "meta": {
          "profile": [
            "http://standardhealthrecord.org/fhir/StructureDefinition/shr-observation-Observation",
            "http://standardhealthrecord.org/fhir/StructureDefinition/shr-vital-VitalSign",
            "http://standardhealthrecord.org/fhir/StructureDefinition/shr-vital-BodyHeight"
          ]
        },
        "status": "final",
        "category": [
          {
            "coding": [
              {
                "system": "http://hl7.org/fhir/observation-category",
                "code": "vital-signs"
              }
            ]
          }
        ],
        "code": {
          "coding": [
            {
              "system": "http://loinc.org",
              "code": "8302-2",
              "display": "Body Height"
            }
          ],
          "text": "Body Height"
        },
        "subject": {
          "reference": "urn:uuid:6999e5bf-eb22-4590-b01a-ae10c2d1bd05"
        },
        "context": {
          "reference": "urn:uuid:497c59c5-49a6-4970-8847-784bf90ba86a"
        },
        "effectiveDateTime": "2013-12-02T13:37:23-05:00",
        "issued": "2013-12-02T13:37:23-05:00",
        "valueQuantity": {
          "value": 169.91305658184046,
          "unit": "cm",
          "system": "http://unitsofmeasure.org/",
          "code": "cm"
        },
        "resourceType": "Observation"
      }
    },
    {
      "fullUrl": "urn:uuid:4b3d5277-51f1-4d4a-a7ef-d9dd1733873b",
      "resource": {
        "id": "4b3d5277-51f1-4d4a-a7ef-d9dd1733873b",
        "meta": {
          "profile": [
            "http://standardhealthrecord.org/fhir/StructureDefinition/shr-observation-Observation",
            "http://standardhealthrecord.org/fhir/StructureDefinition/shr-vital-VitalSign",
            "http://standardhealthrecord.org/fhir/StructureDefinition/shr-vital-BodyWeight"
          ]
        },
        "status": "final",
        "category": [
          {
            "coding": [
              {
                "system": "http://hl7.org/fhir/observation-category",
                "code": "vital-signs"
              }
            ]
          }
        ],
        "code": {
          "coding": [
            {
              "system": "http://loinc.org",
              "code": "29463-7",
              "display": "Body Weight"
            }
          ],
          "text": "Body Weight"
        },
        "subject": {
          "reference": "urn:uuid:6999e5bf-eb22-4590-b01a-ae10c2d1bd05"
        },
        "context": {
          "reference": "urn:uuid:497c59c5-49a6-4970-8847-784bf90ba86a"
        },
        "effectiveDateTime": "2013-12-02T13:37:23-05:00",
        "issued": "2013-12-02T13:37:23-05:00",
        "valueQuantity": {
          "value": 58.17335340344975,
          "unit": "kg",
          "system": "http://unitsofmeasure.org/",
          "code": "kg"
        },
        "resourceType": "Observation"
      }
    },
    {
      "fullUrl": "urn:uuid:63714ab4-c6b2-4681-ba49-1002c1d93aef",
      "resource": {
        "id": "63714ab4-c6b2-4681-ba49-1002c1d93aef",
        "meta": {
          "profile": [
            "http://standardhealthrecord.org/fhir/StructureDefinition/shr-observation-Observation",
            "http://standardhealthrecord.org/fhir/StructureDefinition/shr-vital-VitalSign",
            "http://standardhealthrecord.org/fhir/StructureDefinition/shr-vital-BodyMassIndex"
          ]
        },
        "status": "final",
        "category": [
          {
            "coding": [
              {
                "system": "http://hl7.org/fhir/observation-category",
                "code": "vital-signs"
              }
            ]
          }
        ],
        "code": {
          "coding": [
            {
              "system": "http://loinc.org",
              "code": "39156-5",
              "display": "Body Mass Index"
            }
          ],
          "text": "Body Mass Index"
        },
        "subject": {
          "reference": "urn:uuid:6999e5bf-eb22-4590-b01a-ae10c2d1bd05"
        },
        "context": {
          "reference": "urn:uuid:497c59c5-49a6-4970-8847-784bf90ba86a"
        },
        "effectiveDateTime": "2013-12-02T13:37:23-05:00",
        "issued": "2013-12-02T13:37:23-05:00",
        "valueQuantity": {
          "value": 20.149793251390726,
          "unit": "kg/m2",
          "system": "http://unitsofmeasure.org/",
          "code": "kg/m2"
        },
        "resourceType": "Observation"
      }
    },
    {
      "fullUrl": "urn:uuid:2baffb09-d291-42f3-ba0a-e2a3300b91fb",
      "resource": {
        "id": "2baffb09-d291-42f3-ba0a-e2a3300b91fb",
        "meta": {
          "profile": [
            "http://standardhealthrecord.org/fhir/StructureDefinition/shr-observation-Observation",
            "http://standardhealthrecord.org/fhir/StructureDefinition/shr-vital-BloodPressure"
          ]
        },
        "status": "final",
        "category": [
          {
            "coding": [
              {
                "system": "http://hl7.org/fhir/observation-category",
                "code": "vital-signs"
              }
            ]
          }
        ],
        "code": {
          "coding": [
            {
              "system": "http://loinc.org",
              "code": "55284-4",
              "display": "Blood Pressure"
            }
          ]
        },
        "subject": {
          "reference": "urn:uuid:6999e5bf-eb22-4590-b01a-ae10c2d1bd05"
        },
        "context": {
          "reference": "urn:uuid:497c59c5-49a6-4970-8847-784bf90ba86a"
        },
        "effectiveDateTime": "2013-12-02T13:37:23-05:00",
        "issued": "2013-12-02T13:37:23-05:00",
        "component": [
          {
            "code": {
              "coding": [
                {
                  "system": "http://loinc.org",
                  "code": "8480-6",
                  "display": "Systolic Blood Pressure"
                }
              ],
              "text": "Systolic Blood Pressure"
            },
            "valueQuantity": {
              "value": 106,
              "unit": "mmHg",
              "system": "http://unitsofmeasure.org/",
              "code": "mmHg"
            }
          },
          {
            "code": {
              "coding": [
                {
                  "system": "http://loinc.org",
                  "code": "8462-4",
                  "display": "Diastolic Blood Pressure"
                }
              ],
              "text": "Diastolic Blood Pressure"
            },
            "valueQuantity": {
              "value": 80,
              "unit": "mmHg",
              "system": "http://unitsofmeasure.org/",
              "code": "mmHg"
            }
          }
        ],
        "resourceType": "Observation"
      }
    },
    {
      "fullUrl": "urn:uuid:64c4d223-4d29-4622-935b-f5b639bb0cc3",
      "resource": {
        "id": "64c4d223-4d29-4622-935b-f5b639bb0cc3",
        "meta": {
          "profile": [
            "http://standardhealthrecord.org/fhir/StructureDefinition/shr-observation-Observation"
          ]
        },
        "status": "final",
        "category": [
          {
            "coding": [
              {
                "system": "http://hl7.org/fhir/observation-category",
                "code": "laboratory"
              }
            ]
          }
        ],
        "code": {
          "coding": [
            {
              "system": "http://loinc.org",
              "code": "4548-4",
              "display": "Hemoglobin A1c/Hemoglobin.total in Blood"
            }
          ],
          "text": "Hemoglobin A1c/Hemoglobin.total in Blood"
        },
        "subject": {
          "reference": "urn:uuid:6999e5bf-eb22-4590-b01a-ae10c2d1bd05"
        },
        "context": {
          "reference": "urn:uuid:497c59c5-49a6-4970-8847-784bf90ba86a"
        },
        "effectiveDateTime": "2013-12-02T13:37:23-05:00",
        "issued": "2013-12-02T13:37:23-05:00",
        "valueQuantity": {
          "value": 5.8,
          "unit": "%",
          "system": "http://unitsofmeasure.org/",
          "code": "%"
        },
        "resourceType": "Observation"
      }
    },
    {
      "fullUrl": "urn:uuid:9d1b7ce9-ed6e-4027-8607-b4fa3c6314db",
      "resource": {
        "id": "9d1b7ce9-ed6e-4027-8607-b4fa3c6314db",
        "meta": {
          "profile": [
            "http://standardhealthrecord.org/fhir/StructureDefinition/shr-observation-Observation"
          ]
        },
        "status": "final",
        "category": [
          {
            "coding": [
              {
                "system": "http://hl7.org/fhir/observation-category",
                "code": "laboratory"
              }
            ]
          }
        ],
        "code": {
          "coding": [
            {
              "system": "http://loinc.org",
              "code": "2339-0",
              "display": "Glucose"
            }
          ],
          "text": "Glucose"
        },
        "subject": {
          "reference": "urn:uuid:6999e5bf-eb22-4590-b01a-ae10c2d1bd05"
        },
        "context": {
          "reference": "urn:uuid:497c59c5-49a6-4970-8847-784bf90ba86a"
        },
        "effectiveDateTime": "2013-12-02T13:37:23-05:00",
        "issued": "2013-12-02T13:37:23-05:00",
        "valueQuantity": {
          "value": 79,
          "unit": "mg/dL",
          "system": "http://unitsofmeasure.org/",
          "code": "mg/dL"
        },
        "resourceType": "Observation"
      }
    },
    {
      "fullUrl": "urn:uuid:7baf6339-f960-4345-86e4-412ba6e28c52",
      "resource": {
        "id": "7baf6339-f960-4345-86e4-412ba6e28c52",
        "meta": {
          "profile": [
            "http://standardhealthrecord.org/fhir/StructureDefinition/shr-observation-Observation"
          ]
        },
        "status": "final",
        "category": [
          {
            "coding": [
              {
                "system": "http://hl7.org/fhir/observation-category",
                "code": "laboratory"
              }
            ]
          }
        ],
        "code": {
          "coding": [
            {
              "system": "http://loinc.org",
              "code": "6299-2",
              "display": "Urea Nitrogen"
            }
          ],
          "text": "Urea Nitrogen"
        },
        "subject": {
          "reference": "urn:uuid:6999e5bf-eb22-4590-b01a-ae10c2d1bd05"
        },
        "context": {
          "reference": "urn:uuid:497c59c5-49a6-4970-8847-784bf90ba86a"
        },
        "effectiveDateTime": "2013-12-02T13:37:23-05:00",
        "issued": "2013-12-02T13:37:23-05:00",
        "valueQuantity": {
          "value": 14,
          "unit": "mg/dL",
          "system": "http://unitsofmeasure.org/",
          "code": "mg/dL"
        },
        "resourceType": "Observation"
      }
    },
    {
      "fullUrl": "urn:uuid:7336707d-4c5d-49d7-b083-6e920ffd99a1",
      "resource": {
        "id": "7336707d-4c5d-49d7-b083-6e920ffd99a1",
        "meta": {
          "profile": [
            "http://standardhealthrecord.org/fhir/StructureDefinition/shr-observation-Observation"
          ]
        },
        "status": "final",
        "category": [
          {
            "coding": [
              {
                "system": "http://hl7.org/fhir/observation-category",
                "code": "laboratory"
              }
            ]
          }
        ],
        "code": {
          "coding": [
            {
              "system": "http://loinc.org",
              "code": "38483-4",
              "display": "Creatinine"
            }
          ],
          "text": "Creatinine"
        },
        "subject": {
          "reference": "urn:uuid:6999e5bf-eb22-4590-b01a-ae10c2d1bd05"
        },
        "context": {
          "reference": "urn:uuid:497c59c5-49a6-4970-8847-784bf90ba86a"
        },
        "effectiveDateTime": "2013-12-02T13:37:23-05:00",
        "issued": "2013-12-02T13:37:23-05:00",
        "valueQuantity": {
          "value": 1.0,
          "unit": "mg/dL",
          "system": "http://unitsofmeasure.org/",
          "code": "mg/dL"
        },
        "resourceType": "Observation"
      }
    },
    {
      "fullUrl": "urn:uuid:2a36dcd1-dd90-466c-920c-73bc6c0085bb",
      "resource": {
        "id": "2a36dcd1-dd90-466c-920c-73bc6c0085bb",
        "meta": {
          "profile": [
            "http://standardhealthrecord.org/fhir/StructureDefinition/shr-observation-Observation"
          ]
        },
        "status": "final",
        "category": [
          {
            "coding": [
              {
                "system": "http://hl7.org/fhir/observation-category",
                "code": "laboratory"
              }
            ]
          }
        ],
        "code": {
          "coding": [
            {
              "system": "http://loinc.org",
              "code": "49765-1",
              "display": "Calcium"
            }
          ],
          "text": "Calcium"
        },
        "subject": {
          "reference": "urn:uuid:6999e5bf-eb22-4590-b01a-ae10c2d1bd05"
        },
        "context": {
          "reference": "urn:uuid:497c59c5-49a6-4970-8847-784bf90ba86a"
        },
        "effectiveDateTime": "2013-12-02T13:37:23-05:00",
        "issued": "2013-12-02T13:37:23-05:00",
        "valueQuantity": {
          "value": 8.68010777822899,
          "unit": "mg/dL",
          "system": "http://unitsofmeasure.org/",
          "code": "mg/dL"
        },
        "resourceType": "Observation"
      }
    },
    {
      "fullUrl": "urn:uuid:5a443fdd-3ee0-4c52-8b52-a0bb50b77cb6",
      "resource": {
        "id": "5a443fdd-3ee0-4c52-8b52-a0bb50b77cb6",
        "meta": {
          "profile": [
            "http://standardhealthrecord.org/fhir/StructureDefinition/shr-observation-Observation"
          ]
        },
        "status": "final",
        "category": [
          {
            "coding": [
              {
                "system": "http://hl7.org/fhir/observation-category",
                "code": "laboratory"
              }
            ]
          }
        ],
        "code": {
          "coding": [
            {
              "system": "http://loinc.org",
              "code": "2947-0",
              "display": "Sodium"
            }
          ],
          "text": "Sodium"
        },
        "subject": {
          "reference": "urn:uuid:6999e5bf-eb22-4590-b01a-ae10c2d1bd05"
        },
        "context": {
          "reference": "urn:uuid:497c59c5-49a6-4970-8847-784bf90ba86a"
        },
        "effectiveDateTime": "2013-12-02T13:37:23-05:00",
        "issued": "2013-12-02T13:37:23-05:00",
        "valueQuantity": {
          "value": 140,
          "unit": "mmol/L",
          "system": "http://unitsofmeasure.org/",
          "code": "mmol/L"
        },
        "resourceType": "Observation"
      }
    },
    {
      "fullUrl": "urn:uuid:78c7d4c1-fcf7-4ea0-987e-4ce7c23f907a",
      "resource": {
        "id": "78c7d4c1-fcf7-4ea0-987e-4ce7c23f907a",
        "meta": {
          "profile": [
            "http://standardhealthrecord.org/fhir/StructureDefinition/shr-observation-Observation"
          ]
        },
        "status": "final",
        "category": [
          {
            "coding": [
              {
                "system": "http://hl7.org/fhir/observation-category",
                "code": "laboratory"
              }
            ]
          }
        ],
        "code": {
          "coding": [
            {
              "system": "http://loinc.org",
              "code": "6298-4",
              "display": "Potassium"
            }
          ],
          "text": "Potassium"
        },
        "subject": {
          "reference": "urn:uuid:6999e5bf-eb22-4590-b01a-ae10c2d1bd05"
        },
        "context": {
          "reference": "urn:uuid:497c59c5-49a6-4970-8847-784bf90ba86a"
        },
        "effectiveDateTime": "2013-12-02T13:37:23-05:00",
        "issued": "2013-12-02T13:37:23-05:00",
        "valueQuantity": {
          "value": 4.03547127924397,
          "unit": "mmol/L",
          "system": "http://unitsofmeasure.org/",
          "code": "mmol/L"
        },
        "resourceType": "Observation"
      }
    },
    {
      "fullUrl": "urn:uuid:5646caec-d7ce-4d71-bdad-4a7c536b8fc1",
      "resource": {
        "id": "5646caec-d7ce-4d71-bdad-4a7c536b8fc1",
        "meta": {
          "profile": [
            "http://standardhealthrecord.org/fhir/StructureDefinition/shr-observation-Observation"
          ]
        },
        "status": "final",
        "category": [
          {
            "coding": [
              {
                "system": "http://hl7.org/fhir/observation-category",
                "code": "laboratory"
              }
            ]
          }
        ],
        "code": {
          "coding": [
            {
              "system": "http://loinc.org",
              "code": "2069-3",
              "display": "Chloride"
            }
          ],
          "text": "Chloride"
        },
        "subject": {
          "reference": "urn:uuid:6999e5bf-eb22-4590-b01a-ae10c2d1bd05"
        },
        "context": {
          "reference": "urn:uuid:497c59c5-49a6-4970-8847-784bf90ba86a"
        },
        "effectiveDateTime": "2013-12-02T13:37:23-05:00",
        "issued": "2013-12-02T13:37:23-05:00",
        "valueQuantity": {
          "value": 110,
          "unit": "mmol/L",
          "system": "http://unitsofmeasure.org/",
          "code": "mmol/L"
        },
        "resourceType": "Observation"
      }
    },
    {
      "fullUrl": "urn:uuid:e3371161-11a8-4f90-9fa3-7dba16ecf81e",
      "resource": {
        "id": "e3371161-11a8-4f90-9fa3-7dba16ecf81e",
        "meta": {
          "profile": [
            "http://standardhealthrecord.org/fhir/StructureDefinition/shr-observation-Observation"
          ]
        },
        "status": "final",
        "category": [
          {
            "coding": [
              {
                "system": "http://hl7.org/fhir/observation-category",
                "code": "laboratory"
              }
            ]
          }
        ],
        "code": {
          "coding": [
            {
              "system": "http://loinc.org",
              "code": "20565-8",
              "display": "Carbon Dioxide"
            }
          ],
          "text": "Carbon Dioxide"
        },
        "subject": {
          "reference": "urn:uuid:6999e5bf-eb22-4590-b01a-ae10c2d1bd05"
        },
        "context": {
          "reference": "urn:uuid:497c59c5-49a6-4970-8847-784bf90ba86a"
        },
        "effectiveDateTime": "2013-12-02T13:37:23-05:00",
        "issued": "2013-12-02T13:37:23-05:00",
        "valueQuantity": {
          "value": 23,
          "unit": "mmol/L",
          "system": "http://unitsofmeasure.org/",
          "code": "mmol/L"
        },
        "resourceType": "Observation"
      }
    },
    {
      "fullUrl": "urn:uuid:e2fa9008-d946-4e96-b27f-f2cb2c380cc3",
      "resource": {
        "id": "e2fa9008-d946-4e96-b27f-f2cb2c380cc3",
        "meta": {
          "profile": [
            "http://standardhealthrecord.org/fhir/StructureDefinition/shr-observation-Panel"
          ]
        },
        "status": "final",
        "code": {
          "coding": [
            {
              "system": "http://loinc.org",
              "code": "51990-0",
              "display": "Basic Metabolic Panel"
            }
          ]
        },
        "subject": {
          "reference": "urn:uuid:6999e5bf-eb22-4590-b01a-ae10c2d1bd05"
        },
        "context": {
          "reference": "urn:uuid:497c59c5-49a6-4970-8847-784bf90ba86a"
        },
        "effectiveDateTime": "2013-12-02T13:37:23-05:00",
        "issued": "2013-12-02T13:37:23-05:00",
        "result": [
          {
            "reference": "urn:uuid:9d1b7ce9-ed6e-4027-8607-b4fa3c6314db",
            "display": "Glucose"
          },
          {
            "reference": "urn:uuid:7baf6339-f960-4345-86e4-412ba6e28c52",
            "display": "Urea Nitrogen"
          },
          {
            "reference": "urn:uuid:7336707d-4c5d-49d7-b083-6e920ffd99a1",
            "display": "Creatinine"
          },
          {
            "reference": "urn:uuid:2a36dcd1-dd90-466c-920c-73bc6c0085bb",
            "display": "Calcium"
          },
          {
            "reference": "urn:uuid:5a443fdd-3ee0-4c52-8b52-a0bb50b77cb6",
            "display": "Sodium"
          },
          {
            "reference": "urn:uuid:78c7d4c1-fcf7-4ea0-987e-4ce7c23f907a",
            "display": "Potassium"
          },
          {
            "reference": "urn:uuid:5646caec-d7ce-4d71-bdad-4a7c536b8fc1",
            "display": "Chloride"
          },
          {
            "reference": "urn:uuid:e3371161-11a8-4f90-9fa3-7dba16ecf81e",
            "display": "Carbon Dioxide"
          }
        ],
        "resourceType": "DiagnosticReport"
      }
    },
    {
      "resource": {
        "meta": {
          "profile": [
            "http://standardhealthrecord.org/fhir/StructureDefinition/shr-immunization-Immunization"
          ]
        },
        "status": "completed",
        "notGiven": false,
        "vaccineCode": {
          "coding": [
            {
              "system": "http://hl7.org/fhir/sid/cvx",
              "code": "140",
              "display": "Influenza, seasonal, injectable, preservative free"
            }
          ],
          "text": "Influenza, seasonal, injectable, preservative free"
        },
        "patient": {
          "reference": "urn:uuid:6999e5bf-eb22-4590-b01a-ae10c2d1bd05"
        },
        "encounter": {
          "reference": "urn:uuid:497c59c5-49a6-4970-8847-784bf90ba86a"
        },
        "date": "2013-12-02T13:37:23-05:00",
        "primarySource": true,
        "resourceType": "Immunization"
      }
    },
    {
      "resource": {
        "meta": {
          "profile": [
            "http://standardhealthrecord.org/fhir/StructureDefinition/shr-immunization-Immunization"
          ]
        },
        "status": "completed",
        "notGiven": false,
        "vaccineCode": {
          "coding": [
            {
              "system": "http://hl7.org/fhir/sid/cvx",
              "code": "113",
              "display": "Td (adult) preservative free"
            }
          ],
          "text": "Td (adult) preservative free"
        },
        "patient": {
          "reference": "urn:uuid:6999e5bf-eb22-4590-b01a-ae10c2d1bd05"
        },
        "encounter": {
          "reference": "urn:uuid:497c59c5-49a6-4970-8847-784bf90ba86a"
        },
        "date": "2013-12-02T13:37:23-05:00",
        "primarySource": true,
        "resourceType": "Immunization"
      }
    },
    {
      "resource": {
        "status": "in-progress",
        "description": {
          "text": "Hemoglobin A1c total in Blood < 7.0"
        },
        "addresses": [
          {
            "reference": "urn:uuid:12baf8a8-8fda-4dae-97b0-d3baa7c10bb9"
          }
        ],
        "resourceType": "Goal"
      }
    },
    {
      "resource": {
        "status": "in-progress",
        "description": {
          "text": "Glucose [Mass/volume] in Blood < 108"
        },
        "addresses": [
          {
            "reference": "urn:uuid:12baf8a8-8fda-4dae-97b0-d3baa7c10bb9"
          }
        ],
        "resourceType": "Goal"
      }
    },
    {
      "resource": {
        "status": "in-progress",
        "description": {
          "text": "Maintain blood pressure below 140/90 mmHg"
        },
        "addresses": [
          {
            "reference": "urn:uuid:12baf8a8-8fda-4dae-97b0-d3baa7c10bb9"
          }
        ],
        "resourceType": "Goal"
      }
    },
    {
      "resource": {
        "status": "in-progress",
        "description": {
          "text": "Improve and maintenance of optimal foot health: aim at early detection of peripheral vascular problems and neuropathy presumed due to diabetes; and prevention of diabetic foot ulcer, gangrene"
        },
        "addresses": [
          {
            "reference": "urn:uuid:12baf8a8-8fda-4dae-97b0-d3baa7c10bb9"
          }
        ],
        "resourceType": "Goal"
      }
    },
    {
      "resource": {
        "status": "in-progress",
        "description": {
          "text": "Address patient knowledge deficit on diabetic self-care"
        },
        "addresses": [
          {
            "reference": "urn:uuid:12baf8a8-8fda-4dae-97b0-d3baa7c10bb9"
          }
        ],
        "resourceType": "Goal"
      }
    },
    {
      "resource": {
        "status": "active",
        "category": [
          {
            "coding": [
              {
                "system": "http://snomed.info/sct",
                "code": "698360004",
                "display": "Diabetes self management plan"
              }
            ]
          }
        ],
        "subject": {
          "reference": "urn:uuid:6999e5bf-eb22-4590-b01a-ae10c2d1bd05"
        },
        "context": {
          "reference": "urn:uuid:497c59c5-49a6-4970-8847-784bf90ba86a"
        },
        "period": {
          "start": "2013-12-02"
        },
        "addresses": [
          {
            "reference": "urn:uuid:12baf8a8-8fda-4dae-97b0-d3baa7c10bb9"
          }
        ],
        "goal": [
          {
            "reference": ""
          },
          {
            "reference": ""
          },
          {
            "reference": ""
          },
          {
            "reference": ""
          },
          {
            "reference": ""
          }
        ],
        "activity": [
          {
            "detail": {
              "code": {
                "coding": [
                  {
                    "system": "http://snomed.info/sct",
                    "code": "160670007",
                    "display": "Diabetic diet"
                  }
                ]
              },
              "status": "in-progress"
            }
          },
          {
            "detail": {
              "code": {
                "coding": [
                  {
                    "system": "http://snomed.info/sct",
                    "code": "229065009",
                    "display": "Exercise therapy"
                  }
                ]
              },
              "status": "in-progress"
            }
          }
        ],
        "resourceType": "CarePlan"
      }
    },
    {
      "fullUrl": "urn:uuid:960a1b2a-fdb5-455c-a955-a889a8251301",
      "resource": {
        "id": "960a1b2a-fdb5-455c-a955-a889a8251301",
        "meta": {
          "profile": [
            "http://standardhealthrecord.org/fhir/StructureDefinition/shr-encounter-Encounter"
          ]
        },
        "status": "finished",
        "class": {
          "code": "emergency"
        },
        "type": [
          {
            "coding": [
              {
                "system": "http://snomed.info/sct",
                "code": "50849002"
              }
            ],
            "text": "Emergency room admission"
          }
        ],
        "subject": {
          "reference": "urn:uuid:6999e5bf-eb22-4590-b01a-ae10c2d1bd05"
        },
        "period": {
          "start": "2016-06-29T17:01:09-04:00",
          "end": "2016-06-29T17:01:09-04:00"
        },
        "serviceProvider": {
          "reference": "urn:uuid:03ab720d-8835-40f8-8576-c696a718adfb"
        },
        "resourceType": "Encounter"
      }
    },
    {
      "fullUrl": "urn:uuid:33de9c21-390f-4017-bc71-70ff6afdb2dc",
      "resource": {
        "id": "33de9c21-390f-4017-bc71-70ff6afdb2dc",
        "meta": {
          "profile": [
            "http://standardhealthrecord.org/fhir/StructureDefinition/shr-problem-Problem"
          ]
        },
        "clinicalStatus": "active",
        "verificationStatus": "confirmed",
        "code": {
          "coding": [
            {
              "system": "http://snomed.info/sct",
              "code": "62106007",
              "display": "Concussion with no loss of consciousness"
            }
          ],
          "text": "Concussion with no loss of consciousness"
        },
        "subject": {
          "reference": "urn:uuid:6999e5bf-eb22-4590-b01a-ae10c2d1bd05"
        },
        "context": {
          "reference": "urn:uuid:960a1b2a-fdb5-455c-a955-a889a8251301"
        },
        "onsetDateTime": "2016-06-29T17:01:09-04:00",
        "abatementDateTime": "2016-09-17T23:31:21-04:00",
        "assertedDate": "2016-06-29",
        "resourceType": "Condition"
      }
    },
    {
      "resource": {
        "status": "completed",
        "category": [
          {
            "coding": [
              {
                "system": "http://snomed.info/sct",
                "code": "47387005",
                "display": "Head injury rehabilitation"
              }
            ]
          }
        ],
        "subject": {
          "reference": "urn:uuid:6999e5bf-eb22-4590-b01a-ae10c2d1bd05"
        },
        "context": {
          "reference": "urn:uuid:960a1b2a-fdb5-455c-a955-a889a8251301"
        },
        "period": {
          "start": "2016-06-29",
          "end": "2016-09-17"
        },
        "addresses": [
          {
            "reference": "urn:uuid:33de9c21-390f-4017-bc71-70ff6afdb2dc"
          }
        ],
        "activity": [
          {
            "detail": {
              "code": {
                "coding": [
                  {
                    "system": "http://snomed.info/sct",
                    "code": "183051005",
                    "display": "Recommendation to rest"
                  }
                ]
              },
              "status": "completed"
            }
          },
          {
            "detail": {
              "code": {
                "coding": [
                  {
                    "system": "http://snomed.info/sct",
                    "code": "226138001",
                    "display": "Alcohol-free diet"
                  }
                ]
              },
              "status": "completed"
            }
          }
        ],
        "resourceType": "CarePlan"
      }
    },
    {
      "fullUrl": "urn:uuid:006d9a74-42ed-4b6a-9da7-e9e0177df369",
      "resource": {
        "id": "006d9a74-42ed-4b6a-9da7-e9e0177df369",
        "meta": {
          "profile": [
            "http://standardhealthrecord.org/fhir/StructureDefinition/shr-encounter-Encounter"
          ]
        },
        "status": "finished",
        "class": {
          "code": "ambulatory"
        },
        "type": [
          {
            "coding": [
              {
                "system": "http://snomed.info/sct",
                "code": "185349003"
              }
            ],
            "text": "Encounter for 'check-up'"
          }
        ],
        "subject": {
          "reference": "urn:uuid:6999e5bf-eb22-4590-b01a-ae10c2d1bd05"
        },
        "period": {
          "start": "2016-09-17T23:31:21-04:00",
          "end": "2016-09-17T23:31:21-04:00"
        },
        "reason": {
          "coding": [
            {
              "system": "http://snomed.info/sct",
              "code": "62106007",
              "display": "Concussion with no loss of consciousness"
            }
          ]
        },
        "serviceProvider": {
          "reference": "urn:uuid:03ab720d-8835-40f8-8576-c696a718adfb"
        },
        "resourceType": "Encounter"
      }
    },
    {
      "fullUrl": "urn:uuid:5d7e86c5-4120-444a-aff7-7abb1c7da203",
      "resource": {
        "id": "5d7e86c5-4120-444a-aff7-7abb1c7da203",
        "meta": {
          "profile": [
            "http://standardhealthrecord.org/fhir/StructureDefinition/shr-encounter-Encounter"
          ]
        },
        "status": "finished",
        "class": {
          "code": "outpatient"
        },
        "type": [
          {
            "coding": [
              {
                "system": "http://snomed.info/sct",
                "code": "185349003"
              }
            ],
            "text": "Outpatient Encounter"
          }
        ],
        "subject": {
          "reference": "urn:uuid:6999e5bf-eb22-4590-b01a-ae10c2d1bd05"
        },
        "period": {
          "start": "2016-11-03T14:33:10-04:00",
          "end": "2016-11-03T15:33:10-04:00"
        },
        "serviceProvider": {
          "reference": "urn:uuid:03ab720d-8835-40f8-8576-c696a718adfb"
        },
        "resourceType": "Encounter"
      }
    },
    {
      "fullUrl": "urn:uuid:7128c30a-e4d9-4bf9-8cd6-c5e513a4996b",
      "resource": {
        "id": "7128c30a-e4d9-4bf9-8cd6-c5e513a4996b",
        "meta": {
          "profile": [
            "http://standardhealthrecord.org/fhir/StructureDefinition/shr-observation-Observation"
          ]
        },
        "status": "final",
        "category": [
          {
            "coding": [
              {
                "system": "http://hl7.org/fhir/observation-category",
                "code": "laboratory"
              }
            ]
          }
        ],
        "code": {
          "coding": [
            {
              "system": "http://loinc.org",
              "code": "4548-4",
              "display": "Hemoglobin A1c/Hemoglobin.total in Blood"
            }
          ],
          "text": "Hemoglobin A1c/Hemoglobin.total in Blood"
        },
        "subject": {
          "reference": "urn:uuid:6999e5bf-eb22-4590-b01a-ae10c2d1bd05"
        },
        "context": {
          "reference": "urn:uuid:5d7e86c5-4120-444a-aff7-7abb1c7da203"
        },
        "effectiveDateTime": "2016-11-03T14:33:10-04:00",
        "issued": "2016-11-03T14:33:10-04:00",
        "valueQuantity": {
          "value": 6.1,
          "unit": "%",
          "system": "http://unitsofmeasure.org/",
          "code": "%"
        },
        "resourceType": "Observation"
      }
    },
    {
      "fullUrl": "urn:uuid:e1e25208-5d7f-4919-997f-51d1ab51bbf8",
      "resource": {
        "id": "e1e25208-5d7f-4919-997f-51d1ab51bbf8",
        "meta": {
          "profile": [
            "http://standardhealthrecord.org/fhir/StructureDefinition/shr-observation-Observation",
            "http://standardhealthrecord.org/fhir/StructureDefinition/shr-vital-VitalSign",
            "http://standardhealthrecord.org/fhir/StructureDefinition/shr-vital-BodyHeight"
          ]
        },
        "status": "final",
        "category": [
          {
            "coding": [
              {
                "system": "http://hl7.org/fhir/observation-category",
                "code": "vital-signs"
              }
            ]
          }
        ],
        "code": {
          "coding": [
            {
              "system": "http://loinc.org",
              "code": "8302-2",
              "display": "Body Height"
            }
          ],
          "text": "Body Height"
        },
        "subject": {
          "reference": "urn:uuid:6999e5bf-eb22-4590-b01a-ae10c2d1bd05"
        },
        "context": {
          "reference": "urn:uuid:5d7e86c5-4120-444a-aff7-7abb1c7da203"
        },
        "effectiveDateTime": "2016-11-03T14:33:10-04:00",
        "issued": "2016-11-03T14:33:10-04:00",
        "valueQuantity": {
          "value": 169.91305658184046,
          "unit": "cm",
          "system": "http://unitsofmeasure.org/",
          "code": "cm"
        },
        "resourceType": "Observation"
      }
    },
    {
      "fullUrl": "urn:uuid:fbaee64e-c236-41c6-88e7-c1495fbe1f54",
      "resource": {
        "id": "fbaee64e-c236-41c6-88e7-c1495fbe1f54",
        "meta": {
          "profile": [
            "http://standardhealthrecord.org/fhir/StructureDefinition/shr-observation-Observation",
            "http://standardhealthrecord.org/fhir/StructureDefinition/shr-vital-VitalSign",
            "http://standardhealthrecord.org/fhir/StructureDefinition/shr-vital-BodyWeight"
          ]
        },
        "status": "final",
        "category": [
          {
            "coding": [
              {
                "system": "http://hl7.org/fhir/observation-category",
                "code": "vital-signs"
              }
            ]
          }
        ],
        "code": {
          "coding": [
            {
              "system": "http://loinc.org",
              "code": "29463-7",
              "display": "Body Weight"
            }
          ],
          "text": "Body Weight"
        },
        "subject": {
          "reference": "urn:uuid:6999e5bf-eb22-4590-b01a-ae10c2d1bd05"
        },
        "context": {
          "reference": "urn:uuid:5d7e86c5-4120-444a-aff7-7abb1c7da203"
        },
        "effectiveDateTime": "2016-11-03T14:33:10-04:00",
        "issued": "2016-11-03T14:33:10-04:00",
        "valueQuantity": {
          "value": 62.139976873659535,
          "unit": "kg",
          "system": "http://unitsofmeasure.org/",
          "code": "kg"
        },
        "resourceType": "Observation"
      }
    },
    {
      "fullUrl": "urn:uuid:eabe2d47-6913-4357-9584-7ecb962f9d38",
      "resource": {
        "id": "eabe2d47-6913-4357-9584-7ecb962f9d38",
        "meta": {
          "profile": [
            "http://standardhealthrecord.org/fhir/StructureDefinition/shr-observation-Observation",
            "http://standardhealthrecord.org/fhir/StructureDefinition/shr-vital-VitalSign",
            "http://standardhealthrecord.org/fhir/StructureDefinition/shr-vital-BodyMassIndex"
          ]
        },
        "status": "final",
        "category": [
          {
            "coding": [
              {
                "system": "http://hl7.org/fhir/observation-category",
                "code": "vital-signs"
              }
            ]
          }
        ],
        "code": {
          "coding": [
            {
              "system": "http://loinc.org",
              "code": "39156-5",
              "display": "Body Mass Index"
            }
          ],
          "text": "Body Mass Index"
        },
        "subject": {
          "reference": "urn:uuid:6999e5bf-eb22-4590-b01a-ae10c2d1bd05"
        },
        "context": {
          "reference": "urn:uuid:5d7e86c5-4120-444a-aff7-7abb1c7da203"
        },
        "effectiveDateTime": "2016-11-03T14:33:10-04:00",
        "issued": "2016-11-03T14:33:10-04:00",
        "valueQuantity": {
          "value": 21.52373231721225,
          "unit": "kg/m2",
          "system": "http://unitsofmeasure.org/",
          "code": "kg/m2"
        },
        "resourceType": "Observation"
      }
    },
    {
      "fullUrl": "urn:uuid:7aaaf4c1-98ee-4ea6-a8ab-dc27d8957f8b",
      "resource": {
        "id": "7aaaf4c1-98ee-4ea6-a8ab-dc27d8957f8b",
        "meta": {
          "profile": [
            "http://standardhealthrecord.org/fhir/StructureDefinition/shr-observation-Observation",
            "http://standardhealthrecord.org/fhir/StructureDefinition/shr-vital-BloodPressure"
          ]
        },
        "status": "final",
        "category": [
          {
            "coding": [
              {
                "system": "http://hl7.org/fhir/observation-category",
                "code": "vital-signs"
              }
            ]
          }
        ],
        "code": {
          "coding": [
            {
              "system": "http://loinc.org",
              "code": "55284-4",
              "display": "Blood Pressure"
            }
          ]
        },
        "subject": {
          "reference": "urn:uuid:6999e5bf-eb22-4590-b01a-ae10c2d1bd05"
        },
        "context": {
          "reference": "urn:uuid:5d7e86c5-4120-444a-aff7-7abb1c7da203"
        },
        "effectiveDateTime": "2016-11-03T14:33:10-04:00",
        "issued": "2016-11-03T14:33:10-04:00",
        "component": [
          {
            "code": {
              "coding": [
                {
                  "system": "http://loinc.org",
                  "code": "8480-6",
                  "display": "Systolic Blood Pressure"
                }
              ],
              "text": "Systolic Blood Pressure"
            },
            "valueQuantity": {
              "value": 112,
              "unit": "mmHg",
              "system": "http://unitsofmeasure.org/",
              "code": "mmHg"
            }
          },
          {
            "code": {
              "coding": [
                {
                  "system": "http://loinc.org",
                  "code": "8462-4",
                  "display": "Diastolic Blood Pressure"
                }
              ],
              "text": "Diastolic Blood Pressure"
            },
            "valueQuantity": {
              "value": 74,
              "unit": "mmHg",
              "system": "http://unitsofmeasure.org/",
              "code": "mmHg"
            }
          }
        ],
        "resourceType": "Observation"
      }
    },
    {
      "fullUrl": "urn:uuid:1e2f45cb-4c5e-45da-88a7-f4b078f22859",
      "resource": {
        "id": "1e2f45cb-4c5e-45da-88a7-f4b078f22859",
        "meta": {
          "profile": [
            "http://standardhealthrecord.org/fhir/StructureDefinition/shr-observation-Observation"
          ]
        },
        "status": "final",
        "category": [
          {
            "coding": [
              {
                "system": "http://hl7.org/fhir/observation-category",
                "code": "laboratory"
              }
            ]
          }
        ],
        "code": {
          "coding": [
            {
              "system": "http://loinc.org",
              "code": "4548-4",
              "display": "Hemoglobin A1c/Hemoglobin.total in Blood"
            }
          ],
          "text": "Hemoglobin A1c/Hemoglobin.total in Blood"
        },
        "subject": {
          "reference": "urn:uuid:6999e5bf-eb22-4590-b01a-ae10c2d1bd05"
        },
        "context": {
          "reference": "urn:uuid:5d7e86c5-4120-444a-aff7-7abb1c7da203"
        },
        "effectiveDateTime": "2016-11-03T14:33:10-04:00",
        "issued": "2016-11-03T14:33:10-04:00",
        "valueQuantity": {
          "value": 6.1,
          "unit": "%",
          "system": "http://unitsofmeasure.org/",
          "code": "%"
        },
        "resourceType": "Observation"
      }
    },
    {
      "fullUrl": "urn:uuid:855426f6-a311-4762-af9c-e477ff06c6dd",
      "resource": {
        "id": "855426f6-a311-4762-af9c-e477ff06c6dd",
        "meta": {
          "profile": [
            "http://standardhealthrecord.org/fhir/StructureDefinition/shr-observation-Observation"
          ]
        },
        "status": "final",
        "category": [
          {
            "coding": [
              {
                "system": "http://hl7.org/fhir/observation-category",
                "code": "laboratory"
              }
            ]
          }
        ],
        "code": {
          "coding": [
            {
              "system": "http://loinc.org",
              "code": "2339-0",
              "display": "Glucose"
            }
          ],
          "text": "Glucose"
        },
        "subject": {
          "reference": "urn:uuid:6999e5bf-eb22-4590-b01a-ae10c2d1bd05"
        },
        "context": {
          "reference": "urn:uuid:5d7e86c5-4120-444a-aff7-7abb1c7da203"
        },
        "effectiveDateTime": "2016-11-03T14:33:10-04:00",
        "issued": "2016-11-03T14:33:10-04:00",
        "valueQuantity": {
          "value": 80,
          "unit": "mg/dL",
          "system": "http://unitsofmeasure.org/",
          "code": "mg/dL"
        },
        "resourceType": "Observation"
      }
    },
    {
      "fullUrl": "urn:uuid:521a5ca5-5be3-471d-aa20-2f55870fa2c6",
      "resource": {
        "id": "521a5ca5-5be3-471d-aa20-2f55870fa2c6",
        "meta": {
          "profile": [
            "http://standardhealthrecord.org/fhir/StructureDefinition/shr-observation-Observation"
          ]
        },
        "status": "final",
        "category": [
          {
            "coding": [
              {
                "system": "http://hl7.org/fhir/observation-category",
                "code": "laboratory"
              }
            ]
          }
        ],
        "code": {
          "coding": [
            {
              "system": "http://loinc.org",
              "code": "6299-2",
              "display": "Urea Nitrogen"
            }
          ],
          "text": "Urea Nitrogen"
        },
        "subject": {
          "reference": "urn:uuid:6999e5bf-eb22-4590-b01a-ae10c2d1bd05"
        },
        "context": {
          "reference": "urn:uuid:5d7e86c5-4120-444a-aff7-7abb1c7da203"
        },
        "effectiveDateTime": "2016-11-03T14:33:10-04:00",
        "issued": "2016-11-03T14:33:10-04:00",
        "valueQuantity": {
          "value": 19,
          "unit": "mg/dL",
          "system": "http://unitsofmeasure.org/",
          "code": "mg/dL"
        },
        "resourceType": "Observation"
      }
    },
    {
      "fullUrl": "urn:uuid:e568fb85-ca86-4aeb-af2f-9cfbf0bb8014",
      "resource": {
        "id": "e568fb85-ca86-4aeb-af2f-9cfbf0bb8014",
        "meta": {
          "profile": [
            "http://standardhealthrecord.org/fhir/StructureDefinition/shr-observation-Observation"
          ]
        },
        "status": "final",
        "category": [
          {
            "coding": [
              {
                "system": "http://hl7.org/fhir/observation-category",
                "code": "laboratory"
              }
            ]
          }
        ],
        "code": {
          "coding": [
            {
              "system": "http://loinc.org",
              "code": "38483-4",
              "display": "Creatinine"
            }
          ],
          "text": "Creatinine"
        },
        "subject": {
          "reference": "urn:uuid:6999e5bf-eb22-4590-b01a-ae10c2d1bd05"
        },
        "context": {
          "reference": "urn:uuid:5d7e86c5-4120-444a-aff7-7abb1c7da203"
        },
        "effectiveDateTime": "2016-11-03T14:33:10-04:00",
        "issued": "2016-11-03T14:33:10-04:00",
        "valueQuantity": {
          "value": 1.0,
          "unit": "mg/dL",
          "system": "http://unitsofmeasure.org/",
          "code": "mg/dL"
        },
        "resourceType": "Observation"
      }
    },
    {
      "fullUrl": "urn:uuid:6268b144-0212-4fdd-808b-d01d7567267f",
      "resource": {
        "id": "6268b144-0212-4fdd-808b-d01d7567267f",
        "meta": {
          "profile": [
            "http://standardhealthrecord.org/fhir/StructureDefinition/shr-observation-Observation"
          ]
        },
        "status": "final",
        "category": [
          {
            "coding": [
              {
                "system": "http://hl7.org/fhir/observation-category",
                "code": "laboratory"
              }
            ]
          }
        ],
        "code": {
          "coding": [
            {
              "system": "http://loinc.org",
              "code": "49765-1",
              "display": "Calcium"
            }
          ],
          "text": "Calcium"
        },
        "subject": {
          "reference": "urn:uuid:6999e5bf-eb22-4590-b01a-ae10c2d1bd05"
        },
        "context": {
          "reference": "urn:uuid:5d7e86c5-4120-444a-aff7-7abb1c7da203"
        },
        "effectiveDateTime": "2016-11-03T14:33:10-04:00",
        "issued": "2016-11-03T14:33:10-04:00",
        "valueQuantity": {
          "value": 8.801673424617377,
          "unit": "mg/dL",
          "system": "http://unitsofmeasure.org/",
          "code": "mg/dL"
        },
        "resourceType": "Observation"
      }
    },
    {
      "fullUrl": "urn:uuid:20114480-f6fa-4fad-8dee-a22d87bd2673",
      "resource": {
        "id": "20114480-f6fa-4fad-8dee-a22d87bd2673",
        "meta": {
          "profile": [
            "http://standardhealthrecord.org/fhir/StructureDefinition/shr-observation-Observation"
          ]
        },
        "status": "final",
        "category": [
          {
            "coding": [
              {
                "system": "http://hl7.org/fhir/observation-category",
                "code": "laboratory"
              }
            ]
          }
        ],
        "code": {
          "coding": [
            {
              "system": "http://loinc.org",
              "code": "2947-0",
              "display": "Sodium"
            }
          ],
          "text": "Sodium"
        },
        "subject": {
          "reference": "urn:uuid:6999e5bf-eb22-4590-b01a-ae10c2d1bd05"
        },
        "context": {
          "reference": "urn:uuid:5d7e86c5-4120-444a-aff7-7abb1c7da203"
        },
        "effectiveDateTime": "2016-11-03T14:33:10-04:00",
        "issued": "2016-11-03T14:33:10-04:00",
        "valueQuantity": {
          "value": 143,
          "unit": "mmol/L",
          "system": "http://unitsofmeasure.org/",
          "code": "mmol/L"
        },
        "resourceType": "Observation"
      }
    },
    {
      "fullUrl": "urn:uuid:c3d42cca-0338-402a-9b71-50f8c8d09077",
      "resource": {
        "id": "c3d42cca-0338-402a-9b71-50f8c8d09077",
        "meta": {
          "profile": [
            "http://standardhealthrecord.org/fhir/StructureDefinition/shr-observation-Observation"
          ]
        },
        "status": "final",
        "category": [
          {
            "coding": [
              {
                "system": "http://hl7.org/fhir/observation-category",
                "code": "laboratory"
              }
            ]
          }
        ],
        "code": {
          "coding": [
            {
              "system": "http://loinc.org",
              "code": "6298-4",
              "display": "Potassium"
            }
          ],
          "text": "Potassium"
        },
        "subject": {
          "reference": "urn:uuid:6999e5bf-eb22-4590-b01a-ae10c2d1bd05"
        },
        "context": {
          "reference": "urn:uuid:5d7e86c5-4120-444a-aff7-7abb1c7da203"
        },
        "effectiveDateTime": "2016-11-03T14:33:10-04:00",
        "issued": "2016-11-03T14:33:10-04:00",
        "valueQuantity": {
          "value": 4.184611309874423,
          "unit": "mmol/L",
          "system": "http://unitsofmeasure.org/",
          "code": "mmol/L"
        },
        "resourceType": "Observation"
      }
    },
    {
      "fullUrl": "urn:uuid:2a42ed3c-b777-455d-a6be-2c1d14a4dea3",
      "resource": {
        "id": "2a42ed3c-b777-455d-a6be-2c1d14a4dea3",
        "meta": {
          "profile": [
            "http://standardhealthrecord.org/fhir/StructureDefinition/shr-observation-Observation"
          ]
        },
        "status": "final",
        "category": [
          {
            "coding": [
              {
                "system": "http://hl7.org/fhir/observation-category",
                "code": "laboratory"
              }
            ]
          }
        ],
        "code": {
          "coding": [
            {
              "system": "http://loinc.org",
              "code": "2069-3",
              "display": "Chloride"
            }
          ],
          "text": "Chloride"
        },
        "subject": {
          "reference": "urn:uuid:6999e5bf-eb22-4590-b01a-ae10c2d1bd05"
        },
        "context": {
          "reference": "urn:uuid:5d7e86c5-4120-444a-aff7-7abb1c7da203"
        },
        "effectiveDateTime": "2016-11-03T14:33:10-04:00",
        "issued": "2016-11-03T14:33:10-04:00",
        "valueQuantity": {
          "value": 109,
          "unit": "mmol/L",
          "system": "http://unitsofmeasure.org/",
          "code": "mmol/L"
        },
        "resourceType": "Observation"
      }
    },
    {
      "fullUrl": "urn:uuid:79517e7c-f025-46e9-8bb1-1bad60b73ccc",
      "resource": {
        "id": "79517e7c-f025-46e9-8bb1-1bad60b73ccc",
        "meta": {
          "profile": [
            "http://standardhealthrecord.org/fhir/StructureDefinition/shr-observation-Observation"
          ]
        },
        "status": "final",
        "category": [
          {
            "coding": [
              {
                "system": "http://hl7.org/fhir/observation-category",
                "code": "laboratory"
              }
            ]
          }
        ],
        "code": {
          "coding": [
            {
              "system": "http://loinc.org",
              "code": "20565-8",
              "display": "Carbon Dioxide"
            }
          ],
          "text": "Carbon Dioxide"
        },
        "subject": {
          "reference": "urn:uuid:6999e5bf-eb22-4590-b01a-ae10c2d1bd05"
        },
        "context": {
          "reference": "urn:uuid:5d7e86c5-4120-444a-aff7-7abb1c7da203"
        },
        "effectiveDateTime": "2016-11-03T14:33:10-04:00",
        "issued": "2016-11-03T14:33:10-04:00",
        "valueQuantity": {
          "value": 27,
          "unit": "mmol/L",
          "system": "http://unitsofmeasure.org/",
          "code": "mmol/L"
        },
        "resourceType": "Observation"
      }
    },
    {
      "fullUrl": "urn:uuid:caae8644-b089-411a-8570-8af6096051bb",
      "resource": {
        "id": "caae8644-b089-411a-8570-8af6096051bb",
        "meta": {
          "profile": [
            "http://standardhealthrecord.org/fhir/StructureDefinition/shr-observation-Panel"
          ]
        },
        "status": "final",
        "code": {
          "coding": [
            {
              "system": "http://loinc.org",
              "code": "51990-0",
              "display": "Basic Metabolic Panel"
            }
          ]
        },
        "subject": {
          "reference": "urn:uuid:6999e5bf-eb22-4590-b01a-ae10c2d1bd05"
        },
        "context": {
          "reference": "urn:uuid:5d7e86c5-4120-444a-aff7-7abb1c7da203"
        },
        "effectiveDateTime": "2016-11-03T14:33:10-04:00",
        "issued": "2016-11-03T14:33:10-04:00",
        "result": [
          {
            "reference": "urn:uuid:855426f6-a311-4762-af9c-e477ff06c6dd",
            "display": "Glucose"
          },
          {
            "reference": "urn:uuid:521a5ca5-5be3-471d-aa20-2f55870fa2c6",
            "display": "Urea Nitrogen"
          },
          {
            "reference": "urn:uuid:e568fb85-ca86-4aeb-af2f-9cfbf0bb8014",
            "display": "Creatinine"
          },
          {
            "reference": "urn:uuid:6268b144-0212-4fdd-808b-d01d7567267f",
            "display": "Calcium"
          },
          {
            "reference": "urn:uuid:20114480-f6fa-4fad-8dee-a22d87bd2673",
            "display": "Sodium"
          },
          {
            "reference": "urn:uuid:c3d42cca-0338-402a-9b71-50f8c8d09077",
            "display": "Potassium"
          },
          {
            "reference": "urn:uuid:2a42ed3c-b777-455d-a6be-2c1d14a4dea3",
            "display": "Chloride"
          },
          {
            "reference": "urn:uuid:79517e7c-f025-46e9-8bb1-1bad60b73ccc",
            "display": "Carbon Dioxide"
          }
        ],
        "resourceType": "DiagnosticReport"
      }
    },
    {
      "resource": {
        "meta": {
          "profile": [
            "http://standardhealthrecord.org/fhir/StructureDefinition/shr-procedure-Procedure"
          ]
        },
        "extension": [
          {
            "url": "http://standardhealthrecord.org/fhir/StructureDefinition/shr-core-CodeableConcept-extension",
            "valueCodeableConcept": {
              "coding": [
                {
                  "system": "http://snomed.info/sct",
                  "code": "428191000124101",
                  "display": "Documentation of current medications"
                }
              ],
              "text": "Documentation of current medications"
            }
          }
        ],
        "status": "completed",
        "code": {
          "coding": [
            {
              "system": "http://snomed.info/sct",
              "code": "428191000124101",
              "display": "Documentation of current medications"
            }
          ],
          "text": "Documentation of current medications"
        },
        "subject": {
          "reference": "urn:uuid:6999e5bf-eb22-4590-b01a-ae10c2d1bd05"
        },
        "context": {
          "reference": "urn:uuid:5d7e86c5-4120-444a-aff7-7abb1c7da203"
        },
        "performedDateTime": "2016-11-03T14:33:10-04:00",
        "resourceType": "Procedure"
      }
    },
    {
      "resource": {
        "meta": {
          "profile": [
            "http://standardhealthrecord.org/fhir/StructureDefinition/shr-immunization-Immunization"
          ]
        },
        "status": "completed",
        "notGiven": false,
        "vaccineCode": {
          "coding": [
            {
              "system": "http://hl7.org/fhir/sid/cvx",
              "code": "140",
              "display": "Influenza, seasonal, injectable, preservative free"
            }
          ],
          "text": "Influenza, seasonal, injectable, preservative free"
        },
        "patient": {
          "reference": "urn:uuid:6999e5bf-eb22-4590-b01a-ae10c2d1bd05"
        },
        "encounter": {
          "reference": "urn:uuid:5d7e86c5-4120-444a-aff7-7abb1c7da203"
        },
        "date": "2016-11-03T14:33:10-04:00",
        "primarySource": true,
        "resourceType": "Immunization"
      }
    },
    {
      "fullUrl": "urn:uuid:de369471-ce14-47aa-aef5-668f8b08c7d1",
      "resource": {
        "id": "de369471-ce14-47aa-aef5-668f8b08c7d1",
        "meta": {
          "profile": [
            "http://standardhealthrecord.org/fhir/StructureDefinition/shr-encounter-Encounter"
          ]
        },
        "status": "finished",
        "class": {
          "code": "ambulatory"
        },
        "type": [
          {
            "coding": [
              {
                "system": "http://snomed.info/sct",
                "code": "185345009"
              }
            ],
            "text": "Encounter for symptom"
          }
        ],
        "subject": {
          "reference": "urn:uuid:6999e5bf-eb22-4590-b01a-ae10c2d1bd05"
        },
        "period": {
          "start": "2017-03-10T05:24:24-05:00",
          "end": "2017-03-10T05:36:43-05:00"
        },
        "reason": {
          "coding": [
            {
              "system": "http://snomed.info/sct",
              "code": "10509002",
              "display": "Acute bronchitis (disorder)"
            }
          ]
        },
        "serviceProvider": {
          "reference": "urn:uuid:03ab720d-8835-40f8-8576-c696a718adfb"
        },
        "resourceType": "Encounter"
      }
    },
    {
      "fullUrl": "urn:uuid:93633e0e-943c-40ea-99f9-e03ddad9cf3c",
      "resource": {
        "id": "93633e0e-943c-40ea-99f9-e03ddad9cf3c",
        "meta": {
          "profile": [
            "http://standardhealthrecord.org/fhir/StructureDefinition/shr-problem-Problem"
          ]
        },
        "clinicalStatus": "active",
        "verificationStatus": "confirmed",
        "code": {
          "coding": [
            {
              "system": "http://snomed.info/sct",
              "code": "10509002",
              "display": "Acute bronchitis (disorder)"
            }
          ],
          "text": "Acute bronchitis (disorder)"
        },
        "subject": {
          "reference": "urn:uuid:6999e5bf-eb22-4590-b01a-ae10c2d1bd05"
        },
        "context": {
          "reference": "urn:uuid:de369471-ce14-47aa-aef5-668f8b08c7d1"
        },
        "onsetDateTime": "2017-03-07T23:34:06-05:00",
        "abatementDateTime": "2017-03-25T10:24:43-04:00",
        "assertedDate": "2017-03-07",
        "resourceType": "Condition"
      }
    },
    {
      "resource": {
        "meta": {
          "profile": [
            "http://standardhealthrecord.org/fhir/StructureDefinition/shr-procedure-Procedure"
          ]
        },
        "extension": [
          {
            "url": "http://standardhealthrecord.org/fhir/StructureDefinition/shr-core-CodeableConcept-extension",
            "valueCodeableConcept": {
              "coding": [
                {
                  "system": "http://snomed.info/sct",
                  "code": "23426006",
                  "display": "Measurement of respiratory function (procedure)"
                }
              ],
              "text": "Measurement of respiratory function (procedure)"
            }
          }
        ],
        "status": "completed",
        "code": {
          "coding": [
            {
              "system": "http://snomed.info/sct",
              "code": "23426006",
              "display": "Measurement of respiratory function (procedure)"
            }
          ],
          "text": "Measurement of respiratory function (procedure)"
        },
        "subject": {
          "reference": "urn:uuid:6999e5bf-eb22-4590-b01a-ae10c2d1bd05"
        },
        "context": {
          "reference": "urn:uuid:de369471-ce14-47aa-aef5-668f8b08c7d1"
        },
        "performedPeriod": {
          "start": "2017-03-10T05:24:24-05:00",
          "end": "2017-03-10T05:38:13-05:00"
        },
        "reasonReference": {
          "reference": "urn:uuid:93633e0e-943c-40ea-99f9-e03ddad9cf3c",
          "display": "Acute bronchitis (disorder)"
        },
        "resourceType": "Procedure"
      }
    },
    {
      "resource": {
        "status": "active",
        "category": [
          {
            "coding": [
              {
                "system": "http://snomed.info/sct",
                "code": "53950000",
                "display": "Respiratory therapy"
              }
            ]
          }
        ],
        "subject": {
          "reference": "urn:uuid:6999e5bf-eb22-4590-b01a-ae10c2d1bd05"
        },
        "context": {
          "reference": "urn:uuid:de369471-ce14-47aa-aef5-668f8b08c7d1"
        },
        "period": {
          "start": "2017-03-10"
        },
        "addresses": [
          {
            "reference": "urn:uuid:93633e0e-943c-40ea-99f9-e03ddad9cf3c"
          }
        ],
        "activity": [
          {
            "detail": {
              "code": {
                "coding": [
                  {
                    "system": "http://snomed.info/sct",
                    "code": "304510005",
                    "display": "Recommendation to avoid exercise"
                  }
                ]
              },
              "status": "in-progress"
            }
          },
          {
            "detail": {
              "code": {
                "coding": [
                  {
                    "system": "http://snomed.info/sct",
                    "code": "371605008",
                    "display": "Deep breathing and coughing exercises"
                  }
                ]
              },
              "status": "in-progress"
            }
          }
        ],
        "resourceType": "CarePlan"
      }
    },
    {
      "resource": {
        "meta": {
          "profile": [
            "http://standardhealthrecord.org/fhir/StructureDefinition/shr-medication-Medication"
          ]
        },
        "code": {
          "coding": [
            {
              "system": "http://www.nlm.nih.gov/research/umls/rxnorm",
              "code": "1020137",
              "display": "Dextromethorphan Hydrobromide 1 MG/ML"
            }
          ],
          "text": "Dextromethorphan Hydrobromide 1 MG/ML"
        },
        "resourceType": "Medication"
      }
    },
    {
      "resource": {
        "meta": {
          "profile": [
            "http://standardhealthrecord.org/fhir/StructureDefinition/shr-medication-MedicationPrescription"
          ]
        },
        "extension": [
          {
            "url": "http://standardhealthrecord.org/fhir/StructureDefinition/shr-base-ActionCode-extension",
            "valueCodeableConcept": {
              "coding": [
                {
                  "system": "http://snomed.info/sct",
                  "code": "33633005",
                  "display": "Prescription of drug (procedure)"
                }
              ],
              "text": "Prescription of drug (procedure)"
            }
          }
        ],
        "status": "stopped",
        "medicationReference": {
          "reference": ""
        },
        "subject": {
          "reference": "urn:uuid:6999e5bf-eb22-4590-b01a-ae10c2d1bd05"
        },
        "context": {
          "reference": "urn:uuid:de369471-ce14-47aa-aef5-668f8b08c7d1"
        },
        "authoredOn": "2017-03-10",
        "reasonReference": [
          {
            "reference": "urn:uuid:93633e0e-943c-40ea-99f9-e03ddad9cf3c"
          }
        ],
        "dosageInstruction": [
          {

          }
        ],
        "resourceType": "MedicationRequest"
      }
    }
  ],
  "resourceType": "Bundle"
}