{
  "type": "collection",
  "entry": [
    {
      "fullUrl": "urn:uuid:a03ec15b-64d2-4a2c-baeb-ca116607c661",
      "resource": {
        "id": "a03ec15b-64d2-4a2c-baeb-ca116607c661",
        "meta": {
          "profile": [
            "http://standardhealthrecord.org/fhir/StructureDefinition/shr-demographics-PersonOfRecord"
          ]
        },
        "text": {
          "status": "generated",
          "div": "<div>Generated by <a href=\"https://github.com/synthetichealth/synthea\">Synthea</a>. Version identifier: 4d02400401b9fab839e47bf5b2f1f6a8c683ab55</div>"
        },
        "extension": [
          {
            "url": "http://hl7.org/fhir/us/core/StructureDefinition/us-core-race",
            "valueCodeableConcept": {
              "coding": [
                {
                  "system": "http://hl7.org/fhir/v3/Race",
                  "code": "2106-3",
                  "display": "White"
                }
              ],
              "text": "race"
            }
          },
          {
            "url": "http://hl7.org/fhir/us/core/StructureDefinition/us-core-ethnicity",
            "valueCodeableConcept": {
              "coding": [
                {
                  "system": "http://hl7.org/fhir/v3/Ethnicity",
                  "code": "2186-5",
                  "display": "Nonhispanic"
                }
              ],
              "text": "ethnicity"
            }
          },
          {
            "url": "http://hl7.org/fhir/StructureDefinition/birthPlace",
            "valueAddress": {
              "city": "North Adams",
              "state": "MA",
              "country": "US"
            }
          },
          {
            "url": "http://hl7.org/fhir/StructureDefinition/patient-mothersMaidenName",
            "valueString": "Shanny627 Barrows622"
          },
          {
            "url": "http://hl7.org/fhir/us/core/StructureDefinition/us-core-birthsex",
            "valueCode": "M"
          },
          {
            "url": "http://hl7.org/fhir/StructureDefinition/patient-interpreterRequired",
            "valueBoolean": false
          },
          {
            "url": "http://standardhealthrecord.org/fhir/StructureDefinition/shr-actor-FictionalPerson-extension",
            "valueBoolean": true
          },
          {
            "url": "http://standardhealthrecord.org/fhir/StructureDefinition/shr-demographics-FathersName-extension",
            "valueHumanName": {
              "text": "Lillian526 Abbott992"
            }
          },
          {
            "url": "http://standardhealthrecord.org/fhir/StructureDefinition/shr-demographics-SocialSecurityNumber-extension",
            "valueString": "999-72-8479"
          }
        ],
        "identifier": [
          {
            "system": "https://github.com/synthetichealth/synthea",
            "value": "0515927f-8321-428e-b327-825a04dc016e"
          },
          {
            "type": {
              "coding": [
                {
                  "system": "http://hl7.org/fhir/identifier-type",
                  "code": "SB"
                }
              ]
            },
            "system": "http://hl7.org/fhir/sid/us-ssn",
            "value": "999728479"
          }
        ],
        "name": [
          {
            "use": "official",
            "family": "Abbott992",
            "given": [
              "Myra637"
            ]
          }
        ],
        "telecom": [
          {
            "system": "phone",
            "value": "1-115-693-2780 x7459",
            "use": "home"
          }
        ],
        "gender": "male",
        "birthDate": "2001-12-22",
        "address": [
          {
            "extension": [
              {
                "extension": [
                  {
                    "url": "latitude",
                    "valueDecimal": 42.67826312168418
                  },
                  {
                    "url": "longitude",
                    "valueDecimal": -71.34639384711159
                  }
                ],
                "url": "http://hl7.org/fhir/StructureDefinition/geolocation"
              }
            ],
            "line": [
              "56292 Kunze Locks"
            ],
            "city": "Dracut",
            "state": "MA",
            "postalCode": "01826",
            "country": "US"
          }
        ],
        "maritalStatus": {
          "coding": [
            {
              "system": "http://hl7.org/fhir/v3/MaritalStatus",
              "code": "S"
            }
          ],
          "text": "Never Married"
        },
        "multipleBirthBoolean": false,
        "communication": [
          {
            "language": {
              "coding": [
                {
                  "system": "http://hl7.org/fhir/ValueSet/languages",
                  "code": "en-US",
                  "display": "English (United States)"
                }
              ]
            }
          }
        ],
        "resourceType": "Patient"
      }
    },
    {
      "fullUrl": "urn:uuid:0033dbf0-6a58-4414-b79f-0231d6dbac6a",
      "resource": {
        "id": "0033dbf0-6a58-4414-b79f-0231d6dbac6a",
        "meta": {
          "profile": [
            "http://standardhealthrecord.org/fhir/StructureDefinition/shr-actor-Organization"
          ]
        },
        "type": [
          {
            "coding": [
              {
                "system": "http://hl7.org/fhir/ValueSet/organization-type",
                "code": "prov",
                "display": "Healthcare Provider"
              }
            ],
            "text": "Healthcare Provider"
          }
        ],
        "name": "Synthetic Provider",
        "resourceType": "Organization"
      }
    },
    {
      "fullUrl": "urn:uuid:8b609529-0a23-4a22-b6b3-246e642715bf",
      "resource": {
        "id": "8b609529-0a23-4a22-b6b3-246e642715bf",
        "meta": {
          "profile": [
            "http://standardhealthrecord.org/fhir/StructureDefinition/shr-encounter-Encounter"
          ]
        },
        "status": "finished",
        "class": {
          "code": "outpatient"
        },
        "type": [
          {
            "coding": [
              {
                "system": "http://snomed.info/sct",
                "code": "170258001"
              }
            ],
            "text": "Outpatient Encounter"
          }
        ],
        "subject": {
          "reference": "urn:uuid:a03ec15b-64d2-4a2c-baeb-ca116607c661"
        },
        "period": {
          "start": "2010-12-22T21:24:50-05:00",
          "end": "2010-12-22T22:24:50-05:00"
        },
        "serviceProvider": {
          "reference": "urn:uuid:0033dbf0-6a58-4414-b79f-0231d6dbac6a"
        },
        "resourceType": "Encounter"
      }
    },
    {
      "fullUrl": "urn:uuid:e2c28fc5-0142-49c5-804f-1cfa09a3ce80",
      "resource": {
        "id": "e2c28fc5-0142-49c5-804f-1cfa09a3ce80",
        "meta": {
          "profile": [
            "http://standardhealthrecord.org/fhir/StructureDefinition/shr-observation-Observation",
            "http://standardhealthrecord.org/fhir/StructureDefinition/shr-vital-VitalSign",
            "http://standardhealthrecord.org/fhir/StructureDefinition/shr-vital-BodyHeight"
          ]
        },
        "status": "final",
        "category": [
          {
            "coding": [
              {
                "system": "http://hl7.org/fhir/observation-category",
                "code": "vital-signs"
              }
            ]
          }
        ],
        "code": {
          "coding": [
            {
              "system": "http://loinc.org",
              "code": "8302-2",
              "display": "Body Height"
            }
          ],
          "text": "Body Height"
        },
        "subject": {
          "reference": "urn:uuid:a03ec15b-64d2-4a2c-baeb-ca116607c661"
        },
        "context": {
          "reference": "urn:uuid:8b609529-0a23-4a22-b6b3-246e642715bf"
        },
        "effectiveDateTime": "2010-12-22T21:24:50-05:00",
        "issued": "2010-12-22T21:24:50-05:00",
        "valueQuantity": {
          "value": 135.35174818110292,
          "unit": "cm",
          "system": "http://unitsofmeasure.org/",
          "code": "cm"
        },
        "resourceType": "Observation"
      }
    },
    {
      "fullUrl": "urn:uuid:e6b4ed7a-5d5d-4978-8944-f967c9f25b50",
      "resource": {
        "id": "e6b4ed7a-5d5d-4978-8944-f967c9f25b50",
        "meta": {
          "profile": [
            "http://standardhealthrecord.org/fhir/StructureDefinition/shr-observation-Observation",
            "http://standardhealthrecord.org/fhir/StructureDefinition/shr-vital-VitalSign",
            "http://standardhealthrecord.org/fhir/StructureDefinition/shr-vital-BodyWeight"
          ]
        },
        "status": "final",
        "category": [
          {
            "coding": [
              {
                "system": "http://hl7.org/fhir/observation-category",
                "code": "vital-signs"
              }
            ]
          }
        ],
        "code": {
          "coding": [
            {
              "system": "http://loinc.org",
              "code": "29463-7",
              "display": "Body Weight"
            }
          ],
          "text": "Body Weight"
        },
        "subject": {
          "reference": "urn:uuid:a03ec15b-64d2-4a2c-baeb-ca116607c661"
        },
        "context": {
          "reference": "urn:uuid:8b609529-0a23-4a22-b6b3-246e642715bf"
        },
        "effectiveDateTime": "2010-12-22T21:24:50-05:00",
        "issued": "2010-12-22T21:24:50-05:00",
        "valueQuantity": {
          "value": 28.200232275339797,
          "unit": "kg",
          "system": "http://unitsofmeasure.org/",
          "code": "kg"
        },
        "resourceType": "Observation"
      }
    },
    {
      "fullUrl": "urn:uuid:bc08a242-8988-43f0-b33e-af8d3033ab23",
      "resource": {
        "id": "bc08a242-8988-43f0-b33e-af8d3033ab23",
        "meta": {
          "profile": [
            "http://standardhealthrecord.org/fhir/StructureDefinition/shr-observation-Observation",
            "http://standardhealthrecord.org/fhir/StructureDefinition/shr-vital-VitalSign",
            "http://standardhealthrecord.org/fhir/StructureDefinition/shr-vital-BodyMassIndex"
          ]
        },
        "status": "final",
        "category": [
          {
            "coding": [
              {
                "system": "http://hl7.org/fhir/observation-category",
                "code": "vital-signs"
              }
            ]
          }
        ],
        "code": {
          "coding": [
            {
              "system": "http://loinc.org",
              "code": "39156-5",
              "display": "Body Mass Index"
            }
          ],
          "text": "Body Mass Index"
        },
        "subject": {
          "reference": "urn:uuid:a03ec15b-64d2-4a2c-baeb-ca116607c661"
        },
        "context": {
          "reference": "urn:uuid:8b609529-0a23-4a22-b6b3-246e642715bf"
        },
        "effectiveDateTime": "2010-12-22T21:24:50-05:00",
        "issued": "2010-12-22T21:24:50-05:00",
        "valueQuantity": {
          "value": 15.393059448055332,
          "unit": "kg/m2",
          "system": "http://unitsofmeasure.org/",
          "code": "kg/m2"
        },
        "resourceType": "Observation"
      }
    },
    {
      "fullUrl": "urn:uuid:64816a1e-8b9b-48d2-9ad8-904f4f67cbb6",
      "resource": {
        "id": "64816a1e-8b9b-48d2-9ad8-904f4f67cbb6",
        "meta": {
          "profile": [
            "http://standardhealthrecord.org/fhir/StructureDefinition/shr-observation-Observation",
            "http://standardhealthrecord.org/fhir/StructureDefinition/shr-vital-BloodPressure"
          ]
        },
        "status": "final",
        "category": [
          {
            "coding": [
              {
                "system": "http://hl7.org/fhir/observation-category",
                "code": "vital-signs"
              }
            ]
          }
        ],
        "code": {
          "coding": [
            {
              "system": "http://loinc.org",
              "code": "55284-4",
              "display": "Blood Pressure"
            }
          ]
        },
        "subject": {
          "reference": "urn:uuid:a03ec15b-64d2-4a2c-baeb-ca116607c661"
        },
        "context": {
          "reference": "urn:uuid:8b609529-0a23-4a22-b6b3-246e642715bf"
        },
        "effectiveDateTime": "2010-12-22T21:24:50-05:00",
        "issued": "2010-12-22T21:24:50-05:00",
        "component": [
          {
            "code": {
              "coding": [
                {
                  "system": "http://loinc.org",
                  "code": "8480-6",
                  "display": "Systolic Blood Pressure"
                }
              ],
              "text": "Systolic Blood Pressure"
            },
            "valueQuantity": {
              "value": 114,
              "unit": "mmHg",
              "system": "http://unitsofmeasure.org/",
              "code": "mmHg"
            }
          },
          {
            "code": {
              "coding": [
                {
                  "system": "http://loinc.org",
                  "code": "8462-4",
                  "display": "Diastolic Blood Pressure"
                }
              ],
              "text": "Diastolic Blood Pressure"
            },
            "valueQuantity": {
              "value": 82,
              "unit": "mmHg",
              "system": "http://unitsofmeasure.org/",
              "code": "mmHg"
            }
          }
        ],
        "resourceType": "Observation"
      }
    },
    {
      "resource": {
        "meta": {
          "profile": [
            "http://standardhealthrecord.org/fhir/StructureDefinition/shr-procedure-Procedure"
          ]
        },
        "extension": [
          {
            "url": "http://standardhealthrecord.org/fhir/StructureDefinition/shr-core-CodeableConcept-extension",
            "valueCodeableConcept": {
              "coding": [
                {
                  "system": "http://snomed.info/sct",
                  "code": "428191000124101",
                  "display": "Documentation of current medications"
                }
              ],
              "text": "Documentation of current medications"
            }
          }
        ],
        "status": "completed",
        "code": {
          "coding": [
            {
              "system": "http://snomed.info/sct",
              "code": "428191000124101",
              "display": "Documentation of current medications"
            }
          ],
          "text": "Documentation of current medications"
        },
        "subject": {
          "reference": "urn:uuid:a03ec15b-64d2-4a2c-baeb-ca116607c661"
        },
        "context": {
          "reference": "urn:uuid:8b609529-0a23-4a22-b6b3-246e642715bf"
        },
        "performedDateTime": "2010-12-22T21:24:50-05:00",
        "resourceType": "Procedure"
      }
    },
    {
      "resource": {
        "meta": {
          "profile": [
            "http://standardhealthrecord.org/fhir/StructureDefinition/shr-immunization-Immunization"
          ]
        },
        "status": "completed",
        "notGiven": false,
        "vaccineCode": {
          "coding": [
            {
              "system": "http://hl7.org/fhir/sid/cvx",
              "code": "140",
              "display": "Influenza, seasonal, injectable, preservative free"
            }
          ],
          "text": "Influenza, seasonal, injectable, preservative free"
        },
        "patient": {
          "reference": "urn:uuid:a03ec15b-64d2-4a2c-baeb-ca116607c661"
        },
        "encounter": {
          "reference": "urn:uuid:8b609529-0a23-4a22-b6b3-246e642715bf"
        },
        "date": "2010-12-22T21:24:50-05:00",
        "primarySource": true,
        "resourceType": "Immunization"
      }
    },
    {
      "fullUrl": "urn:uuid:8f161f81-e77e-4c39-8a57-6085b440606a",
      "resource": {
        "id": "8f161f81-e77e-4c39-8a57-6085b440606a",
        "meta": {
          "profile": [
            "http://standardhealthrecord.org/fhir/StructureDefinition/shr-encounter-Encounter"
          ]
        },
        "status": "finished",
        "class": {
          "code": "outpatient"
        },
        "type": [
          {
            "coding": [
              {
                "system": "http://snomed.info/sct",
                "code": "170258001"
              }
            ],
            "text": "Outpatient Encounter"
          }
        ],
        "subject": {
          "reference": "urn:uuid:a03ec15b-64d2-4a2c-baeb-ca116607c661"
        },
        "period": {
          "start": "2011-10-29T16:35:18-04:00",
          "end": "2011-10-29T17:35:18-04:00"
        },
        "serviceProvider": {
          "reference": "urn:uuid:0033dbf0-6a58-4414-b79f-0231d6dbac6a"
        },
        "resourceType": "Encounter"
      }
    },
    {
      "fullUrl": "urn:uuid:1dd93ab1-c02c-4aec-aaa7-b2da96c12e40",
      "resource": {
        "id": "1dd93ab1-c02c-4aec-aaa7-b2da96c12e40",
        "meta": {
          "profile": [
            "http://standardhealthrecord.org/fhir/StructureDefinition/shr-observation-Observation",
            "http://standardhealthrecord.org/fhir/StructureDefinition/shr-vital-VitalSign",
            "http://standardhealthrecord.org/fhir/StructureDefinition/shr-vital-BodyHeight"
          ]
        },
        "status": "final",
        "category": [
          {
            "coding": [
              {
                "system": "http://hl7.org/fhir/observation-category",
                "code": "vital-signs"
              }
            ]
          }
        ],
        "code": {
          "coding": [
            {
              "system": "http://loinc.org",
              "code": "8302-2",
              "display": "Body Height"
            }
          ],
          "text": "Body Height"
        },
        "subject": {
          "reference": "urn:uuid:a03ec15b-64d2-4a2c-baeb-ca116607c661"
        },
        "context": {
          "reference": "urn:uuid:8f161f81-e77e-4c39-8a57-6085b440606a"
        },
        "effectiveDateTime": "2011-10-29T16:35:18-04:00",
        "issued": "2011-10-29T16:35:18-04:00",
        "valueQuantity": {
          "value": 140.19701029510665,
          "unit": "cm",
          "system": "http://unitsofmeasure.org/",
          "code": "cm"
        },
        "resourceType": "Observation"
      }
    },
    {
      "fullUrl": "urn:uuid:f70b5113-2a72-4008-86c5-ed667772adf7",
      "resource": {
        "id": "f70b5113-2a72-4008-86c5-ed667772adf7",
        "meta": {
          "profile": [
            "http://standardhealthrecord.org/fhir/StructureDefinition/shr-observation-Observation",
            "http://standardhealthrecord.org/fhir/StructureDefinition/shr-vital-VitalSign",
            "http://standardhealthrecord.org/fhir/StructureDefinition/shr-vital-BodyWeight"
          ]
        },
        "status": "final",
        "category": [
          {
            "coding": [
              {
                "system": "http://hl7.org/fhir/observation-category",
                "code": "vital-signs"
              }
            ]
          }
        ],
        "code": {
          "coding": [
            {
              "system": "http://loinc.org",
              "code": "29463-7",
              "display": "Body Weight"
            }
          ],
          "text": "Body Weight"
        },
        "subject": {
          "reference": "urn:uuid:a03ec15b-64d2-4a2c-baeb-ca116607c661"
        },
        "context": {
          "reference": "urn:uuid:8f161f81-e77e-4c39-8a57-6085b440606a"
        },
        "effectiveDateTime": "2011-10-29T16:35:18-04:00",
        "issued": "2011-10-29T16:35:18-04:00",
        "valueQuantity": {
          "value": 31.221659549542405,
          "unit": "kg",
          "system": "http://unitsofmeasure.org/",
          "code": "kg"
        },
        "resourceType": "Observation"
      }
    },
    {
      "fullUrl": "urn:uuid:d69f4a00-0e51-4152-9f79-29254e2bd49e",
      "resource": {
        "id": "d69f4a00-0e51-4152-9f79-29254e2bd49e",
        "meta": {
          "profile": [
            "http://standardhealthrecord.org/fhir/StructureDefinition/shr-observation-Observation",
            "http://standardhealthrecord.org/fhir/StructureDefinition/shr-vital-VitalSign",
            "http://standardhealthrecord.org/fhir/StructureDefinition/shr-vital-BodyMassIndex"
          ]
        },
        "status": "final",
        "category": [
          {
            "coding": [
              {
                "system": "http://hl7.org/fhir/observation-category",
                "code": "vital-signs"
              }
            ]
          }
        ],
        "code": {
          "coding": [
            {
              "system": "http://loinc.org",
              "code": "39156-5",
              "display": "Body Mass Index"
            }
          ],
          "text": "Body Mass Index"
        },
        "subject": {
          "reference": "urn:uuid:a03ec15b-64d2-4a2c-baeb-ca116607c661"
        },
        "context": {
          "reference": "urn:uuid:8f161f81-e77e-4c39-8a57-6085b440606a"
        },
        "effectiveDateTime": "2011-10-29T16:35:18-04:00",
        "issued": "2011-10-29T16:35:18-04:00",
        "valueQuantity": {
          "value": 15.884680316658708,
          "unit": "kg/m2",
          "system": "http://unitsofmeasure.org/",
          "code": "kg/m2"
        },
        "resourceType": "Observation"
      }
    },
    {
      "fullUrl": "urn:uuid:0601bd5b-a98d-401b-81a5-3522969643ce",
      "resource": {
        "id": "0601bd5b-a98d-401b-81a5-3522969643ce",
        "meta": {
          "profile": [
            "http://standardhealthrecord.org/fhir/StructureDefinition/shr-observation-Observation",
            "http://standardhealthrecord.org/fhir/StructureDefinition/shr-vital-BloodPressure"
          ]
        },
        "status": "final",
        "category": [
          {
            "coding": [
              {
                "system": "http://hl7.org/fhir/observation-category",
                "code": "vital-signs"
              }
            ]
          }
        ],
        "code": {
          "coding": [
            {
              "system": "http://loinc.org",
              "code": "55284-4",
              "display": "Blood Pressure"
            }
          ]
        },
        "subject": {
          "reference": "urn:uuid:a03ec15b-64d2-4a2c-baeb-ca116607c661"
        },
        "context": {
          "reference": "urn:uuid:8f161f81-e77e-4c39-8a57-6085b440606a"
        },
        "effectiveDateTime": "2011-10-29T16:35:18-04:00",
        "issued": "2011-10-29T16:35:18-04:00",
        "component": [
          {
            "code": {
              "coding": [
                {
                  "system": "http://loinc.org",
                  "code": "8480-6",
                  "display": "Systolic Blood Pressure"
                }
              ],
              "text": "Systolic Blood Pressure"
            },
            "valueQuantity": {
              "value": 104,
              "unit": "mmHg",
              "system": "http://unitsofmeasure.org/",
              "code": "mmHg"
            }
          },
          {
            "code": {
              "coding": [
                {
                  "system": "http://loinc.org",
                  "code": "8462-4",
                  "display": "Diastolic Blood Pressure"
                }
              ],
              "text": "Diastolic Blood Pressure"
            },
            "valueQuantity": {
              "value": 86,
              "unit": "mmHg",
              "system": "http://unitsofmeasure.org/",
              "code": "mmHg"
            }
          }
        ],
        "resourceType": "Observation"
      }
    },
    {
      "resource": {
        "meta": {
          "profile": [
            "http://standardhealthrecord.org/fhir/StructureDefinition/shr-procedure-Procedure"
          ]
        },
        "extension": [
          {
            "url": "http://standardhealthrecord.org/fhir/StructureDefinition/shr-core-CodeableConcept-extension",
            "valueCodeableConcept": {
              "coding": [
                {
                  "system": "http://snomed.info/sct",
                  "code": "428191000124101",
                  "display": "Documentation of current medications"
                }
              ],
              "text": "Documentation of current medications"
            }
          }
        ],
        "status": "completed",
        "code": {
          "coding": [
            {
              "system": "http://snomed.info/sct",
              "code": "428191000124101",
              "display": "Documentation of current medications"
            }
          ],
          "text": "Documentation of current medications"
        },
        "subject": {
          "reference": "urn:uuid:a03ec15b-64d2-4a2c-baeb-ca116607c661"
        },
        "context": {
          "reference": "urn:uuid:8f161f81-e77e-4c39-8a57-6085b440606a"
        },
        "performedDateTime": "2011-10-29T16:35:18-04:00",
        "resourceType": "Procedure"
      }
    },
    {
      "resource": {
        "meta": {
          "profile": [
            "http://standardhealthrecord.org/fhir/StructureDefinition/shr-immunization-Immunization"
          ]
        },
        "status": "completed",
        "notGiven": false,
        "vaccineCode": {
          "coding": [
            {
              "system": "http://hl7.org/fhir/sid/cvx",
              "code": "140",
              "display": "Influenza, seasonal, injectable, preservative free"
            }
          ],
          "text": "Influenza, seasonal, injectable, preservative free"
        },
        "patient": {
          "reference": "urn:uuid:a03ec15b-64d2-4a2c-baeb-ca116607c661"
        },
        "encounter": {
          "reference": "urn:uuid:8f161f81-e77e-4c39-8a57-6085b440606a"
        },
        "date": "2011-10-29T16:35:18-04:00",
        "primarySource": true,
        "resourceType": "Immunization"
      }
    },
    {
      "fullUrl": "urn:uuid:9fe21968-a295-450e-9b44-db09d8fde479",
      "resource": {
        "id": "9fe21968-a295-450e-9b44-db09d8fde479",
        "meta": {
          "profile": [
            "http://standardhealthrecord.org/fhir/StructureDefinition/shr-encounter-Encounter"
          ]
        },
        "status": "finished",
        "class": {
          "code": "ambulatory"
        },
        "type": [
          {
            "coding": [
              {
                "system": "http://snomed.info/sct",
                "code": "185345009"
              }
            ],
            "text": "Encounter for symptom"
          }
        ],
        "subject": {
          "reference": "urn:uuid:a03ec15b-64d2-4a2c-baeb-ca116607c661"
        },
        "period": {
          "start": "2012-01-31T05:58:38-05:00",
          "end": "2012-01-31T06:12:50-05:00"
        },
        "reason": {
          "coding": [
            {
              "system": "http://snomed.info/sct",
              "code": "10509002",
              "display": "Acute bronchitis (disorder)"
            }
          ]
        },
        "serviceProvider": {
          "reference": "urn:uuid:0033dbf0-6a58-4414-b79f-0231d6dbac6a"
        },
        "resourceType": "Encounter"
      }
    },
    {
      "fullUrl": "urn:uuid:4dda80f2-b9a3-4c63-9a77-139364021f9f",
      "resource": {
        "id": "4dda80f2-b9a3-4c63-9a77-139364021f9f",
        "meta": {
          "profile": [
            "http://standardhealthrecord.org/fhir/StructureDefinition/shr-problem-Problem"
          ]
        },
        "clinicalStatus": "active",
        "verificationStatus": "confirmed",
        "code": {
          "coding": [
            {
              "system": "http://snomed.info/sct",
              "code": "10509002",
              "display": "Acute bronchitis (disorder)"
            }
          ],
          "text": "Acute bronchitis (disorder)"
        },
        "subject": {
          "reference": "urn:uuid:a03ec15b-64d2-4a2c-baeb-ca116607c661"
        },
        "context": {
          "reference": "urn:uuid:9fe21968-a295-450e-9b44-db09d8fde479"
        },
        "onsetDateTime": "2012-01-31T05:58:38-05:00",
        "abatementDateTime": "2012-02-10T21:13:08-05:00",
        "assertedDate": "2012-01-31",
        "resourceType": "Condition"
      }
    },
    {
      "resource": {
        "meta": {
          "profile": [
            "http://standardhealthrecord.org/fhir/StructureDefinition/shr-procedure-Procedure"
          ]
        },
        "extension": [
          {
            "url": "http://standardhealthrecord.org/fhir/StructureDefinition/shr-core-CodeableConcept-extension",
            "valueCodeableConcept": {
              "coding": [
                {
                  "system": "http://snomed.info/sct",
                  "code": "399208008",
                  "display": "Plain chest X-ray (procedure)"
                }
              ],
              "text": "Plain chest X-ray (procedure)"
            }
          }
        ],
        "status": "completed",
        "code": {
          "coding": [
            {
              "system": "http://snomed.info/sct",
              "code": "399208008",
              "display": "Plain chest X-ray (procedure)"
            }
          ],
          "text": "Plain chest X-ray (procedure)"
        },
        "subject": {
          "reference": "urn:uuid:a03ec15b-64d2-4a2c-baeb-ca116607c661"
        },
        "context": {
          "reference": "urn:uuid:9fe21968-a295-450e-9b44-db09d8fde479"
        },
        "performedPeriod": {
          "start": "2012-01-31T05:58:38-05:00",
          "end": "2012-01-31T06:12:17-05:00"
        },
        "reasonReference": {
          "reference": "urn:uuid:4dda80f2-b9a3-4c63-9a77-139364021f9f",
          "display": "Acute bronchitis (disorder)"
        },
        "resourceType": "Procedure"
      }
    },
    {
      "resource": {
        "status": "completed",
        "category": [
          {
            "coding": [
              {
                "system": "http://snomed.info/sct",
                "code": "53950000",
                "display": "Respiratory therapy"
              }
            ]
          }
        ],
        "subject": {
          "reference": "urn:uuid:a03ec15b-64d2-4a2c-baeb-ca116607c661"
        },
        "context": {
          "reference": "urn:uuid:9fe21968-a295-450e-9b44-db09d8fde479"
        },
        "period": {
          "start": "2012-01-31",
          "end": "2012-09-12"
        },
        "addresses": [
          {
            "reference": "urn:uuid:4dda80f2-b9a3-4c63-9a77-139364021f9f"
          }
        ],
        "activity": [
          {
            "detail": {
              "code": {
                "coding": [
                  {
                    "system": "http://snomed.info/sct",
                    "code": "304510005",
                    "display": "Recommendation to avoid exercise"
                  }
                ]
              },
              "status": "completed"
            }
          },
          {
            "detail": {
              "code": {
                "coding": [
                  {
                    "system": "http://snomed.info/sct",
                    "code": "371605008",
                    "display": "Deep breathing and coughing exercises"
                  }
                ]
              },
              "status": "completed"
            }
          }
        ],
        "resourceType": "CarePlan"
      }
    },
    {
      "resource": {
        "meta": {
          "profile": [
            "http://standardhealthrecord.org/fhir/StructureDefinition/shr-medication-Medication"
          ]
        },
        "code": {
          "coding": [
            {
              "system": "http://www.nlm.nih.gov/research/umls/rxnorm",
              "code": "608680",
              "display": "Acetaminophen 160 MG"
            }
          ],
          "text": "Acetaminophen 160 MG"
        },
        "resourceType": "Medication"
      }
    },
    {
      "resource": {
        "meta": {
          "profile": [
            "http://standardhealthrecord.org/fhir/StructureDefinition/shr-medication-MedicationPrescription"
          ]
        },
        "extension": [
          {
            "url": "http://standardhealthrecord.org/fhir/StructureDefinition/shr-base-ActionCode-extension",
            "valueCodeableConcept": {
              "coding": [
                {
                  "system": "http://snomed.info/sct",
                  "code": "33633005",
                  "display": "Prescription of drug (procedure)"
                }
              ],
              "text": "Prescription of drug (procedure)"
            }
          }
        ],
        "status": "stopped",
        "medicationReference": {
          "reference": ""
        },
        "subject": {
          "reference": "urn:uuid:a03ec15b-64d2-4a2c-baeb-ca116607c661"
        },
        "context": {
          "reference": "urn:uuid:9fe21968-a295-450e-9b44-db09d8fde479"
        },
        "authoredOn": "2012-01-31",
        "reasonReference": [
          {
            "reference": "urn:uuid:4dda80f2-b9a3-4c63-9a77-139364021f9f"
          }
        ],
        "dosageInstruction": [
          {

          }
        ],
        "resourceType": "MedicationRequest"
      }
    },
    {
      "fullUrl": "urn:uuid:2a6018b7-e910-4fcc-9326-34522f71803a",
      "resource": {
        "id": "2a6018b7-e910-4fcc-9326-34522f71803a",
        "meta": {
          "profile": [
            "http://standardhealthrecord.org/fhir/StructureDefinition/shr-encounter-Encounter"
          ]
        },
        "status": "finished",
        "class": {
          "code": "outpatient"
        },
        "type": [
          {
            "coding": [
              {
                "system": "http://snomed.info/sct",
                "code": "170258001"
              }
            ],
            "text": "Outpatient Encounter"
          }
        ],
        "subject": {
          "reference": "urn:uuid:a03ec15b-64d2-4a2c-baeb-ca116607c661"
        },
        "period": {
          "start": "2012-09-12T09:17:29-04:00",
          "end": "2012-09-12T10:17:29-04:00"
        },
        "serviceProvider": {
          "reference": "urn:uuid:0033dbf0-6a58-4414-b79f-0231d6dbac6a"
        },
        "resourceType": "Encounter"
      }
    },
    {
      "fullUrl": "urn:uuid:f81d9ed4-99f3-4749-8d4e-7a05858e2def",
      "resource": {
        "id": "f81d9ed4-99f3-4749-8d4e-7a05858e2def",
        "meta": {
          "profile": [
            "http://standardhealthrecord.org/fhir/StructureDefinition/shr-observation-Observation",
            "http://standardhealthrecord.org/fhir/StructureDefinition/shr-vital-VitalSign",
            "http://standardhealthrecord.org/fhir/StructureDefinition/shr-vital-BodyHeight"
          ]
        },
        "status": "final",
        "category": [
          {
            "coding": [
              {
                "system": "http://hl7.org/fhir/observation-category",
                "code": "vital-signs"
              }
            ]
          }
        ],
        "code": {
          "coding": [
            {
              "system": "http://loinc.org",
              "code": "8302-2",
              "display": "Body Height"
            }
          ],
          "text": "Body Height"
        },
        "subject": {
          "reference": "urn:uuid:a03ec15b-64d2-4a2c-baeb-ca116607c661"
        },
        "context": {
          "reference": "urn:uuid:2a6018b7-e910-4fcc-9326-34522f71803a"
        },
        "effectiveDateTime": "2012-09-12T09:17:29-04:00",
        "issued": "2012-09-12T09:17:29-04:00",
        "valueQuantity": {
          "value": 144.3856939559564,
          "unit": "cm",
          "system": "http://unitsofmeasure.org/",
          "code": "cm"
        },
        "resourceType": "Observation"
      }
    },
    {
      "fullUrl": "urn:uuid:8ab80044-4c71-4db6-9e7f-47f1be1a5637",
      "resource": {
        "id": "8ab80044-4c71-4db6-9e7f-47f1be1a5637",
        "meta": {
          "profile": [
            "http://standardhealthrecord.org/fhir/StructureDefinition/shr-observation-Observation",
            "http://standardhealthrecord.org/fhir/StructureDefinition/shr-vital-VitalSign",
            "http://standardhealthrecord.org/fhir/StructureDefinition/shr-vital-BodyWeight"
          ]
        },
        "status": "final",
        "category": [
          {
            "coding": [
              {
                "system": "http://hl7.org/fhir/observation-category",
                "code": "vital-signs"
              }
            ]
          }
        ],
        "code": {
          "coding": [
            {
              "system": "http://loinc.org",
              "code": "29463-7",
              "display": "Body Weight"
            }
          ],
          "text": "Body Weight"
        },
        "subject": {
          "reference": "urn:uuid:a03ec15b-64d2-4a2c-baeb-ca116607c661"
        },
        "context": {
          "reference": "urn:uuid:2a6018b7-e910-4fcc-9326-34522f71803a"
        },
        "effectiveDateTime": "2012-09-12T09:17:29-04:00",
        "issued": "2012-09-12T09:17:29-04:00",
        "valueQuantity": {
          "value": 34.37300229055999,
          "unit": "kg",
          "system": "http://unitsofmeasure.org/",
          "code": "kg"
        },
        "resourceType": "Observation"
      }
    },
    {
      "fullUrl": "urn:uuid:94acd0b7-4243-4166-957b-8944fdb483fa",
      "resource": {
        "id": "94acd0b7-4243-4166-957b-8944fdb483fa",
        "meta": {
          "profile": [
            "http://standardhealthrecord.org/fhir/StructureDefinition/shr-observation-Observation",
            "http://standardhealthrecord.org/fhir/StructureDefinition/shr-vital-VitalSign",
            "http://standardhealthrecord.org/fhir/StructureDefinition/shr-vital-BodyMassIndex"
          ]
        },
        "status": "final",
        "category": [
          {
            "coding": [
              {
                "system": "http://hl7.org/fhir/observation-category",
                "code": "vital-signs"
              }
            ]
          }
        ],
        "code": {
          "coding": [
            {
              "system": "http://loinc.org",
              "code": "39156-5",
              "display": "Body Mass Index"
            }
          ],
          "text": "Body Mass Index"
        },
        "subject": {
          "reference": "urn:uuid:a03ec15b-64d2-4a2c-baeb-ca116607c661"
        },
        "context": {
          "reference": "urn:uuid:2a6018b7-e910-4fcc-9326-34522f71803a"
        },
        "effectiveDateTime": "2012-09-12T09:17:29-04:00",
        "issued": "2012-09-12T09:17:29-04:00",
        "valueQuantity": {
          "value": 16.488044007440273,
          "unit": "kg/m2",
          "system": "http://unitsofmeasure.org/",
          "code": "kg/m2"
        },
        "resourceType": "Observation"
      }
    },
    {
      "fullUrl": "urn:uuid:b6fa0557-ee91-45f0-aa36-38821e1f9e60",
      "resource": {
        "id": "b6fa0557-ee91-45f0-aa36-38821e1f9e60",
        "meta": {
          "profile": [
            "http://standardhealthrecord.org/fhir/StructureDefinition/shr-observation-Observation",
            "http://standardhealthrecord.org/fhir/StructureDefinition/shr-vital-BloodPressure"
          ]
        },
        "status": "final",
        "category": [
          {
            "coding": [
              {
                "system": "http://hl7.org/fhir/observation-category",
                "code": "vital-signs"
              }
            ]
          }
        ],
        "code": {
          "coding": [
            {
              "system": "http://loinc.org",
              "code": "55284-4",
              "display": "Blood Pressure"
            }
          ]
        },
        "subject": {
          "reference": "urn:uuid:a03ec15b-64d2-4a2c-baeb-ca116607c661"
        },
        "context": {
          "reference": "urn:uuid:2a6018b7-e910-4fcc-9326-34522f71803a"
        },
        "effectiveDateTime": "2012-09-12T09:17:29-04:00",
        "issued": "2012-09-12T09:17:29-04:00",
        "component": [
          {
            "code": {
              "coding": [
                {
                  "system": "http://loinc.org",
                  "code": "8480-6",
                  "display": "Systolic Blood Pressure"
                }
              ],
              "text": "Systolic Blood Pressure"
            },
            "valueQuantity": {
              "value": 129,
              "unit": "mmHg",
              "system": "http://unitsofmeasure.org/",
              "code": "mmHg"
            }
          },
          {
            "code": {
              "coding": [
                {
                  "system": "http://loinc.org",
                  "code": "8462-4",
                  "display": "Diastolic Blood Pressure"
                }
              ],
              "text": "Diastolic Blood Pressure"
            },
            "valueQuantity": {
              "value": 72,
              "unit": "mmHg",
              "system": "http://unitsofmeasure.org/",
              "code": "mmHg"
            }
          }
        ],
        "resourceType": "Observation"
      }
    },
    {
      "resource": {
        "meta": {
          "profile": [
            "http://standardhealthrecord.org/fhir/StructureDefinition/shr-procedure-Procedure"
          ]
        },
        "extension": [
          {
            "url": "http://standardhealthrecord.org/fhir/StructureDefinition/shr-core-CodeableConcept-extension",
            "valueCodeableConcept": {
              "coding": [
                {
                  "system": "http://snomed.info/sct",
                  "code": "428191000124101",
                  "display": "Documentation of current medications"
                }
              ],
              "text": "Documentation of current medications"
            }
          }
        ],
        "status": "completed",
        "code": {
          "coding": [
            {
              "system": "http://snomed.info/sct",
              "code": "428191000124101",
              "display": "Documentation of current medications"
            }
          ],
          "text": "Documentation of current medications"
        },
        "subject": {
          "reference": "urn:uuid:a03ec15b-64d2-4a2c-baeb-ca116607c661"
        },
        "context": {
          "reference": "urn:uuid:2a6018b7-e910-4fcc-9326-34522f71803a"
        },
        "performedDateTime": "2012-09-12T09:17:29-04:00",
        "resourceType": "Procedure"
      }
    },
    {
      "resource": {
        "meta": {
          "profile": [
            "http://standardhealthrecord.org/fhir/StructureDefinition/shr-immunization-Immunization"
          ]
        },
        "status": "completed",
        "notGiven": false,
        "vaccineCode": {
          "coding": [
            {
              "system": "http://hl7.org/fhir/sid/cvx",
              "code": "140",
              "display": "Influenza, seasonal, injectable, preservative free"
            }
          ],
          "text": "Influenza, seasonal, injectable, preservative free"
        },
        "patient": {
          "reference": "urn:uuid:a03ec15b-64d2-4a2c-baeb-ca116607c661"
        },
        "encounter": {
          "reference": "urn:uuid:2a6018b7-e910-4fcc-9326-34522f71803a"
        },
        "date": "2012-09-12T09:17:29-04:00",
        "primarySource": true,
        "resourceType": "Immunization"
      }
    },
    {
      "fullUrl": "urn:uuid:384a054a-0016-490c-866f-3160e1a722e1",
      "resource": {
        "id": "384a054a-0016-490c-866f-3160e1a722e1",
        "meta": {
          "profile": [
            "http://standardhealthrecord.org/fhir/StructureDefinition/shr-encounter-Encounter"
          ]
        },
        "status": "finished",
        "class": {
          "code": "outpatient"
        },
        "type": [
          {
            "coding": [
              {
                "system": "http://snomed.info/sct",
                "code": "170258001"
              }
            ],
            "text": "Outpatient Encounter"
          }
        ],
        "subject": {
          "reference": "urn:uuid:a03ec15b-64d2-4a2c-baeb-ca116607c661"
        },
        "period": {
          "start": "2013-08-11T10:46:04-04:00",
          "end": "2013-08-11T11:46:04-04:00"
        },
        "serviceProvider": {
          "reference": "urn:uuid:0033dbf0-6a58-4414-b79f-0231d6dbac6a"
        },
        "resourceType": "Encounter"
      }
    },
    {
      "fullUrl": "urn:uuid:54fa1862-9fdb-43b0-8371-2b19e9ec5499",
      "resource": {
        "id": "54fa1862-9fdb-43b0-8371-2b19e9ec5499",
        "meta": {
          "profile": [
            "http://standardhealthrecord.org/fhir/StructureDefinition/shr-observation-Observation",
            "http://standardhealthrecord.org/fhir/StructureDefinition/shr-vital-VitalSign",
            "http://standardhealthrecord.org/fhir/StructureDefinition/shr-vital-BodyHeight"
          ]
        },
        "status": "final",
        "category": [
          {
            "coding": [
              {
                "system": "http://hl7.org/fhir/observation-category",
                "code": "vital-signs"
              }
            ]
          }
        ],
        "code": {
          "coding": [
            {
              "system": "http://loinc.org",
              "code": "8302-2",
              "display": "Body Height"
            }
          ],
          "text": "Body Height"
        },
        "subject": {
          "reference": "urn:uuid:a03ec15b-64d2-4a2c-baeb-ca116607c661"
        },
        "context": {
          "reference": "urn:uuid:384a054a-0016-490c-866f-3160e1a722e1"
        },
        "effectiveDateTime": "2013-08-11T10:46:04-04:00",
        "issued": "2013-08-11T10:46:04-04:00",
        "valueQuantity": {
          "value": 149.27629595468355,
          "unit": "cm",
          "system": "http://unitsofmeasure.org/",
          "code": "cm"
        },
        "resourceType": "Observation"
      }
    },
    {
      "fullUrl": "urn:uuid:52d9a6c4-9e4e-41df-a157-8cdaf4ab76f4",
      "resource": {
        "id": "52d9a6c4-9e4e-41df-a157-8cdaf4ab76f4",
        "meta": {
          "profile": [
            "http://standardhealthrecord.org/fhir/StructureDefinition/shr-observation-Observation",
            "http://standardhealthrecord.org/fhir/StructureDefinition/shr-vital-VitalSign",
            "http://standardhealthrecord.org/fhir/StructureDefinition/shr-vital-BodyWeight"
          ]
        },
        "status": "final",
        "category": [
          {
            "coding": [
              {
                "system": "http://hl7.org/fhir/observation-category",
                "code": "vital-signs"
              }
            ]
          }
        ],
        "code": {
          "coding": [
            {
              "system": "http://loinc.org",
              "code": "29463-7",
              "display": "Body Weight"
            }
          ],
          "text": "Body Weight"
        },
        "subject": {
          "reference": "urn:uuid:a03ec15b-64d2-4a2c-baeb-ca116607c661"
        },
        "context": {
          "reference": "urn:uuid:384a054a-0016-490c-866f-3160e1a722e1"
        },
        "effectiveDateTime": "2013-08-11T10:46:04-04:00",
        "issued": "2013-08-11T10:46:04-04:00",
        "valueQuantity": {
          "value": 38.33114724244589,
          "unit": "kg",
          "system": "http://unitsofmeasure.org/",
          "code": "kg"
        },
        "resourceType": "Observation"
      }
    },
    {
      "fullUrl": "urn:uuid:16389a58-1334-447a-8ca9-8f3edf3f6382",
      "resource": {
        "id": "16389a58-1334-447a-8ca9-8f3edf3f6382",
        "meta": {
          "profile": [
            "http://standardhealthrecord.org/fhir/StructureDefinition/shr-observation-Observation",
            "http://standardhealthrecord.org/fhir/StructureDefinition/shr-vital-VitalSign",
            "http://standardhealthrecord.org/fhir/StructureDefinition/shr-vital-BodyMassIndex"
          ]
        },
        "status": "final",
        "category": [
          {
            "coding": [
              {
                "system": "http://hl7.org/fhir/observation-category",
                "code": "vital-signs"
              }
            ]
          }
        ],
        "code": {
          "coding": [
            {
              "system": "http://loinc.org",
              "code": "39156-5",
              "display": "Body Mass Index"
            }
          ],
          "text": "Body Mass Index"
        },
        "subject": {
          "reference": "urn:uuid:a03ec15b-64d2-4a2c-baeb-ca116607c661"
        },
        "context": {
          "reference": "urn:uuid:384a054a-0016-490c-866f-3160e1a722e1"
        },
        "effectiveDateTime": "2013-08-11T10:46:04-04:00",
        "issued": "2013-08-11T10:46:04-04:00",
        "valueQuantity": {
          "value": 17.201650413304435,
          "unit": "kg/m2",
          "system": "http://unitsofmeasure.org/",
          "code": "kg/m2"
        },
        "resourceType": "Observation"
      }
    },
    {
      "fullUrl": "urn:uuid:a95cb732-b52a-405d-8825-286bfd6f0fe9",
      "resource": {
        "id": "a95cb732-b52a-405d-8825-286bfd6f0fe9",
        "meta": {
          "profile": [
            "http://standardhealthrecord.org/fhir/StructureDefinition/shr-observation-Observation",
            "http://standardhealthrecord.org/fhir/StructureDefinition/shr-vital-BloodPressure"
          ]
        },
        "status": "final",
        "category": [
          {
            "coding": [
              {
                "system": "http://hl7.org/fhir/observation-category",
                "code": "vital-signs"
              }
            ]
          }
        ],
        "code": {
          "coding": [
            {
              "system": "http://loinc.org",
              "code": "55284-4",
              "display": "Blood Pressure"
            }
          ]
        },
        "subject": {
          "reference": "urn:uuid:a03ec15b-64d2-4a2c-baeb-ca116607c661"
        },
        "context": {
          "reference": "urn:uuid:384a054a-0016-490c-866f-3160e1a722e1"
        },
        "effectiveDateTime": "2013-08-11T10:46:04-04:00",
        "issued": "2013-08-11T10:46:04-04:00",
        "component": [
          {
            "code": {
              "coding": [
                {
                  "system": "http://loinc.org",
                  "code": "8480-6",
                  "display": "Systolic Blood Pressure"
                }
              ],
              "text": "Systolic Blood Pressure"
            },
            "valueQuantity": {
              "value": 101,
              "unit": "mmHg",
              "system": "http://unitsofmeasure.org/",
              "code": "mmHg"
            }
          },
          {
            "code": {
              "coding": [
                {
                  "system": "http://loinc.org",
                  "code": "8462-4",
                  "display": "Diastolic Blood Pressure"
                }
              ],
              "text": "Diastolic Blood Pressure"
            },
            "valueQuantity": {
              "value": 82,
              "unit": "mmHg",
              "system": "http://unitsofmeasure.org/",
              "code": "mmHg"
            }
          }
        ],
        "resourceType": "Observation"
      }
    },
    {
      "resource": {
        "meta": {
          "profile": [
            "http://standardhealthrecord.org/fhir/StructureDefinition/shr-immunization-Immunization"
          ]
        },
        "status": "completed",
        "notGiven": false,
        "vaccineCode": {
          "coding": [
            {
              "system": "http://hl7.org/fhir/sid/cvx",
              "code": "140",
              "display": "Influenza, seasonal, injectable, preservative free"
            }
          ],
          "text": "Influenza, seasonal, injectable, preservative free"
        },
        "patient": {
          "reference": "urn:uuid:a03ec15b-64d2-4a2c-baeb-ca116607c661"
        },
        "encounter": {
          "reference": "urn:uuid:384a054a-0016-490c-866f-3160e1a722e1"
        },
        "date": "2013-08-11T10:46:04-04:00",
        "primarySource": true,
        "resourceType": "Immunization"
      }
    },
    {
      "resource": {
        "meta": {
          "profile": [
            "http://standardhealthrecord.org/fhir/StructureDefinition/shr-immunization-Immunization"
          ]
        },
        "status": "completed",
        "notGiven": false,
        "vaccineCode": {
          "coding": [
            {
              "system": "http://hl7.org/fhir/sid/cvx",
              "code": "114",
              "display": "meningococcal MCV4P"
            }
          ],
          "text": "meningococcal MCV4P"
        },
        "patient": {
          "reference": "urn:uuid:a03ec15b-64d2-4a2c-baeb-ca116607c661"
        },
        "encounter": {
          "reference": "urn:uuid:384a054a-0016-490c-866f-3160e1a722e1"
        },
        "date": "2013-08-11T10:46:04-04:00",
        "primarySource": true,
        "resourceType": "Immunization"
      }
    },
    {
      "resource": {
        "meta": {
          "profile": [
            "http://standardhealthrecord.org/fhir/StructureDefinition/shr-immunization-Immunization"
          ]
        },
        "status": "completed",
        "notGiven": false,
        "vaccineCode": {
          "coding": [
            {
              "system": "http://hl7.org/fhir/sid/cvx",
              "code": "115",
              "display": "Tdap"
            }
          ],
          "text": "Tdap"
        },
        "patient": {
          "reference": "urn:uuid:a03ec15b-64d2-4a2c-baeb-ca116607c661"
        },
        "encounter": {
          "reference": "urn:uuid:384a054a-0016-490c-866f-3160e1a722e1"
        },
        "date": "2013-08-11T10:46:04-04:00",
        "primarySource": true,
        "resourceType": "Immunization"
      }
    },
    {
      "resource": {
        "meta": {
          "profile": [
            "http://standardhealthrecord.org/fhir/StructureDefinition/shr-immunization-Immunization"
          ]
        },
        "status": "completed",
        "notGiven": false,
        "vaccineCode": {
          "coding": [
            {
              "system": "http://hl7.org/fhir/sid/cvx",
              "code": "62",
              "display": "HPV, quadrivalent"
            }
          ],
          "text": "HPV, quadrivalent"
        },
        "patient": {
          "reference": "urn:uuid:a03ec15b-64d2-4a2c-baeb-ca116607c661"
        },
        "encounter": {
          "reference": "urn:uuid:384a054a-0016-490c-866f-3160e1a722e1"
        },
        "date": "2013-08-11T10:46:04-04:00",
        "primarySource": true,
        "resourceType": "Immunization"
      }
    },
    {
      "fullUrl": "urn:uuid:1c628492-1d87-4696-8859-9d517070d3a8",
      "resource": {
        "id": "1c628492-1d87-4696-8859-9d517070d3a8",
        "meta": {
          "profile": [
            "http://standardhealthrecord.org/fhir/StructureDefinition/shr-encounter-Encounter"
          ]
        },
        "status": "finished",
        "class": {
          "code": "outpatient"
        },
        "type": [
          {
            "coding": [
              {
                "system": "http://snomed.info/sct",
                "code": "170258001"
              }
            ],
            "text": "Outpatient Encounter"
          }
        ],
        "subject": {
          "reference": "urn:uuid:a03ec15b-64d2-4a2c-baeb-ca116607c661"
        },
        "period": {
          "start": "2014-07-03T04:08:29-04:00",
          "end": "2014-07-03T05:08:29-04:00"
        },
        "serviceProvider": {
          "reference": "urn:uuid:0033dbf0-6a58-4414-b79f-0231d6dbac6a"
        },
        "resourceType": "Encounter"
      }
    },
    {
      "fullUrl": "urn:uuid:272bcf91-78a8-4370-b005-c8735a365aaa",
      "resource": {
        "id": "272bcf91-78a8-4370-b005-c8735a365aaa",
        "meta": {
          "profile": [
            "http://standardhealthrecord.org/fhir/StructureDefinition/shr-observation-Observation",
            "http://standardhealthrecord.org/fhir/StructureDefinition/shr-vital-VitalSign",
            "http://standardhealthrecord.org/fhir/StructureDefinition/shr-vital-BodyHeight"
          ]
        },
        "status": "final",
        "category": [
          {
            "coding": [
              {
                "system": "http://hl7.org/fhir/observation-category",
                "code": "vital-signs"
              }
            ]
          }
        ],
        "code": {
          "coding": [
            {
              "system": "http://loinc.org",
              "code": "8302-2",
              "display": "Body Height"
            }
          ],
          "text": "Body Height"
        },
        "subject": {
          "reference": "urn:uuid:a03ec15b-64d2-4a2c-baeb-ca116607c661"
        },
        "context": {
          "reference": "urn:uuid:1c628492-1d87-4696-8859-9d517070d3a8"
        },
        "effectiveDateTime": "2014-07-03T04:08:29-04:00",
        "issued": "2014-07-03T04:08:29-04:00",
        "valueQuantity": {
          "value": 155.2376380126128,
          "unit": "cm",
          "system": "http://unitsofmeasure.org/",
          "code": "cm"
        },
        "resourceType": "Observation"
      }
    },
    {
      "fullUrl": "urn:uuid:9d224bd6-8128-4aa0-93d6-f1afc105663d",
      "resource": {
        "id": "9d224bd6-8128-4aa0-93d6-f1afc105663d",
        "meta": {
          "profile": [
            "http://standardhealthrecord.org/fhir/StructureDefinition/shr-observation-Observation",
            "http://standardhealthrecord.org/fhir/StructureDefinition/shr-vital-VitalSign",
            "http://standardhealthrecord.org/fhir/StructureDefinition/shr-vital-BodyWeight"
          ]
        },
        "status": "final",
        "category": [
          {
            "coding": [
              {
                "system": "http://hl7.org/fhir/observation-category",
                "code": "vital-signs"
              }
            ]
          }
        ],
        "code": {
          "coding": [
            {
              "system": "http://loinc.org",
              "code": "29463-7",
              "display": "Body Weight"
            }
          ],
          "text": "Body Weight"
        },
        "subject": {
          "reference": "urn:uuid:a03ec15b-64d2-4a2c-baeb-ca116607c661"
        },
        "context": {
          "reference": "urn:uuid:1c628492-1d87-4696-8859-9d517070d3a8"
        },
        "effectiveDateTime": "2014-07-03T04:08:29-04:00",
        "issued": "2014-07-03T04:08:29-04:00",
        "valueQuantity": {
          "value": 42.78872939979809,
          "unit": "kg",
          "system": "http://unitsofmeasure.org/",
          "code": "kg"
        },
        "resourceType": "Observation"
      }
    },
    {
      "fullUrl": "urn:uuid:f6096d31-8646-4ba9-a571-4aa22c7be194",
      "resource": {
        "id": "f6096d31-8646-4ba9-a571-4aa22c7be194",
        "meta": {
          "profile": [
            "http://standardhealthrecord.org/fhir/StructureDefinition/shr-observation-Observation",
            "http://standardhealthrecord.org/fhir/StructureDefinition/shr-vital-VitalSign",
            "http://standardhealthrecord.org/fhir/StructureDefinition/shr-vital-BodyMassIndex"
          ]
        },
        "status": "final",
        "category": [
          {
            "coding": [
              {
                "system": "http://hl7.org/fhir/observation-category",
                "code": "vital-signs"
              }
            ]
          }
        ],
        "code": {
          "coding": [
            {
              "system": "http://loinc.org",
              "code": "39156-5",
              "display": "Body Mass Index"
            }
          ],
          "text": "Body Mass Index"
        },
        "subject": {
          "reference": "urn:uuid:a03ec15b-64d2-4a2c-baeb-ca116607c661"
        },
        "context": {
          "reference": "urn:uuid:1c628492-1d87-4696-8859-9d517070d3a8"
        },
        "effectiveDateTime": "2014-07-03T04:08:29-04:00",
        "issued": "2014-07-03T04:08:29-04:00",
        "valueQuantity": {
          "value": 17.75559940257636,
          "unit": "kg/m2",
          "system": "http://unitsofmeasure.org/",
          "code": "kg/m2"
        },
        "resourceType": "Observation"
      }
    },
    {
      "fullUrl": "urn:uuid:9b5c2fe1-b3ba-47d3-a976-df03e8134c1d",
      "resource": {
        "id": "9b5c2fe1-b3ba-47d3-a976-df03e8134c1d",
        "meta": {
          "profile": [
            "http://standardhealthrecord.org/fhir/StructureDefinition/shr-observation-Observation",
            "http://standardhealthrecord.org/fhir/StructureDefinition/shr-vital-BloodPressure"
          ]
        },
        "status": "final",
        "category": [
          {
            "coding": [
              {
                "system": "http://hl7.org/fhir/observation-category",
                "code": "vital-signs"
              }
            ]
          }
        ],
        "code": {
          "coding": [
            {
              "system": "http://loinc.org",
              "code": "55284-4",
              "display": "Blood Pressure"
            }
          ]
        },
        "subject": {
          "reference": "urn:uuid:a03ec15b-64d2-4a2c-baeb-ca116607c661"
        },
        "context": {
          "reference": "urn:uuid:1c628492-1d87-4696-8859-9d517070d3a8"
        },
        "effectiveDateTime": "2014-07-03T04:08:29-04:00",
        "issued": "2014-07-03T04:08:29-04:00",
        "component": [
          {
            "code": {
              "coding": [
                {
                  "system": "http://loinc.org",
                  "code": "8480-6",
                  "display": "Systolic Blood Pressure"
                }
              ],
              "text": "Systolic Blood Pressure"
            },
            "valueQuantity": {
              "value": 112,
              "unit": "mmHg",
              "system": "http://unitsofmeasure.org/",
              "code": "mmHg"
            }
          },
          {
            "code": {
              "coding": [
                {
                  "system": "http://loinc.org",
                  "code": "8462-4",
                  "display": "Diastolic Blood Pressure"
                }
              ],
              "text": "Diastolic Blood Pressure"
            },
            "valueQuantity": {
              "value": 72,
              "unit": "mmHg",
              "system": "http://unitsofmeasure.org/",
              "code": "mmHg"
            }
          }
        ],
        "resourceType": "Observation"
      }
    },
    {
      "resource": {
        "meta": {
          "profile": [
            "http://standardhealthrecord.org/fhir/StructureDefinition/shr-procedure-Procedure"
          ]
        },
        "extension": [
          {
            "url": "http://standardhealthrecord.org/fhir/StructureDefinition/shr-core-CodeableConcept-extension",
            "valueCodeableConcept": {
              "coding": [
                {
                  "system": "http://snomed.info/sct",
                  "code": "428191000124101",
                  "display": "Documentation of current medications"
                }
              ],
              "text": "Documentation of current medications"
            }
          }
        ],
        "status": "completed",
        "code": {
          "coding": [
            {
              "system": "http://snomed.info/sct",
              "code": "428191000124101",
              "display": "Documentation of current medications"
            }
          ],
          "text": "Documentation of current medications"
        },
        "subject": {
          "reference": "urn:uuid:a03ec15b-64d2-4a2c-baeb-ca116607c661"
        },
        "context": {
          "reference": "urn:uuid:1c628492-1d87-4696-8859-9d517070d3a8"
        },
        "performedDateTime": "2014-07-03T04:08:29-04:00",
        "resourceType": "Procedure"
      }
    },
    {
      "resource": {
        "meta": {
          "profile": [
            "http://standardhealthrecord.org/fhir/StructureDefinition/shr-immunization-Immunization"
          ]
        },
        "status": "completed",
        "notGiven": false,
        "vaccineCode": {
          "coding": [
            {
              "system": "http://hl7.org/fhir/sid/cvx",
              "code": "140",
              "display": "Influenza, seasonal, injectable, preservative free"
            }
          ],
          "text": "Influenza, seasonal, injectable, preservative free"
        },
        "patient": {
          "reference": "urn:uuid:a03ec15b-64d2-4a2c-baeb-ca116607c661"
        },
        "encounter": {
          "reference": "urn:uuid:1c628492-1d87-4696-8859-9d517070d3a8"
        },
        "date": "2014-07-03T04:08:29-04:00",
        "primarySource": true,
        "resourceType": "Immunization"
      }
    },
    {
      "resource": {
        "meta": {
          "profile": [
            "http://standardhealthrecord.org/fhir/StructureDefinition/shr-immunization-Immunization"
          ]
        },
        "status": "completed",
        "notGiven": false,
        "vaccineCode": {
          "coding": [
            {
              "system": "http://hl7.org/fhir/sid/cvx",
              "code": "62",
              "display": "HPV, quadrivalent"
            }
          ],
          "text": "HPV, quadrivalent"
        },
        "patient": {
          "reference": "urn:uuid:a03ec15b-64d2-4a2c-baeb-ca116607c661"
        },
        "encounter": {
          "reference": "urn:uuid:1c628492-1d87-4696-8859-9d517070d3a8"
        },
        "date": "2014-07-03T04:08:29-04:00",
        "primarySource": true,
        "resourceType": "Immunization"
      }
    },
    {
      "fullUrl": "urn:uuid:4fe48d91-7684-4b90-b36c-e51f872cd776",
      "resource": {
        "id": "4fe48d91-7684-4b90-b36c-e51f872cd776",
        "meta": {
          "profile": [
            "http://standardhealthrecord.org/fhir/StructureDefinition/shr-encounter-Encounter"
          ]
        },
        "status": "finished",
        "class": {
          "code": "ambulatory"
        },
        "type": [
          {
            "coding": [
              {
                "system": "http://snomed.info/sct",
                "code": "185345009"
              }
            ],
            "text": "Encounter for symptom"
          }
        ],
        "subject": {
          "reference": "urn:uuid:a03ec15b-64d2-4a2c-baeb-ca116607c661"
        },
        "period": {
          "start": "2014-10-22T10:32:30-04:00",
          "end": "2014-10-22T10:32:30-04:00"
        },
        "reason": {
          "coding": [
            {
              "system": "http://snomed.info/sct",
              "code": "444814009",
              "display": "Viral sinusitis (disorder)"
            }
          ]
        },
        "serviceProvider": {
          "reference": "urn:uuid:0033dbf0-6a58-4414-b79f-0231d6dbac6a"
        },
        "resourceType": "Encounter"
      }
    },
    {
      "fullUrl": "urn:uuid:dc2f7757-1121-41a8-bf3a-b15f18d84600",
      "resource": {
        "id": "dc2f7757-1121-41a8-bf3a-b15f18d84600",
        "meta": {
          "profile": [
            "http://standardhealthrecord.org/fhir/StructureDefinition/shr-problem-Problem"
          ]
        },
        "clinicalStatus": "active",
        "verificationStatus": "confirmed",
        "code": {
          "coding": [
            {
              "system": "http://snomed.info/sct",
              "code": "444814009",
              "display": "Viral sinusitis (disorder)"
            }
          ],
          "text": "Viral sinusitis (disorder)"
        },
        "subject": {
          "reference": "urn:uuid:a03ec15b-64d2-4a2c-baeb-ca116607c661"
        },
        "context": {
          "reference": "urn:uuid:4fe48d91-7684-4b90-b36c-e51f872cd776"
        },
        "onsetDateTime": "2014-10-13T04:55:25-04:00",
        "abatementDateTime": "2014-11-05T01:21:06-05:00",
        "assertedDate": "2014-10-13",
        "resourceType": "Condition"
      }
    },
    {
      "fullUrl": "urn:uuid:7a556c9d-c425-4fe3-afe0-523aa8167d0a",
      "resource": {
        "id": "7a556c9d-c425-4fe3-afe0-523aa8167d0a",
        "meta": {
          "profile": [
            "http://standardhealthrecord.org/fhir/StructureDefinition/shr-encounter-Encounter"
          ]
        },
        "status": "finished",
        "class": {
          "code": "outpatient"
        },
        "type": [
          {
            "coding": [
              {
                "system": "http://snomed.info/sct",
                "code": "170258001"
              }
            ],
            "text": "Outpatient Encounter"
          }
        ],
        "subject": {
          "reference": "urn:uuid:a03ec15b-64d2-4a2c-baeb-ca116607c661"
        },
        "period": {
          "start": "2015-05-23T17:03:55-04:00",
          "end": "2015-05-23T18:03:55-04:00"
        },
        "serviceProvider": {
          "reference": "urn:uuid:0033dbf0-6a58-4414-b79f-0231d6dbac6a"
        },
        "resourceType": "Encounter"
      }
    },
    {
      "fullUrl": "urn:uuid:145ceaa0-ab3a-4102-8769-0436692bed2e",
      "resource": {
        "id": "145ceaa0-ab3a-4102-8769-0436692bed2e",
        "meta": {
          "profile": [
            "http://standardhealthrecord.org/fhir/StructureDefinition/shr-observation-Observation",
            "http://standardhealthrecord.org/fhir/StructureDefinition/shr-vital-VitalSign",
            "http://standardhealthrecord.org/fhir/StructureDefinition/shr-vital-BodyHeight"
          ]
        },
        "status": "final",
        "category": [
          {
            "coding": [
              {
                "system": "http://hl7.org/fhir/observation-category",
                "code": "vital-signs"
              }
            ]
          }
        ],
        "code": {
          "coding": [
            {
              "system": "http://loinc.org",
              "code": "8302-2",
              "display": "Body Height"
            }
          ],
          "text": "Body Height"
        },
        "subject": {
          "reference": "urn:uuid:a03ec15b-64d2-4a2c-baeb-ca116607c661"
        },
        "context": {
          "reference": "urn:uuid:7a556c9d-c425-4fe3-afe0-523aa8167d0a"
        },
        "effectiveDateTime": "2015-05-23T17:03:55-04:00",
        "issued": "2015-05-23T17:03:55-04:00",
        "valueQuantity": {
          "value": 161.69686201443992,
          "unit": "cm",
          "system": "http://unitsofmeasure.org/",
          "code": "cm"
        },
        "resourceType": "Observation"
      }
    },
    {
      "fullUrl": "urn:uuid:c50df848-37c1-487e-905e-2ae143587026",
      "resource": {
        "id": "c50df848-37c1-487e-905e-2ae143587026",
        "meta": {
          "profile": [
            "http://standardhealthrecord.org/fhir/StructureDefinition/shr-observation-Observation",
            "http://standardhealthrecord.org/fhir/StructureDefinition/shr-vital-VitalSign",
            "http://standardhealthrecord.org/fhir/StructureDefinition/shr-vital-BodyWeight"
          ]
        },
        "status": "final",
        "category": [
          {
            "coding": [
              {
                "system": "http://hl7.org/fhir/observation-category",
                "code": "vital-signs"
              }
            ]
          }
        ],
        "code": {
          "coding": [
            {
              "system": "http://loinc.org",
              "code": "29463-7",
              "display": "Body Weight"
            }
          ],
          "text": "Body Weight"
        },
        "subject": {
          "reference": "urn:uuid:a03ec15b-64d2-4a2c-baeb-ca116607c661"
        },
        "context": {
          "reference": "urn:uuid:7a556c9d-c425-4fe3-afe0-523aa8167d0a"
        },
        "effectiveDateTime": "2015-05-23T17:03:55-04:00",
        "issued": "2015-05-23T17:03:55-04:00",
        "valueQuantity": {
          "value": 47.17092884889104,
          "unit": "kg",
          "system": "http://unitsofmeasure.org/",
          "code": "kg"
        },
        "resourceType": "Observation"
      }
    },
    {
      "fullUrl": "urn:uuid:3e573e85-bd62-4064-969f-d0255f00252f",
      "resource": {
        "id": "3e573e85-bd62-4064-969f-d0255f00252f",
        "meta": {
          "profile": [
            "http://standardhealthrecord.org/fhir/StructureDefinition/shr-observation-Observation",
            "http://standardhealthrecord.org/fhir/StructureDefinition/shr-vital-VitalSign",
            "http://standardhealthrecord.org/fhir/StructureDefinition/shr-vital-BodyMassIndex"
          ]
        },
        "status": "final",
        "category": [
          {
            "coding": [
              {
                "system": "http://hl7.org/fhir/observation-category",
                "code": "vital-signs"
              }
            ]
          }
        ],
        "code": {
          "coding": [
            {
              "system": "http://loinc.org",
              "code": "39156-5",
              "display": "Body Mass Index"
            }
          ],
          "text": "Body Mass Index"
        },
        "subject": {
          "reference": "urn:uuid:a03ec15b-64d2-4a2c-baeb-ca116607c661"
        },
        "context": {
          "reference": "urn:uuid:7a556c9d-c425-4fe3-afe0-523aa8167d0a"
        },
        "effectiveDateTime": "2015-05-23T17:03:55-04:00",
        "issued": "2015-05-23T17:03:55-04:00",
        "valueQuantity": {
          "value": 18.041441915618723,
          "unit": "kg/m2",
          "system": "http://unitsofmeasure.org/",
          "code": "kg/m2"
        },
        "resourceType": "Observation"
      }
    },
    {
      "fullUrl": "urn:uuid:b21085f2-c3d7-4fc3-b822-4e4f5a99243c",
      "resource": {
        "id": "b21085f2-c3d7-4fc3-b822-4e4f5a99243c",
        "meta": {
          "profile": [
            "http://standardhealthrecord.org/fhir/StructureDefinition/shr-observation-Observation",
            "http://standardhealthrecord.org/fhir/StructureDefinition/shr-vital-BloodPressure"
          ]
        },
        "status": "final",
        "category": [
          {
            "coding": [
              {
                "system": "http://hl7.org/fhir/observation-category",
                "code": "vital-signs"
              }
            ]
          }
        ],
        "code": {
          "coding": [
            {
              "system": "http://loinc.org",
              "code": "55284-4",
              "display": "Blood Pressure"
            }
          ]
        },
        "subject": {
          "reference": "urn:uuid:a03ec15b-64d2-4a2c-baeb-ca116607c661"
        },
        "context": {
          "reference": "urn:uuid:7a556c9d-c425-4fe3-afe0-523aa8167d0a"
        },
        "effectiveDateTime": "2015-05-23T17:03:55-04:00",
        "issued": "2015-05-23T17:03:55-04:00",
        "component": [
          {
            "code": {
              "coding": [
                {
                  "system": "http://loinc.org",
                  "code": "8480-6",
                  "display": "Systolic Blood Pressure"
                }
              ],
              "text": "Systolic Blood Pressure"
            },
            "valueQuantity": {
              "value": 109,
              "unit": "mmHg",
              "system": "http://unitsofmeasure.org/",
              "code": "mmHg"
            }
          },
          {
            "code": {
              "coding": [
                {
                  "system": "http://loinc.org",
                  "code": "8462-4",
                  "display": "Diastolic Blood Pressure"
                }
              ],
              "text": "Diastolic Blood Pressure"
            },
            "valueQuantity": {
              "value": 71,
              "unit": "mmHg",
              "system": "http://unitsofmeasure.org/",
              "code": "mmHg"
            }
          }
        ],
        "resourceType": "Observation"
      }
    },
    {
      "resource": {
        "meta": {
          "profile": [
            "http://standardhealthrecord.org/fhir/StructureDefinition/shr-procedure-Procedure"
          ]
        },
        "extension": [
          {
            "url": "http://standardhealthrecord.org/fhir/StructureDefinition/shr-core-CodeableConcept-extension",
            "valueCodeableConcept": {
              "coding": [
                {
                  "system": "http://snomed.info/sct",
                  "code": "428191000124101",
                  "display": "Documentation of current medications"
                }
              ],
              "text": "Documentation of current medications"
            }
          }
        ],
        "status": "completed",
        "code": {
          "coding": [
            {
              "system": "http://snomed.info/sct",
              "code": "428191000124101",
              "display": "Documentation of current medications"
            }
          ],
          "text": "Documentation of current medications"
        },
        "subject": {
          "reference": "urn:uuid:a03ec15b-64d2-4a2c-baeb-ca116607c661"
        },
        "context": {
          "reference": "urn:uuid:7a556c9d-c425-4fe3-afe0-523aa8167d0a"
        },
        "performedDateTime": "2015-05-23T17:03:55-04:00",
        "resourceType": "Procedure"
      }
    },
    {
      "resource": {
        "meta": {
          "profile": [
            "http://standardhealthrecord.org/fhir/StructureDefinition/shr-immunization-Immunization"
          ]
        },
        "status": "completed",
        "notGiven": false,
        "vaccineCode": {
          "coding": [
            {
              "system": "http://hl7.org/fhir/sid/cvx",
              "code": "62",
              "display": "HPV, quadrivalent"
            }
          ],
          "text": "HPV, quadrivalent"
        },
        "patient": {
          "reference": "urn:uuid:a03ec15b-64d2-4a2c-baeb-ca116607c661"
        },
        "encounter": {
          "reference": "urn:uuid:7a556c9d-c425-4fe3-afe0-523aa8167d0a"
        },
        "date": "2015-05-23T17:03:55-04:00",
        "primarySource": true,
        "resourceType": "Immunization"
      }
    },
    {
      "fullUrl": "urn:uuid:7389e13c-ff08-4144-b7d8-a1f6da2a15bb",
      "resource": {
        "id": "7389e13c-ff08-4144-b7d8-a1f6da2a15bb",
        "meta": {
          "profile": [
            "http://standardhealthrecord.org/fhir/StructureDefinition/shr-encounter-Encounter"
          ]
        },
        "status": "finished",
        "class": {
          "code": "outpatient"
        },
        "type": [
          {
            "coding": [
              {
                "system": "http://snomed.info/sct",
                "code": "170258001"
              }
            ],
            "text": "Outpatient Encounter"
          }
        ],
        "subject": {
          "reference": "urn:uuid:a03ec15b-64d2-4a2c-baeb-ca116607c661"
        },
        "period": {
          "start": "2016-04-08T21:27:21-04:00",
          "end": "2016-04-08T22:27:21-04:00"
        },
        "serviceProvider": {
          "reference": "urn:uuid:0033dbf0-6a58-4414-b79f-0231d6dbac6a"
        },
        "resourceType": "Encounter"
      }
    },
    {
      "fullUrl": "urn:uuid:92c8ee30-4d05-4f2a-9445-bcc255c81605",
      "resource": {
        "id": "92c8ee30-4d05-4f2a-9445-bcc255c81605",
        "meta": {
          "profile": [
            "http://standardhealthrecord.org/fhir/StructureDefinition/shr-observation-Observation",
            "http://standardhealthrecord.org/fhir/StructureDefinition/shr-vital-VitalSign",
            "http://standardhealthrecord.org/fhir/StructureDefinition/shr-vital-BodyHeight"
          ]
        },
        "status": "final",
        "category": [
          {
            "coding": [
              {
                "system": "http://hl7.org/fhir/observation-category",
                "code": "vital-signs"
              }
            ]
          }
        ],
        "code": {
          "coding": [
            {
              "system": "http://loinc.org",
              "code": "8302-2",
              "display": "Body Height"
            }
          ],
          "text": "Body Height"
        },
        "subject": {
          "reference": "urn:uuid:a03ec15b-64d2-4a2c-baeb-ca116607c661"
        },
        "context": {
          "reference": "urn:uuid:7389e13c-ff08-4144-b7d8-a1f6da2a15bb"
        },
        "effectiveDateTime": "2016-04-08T21:27:21-04:00",
        "issued": "2016-04-08T21:27:21-04:00",
        "valueQuantity": {
          "value": 168.5347690100818,
          "unit": "cm",
          "system": "http://unitsofmeasure.org/",
          "code": "cm"
        },
        "resourceType": "Observation"
      }
    },
    {
      "fullUrl": "urn:uuid:fcbef049-dfc0-4feb-b252-ac7008b8fa91",
      "resource": {
        "id": "fcbef049-dfc0-4feb-b252-ac7008b8fa91",
        "meta": {
          "profile": [
            "http://standardhealthrecord.org/fhir/StructureDefinition/shr-observation-Observation",
            "http://standardhealthrecord.org/fhir/StructureDefinition/shr-vital-VitalSign",
            "http://standardhealthrecord.org/fhir/StructureDefinition/shr-vital-BodyWeight"
          ]
        },
        "status": "final",
        "category": [
          {
            "coding": [
              {
                "system": "http://hl7.org/fhir/observation-category",
                "code": "vital-signs"
              }
            ]
          }
        ],
        "code": {
          "coding": [
            {
              "system": "http://loinc.org",
              "code": "29463-7",
              "display": "Body Weight"
            }
          ],
          "text": "Body Weight"
        },
        "subject": {
          "reference": "urn:uuid:a03ec15b-64d2-4a2c-baeb-ca116607c661"
        },
        "context": {
          "reference": "urn:uuid:7389e13c-ff08-4144-b7d8-a1f6da2a15bb"
        },
        "effectiveDateTime": "2016-04-08T21:27:21-04:00",
        "issued": "2016-04-08T21:27:21-04:00",
        "valueQuantity": {
          "value": 52.11528665955222,
          "unit": "kg",
          "system": "http://unitsofmeasure.org/",
          "code": "kg"
        },
        "resourceType": "Observation"
      }
    },
    {
      "fullUrl": "urn:uuid:fb12eae9-9950-423b-a4dd-d0ba023770aa",
      "resource": {
        "id": "fb12eae9-9950-423b-a4dd-d0ba023770aa",
        "meta": {
          "profile": [
            "http://standardhealthrecord.org/fhir/StructureDefinition/shr-observation-Observation",
            "http://standardhealthrecord.org/fhir/StructureDefinition/shr-vital-VitalSign",
            "http://standardhealthrecord.org/fhir/StructureDefinition/shr-vital-BodyMassIndex"
          ]
        },
        "status": "final",
        "category": [
          {
            "coding": [
              {
                "system": "http://hl7.org/fhir/observation-category",
                "code": "vital-signs"
              }
            ]
          }
        ],
        "code": {
          "coding": [
            {
              "system": "http://loinc.org",
              "code": "39156-5",
              "display": "Body Mass Index"
            }
          ],
          "text": "Body Mass Index"
        },
        "subject": {
          "reference": "urn:uuid:a03ec15b-64d2-4a2c-baeb-ca116607c661"
        },
        "context": {
          "reference": "urn:uuid:7389e13c-ff08-4144-b7d8-a1f6da2a15bb"
        },
        "effectiveDateTime": "2016-04-08T21:27:21-04:00",
        "issued": "2016-04-08T21:27:21-04:00",
        "valueQuantity": {
          "value": 18.347889277067743,
          "unit": "kg/m2",
          "system": "http://unitsofmeasure.org/",
          "code": "kg/m2"
        },
        "resourceType": "Observation"
      }
    },
    {
      "fullUrl": "urn:uuid:9627ebea-2ca8-4274-af7d-498c84fc155e",
      "resource": {
        "id": "9627ebea-2ca8-4274-af7d-498c84fc155e",
        "meta": {
          "profile": [
            "http://standardhealthrecord.org/fhir/StructureDefinition/shr-observation-Observation",
            "http://standardhealthrecord.org/fhir/StructureDefinition/shr-vital-BloodPressure"
          ]
        },
        "status": "final",
        "category": [
          {
            "coding": [
              {
                "system": "http://hl7.org/fhir/observation-category",
                "code": "vital-signs"
              }
            ]
          }
        ],
        "code": {
          "coding": [
            {
              "system": "http://loinc.org",
              "code": "55284-4",
              "display": "Blood Pressure"
            }
          ]
        },
        "subject": {
          "reference": "urn:uuid:a03ec15b-64d2-4a2c-baeb-ca116607c661"
        },
        "context": {
          "reference": "urn:uuid:7389e13c-ff08-4144-b7d8-a1f6da2a15bb"
        },
        "effectiveDateTime": "2016-04-08T21:27:21-04:00",
        "issued": "2016-04-08T21:27:21-04:00",
        "component": [
          {
            "code": {
              "coding": [
                {
                  "system": "http://loinc.org",
                  "code": "8480-6",
                  "display": "Systolic Blood Pressure"
                }
              ],
              "text": "Systolic Blood Pressure"
            },
            "valueQuantity": {
              "value": 105,
              "unit": "mmHg",
              "system": "http://unitsofmeasure.org/",
              "code": "mmHg"
            }
          },
          {
            "code": {
              "coding": [
                {
                  "system": "http://loinc.org",
                  "code": "8462-4",
                  "display": "Diastolic Blood Pressure"
                }
              ],
              "text": "Diastolic Blood Pressure"
            },
            "valueQuantity": {
              "value": 86,
              "unit": "mmHg",
              "system": "http://unitsofmeasure.org/",
              "code": "mmHg"
            }
          }
        ],
        "resourceType": "Observation"
      }
    },
    {
      "resource": {
        "meta": {
          "profile": [
            "http://standardhealthrecord.org/fhir/StructureDefinition/shr-procedure-Procedure"
          ]
        },
        "extension": [
          {
            "url": "http://standardhealthrecord.org/fhir/StructureDefinition/shr-core-CodeableConcept-extension",
            "valueCodeableConcept": {
              "coding": [
                {
                  "system": "http://snomed.info/sct",
                  "code": "428191000124101",
                  "display": "Documentation of current medications"
                }
              ],
              "text": "Documentation of current medications"
            }
          }
        ],
        "status": "completed",
        "code": {
          "coding": [
            {
              "system": "http://snomed.info/sct",
              "code": "428191000124101",
              "display": "Documentation of current medications"
            }
          ],
          "text": "Documentation of current medications"
        },
        "subject": {
          "reference": "urn:uuid:a03ec15b-64d2-4a2c-baeb-ca116607c661"
        },
        "context": {
          "reference": "urn:uuid:7389e13c-ff08-4144-b7d8-a1f6da2a15bb"
        },
        "performedDateTime": "2016-04-08T21:27:21-04:00",
        "resourceType": "Procedure"
      }
    },
    {
      "resource": {
        "meta": {
          "profile": [
            "http://standardhealthrecord.org/fhir/StructureDefinition/shr-immunization-Immunization"
          ]
        },
        "status": "completed",
        "notGiven": false,
        "vaccineCode": {
          "coding": [
            {
              "system": "http://hl7.org/fhir/sid/cvx",
              "code": "140",
              "display": "Influenza, seasonal, injectable, preservative free"
            }
          ],
          "text": "Influenza, seasonal, injectable, preservative free"
        },
        "patient": {
          "reference": "urn:uuid:a03ec15b-64d2-4a2c-baeb-ca116607c661"
        },
        "encounter": {
          "reference": "urn:uuid:7389e13c-ff08-4144-b7d8-a1f6da2a15bb"
        },
        "date": "2016-04-08T21:27:21-04:00",
        "primarySource": true,
        "resourceType": "Immunization"
      }
    },
    {
      "fullUrl": "urn:uuid:cf46d97d-303a-401a-bff6-5ca8550f6046",
      "resource": {
        "id": "cf46d97d-303a-401a-bff6-5ca8550f6046",
        "meta": {
          "profile": [
            "http://standardhealthrecord.org/fhir/StructureDefinition/shr-encounter-Encounter"
          ]
        },
        "status": "finished",
        "class": {
          "code": "outpatient"
        },
        "type": [
          {
            "coding": [
              {
                "system": "http://snomed.info/sct",
                "code": "170258001"
              }
            ],
            "text": "Outpatient Encounter"
          }
        ],
        "subject": {
          "reference": "urn:uuid:a03ec15b-64d2-4a2c-baeb-ca116607c661"
        },
        "period": {
          "start": "2017-03-28T05:17:28-04:00",
          "end": "2017-03-28T06:17:28-04:00"
        },
        "serviceProvider": {
          "reference": "urn:uuid:0033dbf0-6a58-4414-b79f-0231d6dbac6a"
        },
        "resourceType": "Encounter"
      }
    },
    {
      "fullUrl": "urn:uuid:c1c9599d-5fe4-4367-8a01-7f5b45ed2266",
      "resource": {
        "id": "c1c9599d-5fe4-4367-8a01-7f5b45ed2266",
        "meta": {
          "profile": [
            "http://standardhealthrecord.org/fhir/StructureDefinition/shr-observation-Observation",
            "http://standardhealthrecord.org/fhir/StructureDefinition/shr-vital-VitalSign",
            "http://standardhealthrecord.org/fhir/StructureDefinition/shr-vital-BodyHeight"
          ]
        },
        "status": "final",
        "category": [
          {
            "coding": [
              {
                "system": "http://hl7.org/fhir/observation-category",
                "code": "vital-signs"
              }
            ]
          }
        ],
        "code": {
          "coding": [
            {
              "system": "http://loinc.org",
              "code": "8302-2",
              "display": "Body Height"
            }
          ],
          "text": "Body Height"
        },
        "subject": {
          "reference": "urn:uuid:a03ec15b-64d2-4a2c-baeb-ca116607c661"
        },
        "context": {
          "reference": "urn:uuid:cf46d97d-303a-401a-bff6-5ca8550f6046"
        },
        "effectiveDateTime": "2017-03-28T05:17:28-04:00",
        "issued": "2017-03-28T05:17:28-04:00",
        "valueQuantity": {
          "value": 173.7831887995907,
          "unit": "cm",
          "system": "http://unitsofmeasure.org/",
          "code": "cm"
        },
        "resourceType": "Observation"
      }
    },
    {
      "fullUrl": "urn:uuid:e0e162a9-4393-4865-95d7-760b3da6826a",
      "resource": {
        "id": "e0e162a9-4393-4865-95d7-760b3da6826a",
        "meta": {
          "profile": [
            "http://standardhealthrecord.org/fhir/StructureDefinition/shr-observation-Observation",
            "http://standardhealthrecord.org/fhir/StructureDefinition/shr-vital-VitalSign",
            "http://standardhealthrecord.org/fhir/StructureDefinition/shr-vital-BodyWeight"
          ]
        },
        "status": "final",
        "category": [
          {
            "coding": [
              {
                "system": "http://hl7.org/fhir/observation-category",
                "code": "vital-signs"
              }
            ]
          }
        ],
        "code": {
          "coding": [
            {
              "system": "http://loinc.org",
              "code": "29463-7",
              "display": "Body Weight"
            }
          ],
          "text": "Body Weight"
        },
        "subject": {
          "reference": "urn:uuid:a03ec15b-64d2-4a2c-baeb-ca116607c661"
        },
        "context": {
          "reference": "urn:uuid:cf46d97d-303a-401a-bff6-5ca8550f6046"
        },
        "effectiveDateTime": "2017-03-28T05:17:28-04:00",
        "issued": "2017-03-28T05:17:28-04:00",
        "valueQuantity": {
          "value": 57.2361248290518,
          "unit": "kg",
          "system": "http://unitsofmeasure.org/",
          "code": "kg"
        },
        "resourceType": "Observation"
      }
    },
    {
      "fullUrl": "urn:uuid:a4631fdc-c7a1-47ff-962a-d18aceeec807",
      "resource": {
        "id": "a4631fdc-c7a1-47ff-962a-d18aceeec807",
        "meta": {
          "profile": [
            "http://standardhealthrecord.org/fhir/StructureDefinition/shr-observation-Observation",
            "http://standardhealthrecord.org/fhir/StructureDefinition/shr-vital-VitalSign",
            "http://standardhealthrecord.org/fhir/StructureDefinition/shr-vital-BodyMassIndex"
          ]
        },
        "status": "final",
        "category": [
          {
            "coding": [
              {
                "system": "http://hl7.org/fhir/observation-category",
                "code": "vital-signs"
              }
            ]
          }
        ],
        "code": {
          "coding": [
            {
              "system": "http://loinc.org",
              "code": "39156-5",
              "display": "Body Mass Index"
            }
          ],
          "text": "Body Mass Index"
        },
        "subject": {
          "reference": "urn:uuid:a03ec15b-64d2-4a2c-baeb-ca116607c661"
        },
        "context": {
          "reference": "urn:uuid:cf46d97d-303a-401a-bff6-5ca8550f6046"
        },
        "effectiveDateTime": "2017-03-28T05:17:28-04:00",
        "issued": "2017-03-28T05:17:28-04:00",
        "valueQuantity": {
          "value": 18.95198475046149,
          "unit": "kg/m2",
          "system": "http://unitsofmeasure.org/",
          "code": "kg/m2"
        },
        "resourceType": "Observation"
      }
    },
    {
      "fullUrl": "urn:uuid:5a2d0f92-3ab0-4ce7-8e7e-3523a9fc1759",
      "resource": {
        "id": "5a2d0f92-3ab0-4ce7-8e7e-3523a9fc1759",
        "meta": {
          "profile": [
            "http://standardhealthrecord.org/fhir/StructureDefinition/shr-observation-Observation",
            "http://standardhealthrecord.org/fhir/StructureDefinition/shr-vital-BloodPressure"
          ]
        },
        "status": "final",
        "category": [
          {
            "coding": [
              {
                "system": "http://hl7.org/fhir/observation-category",
                "code": "vital-signs"
              }
            ]
          }
        ],
        "code": {
          "coding": [
            {
              "system": "http://loinc.org",
              "code": "55284-4",
              "display": "Blood Pressure"
            }
          ]
        },
        "subject": {
          "reference": "urn:uuid:a03ec15b-64d2-4a2c-baeb-ca116607c661"
        },
        "context": {
          "reference": "urn:uuid:cf46d97d-303a-401a-bff6-5ca8550f6046"
        },
        "effectiveDateTime": "2017-03-28T05:17:28-04:00",
        "issued": "2017-03-28T05:17:28-04:00",
        "component": [
          {
            "code": {
              "coding": [
                {
                  "system": "http://loinc.org",
                  "code": "8480-6",
                  "display": "Systolic Blood Pressure"
                }
              ],
              "text": "Systolic Blood Pressure"
            },
            "valueQuantity": {
              "value": 112,
              "unit": "mmHg",
              "system": "http://unitsofmeasure.org/",
              "code": "mmHg"
            }
          },
          {
            "code": {
              "coding": [
                {
                  "system": "http://loinc.org",
                  "code": "8462-4",
                  "display": "Diastolic Blood Pressure"
                }
              ],
              "text": "Diastolic Blood Pressure"
            },
            "valueQuantity": {
              "value": 83,
              "unit": "mmHg",
              "system": "http://unitsofmeasure.org/",
              "code": "mmHg"
            }
          }
        ],
        "resourceType": "Observation"
      }
    },
    {
      "resource": {
        "meta": {
          "profile": [
            "http://standardhealthrecord.org/fhir/StructureDefinition/shr-immunization-Immunization"
          ]
        },
        "status": "completed",
        "notGiven": false,
        "vaccineCode": {
          "coding": [
            {
              "system": "http://hl7.org/fhir/sid/cvx",
              "code": "140",
              "display": "Influenza, seasonal, injectable, preservative free"
            }
          ],
          "text": "Influenza, seasonal, injectable, preservative free"
        },
        "patient": {
          "reference": "urn:uuid:a03ec15b-64d2-4a2c-baeb-ca116607c661"
        },
        "encounter": {
          "reference": "urn:uuid:cf46d97d-303a-401a-bff6-5ca8550f6046"
        },
        "date": "2017-03-28T05:17:28-04:00",
        "primarySource": true,
        "resourceType": "Immunization"
      }
    }
  ],
  "resourceType": "Bundle"
}