{
  "type": "collection",
  "entry": [
    {
      "fullUrl": "urn:uuid:0df19ce4-5782-4e89-b768-f2b5e1543723",
      "resource": {
        "id": "0df19ce4-5782-4e89-b768-f2b5e1543723",
        "meta": {
          "profile": [
            "http://standardhealthrecord.org/fhir/StructureDefinition/shr-demographics-PersonOfRecord"
          ]
        },
        "text": {
          "status": "generated",
          "div": "<div>Generated by <a href=\"https://github.com/synthetichealth/synthea\">Synthea</a>. Version identifier: 4d02400401b9fab839e47bf5b2f1f6a8c683ab55</div>"
        },
        "extension": [
          {
            "url": "http://hl7.org/fhir/us/core/StructureDefinition/us-core-race",
            "valueCodeableConcept": {
              "coding": [
                {
                  "system": "http://hl7.org/fhir/v3/Race",
                  "code": "2131-1",
                  "display": "Other"
                }
              ],
              "text": "race"
            }
          },
          {
            "url": "http://hl7.org/fhir/us/core/StructureDefinition/us-core-ethnicity",
            "valueCodeableConcept": {
              "coding": [
                {
                  "system": "http://hl7.org/fhir/v3/Ethnicity",
                  "code": "2180-8",
                  "display": "Puerto_rican"
                }
              ],
              "text": "ethnicity"
            }
          },
          {
            "url": "http://hl7.org/fhir/StructureDefinition/birthPlace",
            "valueAddress": {
              "city": "Wenham",
              "state": "MA",
              "country": "US"
            }
          },
          {
            "url": "http://hl7.org/fhir/StructureDefinition/patient-mothersMaidenName",
            "valueString": "Griffin822 Hermiston969"
          },
          {
            "url": "http://hl7.org/fhir/us/core/StructureDefinition/us-core-birthsex",
            "valueCode": "F"
          },
          {
            "url": "http://hl7.org/fhir/StructureDefinition/patient-interpreterRequired",
            "valueBoolean": false
          },
          {
            "url": "http://standardhealthrecord.org/fhir/StructureDefinition/shr-actor-FictionalPerson-extension",
            "valueBoolean": true
          },
          {
            "url": "http://standardhealthrecord.org/fhir/StructureDefinition/shr-demographics-FathersName-extension",
            "valueHumanName": {
              "text": "Josie160 Abbott992"
            }
          },
          {
            "url": "http://standardhealthrecord.org/fhir/StructureDefinition/shr-demographics-SocialSecurityNumber-extension",
            "valueString": "999-60-3865"
          }
        ],
        "identifier": [
          {
            "system": "https://github.com/synthetichealth/synthea",
            "value": "566f7b26-b03e-4c0f-9cdf-f6bc39029769"
          },
          {
            "type": {
              "coding": [
                {
                  "system": "http://hl7.org/fhir/identifier-type",
                  "code": "SB"
                }
              ]
            },
            "system": "http://hl7.org/fhir/sid/us-ssn",
            "value": "999603865"
          },
          {
            "type": {
              "coding": [
                {
                  "system": "http://hl7.org/fhir/v2/0203",
                  "code": "DL"
                }
              ]
            },
            "system": "urn:oid:2.16.840.1.113883.4.3.25",
            "value": "S99926197"
          }
        ],
        "name": [
          {
            "use": "official",
            "family": "Abbott992",
            "given": [
              "Alisha104"
            ]
          }
        ],
        "telecom": [
          {
            "system": "phone",
            "value": "605.972.4713 x819",
            "use": "home"
          }
        ],
        "gender": "female",
        "birthDate": "2001-01-04",
        "address": [
          {
            "extension": [
              {
                "extension": [
                  {
                    "url": "latitude",
                    "valueDecimal": 42.31194361583023
                  },
                  {
                    "url": "longitude",
                    "valueDecimal": -71.81453707988152
                  }
                ],
                "url": "http://hl7.org/fhir/StructureDefinition/geolocation"
              }
            ],
            "line": [
              "50593 Giovani Via",
              "Apt. 636"
            ],
            "city": "Worcester",
            "state": "MA",
            "postalCode": "01603",
            "country": "US"
          }
        ],
        "maritalStatus": {
          "coding": [
            {
              "system": "http://hl7.org/fhir/v3/MaritalStatus",
              "code": "S"
            }
          ],
          "text": "Never Married"
        },
        "multipleBirthBoolean": false,
        "communication": [
          {
            "language": {
              "coding": [
                {
                  "system": "http://hl7.org/fhir/ValueSet/languages",
                  "code": "es",
                  "display": "Spanish"
                }
              ]
            }
          }
        ],
        "resourceType": "Patient"
      }
    },
    {
      "fullUrl": "urn:uuid:79d8b2dc-8f2e-4620-a1b8-b41a5ee758ba",
      "resource": {
        "id": "79d8b2dc-8f2e-4620-a1b8-b41a5ee758ba",
        "meta": {
          "profile": [
            "http://standardhealthrecord.org/fhir/StructureDefinition/shr-actor-Organization"
          ]
        },
        "type": [
          {
            "coding": [
              {
                "system": "http://hl7.org/fhir/ValueSet/organization-type",
                "code": "prov",
                "display": "Healthcare Provider"
              }
            ],
            "text": "Healthcare Provider"
          }
        ],
        "name": "Synthetic Provider",
        "resourceType": "Organization"
      }
    },
    {
      "fullUrl": "urn:uuid:e6befd61-d8e1-40af-b74e-8e6954059cee",
      "resource": {
        "id": "e6befd61-d8e1-40af-b74e-8e6954059cee",
        "meta": {
          "profile": [
            "http://standardhealthrecord.org/fhir/StructureDefinition/shr-encounter-Encounter"
          ]
        },
        "status": "finished",
        "class": {
          "code": "outpatient"
        },
        "type": [
          {
            "coding": [
              {
                "system": "http://snomed.info/sct",
                "code": "170258001"
              }
            ],
            "text": "Outpatient Encounter"
          }
        ],
        "subject": {
          "reference": "urn:uuid:0df19ce4-5782-4e89-b768-f2b5e1543723"
        },
        "period": {
          "start": "2010-11-06T22:51:32-04:00",
          "end": "2010-11-06T23:51:32-04:00"
        },
        "serviceProvider": {
          "reference": "urn:uuid:79d8b2dc-8f2e-4620-a1b8-b41a5ee758ba"
        },
        "resourceType": "Encounter"
      }
    },
    {
      "fullUrl": "urn:uuid:602175e2-93c6-4461-88af-e7e4ea80cd19",
      "resource": {
        "id": "602175e2-93c6-4461-88af-e7e4ea80cd19",
        "meta": {
          "profile": [
            "http://standardhealthrecord.org/fhir/StructureDefinition/shr-observation-Observation",
            "http://standardhealthrecord.org/fhir/StructureDefinition/shr-vital-VitalSign",
            "http://standardhealthrecord.org/fhir/StructureDefinition/shr-vital-BodyHeight"
          ]
        },
        "status": "final",
        "category": [
          {
            "coding": [
              {
                "system": "http://hl7.org/fhir/observation-category",
                "code": "vital-signs"
              }
            ]
          }
        ],
        "code": {
          "coding": [
            {
              "system": "http://loinc.org",
              "code": "8302-2",
              "display": "Body Height"
            }
          ],
          "text": "Body Height"
        },
        "subject": {
          "reference": "urn:uuid:0df19ce4-5782-4e89-b768-f2b5e1543723"
        },
        "context": {
          "reference": "urn:uuid:e6befd61-d8e1-40af-b74e-8e6954059cee"
        },
        "effectiveDateTime": "2010-11-06T22:51:32-04:00",
        "issued": "2010-11-06T22:51:32-04:00",
        "valueQuantity": {
          "value": 130.17905892660693,
          "unit": "cm",
          "system": "http://unitsofmeasure.org/",
          "code": "cm"
        },
        "resourceType": "Observation"
      }
    },
    {
      "fullUrl": "urn:uuid:e334922a-690c-4444-8e28-21dc5abb6b3b",
      "resource": {
        "id": "e334922a-690c-4444-8e28-21dc5abb6b3b",
        "meta": {
          "profile": [
            "http://standardhealthrecord.org/fhir/StructureDefinition/shr-observation-Observation",
            "http://standardhealthrecord.org/fhir/StructureDefinition/shr-vital-VitalSign",
            "http://standardhealthrecord.org/fhir/StructureDefinition/shr-vital-BodyWeight"
          ]
        },
        "status": "final",
        "category": [
          {
            "coding": [
              {
                "system": "http://hl7.org/fhir/observation-category",
                "code": "vital-signs"
              }
            ]
          }
        ],
        "code": {
          "coding": [
            {
              "system": "http://loinc.org",
              "code": "29463-7",
              "display": "Body Weight"
            }
          ],
          "text": "Body Weight"
        },
        "subject": {
          "reference": "urn:uuid:0df19ce4-5782-4e89-b768-f2b5e1543723"
        },
        "context": {
          "reference": "urn:uuid:e6befd61-d8e1-40af-b74e-8e6954059cee"
        },
        "effectiveDateTime": "2010-11-06T22:51:32-04:00",
        "issued": "2010-11-06T22:51:32-04:00",
        "valueQuantity": {
          "value": 29.79019543614034,
          "unit": "kg",
          "system": "http://unitsofmeasure.org/",
          "code": "kg"
        },
        "resourceType": "Observation"
      }
    },
    {
      "fullUrl": "urn:uuid:5fb123ea-22fe-427d-99d5-aa483c4ad0b3",
      "resource": {
        "id": "5fb123ea-22fe-427d-99d5-aa483c4ad0b3",
        "meta": {
          "profile": [
            "http://standardhealthrecord.org/fhir/StructureDefinition/shr-observation-Observation",
            "http://standardhealthrecord.org/fhir/StructureDefinition/shr-vital-VitalSign",
            "http://standardhealthrecord.org/fhir/StructureDefinition/shr-vital-BodyMassIndex"
          ]
        },
        "status": "final",
        "category": [
          {
            "coding": [
              {
                "system": "http://hl7.org/fhir/observation-category",
                "code": "vital-signs"
              }
            ]
          }
        ],
        "code": {
          "coding": [
            {
              "system": "http://loinc.org",
              "code": "39156-5",
              "display": "Body Mass Index"
            }
          ],
          "text": "Body Mass Index"
        },
        "subject": {
          "reference": "urn:uuid:0df19ce4-5782-4e89-b768-f2b5e1543723"
        },
        "context": {
          "reference": "urn:uuid:e6befd61-d8e1-40af-b74e-8e6954059cee"
        },
        "effectiveDateTime": "2010-11-06T22:51:32-04:00",
        "issued": "2010-11-06T22:51:32-04:00",
        "valueQuantity": {
          "value": 17.57887577176426,
          "unit": "kg/m2",
          "system": "http://unitsofmeasure.org/",
          "code": "kg/m2"
        },
        "resourceType": "Observation"
      }
    },
    {
      "fullUrl": "urn:uuid:d64c6840-faf2-4b5f-b453-5bea1c900eb7",
      "resource": {
        "id": "d64c6840-faf2-4b5f-b453-5bea1c900eb7",
        "meta": {
          "profile": [
            "http://standardhealthrecord.org/fhir/StructureDefinition/shr-observation-Observation",
            "http://standardhealthrecord.org/fhir/StructureDefinition/shr-vital-BloodPressure"
          ]
        },
        "status": "final",
        "category": [
          {
            "coding": [
              {
                "system": "http://hl7.org/fhir/observation-category",
                "code": "vital-signs"
              }
            ]
          }
        ],
        "code": {
          "coding": [
            {
              "system": "http://loinc.org",
              "code": "55284-4",
              "display": "Blood Pressure"
            }
          ]
        },
        "subject": {
          "reference": "urn:uuid:0df19ce4-5782-4e89-b768-f2b5e1543723"
        },
        "context": {
          "reference": "urn:uuid:e6befd61-d8e1-40af-b74e-8e6954059cee"
        },
        "effectiveDateTime": "2010-11-06T22:51:32-04:00",
        "issued": "2010-11-06T22:51:32-04:00",
        "component": [
          {
            "code": {
              "coding": [
                {
                  "system": "http://loinc.org",
                  "code": "8480-6",
                  "display": "Systolic Blood Pressure"
                }
              ],
              "text": "Systolic Blood Pressure"
            },
            "valueQuantity": {
              "value": 117,
              "unit": "mmHg",
              "system": "http://unitsofmeasure.org/",
              "code": "mmHg"
            }
          },
          {
            "code": {
              "coding": [
                {
                  "system": "http://loinc.org",
                  "code": "8462-4",
                  "display": "Diastolic Blood Pressure"
                }
              ],
              "text": "Diastolic Blood Pressure"
            },
            "valueQuantity": {
              "value": 82,
              "unit": "mmHg",
              "system": "http://unitsofmeasure.org/",
              "code": "mmHg"
            }
          }
        ],
        "resourceType": "Observation"
      }
    },
    {
      "resource": {
        "meta": {
          "profile": [
            "http://standardhealthrecord.org/fhir/StructureDefinition/shr-procedure-Procedure"
          ]
        },
        "extension": [
          {
            "url": "http://standardhealthrecord.org/fhir/StructureDefinition/shr-core-CodeableConcept-extension",
            "valueCodeableConcept": {
              "coding": [
                {
                  "system": "http://snomed.info/sct",
                  "code": "428191000124101",
                  "display": "Documentation of current medications"
                }
              ],
              "text": "Documentation of current medications"
            }
          }
        ],
        "status": "completed",
        "code": {
          "coding": [
            {
              "system": "http://snomed.info/sct",
              "code": "428191000124101",
              "display": "Documentation of current medications"
            }
          ],
          "text": "Documentation of current medications"
        },
        "subject": {
          "reference": "urn:uuid:0df19ce4-5782-4e89-b768-f2b5e1543723"
        },
        "context": {
          "reference": "urn:uuid:e6befd61-d8e1-40af-b74e-8e6954059cee"
        },
        "performedDateTime": "2010-11-06T22:51:32-04:00",
        "resourceType": "Procedure"
      }
    },
    {
      "resource": {
        "meta": {
          "profile": [
            "http://standardhealthrecord.org/fhir/StructureDefinition/shr-immunization-Immunization"
          ]
        },
        "status": "completed",
        "notGiven": false,
        "vaccineCode": {
          "coding": [
            {
              "system": "http://hl7.org/fhir/sid/cvx",
              "code": "140",
              "display": "Influenza, seasonal, injectable, preservative free"
            }
          ],
          "text": "Influenza, seasonal, injectable, preservative free"
        },
        "patient": {
          "reference": "urn:uuid:0df19ce4-5782-4e89-b768-f2b5e1543723"
        },
        "encounter": {
          "reference": "urn:uuid:e6befd61-d8e1-40af-b74e-8e6954059cee"
        },
        "date": "2010-11-06T22:51:32-04:00",
        "primarySource": true,
        "resourceType": "Immunization"
      }
    },
    {
      "fullUrl": "urn:uuid:d3616e6b-84e0-490a-9d45-b7e89ea3efa7",
      "resource": {
        "id": "d3616e6b-84e0-490a-9d45-b7e89ea3efa7",
        "meta": {
          "profile": [
            "http://standardhealthrecord.org/fhir/StructureDefinition/shr-encounter-Encounter"
          ]
        },
        "status": "finished",
        "class": {
          "code": "outpatient"
        },
        "type": [
          {
            "coding": [
              {
                "system": "http://snomed.info/sct",
                "code": "170258001"
              }
            ],
            "text": "Outpatient Encounter"
          }
        ],
        "subject": {
          "reference": "urn:uuid:0df19ce4-5782-4e89-b768-f2b5e1543723"
        },
        "period": {
          "start": "2011-08-05T10:39:34-04:00",
          "end": "2011-08-05T11:39:34-04:00"
        },
        "serviceProvider": {
          "reference": "urn:uuid:79d8b2dc-8f2e-4620-a1b8-b41a5ee758ba"
        },
        "resourceType": "Encounter"
      }
    },
    {
      "fullUrl": "urn:uuid:115359c8-d3e4-40c3-a20a-dbe12dd1ead9",
      "resource": {
        "id": "115359c8-d3e4-40c3-a20a-dbe12dd1ead9",
        "meta": {
          "profile": [
            "http://standardhealthrecord.org/fhir/StructureDefinition/shr-observation-Observation",
            "http://standardhealthrecord.org/fhir/StructureDefinition/shr-vital-VitalSign",
            "http://standardhealthrecord.org/fhir/StructureDefinition/shr-vital-BodyHeight"
          ]
        },
        "status": "final",
        "category": [
          {
            "coding": [
              {
                "system": "http://hl7.org/fhir/observation-category",
                "code": "vital-signs"
              }
            ]
          }
        ],
        "code": {
          "coding": [
            {
              "system": "http://loinc.org",
              "code": "8302-2",
              "display": "Body Height"
            }
          ],
          "text": "Body Height"
        },
        "subject": {
          "reference": "urn:uuid:0df19ce4-5782-4e89-b768-f2b5e1543723"
        },
        "context": {
          "reference": "urn:uuid:d3616e6b-84e0-490a-9d45-b7e89ea3efa7"
        },
        "effectiveDateTime": "2011-08-05T10:39:34-04:00",
        "issued": "2011-08-05T10:39:34-04:00",
        "valueQuantity": {
          "value": 133.83456675045278,
          "unit": "cm",
          "system": "http://unitsofmeasure.org/",
          "code": "cm"
        },
        "resourceType": "Observation"
      }
    },
    {
      "fullUrl": "urn:uuid:c551a18c-4896-4e0b-8489-97fb657ff1a6",
      "resource": {
        "id": "c551a18c-4896-4e0b-8489-97fb657ff1a6",
        "meta": {
          "profile": [
            "http://standardhealthrecord.org/fhir/StructureDefinition/shr-observation-Observation",
            "http://standardhealthrecord.org/fhir/StructureDefinition/shr-vital-VitalSign",
            "http://standardhealthrecord.org/fhir/StructureDefinition/shr-vital-BodyWeight"
          ]
        },
        "status": "final",
        "category": [
          {
            "coding": [
              {
                "system": "http://hl7.org/fhir/observation-category",
                "code": "vital-signs"
              }
            ]
          }
        ],
        "code": {
          "coding": [
            {
              "system": "http://loinc.org",
              "code": "29463-7",
              "display": "Body Weight"
            }
          ],
          "text": "Body Weight"
        },
        "subject": {
          "reference": "urn:uuid:0df19ce4-5782-4e89-b768-f2b5e1543723"
        },
        "context": {
          "reference": "urn:uuid:d3616e6b-84e0-490a-9d45-b7e89ea3efa7"
        },
        "effectiveDateTime": "2011-08-05T10:39:34-04:00",
        "issued": "2011-08-05T10:39:34-04:00",
        "valueQuantity": {
          "value": 32.64590878013491,
          "unit": "kg",
          "system": "http://unitsofmeasure.org/",
          "code": "kg"
        },
        "resourceType": "Observation"
      }
    },
    {
      "fullUrl": "urn:uuid:5c92f546-c5a6-4b2b-afc0-1c30e4e8aa0d",
      "resource": {
        "id": "5c92f546-c5a6-4b2b-afc0-1c30e4e8aa0d",
        "meta": {
          "profile": [
            "http://standardhealthrecord.org/fhir/StructureDefinition/shr-observation-Observation",
            "http://standardhealthrecord.org/fhir/StructureDefinition/shr-vital-VitalSign",
            "http://standardhealthrecord.org/fhir/StructureDefinition/shr-vital-BodyMassIndex"
          ]
        },
        "status": "final",
        "category": [
          {
            "coding": [
              {
                "system": "http://hl7.org/fhir/observation-category",
                "code": "vital-signs"
              }
            ]
          }
        ],
        "code": {
          "coding": [
            {
              "system": "http://loinc.org",
              "code": "39156-5",
              "display": "Body Mass Index"
            }
          ],
          "text": "Body Mass Index"
        },
        "subject": {
          "reference": "urn:uuid:0df19ce4-5782-4e89-b768-f2b5e1543723"
        },
        "context": {
          "reference": "urn:uuid:d3616e6b-84e0-490a-9d45-b7e89ea3efa7"
        },
        "effectiveDateTime": "2011-08-05T10:39:34-04:00",
        "issued": "2011-08-05T10:39:34-04:00",
        "valueQuantity": {
          "value": 18.226033662155608,
          "unit": "kg/m2",
          "system": "http://unitsofmeasure.org/",
          "code": "kg/m2"
        },
        "resourceType": "Observation"
      }
    },
    {
      "fullUrl": "urn:uuid:35ddda2f-54cf-4c99-84d5-0153834974b3",
      "resource": {
        "id": "35ddda2f-54cf-4c99-84d5-0153834974b3",
        "meta": {
          "profile": [
            "http://standardhealthrecord.org/fhir/StructureDefinition/shr-observation-Observation",
            "http://standardhealthrecord.org/fhir/StructureDefinition/shr-vital-BloodPressure"
          ]
        },
        "status": "final",
        "category": [
          {
            "coding": [
              {
                "system": "http://hl7.org/fhir/observation-category",
                "code": "vital-signs"
              }
            ]
          }
        ],
        "code": {
          "coding": [
            {
              "system": "http://loinc.org",
              "code": "55284-4",
              "display": "Blood Pressure"
            }
          ]
        },
        "subject": {
          "reference": "urn:uuid:0df19ce4-5782-4e89-b768-f2b5e1543723"
        },
        "context": {
          "reference": "urn:uuid:d3616e6b-84e0-490a-9d45-b7e89ea3efa7"
        },
        "effectiveDateTime": "2011-08-05T10:39:34-04:00",
        "issued": "2011-08-05T10:39:34-04:00",
        "component": [
          {
            "code": {
              "coding": [
                {
                  "system": "http://loinc.org",
                  "code": "8480-6",
                  "display": "Systolic Blood Pressure"
                }
              ],
              "text": "Systolic Blood Pressure"
            },
            "valueQuantity": {
              "value": 139,
              "unit": "mmHg",
              "system": "http://unitsofmeasure.org/",
              "code": "mmHg"
            }
          },
          {
            "code": {
              "coding": [
                {
                  "system": "http://loinc.org",
                  "code": "8462-4",
                  "display": "Diastolic Blood Pressure"
                }
              ],
              "text": "Diastolic Blood Pressure"
            },
            "valueQuantity": {
              "value": 75,
              "unit": "mmHg",
              "system": "http://unitsofmeasure.org/",
              "code": "mmHg"
            }
          }
        ],
        "resourceType": "Observation"
      }
    },
    {
      "resource": {
        "meta": {
          "profile": [
            "http://standardhealthrecord.org/fhir/StructureDefinition/shr-immunization-Immunization"
          ]
        },
        "status": "completed",
        "notGiven": false,
        "vaccineCode": {
          "coding": [
            {
              "system": "http://hl7.org/fhir/sid/cvx",
              "code": "140",
              "display": "Influenza, seasonal, injectable, preservative free"
            }
          ],
          "text": "Influenza, seasonal, injectable, preservative free"
        },
        "patient": {
          "reference": "urn:uuid:0df19ce4-5782-4e89-b768-f2b5e1543723"
        },
        "encounter": {
          "reference": "urn:uuid:d3616e6b-84e0-490a-9d45-b7e89ea3efa7"
        },
        "date": "2011-08-05T10:39:34-04:00",
        "primarySource": true,
        "resourceType": "Immunization"
      }
    },
    {
      "fullUrl": "urn:uuid:e6d68795-bf9f-4e9b-87f7-adf84894ec6a",
      "resource": {
        "id": "e6d68795-bf9f-4e9b-87f7-adf84894ec6a",
        "meta": {
          "profile": [
            "http://standardhealthrecord.org/fhir/StructureDefinition/shr-encounter-Encounter"
          ]
        },
        "status": "finished",
        "class": {
          "code": "emergency"
        },
        "type": [
          {
            "coding": [
              {
                "system": "http://snomed.info/sct",
                "code": "50849002"
              }
            ],
            "text": "Emergency room admission"
          }
        ],
        "subject": {
          "reference": "urn:uuid:0df19ce4-5782-4e89-b768-f2b5e1543723"
        },
        "period": {
          "start": "2012-01-26T09:15:39-05:00",
          "end": "2012-01-26T09:15:39-05:00"
        },
        "serviceProvider": {
          "reference": "urn:uuid:79d8b2dc-8f2e-4620-a1b8-b41a5ee758ba"
        },
        "resourceType": "Encounter"
      }
    },
    {
      "fullUrl": "urn:uuid:d8dd43ba-134e-4e9b-a1bc-9f84f5d00e5b",
      "resource": {
        "id": "d8dd43ba-134e-4e9b-a1bc-9f84f5d00e5b",
        "meta": {
          "profile": [
            "http://standardhealthrecord.org/fhir/StructureDefinition/shr-problem-Problem"
          ]
        },
        "clinicalStatus": "active",
        "verificationStatus": "confirmed",
        "code": {
          "coding": [
            {
              "system": "http://snomed.info/sct",
              "code": "403191005",
              "display": "Second degree burn"
            }
          ],
          "text": "Second degree burn"
        },
        "subject": {
          "reference": "urn:uuid:0df19ce4-5782-4e89-b768-f2b5e1543723"
        },
        "context": {
          "reference": "urn:uuid:e6d68795-bf9f-4e9b-87f7-adf84894ec6a"
        },
        "onsetDateTime": "2012-01-26T09:15:39-05:00",
        "abatementDateTime": "2012-02-26T04:04:47-05:00",
        "assertedDate": "2012-01-26",
        "resourceType": "Condition"
      }
    },
    {
      "resource": {
        "status": "completed",
        "category": [
          {
            "coding": [
              {
                "system": "http://snomed.info/sct",
                "code": "133901003",
                "display": "Burn care"
              }
            ]
          }
        ],
        "subject": {
          "reference": "urn:uuid:0df19ce4-5782-4e89-b768-f2b5e1543723"
        },
        "context": {
          "reference": "urn:uuid:e6d68795-bf9f-4e9b-87f7-adf84894ec6a"
        },
        "period": {
          "start": "2012-01-26",
          "end": "2012-02-26"
        },
        "addresses": [
          {
            "reference": "urn:uuid:d8dd43ba-134e-4e9b-a1bc-9f84f5d00e5b"
          }
        ],
        "activity": [
          {
            "detail": {
              "code": {
                "coding": [
                  {
                    "system": "http://snomed.info/sct",
                    "code": "385949008",
                    "display": "Dressing change management"
                  }
                ]
              },
              "status": "completed"
            }
          },
          {
            "detail": {
              "code": {
                "coding": [
                  {
                    "system": "http://snomed.info/sct",
                    "code": "440381005",
                    "display": "Behavior to prevent sun exposure"
                  }
                ]
              },
              "status": "completed"
            }
          },
          {
            "detail": {
              "code": {
                "coding": [
                  {
                    "system": "http://snomed.info/sct",
                    "code": "439830001",
                    "display": "Behavior to prevent infection"
                  }
                ]
              },
              "status": "completed"
            }
          }
        ],
        "resourceType": "CarePlan"
      }
    },
    {
      "resource": {
        "meta": {
          "profile": [
            "http://standardhealthrecord.org/fhir/StructureDefinition/shr-medication-Medication"
          ]
        },
        "code": {
          "coding": [
            {
              "system": "http://www.nlm.nih.gov/research/umls/rxnorm",
              "code": "392151",
              "display": "Amoxicillin 200 MG Oral Tablet"
            }
          ],
          "text": "Amoxicillin 200 MG Oral Tablet"
        },
        "resourceType": "Medication"
      }
    },
    {
      "resource": {
        "meta": {
          "profile": [
            "http://standardhealthrecord.org/fhir/StructureDefinition/shr-medication-MedicationPrescription"
          ]
        },
        "extension": [
          {
            "url": "http://standardhealthrecord.org/fhir/StructureDefinition/shr-base-ActionCode-extension",
            "valueCodeableConcept": {
              "coding": [
                {
                  "system": "http://snomed.info/sct",
                  "code": "33633005",
                  "display": "Prescription of drug (procedure)"
                }
              ],
              "text": "Prescription of drug (procedure)"
            }
          }
        ],
        "status": "stopped",
        "medicationReference": {
          "reference": ""
        },
        "subject": {
          "reference": "urn:uuid:0df19ce4-5782-4e89-b768-f2b5e1543723"
        },
        "context": {
          "reference": "urn:uuid:e6d68795-bf9f-4e9b-87f7-adf84894ec6a"
        },
        "authoredOn": "2012-01-26",
        "dosageInstruction": [
          {
            "sequence": 1,
            "timing": {
              "repeat": {
                "frequency": 2,
                "period": 1,
                "periodUnit": "d"
              }
            },
            "asNeededBoolean": false,
            "doseQuantity": {
              "value": 1
            }
          }
        ],
        "dispenseRequest": {
          "numberOfRepeatsAllowed": 0,
          "quantity": {
            "value": 28,
            "unit": "doses"
          },
          "expectedSupplyDuration": {
            "value": 2,
            "unit": "weeks",
            "system": "http://hl7.org/fhir/ValueSet/units-of-time",
            "code": "wk"
          }
        },
        "resourceType": "MedicationRequest"
      }
    },
    {
      "resource": {
        "meta": {
          "profile": [
            "http://standardhealthrecord.org/fhir/StructureDefinition/shr-medication-Medication"
          ]
        },
        "code": {
          "coding": [
            {
              "system": "http://www.nlm.nih.gov/research/umls/rxnorm",
              "code": "198405",
              "display": "Ibuprofen 100 MG Oral Tablet"
            }
          ],
          "text": "Ibuprofen 100 MG Oral Tablet"
        },
        "resourceType": "Medication"
      }
    },
    {
      "resource": {
        "meta": {
          "profile": [
            "http://standardhealthrecord.org/fhir/StructureDefinition/shr-medication-MedicationPrescription"
          ]
        },
        "extension": [
          {
            "url": "http://standardhealthrecord.org/fhir/StructureDefinition/shr-base-ActionCode-extension",
            "valueCodeableConcept": {
              "coding": [
                {
                  "system": "http://snomed.info/sct",
                  "code": "33633005",
                  "display": "Prescription of drug (procedure)"
                }
              ],
              "text": "Prescription of drug (procedure)"
            }
          }
        ],
        "status": "stopped",
        "medicationReference": {
          "reference": ""
        },
        "subject": {
          "reference": "urn:uuid:0df19ce4-5782-4e89-b768-f2b5e1543723"
        },
        "context": {
          "reference": "urn:uuid:e6d68795-bf9f-4e9b-87f7-adf84894ec6a"
        },
        "authoredOn": "2012-01-26",
        "dosageInstruction": [
          {
            "sequence": 1,
            "asNeededBoolean": true
          }
        ],
        "resourceType": "MedicationRequest"
      }
    },
    {
      "fullUrl": "urn:uuid:5de3d152-cd74-4ece-bac4-668f116ad7be",
      "resource": {
        "id": "5de3d152-cd74-4ece-bac4-668f116ad7be",
        "meta": {
          "profile": [
            "http://standardhealthrecord.org/fhir/StructureDefinition/shr-encounter-Encounter"
          ]
        },
        "status": "finished",
        "class": {
          "code": "ambulatory"
        },
        "type": [
          {
            "coding": [
              {
                "system": "http://snomed.info/sct",
                "code": "185349003"
              }
            ],
            "text": "Encounter for 'check-up'"
          }
        ],
        "subject": {
          "reference": "urn:uuid:0df19ce4-5782-4e89-b768-f2b5e1543723"
        },
        "period": {
          "start": "2012-02-26T04:04:47-05:00",
          "end": "2012-02-26T04:04:47-05:00"
        },
        "reason": {
          "coding": [
            {
              "system": "http://snomed.info/sct",
              "code": "403191005",
              "display": "Second degree burn"
            }
          ]
        },
        "serviceProvider": {
          "reference": "urn:uuid:79d8b2dc-8f2e-4620-a1b8-b41a5ee758ba"
        },
        "resourceType": "Encounter"
      }
    },
    {
      "fullUrl": "urn:uuid:5f96a0c4-5a43-439e-bbac-4b39fb91b734",
      "resource": {
        "id": "5f96a0c4-5a43-439e-bbac-4b39fb91b734",
        "meta": {
          "profile": [
            "http://standardhealthrecord.org/fhir/StructureDefinition/shr-encounter-Encounter"
          ]
        },
        "status": "finished",
        "class": {
          "code": "outpatient"
        },
        "type": [
          {
            "coding": [
              {
                "system": "http://snomed.info/sct",
                "code": "170258001"
              }
            ],
            "text": "Outpatient Encounter"
          }
        ],
        "subject": {
          "reference": "urn:uuid:0df19ce4-5782-4e89-b768-f2b5e1543723"
        },
        "period": {
          "start": "2012-07-29T01:06:04-04:00",
          "end": "2012-07-29T02:06:04-04:00"
        },
        "serviceProvider": {
          "reference": "urn:uuid:79d8b2dc-8f2e-4620-a1b8-b41a5ee758ba"
        },
        "resourceType": "Encounter"
      }
    },
    {
      "fullUrl": "urn:uuid:a18f9b2b-a3eb-4cc2-83cd-b5a74847ab31",
      "resource": {
        "id": "a18f9b2b-a3eb-4cc2-83cd-b5a74847ab31",
        "meta": {
          "profile": [
            "http://standardhealthrecord.org/fhir/StructureDefinition/shr-observation-Observation",
            "http://standardhealthrecord.org/fhir/StructureDefinition/shr-vital-VitalSign",
            "http://standardhealthrecord.org/fhir/StructureDefinition/shr-vital-BodyHeight"
          ]
        },
        "status": "final",
        "category": [
          {
            "coding": [
              {
                "system": "http://hl7.org/fhir/observation-category",
                "code": "vital-signs"
              }
            ]
          }
        ],
        "code": {
          "coding": [
            {
              "system": "http://loinc.org",
              "code": "8302-2",
              "display": "Body Height"
            }
          ],
          "text": "Body Height"
        },
        "subject": {
          "reference": "urn:uuid:0df19ce4-5782-4e89-b768-f2b5e1543723"
        },
        "context": {
          "reference": "urn:uuid:5f96a0c4-5a43-439e-bbac-4b39fb91b734"
        },
        "effectiveDateTime": "2012-07-29T01:06:04-04:00",
        "issued": "2012-07-29T01:06:04-04:00",
        "valueQuantity": {
          "value": 140.11092934131264,
          "unit": "cm",
          "system": "http://unitsofmeasure.org/",
          "code": "cm"
        },
        "resourceType": "Observation"
      }
    },
    {
      "fullUrl": "urn:uuid:334b4080-190d-4437-aa4b-8f0cb3df7f7b",
      "resource": {
        "id": "334b4080-190d-4437-aa4b-8f0cb3df7f7b",
        "meta": {
          "profile": [
            "http://standardhealthrecord.org/fhir/StructureDefinition/shr-observation-Observation",
            "http://standardhealthrecord.org/fhir/StructureDefinition/shr-vital-VitalSign",
            "http://standardhealthrecord.org/fhir/StructureDefinition/shr-vital-BodyWeight"
          ]
        },
        "status": "final",
        "category": [
          {
            "coding": [
              {
                "system": "http://hl7.org/fhir/observation-category",
                "code": "vital-signs"
              }
            ]
          }
        ],
        "code": {
          "coding": [
            {
              "system": "http://loinc.org",
              "code": "29463-7",
              "display": "Body Weight"
            }
          ],
          "text": "Body Weight"
        },
        "subject": {
          "reference": "urn:uuid:0df19ce4-5782-4e89-b768-f2b5e1543723"
        },
        "context": {
          "reference": "urn:uuid:5f96a0c4-5a43-439e-bbac-4b39fb91b734"
        },
        "effectiveDateTime": "2012-07-29T01:06:04-04:00",
        "issued": "2012-07-29T01:06:04-04:00",
        "valueQuantity": {
          "value": 36.70792321732765,
          "unit": "kg",
          "system": "http://unitsofmeasure.org/",
          "code": "kg"
        },
        "resourceType": "Observation"
      }
    },
    {
      "fullUrl": "urn:uuid:98d59f90-c438-4f96-939d-c93f426216c7",
      "resource": {
        "id": "98d59f90-c438-4f96-939d-c93f426216c7",
        "meta": {
          "profile": [
            "http://standardhealthrecord.org/fhir/StructureDefinition/shr-observation-Observation",
            "http://standardhealthrecord.org/fhir/StructureDefinition/shr-vital-VitalSign",
            "http://standardhealthrecord.org/fhir/StructureDefinition/shr-vital-BodyMassIndex"
          ]
        },
        "status": "final",
        "category": [
          {
            "coding": [
              {
                "system": "http://hl7.org/fhir/observation-category",
                "code": "vital-signs"
              }
            ]
          }
        ],
        "code": {
          "coding": [
            {
              "system": "http://loinc.org",
              "code": "39156-5",
              "display": "Body Mass Index"
            }
          ],
          "text": "Body Mass Index"
        },
        "subject": {
          "reference": "urn:uuid:0df19ce4-5782-4e89-b768-f2b5e1543723"
        },
        "context": {
          "reference": "urn:uuid:5f96a0c4-5a43-439e-bbac-4b39fb91b734"
        },
        "effectiveDateTime": "2012-07-29T01:06:04-04:00",
        "issued": "2012-07-29T01:06:04-04:00",
        "valueQuantity": {
          "value": 18.6988882947035,
          "unit": "kg/m2",
          "system": "http://unitsofmeasure.org/",
          "code": "kg/m2"
        },
        "resourceType": "Observation"
      }
    },
    {
      "fullUrl": "urn:uuid:f40134f4-91ce-4301-926f-ecca2657e864",
      "resource": {
        "id": "f40134f4-91ce-4301-926f-ecca2657e864",
        "meta": {
          "profile": [
            "http://standardhealthrecord.org/fhir/StructureDefinition/shr-observation-Observation",
            "http://standardhealthrecord.org/fhir/StructureDefinition/shr-vital-BloodPressure"
          ]
        },
        "status": "final",
        "category": [
          {
            "coding": [
              {
                "system": "http://hl7.org/fhir/observation-category",
                "code": "vital-signs"
              }
            ]
          }
        ],
        "code": {
          "coding": [
            {
              "system": "http://loinc.org",
              "code": "55284-4",
              "display": "Blood Pressure"
            }
          ]
        },
        "subject": {
          "reference": "urn:uuid:0df19ce4-5782-4e89-b768-f2b5e1543723"
        },
        "context": {
          "reference": "urn:uuid:5f96a0c4-5a43-439e-bbac-4b39fb91b734"
        },
        "effectiveDateTime": "2012-07-29T01:06:04-04:00",
        "issued": "2012-07-29T01:06:04-04:00",
        "component": [
          {
            "code": {
              "coding": [
                {
                  "system": "http://loinc.org",
                  "code": "8480-6",
                  "display": "Systolic Blood Pressure"
                }
              ],
              "text": "Systolic Blood Pressure"
            },
            "valueQuantity": {
              "value": 132,
              "unit": "mmHg",
              "system": "http://unitsofmeasure.org/",
              "code": "mmHg"
            }
          },
          {
            "code": {
              "coding": [
                {
                  "system": "http://loinc.org",
                  "code": "8462-4",
                  "display": "Diastolic Blood Pressure"
                }
              ],
              "text": "Diastolic Blood Pressure"
            },
            "valueQuantity": {
              "value": 85,
              "unit": "mmHg",
              "system": "http://unitsofmeasure.org/",
              "code": "mmHg"
            }
          }
        ],
        "resourceType": "Observation"
      }
    },
    {
      "resource": {
        "meta": {
          "profile": [
            "http://standardhealthrecord.org/fhir/StructureDefinition/shr-immunization-Immunization"
          ]
        },
        "status": "completed",
        "notGiven": false,
        "vaccineCode": {
          "coding": [
            {
              "system": "http://hl7.org/fhir/sid/cvx",
              "code": "140",
              "display": "Influenza, seasonal, injectable, preservative free"
            }
          ],
          "text": "Influenza, seasonal, injectable, preservative free"
        },
        "patient": {
          "reference": "urn:uuid:0df19ce4-5782-4e89-b768-f2b5e1543723"
        },
        "encounter": {
          "reference": "urn:uuid:5f96a0c4-5a43-439e-bbac-4b39fb91b734"
        },
        "date": "2012-07-29T01:06:04-04:00",
        "primarySource": true,
        "resourceType": "Immunization"
      }
    },
    {
      "resource": {
        "meta": {
          "profile": [
            "http://standardhealthrecord.org/fhir/StructureDefinition/shr-immunization-Immunization"
          ]
        },
        "status": "completed",
        "notGiven": false,
        "vaccineCode": {
          "coding": [
            {
              "system": "http://hl7.org/fhir/sid/cvx",
              "code": "114",
              "display": "meningococcal MCV4P"
            }
          ],
          "text": "meningococcal MCV4P"
        },
        "patient": {
          "reference": "urn:uuid:0df19ce4-5782-4e89-b768-f2b5e1543723"
        },
        "encounter": {
          "reference": "urn:uuid:5f96a0c4-5a43-439e-bbac-4b39fb91b734"
        },
        "date": "2012-07-29T01:06:04-04:00",
        "primarySource": true,
        "resourceType": "Immunization"
      }
    },
    {
      "resource": {
        "meta": {
          "profile": [
            "http://standardhealthrecord.org/fhir/StructureDefinition/shr-immunization-Immunization"
          ]
        },
        "status": "completed",
        "notGiven": false,
        "vaccineCode": {
          "coding": [
            {
              "system": "http://hl7.org/fhir/sid/cvx",
              "code": "115",
              "display": "Tdap"
            }
          ],
          "text": "Tdap"
        },
        "patient": {
          "reference": "urn:uuid:0df19ce4-5782-4e89-b768-f2b5e1543723"
        },
        "encounter": {
          "reference": "urn:uuid:5f96a0c4-5a43-439e-bbac-4b39fb91b734"
        },
        "date": "2012-07-29T01:06:04-04:00",
        "primarySource": true,
        "resourceType": "Immunization"
      }
    },
    {
      "resource": {
        "meta": {
          "profile": [
            "http://standardhealthrecord.org/fhir/StructureDefinition/shr-immunization-Immunization"
          ]
        },
        "status": "completed",
        "notGiven": false,
        "vaccineCode": {
          "coding": [
            {
              "system": "http://hl7.org/fhir/sid/cvx",
              "code": "62",
              "display": "HPV, quadrivalent"
            }
          ],
          "text": "HPV, quadrivalent"
        },
        "patient": {
          "reference": "urn:uuid:0df19ce4-5782-4e89-b768-f2b5e1543723"
        },
        "encounter": {
          "reference": "urn:uuid:5f96a0c4-5a43-439e-bbac-4b39fb91b734"
        },
        "date": "2012-07-29T01:06:04-04:00",
        "primarySource": true,
        "resourceType": "Immunization"
      }
    },
    {
      "fullUrl": "urn:uuid:1e69d389-a164-41b8-95b1-06d282f1b7d9",
      "resource": {
        "id": "1e69d389-a164-41b8-95b1-06d282f1b7d9",
        "meta": {
          "profile": [
            "http://standardhealthrecord.org/fhir/StructureDefinition/shr-encounter-Encounter"
          ]
        },
        "status": "finished",
        "class": {
          "code": "outpatient"
        },
        "type": [
          {
            "coding": [
              {
                "system": "http://snomed.info/sct",
                "code": "170258001"
              }
            ],
            "text": "Outpatient Encounter"
          }
        ],
        "subject": {
          "reference": "urn:uuid:0df19ce4-5782-4e89-b768-f2b5e1543723"
        },
        "period": {
          "start": "2013-07-23T13:34:18-04:00",
          "end": "2013-07-23T14:34:18-04:00"
        },
        "serviceProvider": {
          "reference": "urn:uuid:79d8b2dc-8f2e-4620-a1b8-b41a5ee758ba"
        },
        "resourceType": "Encounter"
      }
    },
    {
      "fullUrl": "urn:uuid:f6873754-10e0-45ff-9b6d-d3add83d4d87",
      "resource": {
        "id": "f6873754-10e0-45ff-9b6d-d3add83d4d87",
        "meta": {
          "profile": [
            "http://standardhealthrecord.org/fhir/StructureDefinition/shr-observation-Observation",
            "http://standardhealthrecord.org/fhir/StructureDefinition/shr-vital-VitalSign",
            "http://standardhealthrecord.org/fhir/StructureDefinition/shr-vital-BodyHeight"
          ]
        },
        "status": "final",
        "category": [
          {
            "coding": [
              {
                "system": "http://hl7.org/fhir/observation-category",
                "code": "vital-signs"
              }
            ]
          }
        ],
        "code": {
          "coding": [
            {
              "system": "http://loinc.org",
              "code": "8302-2",
              "display": "Body Height"
            }
          ],
          "text": "Body Height"
        },
        "subject": {
          "reference": "urn:uuid:0df19ce4-5782-4e89-b768-f2b5e1543723"
        },
        "context": {
          "reference": "urn:uuid:1e69d389-a164-41b8-95b1-06d282f1b7d9"
        },
        "effectiveDateTime": "2013-07-23T13:34:18-04:00",
        "issued": "2013-07-23T13:34:18-04:00",
        "valueQuantity": {
          "value": 147.25538667875531,
          "unit": "cm",
          "system": "http://unitsofmeasure.org/",
          "code": "cm"
        },
        "resourceType": "Observation"
      }
    },
    {
      "fullUrl": "urn:uuid:fdc23d3c-4e23-42d0-a27b-d7a3292f5c67",
      "resource": {
        "id": "fdc23d3c-4e23-42d0-a27b-d7a3292f5c67",
        "meta": {
          "profile": [
            "http://standardhealthrecord.org/fhir/StructureDefinition/shr-observation-Observation",
            "http://standardhealthrecord.org/fhir/StructureDefinition/shr-vital-VitalSign",
            "http://standardhealthrecord.org/fhir/StructureDefinition/shr-vital-BodyWeight"
          ]
        },
        "status": "final",
        "category": [
          {
            "coding": [
              {
                "system": "http://hl7.org/fhir/observation-category",
                "code": "vital-signs"
              }
            ]
          }
        ],
        "code": {
          "coding": [
            {
              "system": "http://loinc.org",
              "code": "29463-7",
              "display": "Body Weight"
            }
          ],
          "text": "Body Weight"
        },
        "subject": {
          "reference": "urn:uuid:0df19ce4-5782-4e89-b768-f2b5e1543723"
        },
        "context": {
          "reference": "urn:uuid:1e69d389-a164-41b8-95b1-06d282f1b7d9"
        },
        "effectiveDateTime": "2013-07-23T13:34:18-04:00",
        "issued": "2013-07-23T13:34:18-04:00",
        "valueQuantity": {
          "value": 40.77883084462429,
          "unit": "kg",
          "system": "http://unitsofmeasure.org/",
          "code": "kg"
        },
        "resourceType": "Observation"
      }
    },
    {
      "fullUrl": "urn:uuid:793f44af-06b8-4442-89de-3e8b21a4e09b",
      "resource": {
        "id": "793f44af-06b8-4442-89de-3e8b21a4e09b",
        "meta": {
          "profile": [
            "http://standardhealthrecord.org/fhir/StructureDefinition/shr-observation-Observation",
            "http://standardhealthrecord.org/fhir/StructureDefinition/shr-vital-VitalSign",
            "http://standardhealthrecord.org/fhir/StructureDefinition/shr-vital-BodyMassIndex"
          ]
        },
        "status": "final",
        "category": [
          {
            "coding": [
              {
                "system": "http://hl7.org/fhir/observation-category",
                "code": "vital-signs"
              }
            ]
          }
        ],
        "code": {
          "coding": [
            {
              "system": "http://loinc.org",
              "code": "39156-5",
              "display": "Body Mass Index"
            }
          ],
          "text": "Body Mass Index"
        },
        "subject": {
          "reference": "urn:uuid:0df19ce4-5782-4e89-b768-f2b5e1543723"
        },
        "context": {
          "reference": "urn:uuid:1e69d389-a164-41b8-95b1-06d282f1b7d9"
        },
        "effectiveDateTime": "2013-07-23T13:34:18-04:00",
        "issued": "2013-07-23T13:34:18-04:00",
        "valueQuantity": {
          "value": 18.805824946862693,
          "unit": "kg/m2",
          "system": "http://unitsofmeasure.org/",
          "code": "kg/m2"
        },
        "resourceType": "Observation"
      }
    },
    {
      "fullUrl": "urn:uuid:dc582a17-f283-46db-8ef0-4a9b1a5536f4",
      "resource": {
        "id": "dc582a17-f283-46db-8ef0-4a9b1a5536f4",
        "meta": {
          "profile": [
            "http://standardhealthrecord.org/fhir/StructureDefinition/shr-observation-Observation",
            "http://standardhealthrecord.org/fhir/StructureDefinition/shr-vital-BloodPressure"
          ]
        },
        "status": "final",
        "category": [
          {
            "coding": [
              {
                "system": "http://hl7.org/fhir/observation-category",
                "code": "vital-signs"
              }
            ]
          }
        ],
        "code": {
          "coding": [
            {
              "system": "http://loinc.org",
              "code": "55284-4",
              "display": "Blood Pressure"
            }
          ]
        },
        "subject": {
          "reference": "urn:uuid:0df19ce4-5782-4e89-b768-f2b5e1543723"
        },
        "context": {
          "reference": "urn:uuid:1e69d389-a164-41b8-95b1-06d282f1b7d9"
        },
        "effectiveDateTime": "2013-07-23T13:34:18-04:00",
        "issued": "2013-07-23T13:34:18-04:00",
        "component": [
          {
            "code": {
              "coding": [
                {
                  "system": "http://loinc.org",
                  "code": "8480-6",
                  "display": "Systolic Blood Pressure"
                }
              ],
              "text": "Systolic Blood Pressure"
            },
            "valueQuantity": {
              "value": 132,
              "unit": "mmHg",
              "system": "http://unitsofmeasure.org/",
              "code": "mmHg"
            }
          },
          {
            "code": {
              "coding": [
                {
                  "system": "http://loinc.org",
                  "code": "8462-4",
                  "display": "Diastolic Blood Pressure"
                }
              ],
              "text": "Diastolic Blood Pressure"
            },
            "valueQuantity": {
              "value": 89,
              "unit": "mmHg",
              "system": "http://unitsofmeasure.org/",
              "code": "mmHg"
            }
          }
        ],
        "resourceType": "Observation"
      }
    },
    {
      "resource": {
        "meta": {
          "profile": [
            "http://standardhealthrecord.org/fhir/StructureDefinition/shr-procedure-Procedure"
          ]
        },
        "extension": [
          {
            "url": "http://standardhealthrecord.org/fhir/StructureDefinition/shr-core-CodeableConcept-extension",
            "valueCodeableConcept": {
              "coding": [
                {
                  "system": "http://snomed.info/sct",
                  "code": "428191000124101",
                  "display": "Documentation of current medications"
                }
              ],
              "text": "Documentation of current medications"
            }
          }
        ],
        "status": "completed",
        "code": {
          "coding": [
            {
              "system": "http://snomed.info/sct",
              "code": "428191000124101",
              "display": "Documentation of current medications"
            }
          ],
          "text": "Documentation of current medications"
        },
        "subject": {
          "reference": "urn:uuid:0df19ce4-5782-4e89-b768-f2b5e1543723"
        },
        "context": {
          "reference": "urn:uuid:1e69d389-a164-41b8-95b1-06d282f1b7d9"
        },
        "performedDateTime": "2013-07-23T13:34:18-04:00",
        "resourceType": "Procedure"
      }
    },
    {
      "resource": {
        "meta": {
          "profile": [
            "http://standardhealthrecord.org/fhir/StructureDefinition/shr-immunization-Immunization"
          ]
        },
        "status": "completed",
        "notGiven": false,
        "vaccineCode": {
          "coding": [
            {
              "system": "http://hl7.org/fhir/sid/cvx",
              "code": "140",
              "display": "Influenza, seasonal, injectable, preservative free"
            }
          ],
          "text": "Influenza, seasonal, injectable, preservative free"
        },
        "patient": {
          "reference": "urn:uuid:0df19ce4-5782-4e89-b768-f2b5e1543723"
        },
        "encounter": {
          "reference": "urn:uuid:1e69d389-a164-41b8-95b1-06d282f1b7d9"
        },
        "date": "2013-07-23T13:34:18-04:00",
        "primarySource": true,
        "resourceType": "Immunization"
      }
    },
    {
      "resource": {
        "meta": {
          "profile": [
            "http://standardhealthrecord.org/fhir/StructureDefinition/shr-immunization-Immunization"
          ]
        },
        "status": "completed",
        "notGiven": false,
        "vaccineCode": {
          "coding": [
            {
              "system": "http://hl7.org/fhir/sid/cvx",
              "code": "62",
              "display": "HPV, quadrivalent"
            }
          ],
          "text": "HPV, quadrivalent"
        },
        "patient": {
          "reference": "urn:uuid:0df19ce4-5782-4e89-b768-f2b5e1543723"
        },
        "encounter": {
          "reference": "urn:uuid:1e69d389-a164-41b8-95b1-06d282f1b7d9"
        },
        "date": "2013-07-23T13:34:18-04:00",
        "primarySource": true,
        "resourceType": "Immunization"
      }
    },
    {
      "fullUrl": "urn:uuid:b684a15d-8f09-4c37-b374-75d362dc364c",
      "resource": {
        "id": "b684a15d-8f09-4c37-b374-75d362dc364c",
        "meta": {
          "profile": [
            "http://standardhealthrecord.org/fhir/StructureDefinition/shr-encounter-Encounter"
          ]
        },
        "status": "finished",
        "class": {
          "code": "outpatient"
        },
        "type": [
          {
            "coding": [
              {
                "system": "http://snomed.info/sct",
                "code": "170258001"
              }
            ],
            "text": "Outpatient Encounter"
          }
        ],
        "subject": {
          "reference": "urn:uuid:0df19ce4-5782-4e89-b768-f2b5e1543723"
        },
        "period": {
          "start": "2014-07-21T12:35:11-04:00",
          "end": "2014-07-21T13:35:11-04:00"
        },
        "serviceProvider": {
          "reference": "urn:uuid:79d8b2dc-8f2e-4620-a1b8-b41a5ee758ba"
        },
        "resourceType": "Encounter"
      }
    },
    {
      "fullUrl": "urn:uuid:2b6a5a28-716c-4f7c-b7c8-37bfd95db26d",
      "resource": {
        "id": "2b6a5a28-716c-4f7c-b7c8-37bfd95db26d",
        "meta": {
          "profile": [
            "http://standardhealthrecord.org/fhir/StructureDefinition/shr-observation-Observation",
            "http://standardhealthrecord.org/fhir/StructureDefinition/shr-vital-VitalSign",
            "http://standardhealthrecord.org/fhir/StructureDefinition/shr-vital-BodyHeight"
          ]
        },
        "status": "final",
        "category": [
          {
            "coding": [
              {
                "system": "http://hl7.org/fhir/observation-category",
                "code": "vital-signs"
              }
            ]
          }
        ],
        "code": {
          "coding": [
            {
              "system": "http://loinc.org",
              "code": "8302-2",
              "display": "Body Height"
            }
          ],
          "text": "Body Height"
        },
        "subject": {
          "reference": "urn:uuid:0df19ce4-5782-4e89-b768-f2b5e1543723"
        },
        "context": {
          "reference": "urn:uuid:b684a15d-8f09-4c37-b374-75d362dc364c"
        },
        "effectiveDateTime": "2014-07-21T12:35:11-04:00",
        "issued": "2014-07-21T12:35:11-04:00",
        "valueQuantity": {
          "value": 152.22344722163788,
          "unit": "cm",
          "system": "http://unitsofmeasure.org/",
          "code": "cm"
        },
        "resourceType": "Observation"
      }
    },
    {
      "fullUrl": "urn:uuid:4b4883b8-ba7e-4f43-bcc6-a64de58bf59b",
      "resource": {
        "id": "4b4883b8-ba7e-4f43-bcc6-a64de58bf59b",
        "meta": {
          "profile": [
            "http://standardhealthrecord.org/fhir/StructureDefinition/shr-observation-Observation",
            "http://standardhealthrecord.org/fhir/StructureDefinition/shr-vital-VitalSign",
            "http://standardhealthrecord.org/fhir/StructureDefinition/shr-vital-BodyWeight"
          ]
        },
        "status": "final",
        "category": [
          {
            "coding": [
              {
                "system": "http://hl7.org/fhir/observation-category",
                "code": "vital-signs"
              }
            ]
          }
        ],
        "code": {
          "coding": [
            {
              "system": "http://loinc.org",
              "code": "29463-7",
              "display": "Body Weight"
            }
          ],
          "text": "Body Weight"
        },
        "subject": {
          "reference": "urn:uuid:0df19ce4-5782-4e89-b768-f2b5e1543723"
        },
        "context": {
          "reference": "urn:uuid:b684a15d-8f09-4c37-b374-75d362dc364c"
        },
        "effectiveDateTime": "2014-07-21T12:35:11-04:00",
        "issued": "2014-07-21T12:35:11-04:00",
        "valueQuantity": {
          "value": 44.50087084807959,
          "unit": "kg",
          "system": "http://unitsofmeasure.org/",
          "code": "kg"
        },
        "resourceType": "Observation"
      }
    },
    {
      "fullUrl": "urn:uuid:663a7a5f-f02b-4075-833b-05d5f5b7f25b",
      "resource": {
        "id": "663a7a5f-f02b-4075-833b-05d5f5b7f25b",
        "meta": {
          "profile": [
            "http://standardhealthrecord.org/fhir/StructureDefinition/shr-observation-Observation",
            "http://standardhealthrecord.org/fhir/StructureDefinition/shr-vital-VitalSign",
            "http://standardhealthrecord.org/fhir/StructureDefinition/shr-vital-BodyMassIndex"
          ]
        },
        "status": "final",
        "category": [
          {
            "coding": [
              {
                "system": "http://hl7.org/fhir/observation-category",
                "code": "vital-signs"
              }
            ]
          }
        ],
        "code": {
          "coding": [
            {
              "system": "http://loinc.org",
              "code": "39156-5",
              "display": "Body Mass Index"
            }
          ],
          "text": "Body Mass Index"
        },
        "subject": {
          "reference": "urn:uuid:0df19ce4-5782-4e89-b768-f2b5e1543723"
        },
        "context": {
          "reference": "urn:uuid:b684a15d-8f09-4c37-b374-75d362dc364c"
        },
        "effectiveDateTime": "2014-07-21T12:35:11-04:00",
        "issued": "2014-07-21T12:35:11-04:00",
        "valueQuantity": {
          "value": 19.20460612847922,
          "unit": "kg/m2",
          "system": "http://unitsofmeasure.org/",
          "code": "kg/m2"
        },
        "resourceType": "Observation"
      }
    },
    {
      "fullUrl": "urn:uuid:06dd1ef1-19ba-43ce-bfd2-bf0b7e2c5edc",
      "resource": {
        "id": "06dd1ef1-19ba-43ce-bfd2-bf0b7e2c5edc",
        "meta": {
          "profile": [
            "http://standardhealthrecord.org/fhir/StructureDefinition/shr-observation-Observation",
            "http://standardhealthrecord.org/fhir/StructureDefinition/shr-vital-BloodPressure"
          ]
        },
        "status": "final",
        "category": [
          {
            "coding": [
              {
                "system": "http://hl7.org/fhir/observation-category",
                "code": "vital-signs"
              }
            ]
          }
        ],
        "code": {
          "coding": [
            {
              "system": "http://loinc.org",
              "code": "55284-4",
              "display": "Blood Pressure"
            }
          ]
        },
        "subject": {
          "reference": "urn:uuid:0df19ce4-5782-4e89-b768-f2b5e1543723"
        },
        "context": {
          "reference": "urn:uuid:b684a15d-8f09-4c37-b374-75d362dc364c"
        },
        "effectiveDateTime": "2014-07-21T12:35:11-04:00",
        "issued": "2014-07-21T12:35:11-04:00",
        "component": [
          {
            "code": {
              "coding": [
                {
                  "system": "http://loinc.org",
                  "code": "8480-6",
                  "display": "Systolic Blood Pressure"
                }
              ],
              "text": "Systolic Blood Pressure"
            },
            "valueQuantity": {
              "value": 121,
              "unit": "mmHg",
              "system": "http://unitsofmeasure.org/",
              "code": "mmHg"
            }
          },
          {
            "code": {
              "coding": [
                {
                  "system": "http://loinc.org",
                  "code": "8462-4",
                  "display": "Diastolic Blood Pressure"
                }
              ],
              "text": "Diastolic Blood Pressure"
            },
            "valueQuantity": {
              "value": 84,
              "unit": "mmHg",
              "system": "http://unitsofmeasure.org/",
              "code": "mmHg"
            }
          }
        ],
        "resourceType": "Observation"
      }
    },
    {
      "resource": {
        "meta": {
          "profile": [
            "http://standardhealthrecord.org/fhir/StructureDefinition/shr-immunization-Immunization"
          ]
        },
        "status": "completed",
        "notGiven": false,
        "vaccineCode": {
          "coding": [
            {
              "system": "http://hl7.org/fhir/sid/cvx",
              "code": "140",
              "display": "Influenza, seasonal, injectable, preservative free"
            }
          ],
          "text": "Influenza, seasonal, injectable, preservative free"
        },
        "patient": {
          "reference": "urn:uuid:0df19ce4-5782-4e89-b768-f2b5e1543723"
        },
        "encounter": {
          "reference": "urn:uuid:b684a15d-8f09-4c37-b374-75d362dc364c"
        },
        "date": "2014-07-21T12:35:11-04:00",
        "primarySource": true,
        "resourceType": "Immunization"
      }
    },
    {
      "resource": {
        "meta": {
          "profile": [
            "http://standardhealthrecord.org/fhir/StructureDefinition/shr-immunization-Immunization"
          ]
        },
        "status": "completed",
        "notGiven": false,
        "vaccineCode": {
          "coding": [
            {
              "system": "http://hl7.org/fhir/sid/cvx",
              "code": "62",
              "display": "HPV, quadrivalent"
            }
          ],
          "text": "HPV, quadrivalent"
        },
        "patient": {
          "reference": "urn:uuid:0df19ce4-5782-4e89-b768-f2b5e1543723"
        },
        "encounter": {
          "reference": "urn:uuid:b684a15d-8f09-4c37-b374-75d362dc364c"
        },
        "date": "2014-07-21T12:35:11-04:00",
        "primarySource": true,
        "resourceType": "Immunization"
      }
    },
    {
      "fullUrl": "urn:uuid:1878c90f-1790-4648-bc44-08ec57808d34",
      "resource": {
        "id": "1878c90f-1790-4648-bc44-08ec57808d34",
        "meta": {
          "profile": [
            "http://standardhealthrecord.org/fhir/StructureDefinition/shr-encounter-Encounter"
          ]
        },
        "status": "finished",
        "class": {
          "code": "outpatient"
        },
        "type": [
          {
            "coding": [
              {
                "system": "http://snomed.info/sct",
                "code": "698314001"
              }
            ],
            "text": "Consultation for treatment"
          }
        ],
        "subject": {
          "reference": "urn:uuid:0df19ce4-5782-4e89-b768-f2b5e1543723"
        },
        "period": {
          "start": "2015-01-11T01:59:30-05:00",
          "end": "2015-01-11T01:59:30-05:00"
        },
        "serviceProvider": {
          "reference": "urn:uuid:79d8b2dc-8f2e-4620-a1b8-b41a5ee758ba"
        },
        "resourceType": "Encounter"
      }
    },
    {
      "resource": {
        "meta": {
          "profile": [
            "http://standardhealthrecord.org/fhir/StructureDefinition/shr-medication-Medication"
          ]
        },
        "code": {
          "coding": [
            {
              "system": "http://www.nlm.nih.gov/research/umls/rxnorm",
              "code": "751905",
              "display": "Trinessa 28 Day Pack"
            }
          ],
          "text": "Trinessa 28 Day Pack"
        },
        "resourceType": "Medication"
      }
    },
    {
      "resource": {
        "meta": {
          "profile": [
            "http://standardhealthrecord.org/fhir/StructureDefinition/shr-medication-MedicationPrescription"
          ]
        },
        "extension": [
          {
            "url": "http://standardhealthrecord.org/fhir/StructureDefinition/shr-base-ActionCode-extension",
            "valueCodeableConcept": {
              "coding": [
                {
                  "system": "http://snomed.info/sct",
                  "code": "33633005",
                  "display": "Prescription of drug (procedure)"
                }
              ],
              "text": "Prescription of drug (procedure)"
            }
          }
        ],
        "status": "active",
        "medicationReference": {
          "reference": ""
        },
        "subject": {
          "reference": "urn:uuid:0df19ce4-5782-4e89-b768-f2b5e1543723"
        },
        "context": {
          "reference": "urn:uuid:1878c90f-1790-4648-bc44-08ec57808d34"
        },
        "authoredOn": "2015-01-11",
        "dosageInstruction": [
          {

          }
        ],
        "resourceType": "MedicationRequest"
      }
    },
    {
      "fullUrl": "urn:uuid:d1fbd576-b363-4dfd-882a-6e52deea46bc",
      "resource": {
        "id": "d1fbd576-b363-4dfd-882a-6e52deea46bc",
        "meta": {
          "profile": [
            "http://standardhealthrecord.org/fhir/StructureDefinition/shr-encounter-Encounter"
          ]
        },
        "status": "finished",
        "class": {
          "code": "outpatient"
        },
        "type": [
          {
            "coding": [
              {
                "system": "http://snomed.info/sct",
                "code": "170258001"
              }
            ],
            "text": "Outpatient Encounter"
          }
        ],
        "subject": {
          "reference": "urn:uuid:0df19ce4-5782-4e89-b768-f2b5e1543723"
        },
        "period": {
          "start": "2015-06-21T17:24:26-04:00",
          "end": "2015-06-21T18:24:26-04:00"
        },
        "serviceProvider": {
          "reference": "urn:uuid:79d8b2dc-8f2e-4620-a1b8-b41a5ee758ba"
        },
        "resourceType": "Encounter"
      }
    },
    {
      "fullUrl": "urn:uuid:9d06a2fd-bb90-40b4-be54-f1d492f0f1d4",
      "resource": {
        "id": "9d06a2fd-bb90-40b4-be54-f1d492f0f1d4",
        "meta": {
          "profile": [
            "http://standardhealthrecord.org/fhir/StructureDefinition/shr-observation-Observation",
            "http://standardhealthrecord.org/fhir/StructureDefinition/shr-vital-VitalSign",
            "http://standardhealthrecord.org/fhir/StructureDefinition/shr-vital-BodyHeight"
          ]
        },
        "status": "final",
        "category": [
          {
            "coding": [
              {
                "system": "http://hl7.org/fhir/observation-category",
                "code": "vital-signs"
              }
            ]
          }
        ],
        "code": {
          "coding": [
            {
              "system": "http://loinc.org",
              "code": "8302-2",
              "display": "Body Height"
            }
          ],
          "text": "Body Height"
        },
        "subject": {
          "reference": "urn:uuid:0df19ce4-5782-4e89-b768-f2b5e1543723"
        },
        "context": {
          "reference": "urn:uuid:d1fbd576-b363-4dfd-882a-6e52deea46bc"
        },
        "effectiveDateTime": "2015-06-21T17:24:26-04:00",
        "issued": "2015-06-21T17:24:26-04:00",
        "valueQuantity": {
          "value": 154.43434555541396,
          "unit": "cm",
          "system": "http://unitsofmeasure.org/",
          "code": "cm"
        },
        "resourceType": "Observation"
      }
    },
    {
      "fullUrl": "urn:uuid:831d91f4-4796-429b-8444-cdefa579ab44",
      "resource": {
        "id": "831d91f4-4796-429b-8444-cdefa579ab44",
        "meta": {
          "profile": [
            "http://standardhealthrecord.org/fhir/StructureDefinition/shr-observation-Observation",
            "http://standardhealthrecord.org/fhir/StructureDefinition/shr-vital-VitalSign",
            "http://standardhealthrecord.org/fhir/StructureDefinition/shr-vital-BodyWeight"
          ]
        },
        "status": "final",
        "category": [
          {
            "coding": [
              {
                "system": "http://hl7.org/fhir/observation-category",
                "code": "vital-signs"
              }
            ]
          }
        ],
        "code": {
          "coding": [
            {
              "system": "http://loinc.org",
              "code": "29463-7",
              "display": "Body Weight"
            }
          ],
          "text": "Body Weight"
        },
        "subject": {
          "reference": "urn:uuid:0df19ce4-5782-4e89-b768-f2b5e1543723"
        },
        "context": {
          "reference": "urn:uuid:d1fbd576-b363-4dfd-882a-6e52deea46bc"
        },
        "effectiveDateTime": "2015-06-21T17:24:26-04:00",
        "issued": "2015-06-21T17:24:26-04:00",
        "valueQuantity": {
          "value": 47.34512565909709,
          "unit": "kg",
          "system": "http://unitsofmeasure.org/",
          "code": "kg"
        },
        "resourceType": "Observation"
      }
    },
    {
      "fullUrl": "urn:uuid:d4f17bf6-17fe-4a36-a91a-add899c10ce8",
      "resource": {
        "id": "d4f17bf6-17fe-4a36-a91a-add899c10ce8",
        "meta": {
          "profile": [
            "http://standardhealthrecord.org/fhir/StructureDefinition/shr-observation-Observation",
            "http://standardhealthrecord.org/fhir/StructureDefinition/shr-vital-VitalSign",
            "http://standardhealthrecord.org/fhir/StructureDefinition/shr-vital-BodyMassIndex"
          ]
        },
        "status": "final",
        "category": [
          {
            "coding": [
              {
                "system": "http://hl7.org/fhir/observation-category",
                "code": "vital-signs"
              }
            ]
          }
        ],
        "code": {
          "coding": [
            {
              "system": "http://loinc.org",
              "code": "39156-5",
              "display": "Body Mass Index"
            }
          ],
          "text": "Body Mass Index"
        },
        "subject": {
          "reference": "urn:uuid:0df19ce4-5782-4e89-b768-f2b5e1543723"
        },
        "context": {
          "reference": "urn:uuid:d1fbd576-b363-4dfd-882a-6e52deea46bc"
        },
        "effectiveDateTime": "2015-06-21T17:24:26-04:00",
        "issued": "2015-06-21T17:24:26-04:00",
        "valueQuantity": {
          "value": 19.851233121679066,
          "unit": "kg/m2",
          "system": "http://unitsofmeasure.org/",
          "code": "kg/m2"
        },
        "resourceType": "Observation"
      }
    },
    {
      "fullUrl": "urn:uuid:0714c71b-52dd-4900-be26-8227e88270c6",
      "resource": {
        "id": "0714c71b-52dd-4900-be26-8227e88270c6",
        "meta": {
          "profile": [
            "http://standardhealthrecord.org/fhir/StructureDefinition/shr-observation-Observation",
            "http://standardhealthrecord.org/fhir/StructureDefinition/shr-vital-BloodPressure"
          ]
        },
        "status": "final",
        "category": [
          {
            "coding": [
              {
                "system": "http://hl7.org/fhir/observation-category",
                "code": "vital-signs"
              }
            ]
          }
        ],
        "code": {
          "coding": [
            {
              "system": "http://loinc.org",
              "code": "55284-4",
              "display": "Blood Pressure"
            }
          ]
        },
        "subject": {
          "reference": "urn:uuid:0df19ce4-5782-4e89-b768-f2b5e1543723"
        },
        "context": {
          "reference": "urn:uuid:d1fbd576-b363-4dfd-882a-6e52deea46bc"
        },
        "effectiveDateTime": "2015-06-21T17:24:26-04:00",
        "issued": "2015-06-21T17:24:26-04:00",
        "component": [
          {
            "code": {
              "coding": [
                {
                  "system": "http://loinc.org",
                  "code": "8480-6",
                  "display": "Systolic Blood Pressure"
                }
              ],
              "text": "Systolic Blood Pressure"
            },
            "valueQuantity": {
              "value": 114,
              "unit": "mmHg",
              "system": "http://unitsofmeasure.org/",
              "code": "mmHg"
            }
          },
          {
            "code": {
              "coding": [
                {
                  "system": "http://loinc.org",
                  "code": "8462-4",
                  "display": "Diastolic Blood Pressure"
                }
              ],
              "text": "Diastolic Blood Pressure"
            },
            "valueQuantity": {
              "value": 74,
              "unit": "mmHg",
              "system": "http://unitsofmeasure.org/",
              "code": "mmHg"
            }
          }
        ],
        "resourceType": "Observation"
      }
    },
    {
      "resource": {
        "meta": {
          "profile": [
            "http://standardhealthrecord.org/fhir/StructureDefinition/shr-procedure-Procedure"
          ]
        },
        "extension": [
          {
            "url": "http://standardhealthrecord.org/fhir/StructureDefinition/shr-core-CodeableConcept-extension",
            "valueCodeableConcept": {
              "coding": [
                {
                  "system": "http://snomed.info/sct",
                  "code": "428191000124101",
                  "display": "Documentation of current medications"
                }
              ],
              "text": "Documentation of current medications"
            }
          }
        ],
        "status": "completed",
        "code": {
          "coding": [
            {
              "system": "http://snomed.info/sct",
              "code": "428191000124101",
              "display": "Documentation of current medications"
            }
          ],
          "text": "Documentation of current medications"
        },
        "subject": {
          "reference": "urn:uuid:0df19ce4-5782-4e89-b768-f2b5e1543723"
        },
        "context": {
          "reference": "urn:uuid:d1fbd576-b363-4dfd-882a-6e52deea46bc"
        },
        "performedDateTime": "2015-06-21T17:24:26-04:00",
        "resourceType": "Procedure"
      }
    },
    {
      "fullUrl": "urn:uuid:8b23fbe9-84cc-4d66-bf15-1a628c4090c5",
      "resource": {
        "id": "8b23fbe9-84cc-4d66-bf15-1a628c4090c5",
        "meta": {
          "profile": [
            "http://standardhealthrecord.org/fhir/StructureDefinition/shr-encounter-Encounter"
          ]
        },
        "status": "finished",
        "class": {
          "code": "outpatient"
        },
        "type": [
          {
            "coding": [
              {
                "system": "http://snomed.info/sct",
                "code": "170258001"
              }
            ],
            "text": "Outpatient Encounter"
          }
        ],
        "subject": {
          "reference": "urn:uuid:0df19ce4-5782-4e89-b768-f2b5e1543723"
        },
        "period": {
          "start": "2016-06-15T03:46:01-04:00",
          "end": "2016-06-15T04:46:01-04:00"
        },
        "serviceProvider": {
          "reference": "urn:uuid:79d8b2dc-8f2e-4620-a1b8-b41a5ee758ba"
        },
        "resourceType": "Encounter"
      }
    },
    {
      "fullUrl": "urn:uuid:68742e6e-c3c7-48c9-a502-4a283fc150a3",
      "resource": {
        "id": "68742e6e-c3c7-48c9-a502-4a283fc150a3",
        "meta": {
          "profile": [
            "http://standardhealthrecord.org/fhir/StructureDefinition/shr-observation-Observation",
            "http://standardhealthrecord.org/fhir/StructureDefinition/shr-vital-VitalSign",
            "http://standardhealthrecord.org/fhir/StructureDefinition/shr-vital-BodyHeight"
          ]
        },
        "status": "final",
        "category": [
          {
            "coding": [
              {
                "system": "http://hl7.org/fhir/observation-category",
                "code": "vital-signs"
              }
            ]
          }
        ],
        "code": {
          "coding": [
            {
              "system": "http://loinc.org",
              "code": "8302-2",
              "display": "Body Height"
            }
          ],
          "text": "Body Height"
        },
        "subject": {
          "reference": "urn:uuid:0df19ce4-5782-4e89-b768-f2b5e1543723"
        },
        "context": {
          "reference": "urn:uuid:8b23fbe9-84cc-4d66-bf15-1a628c4090c5"
        },
        "effectiveDateTime": "2016-06-15T03:46:01-04:00",
        "issued": "2016-06-15T03:46:01-04:00",
        "valueQuantity": {
          "value": 155.51057847485714,
          "unit": "cm",
          "system": "http://unitsofmeasure.org/",
          "code": "cm"
        },
        "resourceType": "Observation"
      }
    },
    {
      "fullUrl": "urn:uuid:c9a00259-6008-4ebd-8a00-eb140066b45a",
      "resource": {
        "id": "c9a00259-6008-4ebd-8a00-eb140066b45a",
        "meta": {
          "profile": [
            "http://standardhealthrecord.org/fhir/StructureDefinition/shr-observation-Observation",
            "http://standardhealthrecord.org/fhir/StructureDefinition/shr-vital-VitalSign",
            "http://standardhealthrecord.org/fhir/StructureDefinition/shr-vital-BodyWeight"
          ]
        },
        "status": "final",
        "category": [
          {
            "coding": [
              {
                "system": "http://hl7.org/fhir/observation-category",
                "code": "vital-signs"
              }
            ]
          }
        ],
        "code": {
          "coding": [
            {
              "system": "http://loinc.org",
              "code": "29463-7",
              "display": "Body Weight"
            }
          ],
          "text": "Body Weight"
        },
        "subject": {
          "reference": "urn:uuid:0df19ce4-5782-4e89-b768-f2b5e1543723"
        },
        "context": {
          "reference": "urn:uuid:8b23fbe9-84cc-4d66-bf15-1a628c4090c5"
        },
        "effectiveDateTime": "2016-06-15T03:46:01-04:00",
        "issued": "2016-06-15T03:46:01-04:00",
        "valueQuantity": {
          "value": 49.689299275721254,
          "unit": "kg",
          "system": "http://unitsofmeasure.org/",
          "code": "kg"
        },
        "resourceType": "Observation"
      }
    },
    {
      "fullUrl": "urn:uuid:726458cb-8e22-4f77-9208-0fd5cf5c4903",
      "resource": {
        "id": "726458cb-8e22-4f77-9208-0fd5cf5c4903",
        "meta": {
          "profile": [
            "http://standardhealthrecord.org/fhir/StructureDefinition/shr-observation-Observation",
            "http://standardhealthrecord.org/fhir/StructureDefinition/shr-vital-VitalSign",
            "http://standardhealthrecord.org/fhir/StructureDefinition/shr-vital-BodyMassIndex"
          ]
        },
        "status": "final",
        "category": [
          {
            "coding": [
              {
                "system": "http://hl7.org/fhir/observation-category",
                "code": "vital-signs"
              }
            ]
          }
        ],
        "code": {
          "coding": [
            {
              "system": "http://loinc.org",
              "code": "39156-5",
              "display": "Body Mass Index"
            }
          ],
          "text": "Body Mass Index"
        },
        "subject": {
          "reference": "urn:uuid:0df19ce4-5782-4e89-b768-f2b5e1543723"
        },
        "context": {
          "reference": "urn:uuid:8b23fbe9-84cc-4d66-bf15-1a628c4090c5"
        },
        "effectiveDateTime": "2016-06-15T03:46:01-04:00",
        "issued": "2016-06-15T03:46:01-04:00",
        "valueQuantity": {
          "value": 20.546743462532955,
          "unit": "kg/m2",
          "system": "http://unitsofmeasure.org/",
          "code": "kg/m2"
        },
        "resourceType": "Observation"
      }
    },
    {
      "fullUrl": "urn:uuid:b908e004-3b6e-495f-b792-448a67f07ed0",
      "resource": {
        "id": "b908e004-3b6e-495f-b792-448a67f07ed0",
        "meta": {
          "profile": [
            "http://standardhealthrecord.org/fhir/StructureDefinition/shr-observation-Observation",
            "http://standardhealthrecord.org/fhir/StructureDefinition/shr-vital-BloodPressure"
          ]
        },
        "status": "final",
        "category": [
          {
            "coding": [
              {
                "system": "http://hl7.org/fhir/observation-category",
                "code": "vital-signs"
              }
            ]
          }
        ],
        "code": {
          "coding": [
            {
              "system": "http://loinc.org",
              "code": "55284-4",
              "display": "Blood Pressure"
            }
          ]
        },
        "subject": {
          "reference": "urn:uuid:0df19ce4-5782-4e89-b768-f2b5e1543723"
        },
        "context": {
          "reference": "urn:uuid:8b23fbe9-84cc-4d66-bf15-1a628c4090c5"
        },
        "effectiveDateTime": "2016-06-15T03:46:01-04:00",
        "issued": "2016-06-15T03:46:01-04:00",
        "component": [
          {
            "code": {
              "coding": [
                {
                  "system": "http://loinc.org",
                  "code": "8480-6",
                  "display": "Systolic Blood Pressure"
                }
              ],
              "text": "Systolic Blood Pressure"
            },
            "valueQuantity": {
              "value": 123,
              "unit": "mmHg",
              "system": "http://unitsofmeasure.org/",
              "code": "mmHg"
            }
          },
          {
            "code": {
              "coding": [
                {
                  "system": "http://loinc.org",
                  "code": "8462-4",
                  "display": "Diastolic Blood Pressure"
                }
              ],
              "text": "Diastolic Blood Pressure"
            },
            "valueQuantity": {
              "value": 79,
              "unit": "mmHg",
              "system": "http://unitsofmeasure.org/",
              "code": "mmHg"
            }
          }
        ],
        "resourceType": "Observation"
      }
    },
    {
      "resource": {
        "meta": {
          "profile": [
            "http://standardhealthrecord.org/fhir/StructureDefinition/shr-procedure-Procedure"
          ]
        },
        "extension": [
          {
            "url": "http://standardhealthrecord.org/fhir/StructureDefinition/shr-core-CodeableConcept-extension",
            "valueCodeableConcept": {
              "coding": [
                {
                  "system": "http://snomed.info/sct",
                  "code": "428191000124101",
                  "display": "Documentation of current medications"
                }
              ],
              "text": "Documentation of current medications"
            }
          }
        ],
        "status": "completed",
        "code": {
          "coding": [
            {
              "system": "http://snomed.info/sct",
              "code": "428191000124101",
              "display": "Documentation of current medications"
            }
          ],
          "text": "Documentation of current medications"
        },
        "subject": {
          "reference": "urn:uuid:0df19ce4-5782-4e89-b768-f2b5e1543723"
        },
        "context": {
          "reference": "urn:uuid:8b23fbe9-84cc-4d66-bf15-1a628c4090c5"
        },
        "performedDateTime": "2016-06-15T03:46:01-04:00",
        "resourceType": "Procedure"
      }
    },
    {
      "resource": {
        "meta": {
          "profile": [
            "http://standardhealthrecord.org/fhir/StructureDefinition/shr-immunization-Immunization"
          ]
        },
        "status": "completed",
        "notGiven": false,
        "vaccineCode": {
          "coding": [
            {
              "system": "http://hl7.org/fhir/sid/cvx",
              "code": "140",
              "display": "Influenza, seasonal, injectable, preservative free"
            }
          ],
          "text": "Influenza, seasonal, injectable, preservative free"
        },
        "patient": {
          "reference": "urn:uuid:0df19ce4-5782-4e89-b768-f2b5e1543723"
        },
        "encounter": {
          "reference": "urn:uuid:8b23fbe9-84cc-4d66-bf15-1a628c4090c5"
        },
        "date": "2016-06-15T03:46:01-04:00",
        "primarySource": true,
        "resourceType": "Immunization"
      }
    },
    {
      "fullUrl": "urn:uuid:c233a965-fafb-45f8-93e8-42c586d7d633",
      "resource": {
        "id": "c233a965-fafb-45f8-93e8-42c586d7d633",
        "meta": {
          "profile": [
            "http://standardhealthrecord.org/fhir/StructureDefinition/shr-encounter-Encounter"
          ]
        },
        "status": "finished",
        "class": {
          "code": "outpatient"
        },
        "type": [
          {
            "coding": [
              {
                "system": "http://snomed.info/sct",
                "code": "170258001"
              }
            ],
            "text": "Outpatient Encounter"
          }
        ],
        "subject": {
          "reference": "urn:uuid:0df19ce4-5782-4e89-b768-f2b5e1543723"
        },
        "period": {
          "start": "2017-02-16T02:25:00-05:00",
          "end": "2017-02-16T03:25:00-05:00"
        },
        "serviceProvider": {
          "reference": "urn:uuid:79d8b2dc-8f2e-4620-a1b8-b41a5ee758ba"
        },
        "resourceType": "Encounter"
      }
    },
    {
      "fullUrl": "urn:uuid:c0bc1188-3d21-40e8-aae7-0e8253dbacd8",
      "resource": {
        "id": "c0bc1188-3d21-40e8-aae7-0e8253dbacd8",
        "meta": {
          "profile": [
            "http://standardhealthrecord.org/fhir/StructureDefinition/shr-observation-Observation",
            "http://standardhealthrecord.org/fhir/StructureDefinition/shr-vital-VitalSign",
            "http://standardhealthrecord.org/fhir/StructureDefinition/shr-vital-BodyHeight"
          ]
        },
        "status": "final",
        "category": [
          {
            "coding": [
              {
                "system": "http://hl7.org/fhir/observation-category",
                "code": "vital-signs"
              }
            ]
          }
        ],
        "code": {
          "coding": [
            {
              "system": "http://loinc.org",
              "code": "8302-2",
              "display": "Body Height"
            }
          ],
          "text": "Body Height"
        },
        "subject": {
          "reference": "urn:uuid:0df19ce4-5782-4e89-b768-f2b5e1543723"
        },
        "context": {
          "reference": "urn:uuid:c233a965-fafb-45f8-93e8-42c586d7d633"
        },
        "effectiveDateTime": "2017-02-16T02:25:00-05:00",
        "issued": "2017-02-16T02:25:00-05:00",
        "valueQuantity": {
          "value": 155.883542016753,
          "unit": "cm",
          "system": "http://unitsofmeasure.org/",
          "code": "cm"
        },
        "resourceType": "Observation"
      }
    },
    {
      "fullUrl": "urn:uuid:2d333e19-538c-497b-9039-331a68e64848",
      "resource": {
        "id": "2d333e19-538c-497b-9039-331a68e64848",
        "meta": {
          "profile": [
            "http://standardhealthrecord.org/fhir/StructureDefinition/shr-observation-Observation",
            "http://standardhealthrecord.org/fhir/StructureDefinition/shr-vital-VitalSign",
            "http://standardhealthrecord.org/fhir/StructureDefinition/shr-vital-BodyWeight"
          ]
        },
        "status": "final",
        "category": [
          {
            "coding": [
              {
                "system": "http://hl7.org/fhir/observation-category",
                "code": "vital-signs"
              }
            ]
          }
        ],
        "code": {
          "coding": [
            {
              "system": "http://loinc.org",
              "code": "29463-7",
              "display": "Body Weight"
            }
          ],
          "text": "Body Weight"
        },
        "subject": {
          "reference": "urn:uuid:0df19ce4-5782-4e89-b768-f2b5e1543723"
        },
        "context": {
          "reference": "urn:uuid:c233a965-fafb-45f8-93e8-42c586d7d633"
        },
        "effectiveDateTime": "2017-02-16T02:25:00-05:00",
        "issued": "2017-02-16T02:25:00-05:00",
        "valueQuantity": {
          "value": 50.833651998789904,
          "unit": "kg",
          "system": "http://unitsofmeasure.org/",
          "code": "kg"
        },
        "resourceType": "Observation"
      }
    },
    {
      "fullUrl": "urn:uuid:a7080fb5-70b2-4fdf-ab77-4e585a373c72",
      "resource": {
        "id": "a7080fb5-70b2-4fdf-ab77-4e585a373c72",
        "meta": {
          "profile": [
            "http://standardhealthrecord.org/fhir/StructureDefinition/shr-observation-Observation",
            "http://standardhealthrecord.org/fhir/StructureDefinition/shr-vital-VitalSign",
            "http://standardhealthrecord.org/fhir/StructureDefinition/shr-vital-BodyMassIndex"
          ]
        },
        "status": "final",
        "category": [
          {
            "coding": [
              {
                "system": "http://hl7.org/fhir/observation-category",
                "code": "vital-signs"
              }
            ]
          }
        ],
        "code": {
          "coding": [
            {
              "system": "http://loinc.org",
              "code": "39156-5",
              "display": "Body Mass Index"
            }
          ],
          "text": "Body Mass Index"
        },
        "subject": {
          "reference": "urn:uuid:0df19ce4-5782-4e89-b768-f2b5e1543723"
        },
        "context": {
          "reference": "urn:uuid:c233a965-fafb-45f8-93e8-42c586d7d633"
        },
        "effectiveDateTime": "2017-02-16T02:25:00-05:00",
        "issued": "2017-02-16T02:25:00-05:00",
        "valueQuantity": {
          "value": 20.919474979731092,
          "unit": "kg/m2",
          "system": "http://unitsofmeasure.org/",
          "code": "kg/m2"
        },
        "resourceType": "Observation"
      }
    },
    {
      "fullUrl": "urn:uuid:804630a1-71d8-4d7e-a4ab-3d218baabeee",
      "resource": {
        "id": "804630a1-71d8-4d7e-a4ab-3d218baabeee",
        "meta": {
          "profile": [
            "http://standardhealthrecord.org/fhir/StructureDefinition/shr-observation-Observation",
            "http://standardhealthrecord.org/fhir/StructureDefinition/shr-vital-BloodPressure"
          ]
        },
        "status": "final",
        "category": [
          {
            "coding": [
              {
                "system": "http://hl7.org/fhir/observation-category",
                "code": "vital-signs"
              }
            ]
          }
        ],
        "code": {
          "coding": [
            {
              "system": "http://loinc.org",
              "code": "55284-4",
              "display": "Blood Pressure"
            }
          ]
        },
        "subject": {
          "reference": "urn:uuid:0df19ce4-5782-4e89-b768-f2b5e1543723"
        },
        "context": {
          "reference": "urn:uuid:c233a965-fafb-45f8-93e8-42c586d7d633"
        },
        "effectiveDateTime": "2017-02-16T02:25:00-05:00",
        "issued": "2017-02-16T02:25:00-05:00",
        "component": [
          {
            "code": {
              "coding": [
                {
                  "system": "http://loinc.org",
                  "code": "8480-6",
                  "display": "Systolic Blood Pressure"
                }
              ],
              "text": "Systolic Blood Pressure"
            },
            "valueQuantity": {
              "value": 134,
              "unit": "mmHg",
              "system": "http://unitsofmeasure.org/",
              "code": "mmHg"
            }
          },
          {
            "code": {
              "coding": [
                {
                  "system": "http://loinc.org",
                  "code": "8462-4",
                  "display": "Diastolic Blood Pressure"
                }
              ],
              "text": "Diastolic Blood Pressure"
            },
            "valueQuantity": {
              "value": 82,
              "unit": "mmHg",
              "system": "http://unitsofmeasure.org/",
              "code": "mmHg"
            }
          }
        ],
        "resourceType": "Observation"
      }
    },
    {
      "resource": {
        "meta": {
          "profile": [
            "http://standardhealthrecord.org/fhir/StructureDefinition/shr-immunization-Immunization"
          ]
        },
        "status": "completed",
        "notGiven": false,
        "vaccineCode": {
          "coding": [
            {
              "system": "http://hl7.org/fhir/sid/cvx",
              "code": "140",
              "display": "Influenza, seasonal, injectable, preservative free"
            }
          ],
          "text": "Influenza, seasonal, injectable, preservative free"
        },
        "patient": {
          "reference": "urn:uuid:0df19ce4-5782-4e89-b768-f2b5e1543723"
        },
        "encounter": {
          "reference": "urn:uuid:c233a965-fafb-45f8-93e8-42c586d7d633"
        },
        "date": "2017-02-16T02:25:00-05:00",
        "primarySource": true,
        "resourceType": "Immunization"
      }
    },
    {
      "resource": {
        "meta": {
          "profile": [
            "http://standardhealthrecord.org/fhir/StructureDefinition/shr-immunization-Immunization"
          ]
        },
        "status": "completed",
        "notGiven": false,
        "vaccineCode": {
          "coding": [
            {
              "system": "http://hl7.org/fhir/sid/cvx",
              "code": "114",
              "display": "meningococcal MCV4P"
            }
          ],
          "text": "meningococcal MCV4P"
        },
        "patient": {
          "reference": "urn:uuid:0df19ce4-5782-4e89-b768-f2b5e1543723"
        },
        "encounter": {
          "reference": "urn:uuid:c233a965-fafb-45f8-93e8-42c586d7d633"
        },
        "date": "2017-02-16T02:25:00-05:00",
        "primarySource": true,
        "resourceType": "Immunization"
      }
    }
  ],
  "resourceType": "Bundle"
}