{
  "type": "collection",
  "entry": [
    {
      "fullUrl": "urn:uuid:76d7233c-5d1d-423f-972f-99186a645e37",
      "resource": {
        "id": "76d7233c-5d1d-423f-972f-99186a645e37",
        "meta": {
          "profile": [
            "http://standardhealthrecord.org/fhir/StructureDefinition/shr-demographics-PersonOfRecord"
          ]
        },
        "text": {
          "status": "generated",
          "div": "<div>Generated by <a href=\"https://github.com/synthetichealth/synthea\">Synthea</a>. Version identifier: 4d02400401b9fab839e47bf5b2f1f6a8c683ab55</div>"
        },
        "extension": [
          {
            "url": "http://hl7.org/fhir/us/core/StructureDefinition/us-core-race",
            "valueCodeableConcept": {
              "coding": [
                {
                  "system": "http://hl7.org/fhir/v3/Race",
                  "code": "2106-3",
                  "display": "White"
                }
              ],
              "text": "race"
            }
          },
          {
            "url": "http://hl7.org/fhir/us/core/StructureDefinition/us-core-ethnicity",
            "valueCodeableConcept": {
              "coding": [
                {
                  "system": "http://hl7.org/fhir/v3/Ethnicity",
                  "code": "2186-5",
                  "display": "Nonhispanic"
                }
              ],
              "text": "ethnicity"
            }
          },
          {
            "url": "http://hl7.org/fhir/StructureDefinition/birthPlace",
            "valueAddress": {
              "city": "Pittsfield",
              "state": "MA",
              "country": "US"
            }
          },
          {
            "url": "http://hl7.org/fhir/StructureDefinition/patient-mothersMaidenName",
            "valueString": "Herminio723 Walker696"
          },
          {
            "url": "http://hl7.org/fhir/us/core/StructureDefinition/us-core-birthsex",
            "valueCode": "F"
          },
          {
            "url": "http://hl7.org/fhir/StructureDefinition/patient-interpreterRequired",
            "valueBoolean": false
          },
          {
            "url": "http://standardhealthrecord.org/fhir/StructureDefinition/shr-actor-FictionalPerson-extension",
            "valueBoolean": true
          },
          {
            "url": "http://standardhealthrecord.org/fhir/StructureDefinition/shr-demographics-FathersName-extension",
            "valueHumanName": {
              "text": "Marisa285 Abbott992"
            }
          },
          {
            "url": "http://standardhealthrecord.org/fhir/StructureDefinition/shr-demographics-SocialSecurityNumber-extension",
            "valueString": "999-91-8810"
          }
        ],
        "identifier": [
          {
            "system": "https://github.com/synthetichealth/synthea",
            "value": "499905a7-52f7-4599-be23-225e1ba21acc"
          },
          {
            "type": {
              "coding": [
                {
                  "system": "http://hl7.org/fhir/identifier-type",
                  "code": "SB"
                }
              ]
            },
            "system": "http://hl7.org/fhir/sid/us-ssn",
            "value": "999918810"
          },
          {
            "type": {
              "coding": [
                {
                  "system": "http://hl7.org/fhir/v2/0203",
                  "code": "DL"
                }
              ]
            },
            "system": "urn:oid:2.16.840.1.113883.4.3.25",
            "value": "S99958813"
          },
          {
            "type": {
              "coding": [
                {
                  "system": "http://hl7.org/fhir/v2/0203",
                  "code": "PPN"
                }
              ]
            },
            "system": "http://standardhealthrecord.org/fhir/StructureDefinition/passportNumber",
            "value": "X35936076X"
          }
        ],
        "name": [
          {
            "use": "official",
            "family": "Abbott992",
            "given": [
              "Rhoda793"
            ],
            "prefix": [
              "Ms."
            ]
          }
        ],
        "telecom": [
          {
            "system": "phone",
            "value": "731.105.1023 x05969",
            "use": "home"
          }
        ],
        "gender": "female",
        "birthDate": "1992-12-16",
        "address": [
          {
            "extension": [
              {
                "extension": [
                  {
                    "url": "latitude",
                    "valueDecimal": 42.24219049640006
                  },
                  {
                    "url": "longitude",
                    "valueDecimal": -71.1730449924066
                  }
                ],
                "url": "http://hl7.org/fhir/StructureDefinition/geolocation"
              }
            ],
            "line": [
              "3772 Clinton Station"
            ],
            "city": "Dedham",
            "state": "MA",
            "postalCode": "02026",
            "country": "US"
          }
        ],
        "maritalStatus": {
          "coding": [
            {
              "system": "http://hl7.org/fhir/v3/MaritalStatus",
              "code": "S"
            }
          ],
          "text": "Never Married"
        },
        "multipleBirthBoolean": false,
        "communication": [
          {
            "language": {
              "coding": [
                {
                  "system": "http://hl7.org/fhir/ValueSet/languages",
                  "code": "en-US",
                  "display": "English (United States)"
                }
              ]
            }
          }
        ],
        "resourceType": "Patient"
      }
    },
    {
      "fullUrl": "urn:uuid:e8c7c1b4-fea8-491c-9c70-ec38dc4c49ed",
      "resource": {
        "id": "e8c7c1b4-fea8-491c-9c70-ec38dc4c49ed",
        "meta": {
          "profile": [
            "http://standardhealthrecord.org/fhir/StructureDefinition/shr-actor-Organization"
          ]
        },
        "type": [
          {
            "coding": [
              {
                "system": "http://hl7.org/fhir/ValueSet/organization-type",
                "code": "prov",
                "display": "Healthcare Provider"
              }
            ],
            "text": "Healthcare Provider"
          }
        ],
        "name": "Synthetic Provider",
        "resourceType": "Organization"
      }
    },
    {
      "fullUrl": "urn:uuid:bc12614e-8415-49d7-ad22-7c4010a1660b",
      "resource": {
        "id": "bc12614e-8415-49d7-ad22-7c4010a1660b",
        "meta": {
          "profile": [
            "http://standardhealthrecord.org/fhir/StructureDefinition/shr-encounter-Encounter"
          ]
        },
        "status": "finished",
        "class": {
          "code": "outpatient"
        },
        "type": [
          {
            "coding": [
              {
                "system": "http://snomed.info/sct",
                "code": "170258001"
              }
            ],
            "text": "Outpatient Encounter"
          }
        ],
        "subject": {
          "reference": "urn:uuid:76d7233c-5d1d-423f-972f-99186a645e37"
        },
        "period": {
          "start": "2010-11-27T04:51:54-05:00",
          "end": "2010-11-27T05:51:54-05:00"
        },
        "serviceProvider": {
          "reference": "urn:uuid:e8c7c1b4-fea8-491c-9c70-ec38dc4c49ed"
        },
        "resourceType": "Encounter"
      }
    },
    {
      "fullUrl": "urn:uuid:c33d2fcb-4517-4fb9-89dd-e9fc688de765",
      "resource": {
        "id": "c33d2fcb-4517-4fb9-89dd-e9fc688de765",
        "meta": {
          "profile": [
            "http://standardhealthrecord.org/fhir/StructureDefinition/shr-observation-Observation",
            "http://standardhealthrecord.org/fhir/StructureDefinition/shr-vital-VitalSign",
            "http://standardhealthrecord.org/fhir/StructureDefinition/shr-vital-BodyHeight"
          ]
        },
        "status": "final",
        "category": [
          {
            "coding": [
              {
                "system": "http://hl7.org/fhir/observation-category",
                "code": "vital-signs"
              }
            ]
          }
        ],
        "code": {
          "coding": [
            {
              "system": "http://loinc.org",
              "code": "8302-2",
              "display": "Body Height"
            }
          ],
          "text": "Body Height"
        },
        "subject": {
          "reference": "urn:uuid:76d7233c-5d1d-423f-972f-99186a645e37"
        },
        "context": {
          "reference": "urn:uuid:bc12614e-8415-49d7-ad22-7c4010a1660b"
        },
        "effectiveDateTime": "2010-11-27T04:51:54-05:00",
        "issued": "2010-11-27T04:51:54-05:00",
        "valueQuantity": {
          "value": 175.2742463078725,
          "unit": "cm",
          "system": "http://unitsofmeasure.org/",
          "code": "cm"
        },
        "resourceType": "Observation"
      }
    },
    {
      "fullUrl": "urn:uuid:e2f0be8f-4179-45c6-8feb-997864ef7ac3",
      "resource": {
        "id": "e2f0be8f-4179-45c6-8feb-997864ef7ac3",
        "meta": {
          "profile": [
            "http://standardhealthrecord.org/fhir/StructureDefinition/shr-observation-Observation",
            "http://standardhealthrecord.org/fhir/StructureDefinition/shr-vital-VitalSign",
            "http://standardhealthrecord.org/fhir/StructureDefinition/shr-vital-BodyWeight"
          ]
        },
        "status": "final",
        "category": [
          {
            "coding": [
              {
                "system": "http://hl7.org/fhir/observation-category",
                "code": "vital-signs"
              }
            ]
          }
        ],
        "code": {
          "coding": [
            {
              "system": "http://loinc.org",
              "code": "29463-7",
              "display": "Body Weight"
            }
          ],
          "text": "Body Weight"
        },
        "subject": {
          "reference": "urn:uuid:76d7233c-5d1d-423f-972f-99186a645e37"
        },
        "context": {
          "reference": "urn:uuid:bc12614e-8415-49d7-ad22-7c4010a1660b"
        },
        "effectiveDateTime": "2010-11-27T04:51:54-05:00",
        "issued": "2010-11-27T04:51:54-05:00",
        "valueQuantity": {
          "value": 64.5667138243948,
          "unit": "kg",
          "system": "http://unitsofmeasure.org/",
          "code": "kg"
        },
        "resourceType": "Observation"
      }
    },
    {
      "fullUrl": "urn:uuid:201fb0c2-6dde-4e74-9446-f47663ee9ce1",
      "resource": {
        "id": "201fb0c2-6dde-4e74-9446-f47663ee9ce1",
        "meta": {
          "profile": [
            "http://standardhealthrecord.org/fhir/StructureDefinition/shr-observation-Observation",
            "http://standardhealthrecord.org/fhir/StructureDefinition/shr-vital-VitalSign",
            "http://standardhealthrecord.org/fhir/StructureDefinition/shr-vital-BodyMassIndex"
          ]
        },
        "status": "final",
        "category": [
          {
            "coding": [
              {
                "system": "http://hl7.org/fhir/observation-category",
                "code": "vital-signs"
              }
            ]
          }
        ],
        "code": {
          "coding": [
            {
              "system": "http://loinc.org",
              "code": "39156-5",
              "display": "Body Mass Index"
            }
          ],
          "text": "Body Mass Index"
        },
        "subject": {
          "reference": "urn:uuid:76d7233c-5d1d-423f-972f-99186a645e37"
        },
        "context": {
          "reference": "urn:uuid:bc12614e-8415-49d7-ad22-7c4010a1660b"
        },
        "effectiveDateTime": "2010-11-27T04:51:54-05:00",
        "issued": "2010-11-27T04:51:54-05:00",
        "valueQuantity": {
          "value": 21.017084320171925,
          "unit": "kg/m2",
          "system": "http://unitsofmeasure.org/",
          "code": "kg/m2"
        },
        "resourceType": "Observation"
      }
    },
    {
      "fullUrl": "urn:uuid:f278bd9d-0eac-4605-8994-b9a80ce284f2",
      "resource": {
        "id": "f278bd9d-0eac-4605-8994-b9a80ce284f2",
        "meta": {
          "profile": [
            "http://standardhealthrecord.org/fhir/StructureDefinition/shr-observation-Observation",
            "http://standardhealthrecord.org/fhir/StructureDefinition/shr-vital-BloodPressure"
          ]
        },
        "status": "final",
        "category": [
          {
            "coding": [
              {
                "system": "http://hl7.org/fhir/observation-category",
                "code": "vital-signs"
              }
            ]
          }
        ],
        "code": {
          "coding": [
            {
              "system": "http://loinc.org",
              "code": "55284-4",
              "display": "Blood Pressure"
            }
          ]
        },
        "subject": {
          "reference": "urn:uuid:76d7233c-5d1d-423f-972f-99186a645e37"
        },
        "context": {
          "reference": "urn:uuid:bc12614e-8415-49d7-ad22-7c4010a1660b"
        },
        "effectiveDateTime": "2010-11-27T04:51:54-05:00",
        "issued": "2010-11-27T04:51:54-05:00",
        "component": [
          {
            "code": {
              "coding": [
                {
                  "system": "http://loinc.org",
                  "code": "8480-6",
                  "display": "Systolic Blood Pressure"
                }
              ],
              "text": "Systolic Blood Pressure"
            },
            "valueQuantity": {
              "value": 136,
              "unit": "mmHg",
              "system": "http://unitsofmeasure.org/",
              "code": "mmHg"
            }
          },
          {
            "code": {
              "coding": [
                {
                  "system": "http://loinc.org",
                  "code": "8462-4",
                  "display": "Diastolic Blood Pressure"
                }
              ],
              "text": "Diastolic Blood Pressure"
            },
            "valueQuantity": {
              "value": 83,
              "unit": "mmHg",
              "system": "http://unitsofmeasure.org/",
              "code": "mmHg"
            }
          }
        ],
        "resourceType": "Observation"
      }
    },
    {
      "resource": {
        "meta": {
          "profile": [
            "http://standardhealthrecord.org/fhir/StructureDefinition/shr-procedure-Procedure"
          ]
        },
        "extension": [
          {
            "url": "http://standardhealthrecord.org/fhir/StructureDefinition/shr-core-CodeableConcept-extension",
            "valueCodeableConcept": {
              "coding": [
                {
                  "system": "http://snomed.info/sct",
                  "code": "428191000124101",
                  "display": "Documentation of current medications"
                }
              ],
              "text": "Documentation of current medications"
            }
          }
        ],
        "status": "completed",
        "code": {
          "coding": [
            {
              "system": "http://snomed.info/sct",
              "code": "428191000124101",
              "display": "Documentation of current medications"
            }
          ],
          "text": "Documentation of current medications"
        },
        "subject": {
          "reference": "urn:uuid:76d7233c-5d1d-423f-972f-99186a645e37"
        },
        "context": {
          "reference": "urn:uuid:bc12614e-8415-49d7-ad22-7c4010a1660b"
        },
        "performedDateTime": "2010-11-27T04:51:54-05:00",
        "resourceType": "Procedure"
      }
    },
    {
      "resource": {
        "meta": {
          "profile": [
            "http://standardhealthrecord.org/fhir/StructureDefinition/shr-immunization-Immunization"
          ]
        },
        "status": "completed",
        "notGiven": false,
        "vaccineCode": {
          "coding": [
            {
              "system": "http://hl7.org/fhir/sid/cvx",
              "code": "140",
              "display": "Influenza, seasonal, injectable, preservative free"
            }
          ],
          "text": "Influenza, seasonal, injectable, preservative free"
        },
        "patient": {
          "reference": "urn:uuid:76d7233c-5d1d-423f-972f-99186a645e37"
        },
        "encounter": {
          "reference": "urn:uuid:bc12614e-8415-49d7-ad22-7c4010a1660b"
        },
        "date": "2010-11-27T04:51:54-05:00",
        "primarySource": true,
        "resourceType": "Immunization"
      }
    },
    {
      "resource": {
        "meta": {
          "profile": [
            "http://standardhealthrecord.org/fhir/StructureDefinition/shr-medication-Medication"
          ]
        },
        "code": {
          "coding": [
            {
              "system": "http://www.nlm.nih.gov/research/umls/rxnorm",
              "code": "834060",
              "display": "Penicillin V Potassium 250 MG"
            }
          ],
          "text": "Penicillin V Potassium 250 MG"
        },
        "resourceType": "Medication"
      }
    },
    {
      "resource": {
        "meta": {
          "profile": [
            "http://standardhealthrecord.org/fhir/StructureDefinition/shr-medication-MedicationPrescription"
          ]
        },
        "extension": [
          {
            "url": "http://standardhealthrecord.org/fhir/StructureDefinition/shr-base-ActionCode-extension",
            "valueCodeableConcept": {
              "coding": [
                {
                  "system": "http://snomed.info/sct",
                  "code": "33633005",
                  "display": "Prescription of drug (procedure)"
                }
              ],
              "text": "Prescription of drug (procedure)"
            }
          }
        ],
        "status": "active",
        "medicationReference": {
          "reference": ""
        },
        "subject": {
          "reference": "urn:uuid:76d7233c-5d1d-423f-972f-99186a645e37"
        },
        "context": {
          "reference": "urn:uuid:bc12614e-8415-49d7-ad22-7c4010a1660b"
        },
        "authoredOn": "2001-02-17",
        "dosageInstruction": [
          {

          }
        ],
        "resourceType": "MedicationRequest"
      }
    },
    {
      "resource": {
        "meta": {
          "profile": [
            "http://standardhealthrecord.org/fhir/StructureDefinition/shr-medication-Medication"
          ]
        },
        "code": {
          "coding": [
            {
              "system": "http://www.nlm.nih.gov/research/umls/rxnorm",
              "code": "748856",
              "display": "Yaz 28 Day Pack"
            }
          ],
          "text": "Yaz 28 Day Pack"
        },
        "resourceType": "Medication"
      }
    },
    {
      "resource": {
        "meta": {
          "profile": [
            "http://standardhealthrecord.org/fhir/StructureDefinition/shr-medication-MedicationPrescription"
          ]
        },
        "extension": [
          {
            "url": "http://standardhealthrecord.org/fhir/StructureDefinition/shr-base-ActionCode-extension",
            "valueCodeableConcept": {
              "coding": [
                {
                  "system": "http://snomed.info/sct",
                  "code": "33633005",
                  "display": "Prescription of drug (procedure)"
                }
              ],
              "text": "Prescription of drug (procedure)"
            }
          }
        ],
        "status": "stopped",
        "medicationReference": {
          "reference": ""
        },
        "subject": {
          "reference": "urn:uuid:76d7233c-5d1d-423f-972f-99186a645e37"
        },
        "context": {
          "reference": "urn:uuid:bc12614e-8415-49d7-ad22-7c4010a1660b"
        },
        "authoredOn": "2006-12-23",
        "dosageInstruction": [
          {

          }
        ],
        "resourceType": "MedicationRequest"
      }
    },
    {
      "fullUrl": "urn:uuid:e6cb19ea-911d-4eb7-9937-0665ba64a17e",
      "resource": {
        "id": "e6cb19ea-911d-4eb7-9937-0665ba64a17e",
        "meta": {
          "profile": [
            "http://standardhealthrecord.org/fhir/StructureDefinition/shr-encounter-Encounter"
          ]
        },
        "status": "finished",
        "class": {
          "code": "outpatient"
        },
        "type": [
          {
            "coding": [
              {
                "system": "http://snomed.info/sct",
                "code": "185349003"
              }
            ],
            "text": "Outpatient Encounter"
          }
        ],
        "subject": {
          "reference": "urn:uuid:76d7233c-5d1d-423f-972f-99186a645e37"
        },
        "period": {
          "start": "2011-12-31T17:56:40-05:00",
          "end": "2011-12-31T18:56:40-05:00"
        },
        "serviceProvider": {
          "reference": "urn:uuid:e8c7c1b4-fea8-491c-9c70-ec38dc4c49ed"
        },
        "resourceType": "Encounter"
      }
    },
    {
      "fullUrl": "urn:uuid:75c334d4-7646-4f7c-b178-712d9da5187f",
      "resource": {
        "id": "75c334d4-7646-4f7c-b178-712d9da5187f",
        "meta": {
          "profile": [
            "http://standardhealthrecord.org/fhir/StructureDefinition/shr-observation-Observation",
            "http://standardhealthrecord.org/fhir/StructureDefinition/shr-vital-VitalSign",
            "http://standardhealthrecord.org/fhir/StructureDefinition/shr-vital-BodyHeight"
          ]
        },
        "status": "final",
        "category": [
          {
            "coding": [
              {
                "system": "http://hl7.org/fhir/observation-category",
                "code": "vital-signs"
              }
            ]
          }
        ],
        "code": {
          "coding": [
            {
              "system": "http://loinc.org",
              "code": "8302-2",
              "display": "Body Height"
            }
          ],
          "text": "Body Height"
        },
        "subject": {
          "reference": "urn:uuid:76d7233c-5d1d-423f-972f-99186a645e37"
        },
        "context": {
          "reference": "urn:uuid:e6cb19ea-911d-4eb7-9937-0665ba64a17e"
        },
        "effectiveDateTime": "2011-12-31T17:56:40-05:00",
        "issued": "2011-12-31T17:56:40-05:00",
        "valueQuantity": {
          "value": 175.39926653998853,
          "unit": "cm",
          "system": "http://unitsofmeasure.org/",
          "code": "cm"
        },
        "resourceType": "Observation"
      }
    },
    {
      "fullUrl": "urn:uuid:5bffdfa3-af0b-4dab-b368-ed9a6d92b38a",
      "resource": {
        "id": "5bffdfa3-af0b-4dab-b368-ed9a6d92b38a",
        "meta": {
          "profile": [
            "http://standardhealthrecord.org/fhir/StructureDefinition/shr-observation-Observation",
            "http://standardhealthrecord.org/fhir/StructureDefinition/shr-vital-VitalSign",
            "http://standardhealthrecord.org/fhir/StructureDefinition/shr-vital-BodyWeight"
          ]
        },
        "status": "final",
        "category": [
          {
            "coding": [
              {
                "system": "http://hl7.org/fhir/observation-category",
                "code": "vital-signs"
              }
            ]
          }
        ],
        "code": {
          "coding": [
            {
              "system": "http://loinc.org",
              "code": "29463-7",
              "display": "Body Weight"
            }
          ],
          "text": "Body Weight"
        },
        "subject": {
          "reference": "urn:uuid:76d7233c-5d1d-423f-972f-99186a645e37"
        },
        "context": {
          "reference": "urn:uuid:e6cb19ea-911d-4eb7-9937-0665ba64a17e"
        },
        "effectiveDateTime": "2011-12-31T17:56:40-05:00",
        "issued": "2011-12-31T17:56:40-05:00",
        "valueQuantity": {
          "value": 66.02801239104379,
          "unit": "kg",
          "system": "http://unitsofmeasure.org/",
          "code": "kg"
        },
        "resourceType": "Observation"
      }
    },
    {
      "fullUrl": "urn:uuid:c4a01152-ae54-4d15-a63f-5196cc27f231",
      "resource": {
        "id": "c4a01152-ae54-4d15-a63f-5196cc27f231",
        "meta": {
          "profile": [
            "http://standardhealthrecord.org/fhir/StructureDefinition/shr-observation-Observation",
            "http://standardhealthrecord.org/fhir/StructureDefinition/shr-vital-VitalSign",
            "http://standardhealthrecord.org/fhir/StructureDefinition/shr-vital-BodyMassIndex"
          ]
        },
        "status": "final",
        "category": [
          {
            "coding": [
              {
                "system": "http://hl7.org/fhir/observation-category",
                "code": "vital-signs"
              }
            ]
          }
        ],
        "code": {
          "coding": [
            {
              "system": "http://loinc.org",
              "code": "39156-5",
              "display": "Body Mass Index"
            }
          ],
          "text": "Body Mass Index"
        },
        "subject": {
          "reference": "urn:uuid:76d7233c-5d1d-423f-972f-99186a645e37"
        },
        "context": {
          "reference": "urn:uuid:e6cb19ea-911d-4eb7-9937-0665ba64a17e"
        },
        "effectiveDateTime": "2011-12-31T17:56:40-05:00",
        "issued": "2011-12-31T17:56:40-05:00",
        "valueQuantity": {
          "value": 21.462122935661842,
          "unit": "kg/m2",
          "system": "http://unitsofmeasure.org/",
          "code": "kg/m2"
        },
        "resourceType": "Observation"
      }
    },
    {
      "fullUrl": "urn:uuid:9d4426a2-3634-4456-ae4a-c333dd6c4c30",
      "resource": {
        "id": "9d4426a2-3634-4456-ae4a-c333dd6c4c30",
        "meta": {
          "profile": [
            "http://standardhealthrecord.org/fhir/StructureDefinition/shr-observation-Observation",
            "http://standardhealthrecord.org/fhir/StructureDefinition/shr-vital-BloodPressure"
          ]
        },
        "status": "final",
        "category": [
          {
            "coding": [
              {
                "system": "http://hl7.org/fhir/observation-category",
                "code": "vital-signs"
              }
            ]
          }
        ],
        "code": {
          "coding": [
            {
              "system": "http://loinc.org",
              "code": "55284-4",
              "display": "Blood Pressure"
            }
          ]
        },
        "subject": {
          "reference": "urn:uuid:76d7233c-5d1d-423f-972f-99186a645e37"
        },
        "context": {
          "reference": "urn:uuid:e6cb19ea-911d-4eb7-9937-0665ba64a17e"
        },
        "effectiveDateTime": "2011-12-31T17:56:40-05:00",
        "issued": "2011-12-31T17:56:40-05:00",
        "component": [
          {
            "code": {
              "coding": [
                {
                  "system": "http://loinc.org",
                  "code": "8480-6",
                  "display": "Systolic Blood Pressure"
                }
              ],
              "text": "Systolic Blood Pressure"
            },
            "valueQuantity": {
              "value": 120,
              "unit": "mmHg",
              "system": "http://unitsofmeasure.org/",
              "code": "mmHg"
            }
          },
          {
            "code": {
              "coding": [
                {
                  "system": "http://loinc.org",
                  "code": "8462-4",
                  "display": "Diastolic Blood Pressure"
                }
              ],
              "text": "Diastolic Blood Pressure"
            },
            "valueQuantity": {
              "value": 77,
              "unit": "mmHg",
              "system": "http://unitsofmeasure.org/",
              "code": "mmHg"
            }
          }
        ],
        "resourceType": "Observation"
      }
    },
    {
      "resource": {
        "meta": {
          "profile": [
            "http://standardhealthrecord.org/fhir/StructureDefinition/shr-immunization-Immunization"
          ]
        },
        "status": "completed",
        "notGiven": false,
        "vaccineCode": {
          "coding": [
            {
              "system": "http://hl7.org/fhir/sid/cvx",
              "code": "140",
              "display": "Influenza, seasonal, injectable, preservative free"
            }
          ],
          "text": "Influenza, seasonal, injectable, preservative free"
        },
        "patient": {
          "reference": "urn:uuid:76d7233c-5d1d-423f-972f-99186a645e37"
        },
        "encounter": {
          "reference": "urn:uuid:e6cb19ea-911d-4eb7-9937-0665ba64a17e"
        },
        "date": "2011-12-31T17:56:40-05:00",
        "primarySource": true,
        "resourceType": "Immunization"
      }
    },
    {
      "fullUrl": "urn:uuid:ae2d538d-86e7-42b1-8af9-bd80dfe580fc",
      "resource": {
        "id": "ae2d538d-86e7-42b1-8af9-bd80dfe580fc",
        "meta": {
          "profile": [
            "http://standardhealthrecord.org/fhir/StructureDefinition/shr-encounter-Encounter"
          ]
        },
        "status": "finished",
        "class": {
          "code": "outpatient"
        },
        "type": [
          {
            "coding": [
              {
                "system": "http://snomed.info/sct",
                "code": "185349003"
              }
            ],
            "text": "Outpatient Encounter"
          }
        ],
        "subject": {
          "reference": "urn:uuid:76d7233c-5d1d-423f-972f-99186a645e37"
        },
        "period": {
          "start": "2013-01-25T11:43:18-05:00",
          "end": "2013-01-25T12:43:18-05:00"
        },
        "serviceProvider": {
          "reference": "urn:uuid:e8c7c1b4-fea8-491c-9c70-ec38dc4c49ed"
        },
        "resourceType": "Encounter"
      }
    },
    {
      "fullUrl": "urn:uuid:4407386d-b22c-49a8-b85a-22483337e31a",
      "resource": {
        "id": "4407386d-b22c-49a8-b85a-22483337e31a",
        "meta": {
          "profile": [
            "http://standardhealthrecord.org/fhir/StructureDefinition/shr-observation-Observation",
            "http://standardhealthrecord.org/fhir/StructureDefinition/shr-vital-VitalSign",
            "http://standardhealthrecord.org/fhir/StructureDefinition/shr-vital-BodyHeight"
          ]
        },
        "status": "final",
        "category": [
          {
            "coding": [
              {
                "system": "http://hl7.org/fhir/observation-category",
                "code": "vital-signs"
              }
            ]
          }
        ],
        "code": {
          "coding": [
            {
              "system": "http://loinc.org",
              "code": "8302-2",
              "display": "Body Height"
            }
          ],
          "text": "Body Height"
        },
        "subject": {
          "reference": "urn:uuid:76d7233c-5d1d-423f-972f-99186a645e37"
        },
        "context": {
          "reference": "urn:uuid:ae2d538d-86e7-42b1-8af9-bd80dfe580fc"
        },
        "effectiveDateTime": "2013-01-25T11:43:18-05:00",
        "issued": "2013-01-25T11:43:18-05:00",
        "valueQuantity": {
          "value": 175.4647603839801,
          "unit": "cm",
          "system": "http://unitsofmeasure.org/",
          "code": "cm"
        },
        "resourceType": "Observation"
      }
    },
    {
      "fullUrl": "urn:uuid:e9492b12-e233-43e7-aecf-b53932252c8b",
      "resource": {
        "id": "e9492b12-e233-43e7-aecf-b53932252c8b",
        "meta": {
          "profile": [
            "http://standardhealthrecord.org/fhir/StructureDefinition/shr-observation-Observation",
            "http://standardhealthrecord.org/fhir/StructureDefinition/shr-vital-VitalSign",
            "http://standardhealthrecord.org/fhir/StructureDefinition/shr-vital-BodyWeight"
          ]
        },
        "status": "final",
        "category": [
          {
            "coding": [
              {
                "system": "http://hl7.org/fhir/observation-category",
                "code": "vital-signs"
              }
            ]
          }
        ],
        "code": {
          "coding": [
            {
              "system": "http://loinc.org",
              "code": "29463-7",
              "display": "Body Weight"
            }
          ],
          "text": "Body Weight"
        },
        "subject": {
          "reference": "urn:uuid:76d7233c-5d1d-423f-972f-99186a645e37"
        },
        "context": {
          "reference": "urn:uuid:ae2d538d-86e7-42b1-8af9-bd80dfe580fc"
        },
        "effectiveDateTime": "2013-01-25T11:43:18-05:00",
        "issued": "2013-01-25T11:43:18-05:00",
        "valueQuantity": {
          "value": 68.33836396920974,
          "unit": "kg",
          "system": "http://unitsofmeasure.org/",
          "code": "kg"
        },
        "resourceType": "Observation"
      }
    },
    {
      "fullUrl": "urn:uuid:e3254777-7f6d-4e62-9bcf-4e4e5fb3caf8",
      "resource": {
        "id": "e3254777-7f6d-4e62-9bcf-4e4e5fb3caf8",
        "meta": {
          "profile": [
            "http://standardhealthrecord.org/fhir/StructureDefinition/shr-observation-Observation",
            "http://standardhealthrecord.org/fhir/StructureDefinition/shr-vital-VitalSign",
            "http://standardhealthrecord.org/fhir/StructureDefinition/shr-vital-BodyMassIndex"
          ]
        },
        "status": "final",
        "category": [
          {
            "coding": [
              {
                "system": "http://hl7.org/fhir/observation-category",
                "code": "vital-signs"
              }
            ]
          }
        ],
        "code": {
          "coding": [
            {
              "system": "http://loinc.org",
              "code": "39156-5",
              "display": "Body Mass Index"
            }
          ],
          "text": "Body Mass Index"
        },
        "subject": {
          "reference": "urn:uuid:76d7233c-5d1d-423f-972f-99186a645e37"
        },
        "context": {
          "reference": "urn:uuid:ae2d538d-86e7-42b1-8af9-bd80dfe580fc"
        },
        "effectiveDateTime": "2013-01-25T11:43:18-05:00",
        "issued": "2013-01-25T11:43:18-05:00",
        "valueQuantity": {
          "value": 22.196513441875805,
          "unit": "kg/m2",
          "system": "http://unitsofmeasure.org/",
          "code": "kg/m2"
        },
        "resourceType": "Observation"
      }
    },
    {
      "fullUrl": "urn:uuid:49218ef9-c0a2-4046-85e4-a7d037cd2fbf",
      "resource": {
        "id": "49218ef9-c0a2-4046-85e4-a7d037cd2fbf",
        "meta": {
          "profile": [
            "http://standardhealthrecord.org/fhir/StructureDefinition/shr-observation-Observation",
            "http://standardhealthrecord.org/fhir/StructureDefinition/shr-vital-BloodPressure"
          ]
        },
        "status": "final",
        "category": [
          {
            "coding": [
              {
                "system": "http://hl7.org/fhir/observation-category",
                "code": "vital-signs"
              }
            ]
          }
        ],
        "code": {
          "coding": [
            {
              "system": "http://loinc.org",
              "code": "55284-4",
              "display": "Blood Pressure"
            }
          ]
        },
        "subject": {
          "reference": "urn:uuid:76d7233c-5d1d-423f-972f-99186a645e37"
        },
        "context": {
          "reference": "urn:uuid:ae2d538d-86e7-42b1-8af9-bd80dfe580fc"
        },
        "effectiveDateTime": "2013-01-25T11:43:18-05:00",
        "issued": "2013-01-25T11:43:18-05:00",
        "component": [
          {
            "code": {
              "coding": [
                {
                  "system": "http://loinc.org",
                  "code": "8480-6",
                  "display": "Systolic Blood Pressure"
                }
              ],
              "text": "Systolic Blood Pressure"
            },
            "valueQuantity": {
              "value": 135,
              "unit": "mmHg",
              "system": "http://unitsofmeasure.org/",
              "code": "mmHg"
            }
          },
          {
            "code": {
              "coding": [
                {
                  "system": "http://loinc.org",
                  "code": "8462-4",
                  "display": "Diastolic Blood Pressure"
                }
              ],
              "text": "Diastolic Blood Pressure"
            },
            "valueQuantity": {
              "value": 89,
              "unit": "mmHg",
              "system": "http://unitsofmeasure.org/",
              "code": "mmHg"
            }
          }
        ],
        "resourceType": "Observation"
      }
    },
    {
      "resource": {
        "meta": {
          "profile": [
            "http://standardhealthrecord.org/fhir/StructureDefinition/shr-procedure-Procedure"
          ]
        },
        "extension": [
          {
            "url": "http://standardhealthrecord.org/fhir/StructureDefinition/shr-core-CodeableConcept-extension",
            "valueCodeableConcept": {
              "coding": [
                {
                  "system": "http://snomed.info/sct",
                  "code": "428191000124101",
                  "display": "Documentation of current medications"
                }
              ],
              "text": "Documentation of current medications"
            }
          }
        ],
        "status": "completed",
        "code": {
          "coding": [
            {
              "system": "http://snomed.info/sct",
              "code": "428191000124101",
              "display": "Documentation of current medications"
            }
          ],
          "text": "Documentation of current medications"
        },
        "subject": {
          "reference": "urn:uuid:76d7233c-5d1d-423f-972f-99186a645e37"
        },
        "context": {
          "reference": "urn:uuid:ae2d538d-86e7-42b1-8af9-bd80dfe580fc"
        },
        "performedDateTime": "2013-01-25T11:43:18-05:00",
        "resourceType": "Procedure"
      }
    },
    {
      "resource": {
        "meta": {
          "profile": [
            "http://standardhealthrecord.org/fhir/StructureDefinition/shr-immunization-Immunization"
          ]
        },
        "status": "completed",
        "notGiven": false,
        "vaccineCode": {
          "coding": [
            {
              "system": "http://hl7.org/fhir/sid/cvx",
              "code": "140",
              "display": "Influenza, seasonal, injectable, preservative free"
            }
          ],
          "text": "Influenza, seasonal, injectable, preservative free"
        },
        "patient": {
          "reference": "urn:uuid:76d7233c-5d1d-423f-972f-99186a645e37"
        },
        "encounter": {
          "reference": "urn:uuid:ae2d538d-86e7-42b1-8af9-bd80dfe580fc"
        },
        "date": "2013-01-25T11:43:18-05:00",
        "primarySource": true,
        "resourceType": "Immunization"
      }
    },
    {
      "fullUrl": "urn:uuid:ffaeaa16-912a-42ac-ae45-4c544d8b2d42",
      "resource": {
        "id": "ffaeaa16-912a-42ac-ae45-4c544d8b2d42",
        "meta": {
          "profile": [
            "http://standardhealthrecord.org/fhir/StructureDefinition/shr-encounter-Encounter"
          ]
        },
        "status": "finished",
        "class": {
          "code": "ambulatory"
        },
        "type": [
          {
            "coding": [
              {
                "system": "http://snomed.info/sct",
                "code": "185345009"
              }
            ],
            "text": "Encounter for symptom"
          }
        ],
        "subject": {
          "reference": "urn:uuid:76d7233c-5d1d-423f-972f-99186a645e37"
        },
        "period": {
          "start": "2013-07-23T01:20:00-04:00",
          "end": "2013-07-23T01:20:00-04:00"
        },
        "reason": {
          "coding": [
            {
              "system": "http://snomed.info/sct",
              "code": "75498004",
              "display": "Acute bacterial sinusitis (disorder)"
            }
          ]
        },
        "serviceProvider": {
          "reference": "urn:uuid:e8c7c1b4-fea8-491c-9c70-ec38dc4c49ed"
        },
        "resourceType": "Encounter"
      }
    },
    {
      "fullUrl": "urn:uuid:d8dce5fb-351a-4f9d-909e-66d332cf6494",
      "resource": {
        "id": "d8dce5fb-351a-4f9d-909e-66d332cf6494",
        "meta": {
          "profile": [
            "http://standardhealthrecord.org/fhir/StructureDefinition/shr-problem-Problem"
          ]
        },
        "clinicalStatus": "active",
        "verificationStatus": "confirmed",
        "code": {
          "coding": [
            {
              "system": "http://snomed.info/sct",
              "code": "75498004",
              "display": "Acute bacterial sinusitis (disorder)"
            }
          ],
          "text": "Acute bacterial sinusitis (disorder)"
        },
        "subject": {
          "reference": "urn:uuid:76d7233c-5d1d-423f-972f-99186a645e37"
        },
        "context": {
          "reference": "urn:uuid:ffaeaa16-912a-42ac-ae45-4c544d8b2d42"
        },
        "onsetDateTime": "2013-07-13T13:54:50-04:00",
        "abatementDateTime": "2013-08-18T02:31:24-04:00",
        "assertedDate": "2013-07-13",
        "resourceType": "Condition"
      }
    },
    {
      "fullUrl": "urn:uuid:e699d195-b05d-4608-94c9-fda3f57b0095",
      "resource": {
        "id": "e699d195-b05d-4608-94c9-fda3f57b0095",
        "meta": {
          "profile": [
            "http://standardhealthrecord.org/fhir/StructureDefinition/shr-encounter-Encounter"
          ]
        },
        "status": "finished",
        "class": {
          "code": "ambulatory"
        },
        "type": [
          {
            "coding": [
              {
                "system": "http://snomed.info/sct",
                "code": "185345009"
              }
            ],
            "text": "Encounter for symptom"
          }
        ],
        "subject": {
          "reference": "urn:uuid:76d7233c-5d1d-423f-972f-99186a645e37"
        },
        "period": {
          "start": "2013-08-18T02:31:24-04:00",
          "end": "2013-08-18T02:31:24-04:00"
        },
        "reason": {
          "coding": [
            {
              "system": "http://snomed.info/sct",
              "code": "36971009",
              "display": "Sinusitis (disorder)"
            }
          ]
        },
        "serviceProvider": {
          "reference": "urn:uuid:e8c7c1b4-fea8-491c-9c70-ec38dc4c49ed"
        },
        "resourceType": "Encounter"
      }
    },
    {
      "resource": {
        "meta": {
          "profile": [
            "http://standardhealthrecord.org/fhir/StructureDefinition/shr-procedure-Procedure"
          ]
        },
        "extension": [
          {
            "url": "http://standardhealthrecord.org/fhir/StructureDefinition/shr-core-CodeableConcept-extension",
            "valueCodeableConcept": {
              "coding": [
                {
                  "system": "http://snomed.info/sct",
                  "code": "112790001",
                  "display": "Nasal sinus endoscopy (procedure)"
                }
              ],
              "text": "Nasal sinus endoscopy (procedure)"
            }
          }
        ],
        "status": "completed",
        "code": {
          "coding": [
            {
              "system": "http://snomed.info/sct",
              "code": "112790001",
              "display": "Nasal sinus endoscopy (procedure)"
            }
          ],
          "text": "Nasal sinus endoscopy (procedure)"
        },
        "subject": {
          "reference": "urn:uuid:76d7233c-5d1d-423f-972f-99186a645e37"
        },
        "context": {
          "reference": "urn:uuid:e699d195-b05d-4608-94c9-fda3f57b0095"
        },
        "performedDateTime": "2013-08-18T02:31:24-04:00",
        "resourceType": "Procedure"
      }
    },
    {
      "fullUrl": "urn:uuid:30b3c897-b068-4fd8-be81-f11dc9968409",
      "resource": {
        "id": "30b3c897-b068-4fd8-be81-f11dc9968409",
        "meta": {
          "profile": [
            "http://standardhealthrecord.org/fhir/StructureDefinition/shr-encounter-Encounter"
          ]
        },
        "status": "finished",
        "class": {
          "code": "ambulatory"
        },
        "type": [
          {
            "coding": [
              {
                "system": "http://snomed.info/sct",
                "code": "424441002"
              }
            ],
            "text": "Prenatal initial visit"
          }
        ],
        "subject": {
          "reference": "urn:uuid:76d7233c-5d1d-423f-972f-99186a645e37"
        },
        "period": {
          "start": "2015-03-04T03:44:50-05:00",
          "end": "2015-03-04T03:44:50-05:00"
        },
        "reason": {
          "coding": [
            {
              "system": "http://snomed.info/sct",
              "code": "72892002",
              "display": "Normal pregnancy"
            }
          ]
        },
        "serviceProvider": {
          "reference": "urn:uuid:e8c7c1b4-fea8-491c-9c70-ec38dc4c49ed"
        },
        "resourceType": "Encounter"
      }
    },
    {
      "fullUrl": "urn:uuid:7a185ff6-7742-4919-8f54-d0d4c2ff1921",
      "resource": {
        "id": "7a185ff6-7742-4919-8f54-d0d4c2ff1921",
        "meta": {
          "profile": [
            "http://standardhealthrecord.org/fhir/StructureDefinition/shr-problem-Problem"
          ]
        },
        "clinicalStatus": "active",
        "verificationStatus": "confirmed",
        "code": {
          "coding": [
            {
              "system": "http://snomed.info/sct",
              "code": "72892002",
              "display": "Normal pregnancy"
            }
          ],
          "text": "Normal pregnancy"
        },
        "subject": {
          "reference": "urn:uuid:76d7233c-5d1d-423f-972f-99186a645e37"
        },
        "context": {
          "reference": "urn:uuid:30b3c897-b068-4fd8-be81-f11dc9968409"
        },
        "onsetDateTime": "2015-03-04T03:44:50-05:00",
        "abatementDateTime": "2015-10-14T03:44:50-04:00",
        "assertedDate": "2015-03-04",
        "resourceType": "Condition"
      }
    },
    {
      "resource": {
        "meta": {
          "profile": [
            "http://standardhealthrecord.org/fhir/StructureDefinition/shr-procedure-Procedure"
          ]
        },
        "extension": [
          {
            "url": "http://standardhealthrecord.org/fhir/StructureDefinition/shr-core-CodeableConcept-extension",
            "valueCodeableConcept": {
              "coding": [
                {
                  "system": "http://snomed.info/sct",
                  "code": "252160004",
                  "display": "Standard pregnancy test"
                }
              ],
              "text": "Standard pregnancy test"
            }
          }
        ],
        "status": "completed",
        "code": {
          "coding": [
            {
              "system": "http://snomed.info/sct",
              "code": "252160004",
              "display": "Standard pregnancy test"
            }
          ],
          "text": "Standard pregnancy test"
        },
        "subject": {
          "reference": "urn:uuid:76d7233c-5d1d-423f-972f-99186a645e37"
        },
        "context": {
          "reference": "urn:uuid:30b3c897-b068-4fd8-be81-f11dc9968409"
        },
        "performedDateTime": "2015-03-04T03:44:50-05:00",
        "reasonReference": {
          "reference": "urn:uuid:7a185ff6-7742-4919-8f54-d0d4c2ff1921",
          "display": "Normal pregnancy"
        },
        "resourceType": "Procedure"
      }
    },
    {
      "resource": {
        "status": "completed",
        "category": [
          {
            "coding": [
              {
                "system": "http://snomed.info/sct",
                "code": "134435003",
                "display": "Routine antenatal care"
              }
            ]
          }
        ],
        "subject": {
          "reference": "urn:uuid:76d7233c-5d1d-423f-972f-99186a645e37"
        },
        "context": {
          "reference": "urn:uuid:30b3c897-b068-4fd8-be81-f11dc9968409"
        },
        "period": {
          "start": "2015-03-04",
          "end": "2015-10-14"
        },
        "addresses": [
          {
            "reference": "urn:uuid:7a185ff6-7742-4919-8f54-d0d4c2ff1921"
          }
        ],
        "activity": [
          {
            "detail": {
              "code": {
                "coding": [
                  {
                    "system": "http://snomed.info/sct",
                    "code": "135892000",
                    "display": "Antenatal education"
                  }
                ]
              },
              "status": "completed"
            }
          },
          {
            "detail": {
              "code": {
                "coding": [
                  {
                    "system": "http://snomed.info/sct",
                    "code": "226060000",
                    "display": "Stress management"
                  }
                ]
              },
              "status": "completed"
            }
          },
          {
            "detail": {
              "code": {
                "coding": [
                  {
                    "system": "http://snomed.info/sct",
                    "code": "171054004",
                    "display": "Pregnancy diet education"
                  }
                ]
              },
              "status": "completed"
            }
          }
        ],
        "resourceType": "CarePlan"
      }
    },
    {
      "fullUrl": "urn:uuid:4bcc77f8-3ad1-4c47-89d2-a9641bbe7f6d",
      "resource": {
        "id": "4bcc77f8-3ad1-4c47-89d2-a9641bbe7f6d",
        "meta": {
          "profile": [
            "http://standardhealthrecord.org/fhir/StructureDefinition/shr-encounter-Encounter"
          ]
        },
        "status": "finished",
        "class": {
          "code": "ambulatory"
        },
        "type": [
          {
            "coding": [
              {
                "system": "http://snomed.info/sct",
                "code": "424619006"
              }
            ],
            "text": "Prenatal visit"
          }
        ],
        "subject": {
          "reference": "urn:uuid:76d7233c-5d1d-423f-972f-99186a645e37"
        },
        "period": {
          "start": "2015-04-08T03:44:50-04:00",
          "end": "2015-04-08T03:44:50-04:00"
        },
        "reason": {
          "coding": [
            {
              "system": "http://snomed.info/sct",
              "code": "72892002",
              "display": "Normal pregnancy"
            }
          ]
        },
        "serviceProvider": {
          "reference": "urn:uuid:e8c7c1b4-fea8-491c-9c70-ec38dc4c49ed"
        },
        "resourceType": "Encounter"
      }
    },
    {
      "fullUrl": "urn:uuid:52decda2-f37e-44c6-8043-a53d4bfd607c",
      "resource": {
        "id": "52decda2-f37e-44c6-8043-a53d4bfd607c",
        "meta": {
          "profile": [
            "http://standardhealthrecord.org/fhir/StructureDefinition/shr-encounter-Encounter"
          ]
        },
        "status": "finished",
        "class": {
          "code": "ambulatory"
        },
        "type": [
          {
            "coding": [
              {
                "system": "http://snomed.info/sct",
                "code": "424619006"
              }
            ],
            "text": "Prenatal visit"
          }
        ],
        "subject": {
          "reference": "urn:uuid:76d7233c-5d1d-423f-972f-99186a645e37"
        },
        "period": {
          "start": "2015-06-24T03:44:50-04:00",
          "end": "2015-06-24T03:44:50-04:00"
        },
        "reason": {
          "coding": [
            {
              "system": "http://snomed.info/sct",
              "code": "72892002",
              "display": "Normal pregnancy"
            }
          ]
        },
        "serviceProvider": {
          "reference": "urn:uuid:e8c7c1b4-fea8-491c-9c70-ec38dc4c49ed"
        },
        "resourceType": "Encounter"
      }
    },
    {
      "fullUrl": "urn:uuid:ec55f437-eb4f-473c-a7dd-893de98f9967",
      "resource": {
        "id": "ec55f437-eb4f-473c-a7dd-893de98f9967",
        "meta": {
          "profile": [
            "http://standardhealthrecord.org/fhir/StructureDefinition/shr-encounter-Encounter"
          ]
        },
        "status": "finished",
        "class": {
          "code": "ambulatory"
        },
        "type": [
          {
            "coding": [
              {
                "system": "http://snomed.info/sct",
                "code": "424619006"
              }
            ],
            "text": "Prenatal visit"
          }
        ],
        "subject": {
          "reference": "urn:uuid:76d7233c-5d1d-423f-972f-99186a645e37"
        },
        "period": {
          "start": "2015-08-05T03:44:50-04:00",
          "end": "2015-08-05T03:44:50-04:00"
        },
        "reason": {
          "coding": [
            {
              "system": "http://snomed.info/sct",
              "code": "72892002",
              "display": "Normal pregnancy"
            }
          ]
        },
        "serviceProvider": {
          "reference": "urn:uuid:e8c7c1b4-fea8-491c-9c70-ec38dc4c49ed"
        },
        "resourceType": "Encounter"
      }
    },
    {
      "fullUrl": "urn:uuid:1dc1f9ff-8b10-426d-875d-05fad9a820c9",
      "resource": {
        "id": "1dc1f9ff-8b10-426d-875d-05fad9a820c9",
        "meta": {
          "profile": [
            "http://standardhealthrecord.org/fhir/StructureDefinition/shr-encounter-Encounter"
          ]
        },
        "status": "finished",
        "class": {
          "code": "ambulatory"
        },
        "type": [
          {
            "coding": [
              {
                "system": "http://snomed.info/sct",
                "code": "424619006"
              }
            ],
            "text": "Prenatal visit"
          }
        ],
        "subject": {
          "reference": "urn:uuid:76d7233c-5d1d-423f-972f-99186a645e37"
        },
        "period": {
          "start": "2015-09-02T03:44:50-04:00",
          "end": "2015-09-02T03:44:50-04:00"
        },
        "reason": {
          "coding": [
            {
              "system": "http://snomed.info/sct",
              "code": "72892002",
              "display": "Normal pregnancy"
            }
          ]
        },
        "serviceProvider": {
          "reference": "urn:uuid:e8c7c1b4-fea8-491c-9c70-ec38dc4c49ed"
        },
        "resourceType": "Encounter"
      }
    },
    {
      "fullUrl": "urn:uuid:4f9d08b1-9b0a-48b7-8906-1e334be399cf",
      "resource": {
        "id": "4f9d08b1-9b0a-48b7-8906-1e334be399cf",
        "meta": {
          "profile": [
            "http://standardhealthrecord.org/fhir/StructureDefinition/shr-encounter-Encounter"
          ]
        },
        "status": "finished",
        "class": {
          "code": "ambulatory"
        },
        "type": [
          {
            "coding": [
              {
                "system": "http://snomed.info/sct",
                "code": "424619006"
              }
            ],
            "text": "Prenatal visit"
          }
        ],
        "subject": {
          "reference": "urn:uuid:76d7233c-5d1d-423f-972f-99186a645e37"
        },
        "period": {
          "start": "2015-09-16T03:44:50-04:00",
          "end": "2015-09-16T03:44:50-04:00"
        },
        "reason": {
          "coding": [
            {
              "system": "http://snomed.info/sct",
              "code": "72892002",
              "display": "Normal pregnancy"
            }
          ]
        },
        "serviceProvider": {
          "reference": "urn:uuid:e8c7c1b4-fea8-491c-9c70-ec38dc4c49ed"
        },
        "resourceType": "Encounter"
      }
    },
    {
      "fullUrl": "urn:uuid:0ccd5313-47a8-407e-a3b6-939e6a2f5499",
      "resource": {
        "id": "0ccd5313-47a8-407e-a3b6-939e6a2f5499",
        "meta": {
          "profile": [
            "http://standardhealthrecord.org/fhir/StructureDefinition/shr-encounter-Encounter"
          ]
        },
        "status": "finished",
        "class": {
          "code": "ambulatory"
        },
        "type": [
          {
            "coding": [
              {
                "system": "http://snomed.info/sct",
                "code": "424619006"
              }
            ],
            "text": "Prenatal visit"
          }
        ],
        "subject": {
          "reference": "urn:uuid:76d7233c-5d1d-423f-972f-99186a645e37"
        },
        "period": {
          "start": "2015-09-23T03:44:50-04:00",
          "end": "2015-09-23T03:44:50-04:00"
        },
        "reason": {
          "coding": [
            {
              "system": "http://snomed.info/sct",
              "code": "72892002",
              "display": "Normal pregnancy"
            }
          ]
        },
        "serviceProvider": {
          "reference": "urn:uuid:e8c7c1b4-fea8-491c-9c70-ec38dc4c49ed"
        },
        "resourceType": "Encounter"
      }
    },
    {
      "fullUrl": "urn:uuid:57d26bee-2ace-4c15-9439-e68392fb0491",
      "resource": {
        "id": "57d26bee-2ace-4c15-9439-e68392fb0491",
        "meta": {
          "profile": [
            "http://standardhealthrecord.org/fhir/StructureDefinition/shr-encounter-Encounter"
          ]
        },
        "status": "finished",
        "class": {
          "code": "ambulatory"
        },
        "type": [
          {
            "coding": [
              {
                "system": "http://snomed.info/sct",
                "code": "424619006"
              }
            ],
            "text": "Prenatal visit"
          }
        ],
        "subject": {
          "reference": "urn:uuid:76d7233c-5d1d-423f-972f-99186a645e37"
        },
        "period": {
          "start": "2015-09-30T03:44:50-04:00",
          "end": "2015-09-30T03:44:50-04:00"
        },
        "reason": {
          "coding": [
            {
              "system": "http://snomed.info/sct",
              "code": "72892002",
              "display": "Normal pregnancy"
            }
          ]
        },
        "serviceProvider": {
          "reference": "urn:uuid:e8c7c1b4-fea8-491c-9c70-ec38dc4c49ed"
        },
        "resourceType": "Encounter"
      }
    },
    {
      "fullUrl": "urn:uuid:b4defa1f-ee39-42c4-8a78-599e99c52f8a",
      "resource": {
        "id": "b4defa1f-ee39-42c4-8a78-599e99c52f8a",
        "meta": {
          "profile": [
            "http://standardhealthrecord.org/fhir/StructureDefinition/shr-encounter-Encounter"
          ]
        },
        "status": "finished",
        "class": {
          "code": "ambulatory"
        },
        "type": [
          {
            "coding": [
              {
                "system": "http://snomed.info/sct",
                "code": "424619006"
              }
            ],
            "text": "Prenatal visit"
          }
        ],
        "subject": {
          "reference": "urn:uuid:76d7233c-5d1d-423f-972f-99186a645e37"
        },
        "period": {
          "start": "2015-10-07T03:44:50-04:00",
          "end": "2015-10-07T03:44:50-04:00"
        },
        "reason": {
          "coding": [
            {
              "system": "http://snomed.info/sct",
              "code": "72892002",
              "display": "Normal pregnancy"
            }
          ]
        },
        "serviceProvider": {
          "reference": "urn:uuid:e8c7c1b4-fea8-491c-9c70-ec38dc4c49ed"
        },
        "resourceType": "Encounter"
      }
    },
    {
      "fullUrl": "urn:uuid:40d4528b-7643-4ce3-8bde-a268655fa466",
      "resource": {
        "id": "40d4528b-7643-4ce3-8bde-a268655fa466",
        "meta": {
          "profile": [
            "http://standardhealthrecord.org/fhir/StructureDefinition/shr-encounter-Encounter"
          ]
        },
        "status": "finished",
        "class": {
          "code": "emergency"
        },
        "type": [
          {
            "coding": [
              {
                "system": "http://snomed.info/sct",
                "code": "183460006"
              }
            ],
            "text": "Obstetric emergency hospital admission"
          }
        ],
        "subject": {
          "reference": "urn:uuid:76d7233c-5d1d-423f-972f-99186a645e37"
        },
        "period": {
          "start": "2015-10-14T03:44:50-04:00",
          "end": "2015-10-14T03:44:50-04:00"
        },
        "reason": {
          "coding": [
            {
              "system": "http://snomed.info/sct",
              "code": "72892002",
              "display": "Normal pregnancy"
            }
          ]
        },
        "serviceProvider": {
          "reference": "urn:uuid:e8c7c1b4-fea8-491c-9c70-ec38dc4c49ed"
        },
        "resourceType": "Encounter"
      }
    },
    {
      "resource": {
        "meta": {
          "profile": [
            "http://standardhealthrecord.org/fhir/StructureDefinition/shr-procedure-Procedure"
          ]
        },
        "extension": [
          {
            "url": "http://standardhealthrecord.org/fhir/StructureDefinition/shr-core-CodeableConcept-extension",
            "valueCodeableConcept": {
              "coding": [
                {
                  "system": "http://snomed.info/sct",
                  "code": "31208007",
                  "display": "Medical induction of labor"
                }
              ],
              "text": "Medical induction of labor"
            }
          }
        ],
        "status": "completed",
        "code": {
          "coding": [
            {
              "system": "http://snomed.info/sct",
              "code": "31208007",
              "display": "Medical induction of labor"
            }
          ],
          "text": "Medical induction of labor"
        },
        "subject": {
          "reference": "urn:uuid:76d7233c-5d1d-423f-972f-99186a645e37"
        },
        "context": {
          "reference": "urn:uuid:40d4528b-7643-4ce3-8bde-a268655fa466"
        },
        "performedDateTime": "2015-10-14T03:44:50-04:00",
        "reasonReference": {
          "reference": "urn:uuid:7a185ff6-7742-4919-8f54-d0d4c2ff1921",
          "display": "Normal pregnancy"
        },
        "resourceType": "Procedure"
      }
    },
    {
      "resource": {
        "meta": {
          "profile": [
            "http://standardhealthrecord.org/fhir/StructureDefinition/shr-procedure-Procedure"
          ]
        },
        "extension": [
          {
            "url": "http://standardhealthrecord.org/fhir/StructureDefinition/shr-core-CodeableConcept-extension",
            "valueCodeableConcept": {
              "coding": [
                {
                  "system": "http://snomed.info/sct",
                  "code": "66348005",
                  "display": "Childbirth"
                }
              ],
              "text": "Childbirth"
            }
          }
        ],
        "status": "completed",
        "code": {
          "coding": [
            {
              "system": "http://snomed.info/sct",
              "code": "66348005",
              "display": "Childbirth"
            }
          ],
          "text": "Childbirth"
        },
        "subject": {
          "reference": "urn:uuid:76d7233c-5d1d-423f-972f-99186a645e37"
        },
        "context": {
          "reference": "urn:uuid:40d4528b-7643-4ce3-8bde-a268655fa466"
        },
        "performedDateTime": "2015-10-14T03:44:50-04:00",
        "reasonReference": {
          "reference": "urn:uuid:7a185ff6-7742-4919-8f54-d0d4c2ff1921",
          "display": "Normal pregnancy"
        },
        "resourceType": "Procedure"
      }
    },
    {
      "fullUrl": "urn:uuid:108a5e21-9181-4f8e-963c-83c75e4a2739",
      "resource": {
        "id": "108a5e21-9181-4f8e-963c-83c75e4a2739",
        "meta": {
          "profile": [
            "http://standardhealthrecord.org/fhir/StructureDefinition/shr-encounter-Encounter"
          ]
        },
        "status": "finished",
        "class": {
          "code": "outpatient"
        },
        "type": [
          {
            "coding": [
              {
                "system": "http://snomed.info/sct",
                "code": "185349003"
              }
            ],
            "text": "Outpatient Encounter"
          }
        ],
        "subject": {
          "reference": "urn:uuid:76d7233c-5d1d-423f-972f-99186a645e37"
        },
        "period": {
          "start": "2016-05-11T17:36:18-04:00",
          "end": "2016-05-11T18:36:18-04:00"
        },
        "serviceProvider": {
          "reference": "urn:uuid:e8c7c1b4-fea8-491c-9c70-ec38dc4c49ed"
        },
        "resourceType": "Encounter"
      }
    },
    {
      "fullUrl": "urn:uuid:a82655bc-de3b-4c42-a3c3-5a89b34cae77",
      "resource": {
        "id": "a82655bc-de3b-4c42-a3c3-5a89b34cae77",
        "meta": {
          "profile": [
            "http://standardhealthrecord.org/fhir/StructureDefinition/shr-observation-Observation",
            "http://standardhealthrecord.org/fhir/StructureDefinition/shr-vital-VitalSign",
            "http://standardhealthrecord.org/fhir/StructureDefinition/shr-vital-BodyHeight"
          ]
        },
        "status": "final",
        "category": [
          {
            "coding": [
              {
                "system": "http://hl7.org/fhir/observation-category",
                "code": "vital-signs"
              }
            ]
          }
        ],
        "code": {
          "coding": [
            {
              "system": "http://loinc.org",
              "code": "8302-2",
              "display": "Body Height"
            }
          ],
          "text": "Body Height"
        },
        "subject": {
          "reference": "urn:uuid:76d7233c-5d1d-423f-972f-99186a645e37"
        },
        "context": {
          "reference": "urn:uuid:108a5e21-9181-4f8e-963c-83c75e4a2739"
        },
        "effectiveDateTime": "2016-05-11T17:36:18-04:00",
        "issued": "2016-05-11T17:36:18-04:00",
        "valueQuantity": {
          "value": 175.4647603839801,
          "unit": "cm",
          "system": "http://unitsofmeasure.org/",
          "code": "cm"
        },
        "resourceType": "Observation"
      }
    },
    {
      "fullUrl": "urn:uuid:3d255693-be8a-4760-be64-2124ebb306fd",
      "resource": {
        "id": "3d255693-be8a-4760-be64-2124ebb306fd",
        "meta": {
          "profile": [
            "http://standardhealthrecord.org/fhir/StructureDefinition/shr-observation-Observation",
            "http://standardhealthrecord.org/fhir/StructureDefinition/shr-vital-VitalSign",
            "http://standardhealthrecord.org/fhir/StructureDefinition/shr-vital-BodyWeight"
          ]
        },
        "status": "final",
        "category": [
          {
            "coding": [
              {
                "system": "http://hl7.org/fhir/observation-category",
                "code": "vital-signs"
              }
            ]
          }
        ],
        "code": {
          "coding": [
            {
              "system": "http://loinc.org",
              "code": "29463-7",
              "display": "Body Weight"
            }
          ],
          "text": "Body Weight"
        },
        "subject": {
          "reference": "urn:uuid:76d7233c-5d1d-423f-972f-99186a645e37"
        },
        "context": {
          "reference": "urn:uuid:108a5e21-9181-4f8e-963c-83c75e4a2739"
        },
        "effectiveDateTime": "2016-05-11T17:36:18-04:00",
        "issued": "2016-05-11T17:36:18-04:00",
        "valueQuantity": {
          "value": 73.16195772632037,
          "unit": "kg",
          "system": "http://unitsofmeasure.org/",
          "code": "kg"
        },
        "resourceType": "Observation"
      }
    },
    {
      "fullUrl": "urn:uuid:8ee813bd-7ac3-4483-ac89-818f97c1335d",
      "resource": {
        "id": "8ee813bd-7ac3-4483-ac89-818f97c1335d",
        "meta": {
          "profile": [
            "http://standardhealthrecord.org/fhir/StructureDefinition/shr-observation-Observation",
            "http://standardhealthrecord.org/fhir/StructureDefinition/shr-vital-VitalSign",
            "http://standardhealthrecord.org/fhir/StructureDefinition/shr-vital-BodyMassIndex"
          ]
        },
        "status": "final",
        "category": [
          {
            "coding": [
              {
                "system": "http://hl7.org/fhir/observation-category",
                "code": "vital-signs"
              }
            ]
          }
        ],
        "code": {
          "coding": [
            {
              "system": "http://loinc.org",
              "code": "39156-5",
              "display": "Body Mass Index"
            }
          ],
          "text": "Body Mass Index"
        },
        "subject": {
          "reference": "urn:uuid:76d7233c-5d1d-423f-972f-99186a645e37"
        },
        "context": {
          "reference": "urn:uuid:108a5e21-9181-4f8e-963c-83c75e4a2739"
        },
        "effectiveDateTime": "2016-05-11T17:36:18-04:00",
        "issued": "2016-05-11T17:36:18-04:00",
        "valueQuantity": {
          "value": 23.763231716198174,
          "unit": "kg/m2",
          "system": "http://unitsofmeasure.org/",
          "code": "kg/m2"
        },
        "resourceType": "Observation"
      }
    },
    {
      "fullUrl": "urn:uuid:4bc9294f-ba1c-4a6c-b282-bb02561c3d4c",
      "resource": {
        "id": "4bc9294f-ba1c-4a6c-b282-bb02561c3d4c",
        "meta": {
          "profile": [
            "http://standardhealthrecord.org/fhir/StructureDefinition/shr-observation-Observation",
            "http://standardhealthrecord.org/fhir/StructureDefinition/shr-vital-BloodPressure"
          ]
        },
        "status": "final",
        "category": [
          {
            "coding": [
              {
                "system": "http://hl7.org/fhir/observation-category",
                "code": "vital-signs"
              }
            ]
          }
        ],
        "code": {
          "coding": [
            {
              "system": "http://loinc.org",
              "code": "55284-4",
              "display": "Blood Pressure"
            }
          ]
        },
        "subject": {
          "reference": "urn:uuid:76d7233c-5d1d-423f-972f-99186a645e37"
        },
        "context": {
          "reference": "urn:uuid:108a5e21-9181-4f8e-963c-83c75e4a2739"
        },
        "effectiveDateTime": "2016-05-11T17:36:18-04:00",
        "issued": "2016-05-11T17:36:18-04:00",
        "component": [
          {
            "code": {
              "coding": [
                {
                  "system": "http://loinc.org",
                  "code": "8480-6",
                  "display": "Systolic Blood Pressure"
                }
              ],
              "text": "Systolic Blood Pressure"
            },
            "valueQuantity": {
              "value": 116,
              "unit": "mmHg",
              "system": "http://unitsofmeasure.org/",
              "code": "mmHg"
            }
          },
          {
            "code": {
              "coding": [
                {
                  "system": "http://loinc.org",
                  "code": "8462-4",
                  "display": "Diastolic Blood Pressure"
                }
              ],
              "text": "Diastolic Blood Pressure"
            },
            "valueQuantity": {
              "value": 89,
              "unit": "mmHg",
              "system": "http://unitsofmeasure.org/",
              "code": "mmHg"
            }
          }
        ],
        "resourceType": "Observation"
      }
    },
    {
      "resource": {
        "meta": {
          "profile": [
            "http://standardhealthrecord.org/fhir/StructureDefinition/shr-procedure-Procedure"
          ]
        },
        "extension": [
          {
            "url": "http://standardhealthrecord.org/fhir/StructureDefinition/shr-core-CodeableConcept-extension",
            "valueCodeableConcept": {
              "coding": [
                {
                  "system": "http://snomed.info/sct",
                  "code": "428191000124101",
                  "display": "Documentation of current medications"
                }
              ],
              "text": "Documentation of current medications"
            }
          }
        ],
        "status": "completed",
        "code": {
          "coding": [
            {
              "system": "http://snomed.info/sct",
              "code": "428191000124101",
              "display": "Documentation of current medications"
            }
          ],
          "text": "Documentation of current medications"
        },
        "subject": {
          "reference": "urn:uuid:76d7233c-5d1d-423f-972f-99186a645e37"
        },
        "context": {
          "reference": "urn:uuid:108a5e21-9181-4f8e-963c-83c75e4a2739"
        },
        "performedDateTime": "2016-05-11T17:36:18-04:00",
        "resourceType": "Procedure"
      }
    },
    {
      "resource": {
        "meta": {
          "profile": [
            "http://standardhealthrecord.org/fhir/StructureDefinition/shr-immunization-Immunization"
          ]
        },
        "status": "completed",
        "notGiven": false,
        "vaccineCode": {
          "coding": [
            {
              "system": "http://hl7.org/fhir/sid/cvx",
              "code": "140",
              "display": "Influenza, seasonal, injectable, preservative free"
            }
          ],
          "text": "Influenza, seasonal, injectable, preservative free"
        },
        "patient": {
          "reference": "urn:uuid:76d7233c-5d1d-423f-972f-99186a645e37"
        },
        "encounter": {
          "reference": "urn:uuid:108a5e21-9181-4f8e-963c-83c75e4a2739"
        },
        "date": "2016-05-11T17:36:18-04:00",
        "primarySource": true,
        "resourceType": "Immunization"
      }
    },
    {
      "resource": {
        "meta": {
          "profile": [
            "http://standardhealthrecord.org/fhir/StructureDefinition/shr-immunization-Immunization"
          ]
        },
        "status": "completed",
        "notGiven": false,
        "vaccineCode": {
          "coding": [
            {
              "system": "http://hl7.org/fhir/sid/cvx",
              "code": "113",
              "display": "Td (adult) preservative free"
            }
          ],
          "text": "Td (adult) preservative free"
        },
        "patient": {
          "reference": "urn:uuid:76d7233c-5d1d-423f-972f-99186a645e37"
        },
        "encounter": {
          "reference": "urn:uuid:108a5e21-9181-4f8e-963c-83c75e4a2739"
        },
        "date": "2016-05-11T17:36:18-04:00",
        "primarySource": true,
        "resourceType": "Immunization"
      }
    },
    {
      "fullUrl": "urn:uuid:29161877-fcdd-4d5c-b394-d2dc973cdafb",
      "resource": {
        "id": "29161877-fcdd-4d5c-b394-d2dc973cdafb",
        "meta": {
          "profile": [
            "http://standardhealthrecord.org/fhir/StructureDefinition/shr-encounter-Encounter"
          ]
        },
        "status": "finished",
        "class": {
          "code": "ambulatory"
        },
        "type": [
          {
            "coding": [
              {
                "system": "http://snomed.info/sct",
                "code": "185345009"
              }
            ],
            "text": "Encounter for symptom"
          }
        ],
        "subject": {
          "reference": "urn:uuid:76d7233c-5d1d-423f-972f-99186a645e37"
        },
        "period": {
          "start": "2017-03-24T11:07:01-04:00",
          "end": "2017-03-24T11:07:01-04:00"
        },
        "reason": {
          "coding": [
            {
              "system": "http://snomed.info/sct",
              "code": "444814009",
              "display": "Viral sinusitis (disorder)"
            }
          ]
        },
        "serviceProvider": {
          "reference": "urn:uuid:e8c7c1b4-fea8-491c-9c70-ec38dc4c49ed"
        },
        "resourceType": "Encounter"
      }
    },
    {
      "fullUrl": "urn:uuid:3033b065-7290-4c9e-b629-9ea77c8a0a88",
      "resource": {
        "id": "3033b065-7290-4c9e-b629-9ea77c8a0a88",
        "meta": {
          "profile": [
            "http://standardhealthrecord.org/fhir/StructureDefinition/shr-problem-Problem"
          ]
        },
        "clinicalStatus": "active",
        "verificationStatus": "confirmed",
        "code": {
          "coding": [
            {
              "system": "http://snomed.info/sct",
              "code": "444814009",
              "display": "Viral sinusitis (disorder)"
            }
          ],
          "text": "Viral sinusitis (disorder)"
        },
        "subject": {
          "reference": "urn:uuid:76d7233c-5d1d-423f-972f-99186a645e37"
        },
        "context": {
          "reference": "urn:uuid:29161877-fcdd-4d5c-b394-d2dc973cdafb"
        },
        "onsetDateTime": "2017-03-18T02:31:24-04:00",
        "abatementDateTime": "2017-04-20T20:06:14-04:00",
        "assertedDate": "2017-03-18",
        "resourceType": "Condition"
      }
    }
  ],
  "resourceType": "Bundle"
}