{
  "type": "collection",
  "entry": [
    {
      "fullUrl": "urn:uuid:4934f34f-8295-4d2f-976b-af3abb4e6dd1",
      "resource": {
        "id": "4934f34f-8295-4d2f-976b-af3abb4e6dd1",
        "meta": {
          "profile": [
            "http://standardhealthrecord.org/fhir/StructureDefinition/shr-demographics-PersonOfRecord"
          ]
        },
        "text": {
          "status": "generated",
          "div": "<div>Generated by <a href=\"https://github.com/synthetichealth/synthea\">Synthea</a>. Version identifier: 4d02400401b9fab839e47bf5b2f1f6a8c683ab55</div>"
        },
        "extension": [
          {
            "url": "http://hl7.org/fhir/us/core/StructureDefinition/us-core-race",
            "valueCodeableConcept": {
              "coding": [
                {
                  "system": "http://hl7.org/fhir/v3/Race",
                  "code": "2106-3",
                  "display": "White"
                }
              ],
              "text": "race"
            }
          },
          {
            "url": "http://hl7.org/fhir/us/core/StructureDefinition/us-core-ethnicity",
            "valueCodeableConcept": {
              "coding": [
                {
                  "system": "http://hl7.org/fhir/v3/Ethnicity",
                  "code": "2186-5",
                  "display": "Nonhispanic"
                }
              ],
              "text": "ethnicity"
            }
          },
          {
            "url": "http://hl7.org/fhir/StructureDefinition/birthPlace",
            "valueAddress": {
              "city": "Athol",
              "state": "MA",
              "country": "US"
            }
          },
          {
            "url": "http://hl7.org/fhir/StructureDefinition/patient-mothersMaidenName",
            "valueString": "Guido23 Purdy670"
          },
          {
            "url": "http://hl7.org/fhir/us/core/StructureDefinition/us-core-birthsex",
            "valueCode": "F"
          },
          {
            "url": "http://hl7.org/fhir/StructureDefinition/patient-interpreterRequired",
            "valueBoolean": false
          },
          {
            "url": "http://standardhealthrecord.org/fhir/StructureDefinition/shr-actor-FictionalPerson-extension",
            "valueBoolean": true
          },
          {
            "url": "http://standardhealthrecord.org/fhir/StructureDefinition/shr-demographics-FathersName-extension",
            "valueHumanName": {
              "text": "Ruthie802 Abbott992"
            }
          },
          {
            "url": "http://standardhealthrecord.org/fhir/StructureDefinition/shr-demographics-SocialSecurityNumber-extension",
            "valueString": "999-81-5163"
          }
        ],
        "identifier": [
          {
            "system": "https://github.com/synthetichealth/synthea",
            "value": "3928927a-bf32-4c86-9c42-e049b4a66239"
          },
          {
            "type": {
              "coding": [
                {
                  "system": "http://hl7.org/fhir/identifier-type",
                  "code": "SB"
                }
              ]
            },
            "system": "http://hl7.org/fhir/sid/us-ssn",
            "value": "999815163"
          },
          {
            "type": {
              "coding": [
                {
                  "system": "http://hl7.org/fhir/v2/0203",
                  "code": "DL"
                }
              ]
            },
            "system": "urn:oid:2.16.840.1.113883.4.3.25",
            "value": "S99987185"
          }
        ],
        "name": [
          {
            "use": "official",
            "family": "Abbott992",
            "given": [
              "Icie585"
            ],
            "prefix": [
              "Ms."
            ]
          }
        ],
        "telecom": [
          {
            "system": "phone",
            "value": "131-417-0067 x52015",
            "use": "home"
          }
        ],
        "gender": "female",
        "birthDate": "1944-02-16",
        "deceasedDateTime": "2003-07-25T04:27:01-04:00",
        "address": [
          {
            "extension": [
              {
                "extension": [
                  {
                    "url": "latitude",
                    "valueDecimal": 41.7197456452215
                  },
                  {
                    "url": "longitude",
                    "valueDecimal": -71.12622553058834
                  }
                ],
                "url": "http://hl7.org/fhir/StructureDefinition/geolocation"
              }
            ],
            "line": [
              "8133 Willis Forge"
            ],
            "city": "Fall River",
            "state": "MA",
            "postalCode": "02720",
            "country": "US"
          }
        ],
        "maritalStatus": {
          "coding": [
            {
              "system": "http://hl7.org/fhir/v3/MaritalStatus",
              "code": "S"
            }
          ],
          "text": "S"
        },
        "multipleBirthBoolean": false,
        "communication": [
          {
            "language": {
              "coding": [
                {
                  "system": "http://hl7.org/fhir/ValueSet/languages",
                  "code": "en-US",
                  "display": "English (United States)"
                }
              ]
            }
          }
        ],
        "resourceType": "Patient"
      }
    },
    {
      "fullUrl": "urn:uuid:ae8a6ead-465f-4230-8384-915424eacee5",
      "resource": {
        "id": "ae8a6ead-465f-4230-8384-915424eacee5",
        "meta": {
          "profile": [
            "http://standardhealthrecord.org/fhir/StructureDefinition/shr-actor-Organization"
          ]
        },
        "type": [
          {
            "coding": [
              {
                "system": "http://hl7.org/fhir/ValueSet/organization-type",
                "code": "prov",
                "display": "Healthcare Provider"
              }
            ],
            "text": "Healthcare Provider"
          }
        ],
        "name": "Synthetic Provider",
        "resourceType": "Organization"
      }
    },
    {
      "fullUrl": "urn:uuid:a976d06f-7d0e-4de9-812d-83c24415971c",
      "resource": {
        "id": "a976d06f-7d0e-4de9-812d-83c24415971c",
        "meta": {
          "profile": [
            "http://standardhealthrecord.org/fhir/StructureDefinition/shr-encounter-Encounter"
          ]
        },
        "status": "finished",
        "class": {
          "code": "ambulatory"
        },
        "type": [
          {
            "coding": [
              {
                "system": "http://snomed.info/sct",
                "code": "308646001"
              }
            ],
            "text": "Death Certification"
          }
        ],
        "subject": {
          "reference": "urn:uuid:4934f34f-8295-4d2f-976b-af3abb4e6dd1"
        },
        "period": {
          "start": "2003-07-25T04:27:01-04:00",
          "end": "2003-07-25T04:42:01-04:00"
        },
        "serviceProvider": {
          "reference": "urn:uuid:ae8a6ead-465f-4230-8384-915424eacee5"
        },
        "resourceType": "Encounter"
      }
    },
    {
      "fullUrl": "urn:uuid:f3a34cc9-fcfd-4a8d-940b-228f328517eb",
      "resource": {
        "id": "f3a34cc9-fcfd-4a8d-940b-228f328517eb",
        "meta": {
          "profile": [
            "http://standardhealthrecord.org/fhir/StructureDefinition/shr-problem-Problem"
          ]
        },
        "clinicalStatus": "active",
        "verificationStatus": "confirmed",
        "code": {
          "coding": [
            {
              "system": "http://snomed.info/sct",
              "code": "87433001",
              "display": "Pulmonary emphysema (disorder)"
            }
          ],
          "text": "Pulmonary emphysema (disorder)"
        },
        "subject": {
          "reference": "urn:uuid:4934f34f-8295-4d2f-976b-af3abb4e6dd1"
        },
        "context": {
          "reference": "urn:uuid:a976d06f-7d0e-4de9-812d-83c24415971c"
        },
        "onsetDateTime": "1977-01-26T08:57:21-05:00",
        "assertedDate": "1977-01-26",
        "resourceType": "Condition"
      }
    },
    {
      "fullUrl": "urn:uuid:c049a7f0-1394-4add-94d7-d97c96a68d6c",
      "resource": {
        "id": "c049a7f0-1394-4add-94d7-d97c96a68d6c",
        "meta": {
          "profile": [
            "http://standardhealthrecord.org/fhir/StructureDefinition/shr-problem-Problem"
          ]
        },
        "clinicalStatus": "active",
        "verificationStatus": "confirmed",
        "code": {
          "coding": [
            {
              "system": "http://snomed.info/sct",
              "code": "15777000",
              "display": "Prediabetes"
            }
          ],
          "text": "Prediabetes"
        },
        "subject": {
          "reference": "urn:uuid:4934f34f-8295-4d2f-976b-af3abb4e6dd1"
        },
        "context": {
          "reference": "urn:uuid:a976d06f-7d0e-4de9-812d-83c24415971c"
        },
        "onsetDateTime": "1977-01-26T08:57:21-05:00",
        "assertedDate": "1977-01-26",
        "resourceType": "Condition"
      }
    },
    {
      "fullUrl": "urn:uuid:07fcc6df-878a-479f-9938-97bff5d78a7d",
      "resource": {
        "id": "07fcc6df-878a-479f-9938-97bff5d78a7d",
        "meta": {
          "profile": [
            "http://standardhealthrecord.org/fhir/StructureDefinition/shr-problem-Problem"
          ]
        },
        "clinicalStatus": "active",
        "verificationStatus": "confirmed",
        "code": {
          "coding": [
            {
              "system": "http://snomed.info/sct",
              "code": "44054006",
              "display": "Diabetes"
            }
          ],
          "text": "Diabetes"
        },
        "subject": {
          "reference": "urn:uuid:4934f34f-8295-4d2f-976b-af3abb4e6dd1"
        },
        "context": {
          "reference": "urn:uuid:a976d06f-7d0e-4de9-812d-83c24415971c"
        },
        "onsetDateTime": "1977-06-09T11:29:41-04:00",
        "assertedDate": "1977-06-09",
        "resourceType": "Condition"
      }
    },
    {
      "fullUrl": "urn:uuid:9b7ec39c-600b-4dc8-b9d1-ebd62dd2bc04",
      "resource": {
        "id": "9b7ec39c-600b-4dc8-b9d1-ebd62dd2bc04",
        "meta": {
          "profile": [
            "http://standardhealthrecord.org/fhir/StructureDefinition/shr-problem-Problem"
          ]
        },
        "clinicalStatus": "active",
        "verificationStatus": "confirmed",
        "code": {
          "coding": [
            {
              "system": "http://snomed.info/sct",
              "code": "127013003",
              "display": "Diabetic renal disease (disorder)"
            }
          ],
          "text": "Diabetic renal disease (disorder)"
        },
        "subject": {
          "reference": "urn:uuid:4934f34f-8295-4d2f-976b-af3abb4e6dd1"
        },
        "context": {
          "reference": "urn:uuid:a976d06f-7d0e-4de9-812d-83c24415971c"
        },
        "onsetDateTime": "1990-05-30T08:57:21-04:00",
        "assertedDate": "1990-05-30",
        "resourceType": "Condition"
      }
    },
    {
      "fullUrl": "urn:uuid:289d0b9c-9ec3-453b-8869-5f9c1d24ebbb",
      "resource": {
        "id": "289d0b9c-9ec3-453b-8869-5f9c1d24ebbb",
        "meta": {
          "profile": [
            "http://standardhealthrecord.org/fhir/StructureDefinition/shr-observation-Observation"
          ]
        },
        "status": "final",
        "category": [
          {
            "coding": [
              {
                "system": "http://hl7.org/fhir/observation-category"
              }
            ]
          }
        ],
        "code": {
          "coding": [
            {
              "system": "http://loinc.org",
              "code": "69453-9",
              "display": "Cause of Death [US Standard Certificate of Death]"
            }
          ],
          "text": "Cause of Death [US Standard Certificate of Death]"
        },
        "subject": {
          "reference": "urn:uuid:4934f34f-8295-4d2f-976b-af3abb4e6dd1"
        },
        "context": {
          "reference": "urn:uuid:a976d06f-7d0e-4de9-812d-83c24415971c"
        },
        "effectiveDateTime": "2003-07-25T04:27:01-04:00",
        "issued": "2003-07-25T04:27:01-04:00",
        "valueCodeableConcept": {
          "coding": [
            {
              "system": "http://snomed.info/sct",
              "code": "87433001",
              "display": "Pulmonary emphysema (disorder)"
            }
          ],
          "text": "Pulmonary emphysema (disorder)"
        },
        "resourceType": "Observation"
      }
    },
    {
      "fullUrl": "urn:uuid:0a1256a2-fa65-4de8-a495-0f278c75aa21",
      "resource": {
        "id": "0a1256a2-fa65-4de8-a495-0f278c75aa21",
        "meta": {
          "profile": [
            "http://standardhealthrecord.org/fhir/StructureDefinition/shr-observation-Panel"
          ]
        },
        "status": "final",
        "code": {
          "coding": [
            {
              "system": "http://loinc.org",
              "code": "69409-1",
              "display": "U.S. standard certificate of death - 2003 revision"
            }
          ]
        },
        "subject": {
          "reference": "urn:uuid:4934f34f-8295-4d2f-976b-af3abb4e6dd1"
        },
        "context": {
          "reference": "urn:uuid:a976d06f-7d0e-4de9-812d-83c24415971c"
        },
        "effectiveDateTime": "2003-07-25T04:27:01-04:00",
        "issued": "2003-07-25T04:27:01-04:00",
        "result": [
          {
            "reference": "urn:uuid:289d0b9c-9ec3-453b-8869-5f9c1d24ebbb",
            "display": "Cause of Death [US Standard Certificate of Death]"
          }
        ],
        "resourceType": "DiagnosticReport"
      }
    },
    {
      "resource": {
        "status": "active",
        "category": [
          {
            "coding": [
              {
                "system": "http://snomed.info/sct",
                "code": "412776001",
                "display": "Chronic obstructive pulmonary disease clinical management plan"
              }
            ]
          }
        ],
        "subject": {
          "reference": "urn:uuid:4934f34f-8295-4d2f-976b-af3abb4e6dd1"
        },
        "context": {
          "reference": "urn:uuid:a976d06f-7d0e-4de9-812d-83c24415971c"
        },
        "period": {
          "start": "1977-01-26"
        },
        "addresses": [
          {
            "reference": "urn:uuid:f3a34cc9-fcfd-4a8d-940b-228f328517eb"
          }
        ],
        "activity": [
          {
            "detail": {
              "code": {
                "coding": [
                  {
                    "system": "http://snomed.info/sct",
                    "code": "229065009",
                    "display": "Exercise therapy"
                  }
                ]
              },
              "status": "in-progress"
            }
          },
          {
            "detail": {
              "code": {
                "coding": [
                  {
                    "system": "http://snomed.info/sct",
                    "code": "15081005",
                    "display": "Pulmonary rehabilitation (regime/therapy)"
                  }
                ]
              },
              "status": "in-progress"
            }
          }
        ],
        "resourceType": "CarePlan"
      }
    },
    {
      "resource": {
        "status": "in-progress",
        "description": {
          "text": "Hemoglobin A1c total in Blood < 7.0"
        },
        "addresses": [
          {
            "reference": "urn:uuid:c049a7f0-1394-4add-94d7-d97c96a68d6c"
          }
        ],
        "resourceType": "Goal"
      }
    },
    {
      "resource": {
        "status": "in-progress",
        "description": {
          "text": "Glucose [Mass/volume] in Blood < 108"
        },
        "addresses": [
          {
            "reference": "urn:uuid:c049a7f0-1394-4add-94d7-d97c96a68d6c"
          }
        ],
        "resourceType": "Goal"
      }
    },
    {
      "resource": {
        "status": "in-progress",
        "description": {
          "text": "Maintain blood pressure below 140/90 mmHg"
        },
        "addresses": [
          {
            "reference": "urn:uuid:c049a7f0-1394-4add-94d7-d97c96a68d6c"
          }
        ],
        "resourceType": "Goal"
      }
    },
    {
      "resource": {
        "status": "in-progress",
        "description": {
          "text": "Improve and maintenance of optimal foot health: aim at early detection of peripheral vascular problems and neuropathy presumed due to diabetes; and prevention of diabetic foot ulcer, gangrene"
        },
        "addresses": [
          {
            "reference": "urn:uuid:c049a7f0-1394-4add-94d7-d97c96a68d6c"
          }
        ],
        "resourceType": "Goal"
      }
    },
    {
      "resource": {
        "status": "in-progress",
        "description": {
          "text": "Address patient knowledge deficit on diabetic self-care"
        },
        "addresses": [
          {
            "reference": "urn:uuid:c049a7f0-1394-4add-94d7-d97c96a68d6c"
          }
        ],
        "resourceType": "Goal"
      }
    },
    {
      "resource": {
        "status": "active",
        "category": [
          {
            "coding": [
              {
                "system": "http://snomed.info/sct",
                "code": "698360004",
                "display": "Diabetes self management plan"
              }
            ]
          }
        ],
        "subject": {
          "reference": "urn:uuid:4934f34f-8295-4d2f-976b-af3abb4e6dd1"
        },
        "context": {
          "reference": "urn:uuid:a976d06f-7d0e-4de9-812d-83c24415971c"
        },
        "period": {
          "start": "1977-01-26"
        },
        "addresses": [
          {
            "reference": "urn:uuid:c049a7f0-1394-4add-94d7-d97c96a68d6c"
          }
        ],
        "goal": [
          {
            "reference": ""
          },
          {
            "reference": ""
          },
          {
            "reference": ""
          },
          {
            "reference": ""
          },
          {
            "reference": ""
          }
        ],
        "activity": [
          {
            "detail": {
              "code": {
                "coding": [
                  {
                    "system": "http://snomed.info/sct",
                    "code": "160670007",
                    "display": "Diabetic diet"
                  }
                ]
              },
              "status": "in-progress"
            }
          },
          {
            "detail": {
              "code": {
                "coding": [
                  {
                    "system": "http://snomed.info/sct",
                    "code": "229065009",
                    "display": "Exercise therapy"
                  }
                ]
              },
              "status": "in-progress"
            }
          }
        ],
        "resourceType": "CarePlan"
      }
    },
    {
      "resource": {
        "meta": {
          "profile": [
            "http://standardhealthrecord.org/fhir/StructureDefinition/shr-medication-Medication"
          ]
        },
        "code": {
          "coding": [
            {
              "system": "http://www.nlm.nih.gov/research/umls/rxnorm",
              "code": "834060",
              "display": "Penicillin V Potassium 250 MG"
            }
          ],
          "text": "Penicillin V Potassium 250 MG"
        },
        "resourceType": "Medication"
      }
    },
    {
      "resource": {
        "meta": {
          "profile": [
            "http://standardhealthrecord.org/fhir/StructureDefinition/shr-medication-MedicationPrescription"
          ]
        },
        "extension": [
          {
            "url": "http://standardhealthrecord.org/fhir/StructureDefinition/shr-base-ActionCode-extension",
            "valueCodeableConcept": {
              "coding": [
                {
                  "system": "http://snomed.info/sct",
                  "code": "33633005",
                  "display": "Prescription of drug (procedure)"
                }
              ],
              "text": "Prescription of drug (procedure)"
            }
          }
        ],
        "status": "active",
        "medicationReference": {
          "reference": ""
        },
        "subject": {
          "reference": "urn:uuid:4934f34f-8295-4d2f-976b-af3abb4e6dd1"
        },
        "context": {
          "reference": "urn:uuid:a976d06f-7d0e-4de9-812d-83c24415971c"
        },
        "authoredOn": "1946-12-27",
        "dosageInstruction": [
          {

          }
        ],
        "resourceType": "MedicationRequest"
      }
    },
    {
      "resource": {
        "meta": {
          "profile": [
            "http://standardhealthrecord.org/fhir/StructureDefinition/shr-medication-MedicationPrescription"
          ]
        },
        "extension": [
          {
            "url": "http://standardhealthrecord.org/fhir/StructureDefinition/shr-base-ActionCode-extension",
            "valueCodeableConcept": {
              "coding": [
                {
                  "system": "http://snomed.info/sct",
                  "code": "33633005",
                  "display": "Prescription of drug (procedure)"
                }
              ],
              "text": "Prescription of drug (procedure)"
            }
          }
        ],
        "status": "active",
        "medicationReference": {
          "reference": ""
        },
        "subject": {
          "reference": "urn:uuid:4934f34f-8295-4d2f-976b-af3abb4e6dd1"
        },
        "context": {
          "reference": "urn:uuid:a976d06f-7d0e-4de9-812d-83c24415971c"
        },
        "authoredOn": "1948-03-10",
        "dosageInstruction": [
          {

          }
        ],
        "resourceType": "MedicationRequest"
      }
    },
    {
      "resource": {
        "meta": {
          "profile": [
            "http://standardhealthrecord.org/fhir/StructureDefinition/shr-medication-Medication"
          ]
        },
        "code": {
          "coding": [
            {
              "system": "http://www.nlm.nih.gov/research/umls/rxnorm",
              "code": "896188",
              "display": "Fluticasone propionate 0.25 MG/ACTUAT / salmeterol 0.05 MG/ACTUAT [Advair]"
            }
          ],
          "text": "Fluticasone propionate 0.25 MG/ACTUAT / salmeterol 0.05 MG/ACTUAT [Advair]"
        },
        "resourceType": "Medication"
      }
    },
    {
      "resource": {
        "meta": {
          "profile": [
            "http://standardhealthrecord.org/fhir/StructureDefinition/shr-medication-MedicationPrescription"
          ]
        },
        "extension": [
          {
            "url": "http://standardhealthrecord.org/fhir/StructureDefinition/shr-base-ActionCode-extension",
            "valueCodeableConcept": {
              "coding": [
                {
                  "system": "http://snomed.info/sct",
                  "code": "33633005",
                  "display": "Prescription of drug (procedure)"
                }
              ],
              "text": "Prescription of drug (procedure)"
            }
          }
        ],
        "status": "active",
        "medicationReference": {
          "reference": ""
        },
        "subject": {
          "reference": "urn:uuid:4934f34f-8295-4d2f-976b-af3abb4e6dd1"
        },
        "context": {
          "reference": "urn:uuid:a976d06f-7d0e-4de9-812d-83c24415971c"
        },
        "authoredOn": "1977-06-09",
        "reasonReference": [
          {
            "reference": "urn:uuid:f3a34cc9-fcfd-4a8d-940b-228f328517eb"
          }
        ],
        "dosageInstruction": [
          {

          }
        ],
        "resourceType": "MedicationRequest"
      }
    },
    {
      "resource": {
        "meta": {
          "profile": [
            "http://standardhealthrecord.org/fhir/StructureDefinition/shr-medication-Medication"
          ]
        },
        "code": {
          "coding": [
            {
              "system": "http://www.nlm.nih.gov/research/umls/rxnorm",
              "code": "860975",
              "display": "24 HR Metformin hydrochloride 500 MG Extended Release Oral Tablet"
            }
          ],
          "text": "24 HR Metformin hydrochloride 500 MG Extended Release Oral Tablet"
        },
        "resourceType": "Medication"
      }
    },
    {
      "resource": {
        "meta": {
          "profile": [
            "http://standardhealthrecord.org/fhir/StructureDefinition/shr-medication-MedicationPrescription"
          ]
        },
        "extension": [
          {
            "url": "http://standardhealthrecord.org/fhir/StructureDefinition/shr-base-ActionCode-extension",
            "valueCodeableConcept": {
              "coding": [
                {
                  "system": "http://snomed.info/sct",
                  "code": "33633005",
                  "display": "Prescription of drug (procedure)"
                }
              ],
              "text": "Prescription of drug (procedure)"
            }
          }
        ],
        "status": "active",
        "medicationReference": {
          "reference": ""
        },
        "subject": {
          "reference": "urn:uuid:4934f34f-8295-4d2f-976b-af3abb4e6dd1"
        },
        "context": {
          "reference": "urn:uuid:a976d06f-7d0e-4de9-812d-83c24415971c"
        },
        "authoredOn": "1988-07-21",
        "reasonReference": [
          {
            "reference": "urn:uuid:07fcc6df-878a-479f-9938-97bff5d78a7d"
          }
        ],
        "dosageInstruction": [
          {

          }
        ],
        "resourceType": "MedicationRequest"
      }
    },
    {
      "resource": {
        "meta": {
          "profile": [
            "http://standardhealthrecord.org/fhir/StructureDefinition/shr-medication-Medication"
          ]
        },
        "code": {
          "coding": [
            {
              "system": "http://www.nlm.nih.gov/research/umls/rxnorm",
              "code": "106892",
              "display": "insulin human, isophane 70 UNT/ML / Regular Insulin, Human 30 UNT/ML Injectable Suspension [Humulin]"
            }
          ],
          "text": "insulin human, isophane 70 UNT/ML / Regular Insulin, Human 30 UNT/ML Injectable Suspension [Humulin]"
        },
        "resourceType": "Medication"
      }
    },
    {
      "resource": {
        "meta": {
          "profile": [
            "http://standardhealthrecord.org/fhir/StructureDefinition/shr-medication-MedicationPrescription"
          ]
        },
        "extension": [
          {
            "url": "http://standardhealthrecord.org/fhir/StructureDefinition/shr-base-ActionCode-extension",
            "valueCodeableConcept": {
              "coding": [
                {
                  "system": "http://snomed.info/sct",
                  "code": "33633005",
                  "display": "Prescription of drug (procedure)"
                }
              ],
              "text": "Prescription of drug (procedure)"
            }
          }
        ],
        "status": "active",
        "medicationReference": {
          "reference": ""
        },
        "subject": {
          "reference": "urn:uuid:4934f34f-8295-4d2f-976b-af3abb4e6dd1"
        },
        "context": {
          "reference": "urn:uuid:a976d06f-7d0e-4de9-812d-83c24415971c"
        },
        "authoredOn": "1990-08-05",
        "reasonReference": [
          {
            "reference": "urn:uuid:07fcc6df-878a-479f-9938-97bff5d78a7d"
          }
        ],
        "dosageInstruction": [
          {

          }
        ],
        "resourceType": "MedicationRequest"
      }
    }
  ],
  "resourceType": "Bundle"
}