{
  "type": "collection",
  "entry": [
    {
      "fullUrl": "urn:uuid:ce537344-9766-449f-a2fe-6fd4a9a8a95b",
      "resource": {
        "id": "ce537344-9766-449f-a2fe-6fd4a9a8a95b",
        "meta": {
          "profile": [
            "http://standardhealthrecord.org/fhir/StructureDefinition/shr-demographics-PersonOfRecord"
          ]
        },
        "text": {
          "status": "generated",
          "div": "<div>Generated by <a href=\"https://github.com/synthetichealth/synthea\">Synthea</a>. Version identifier: 4d02400401b9fab839e47bf5b2f1f6a8c683ab55</div>"
        },
        "extension": [
          {
            "url": "http://hl7.org/fhir/us/core/StructureDefinition/us-core-race",
            "valueCodeableConcept": {
              "coding": [
                {
                  "system": "http://hl7.org/fhir/v3/Race",
                  "code": "2054-5",
                  "display": "Black"
                }
              ],
              "text": "race"
            }
          },
          {
            "url": "http://hl7.org/fhir/us/core/StructureDefinition/us-core-ethnicity",
            "valueCodeableConcept": {
              "coding": [
                {
                  "system": "http://hl7.org/fhir/v3/Ethnicity",
                  "code": "2186-5",
                  "display": "Nonhispanic"
                }
              ],
              "text": "ethnicity"
            }
          },
          {
            "url": "http://hl7.org/fhir/StructureDefinition/birthPlace",
            "valueAddress": {
              "city": "Norton",
              "state": "MA",
              "country": "US"
            }
          },
          {
            "url": "http://hl7.org/fhir/StructureDefinition/patient-mothersMaidenName",
            "valueString": "Vicenta704 Wyman886"
          },
          {
            "url": "http://hl7.org/fhir/us/core/StructureDefinition/us-core-birthsex",
            "valueCode": "M"
          },
          {
            "url": "http://hl7.org/fhir/StructureDefinition/patient-interpreterRequired",
            "valueBoolean": false
          },
          {
            "url": "http://standardhealthrecord.org/fhir/StructureDefinition/shr-actor-FictionalPerson-extension",
            "valueBoolean": true
          },
          {
            "url": "http://standardhealthrecord.org/fhir/StructureDefinition/shr-demographics-FathersName-extension",
            "valueHumanName": {
              "text": "Dasia683 Abbott992"
            }
          },
          {
            "url": "http://standardhealthrecord.org/fhir/StructureDefinition/shr-demographics-SocialSecurityNumber-extension",
            "valueString": "999-94-1021"
          }
        ],
        "identifier": [
          {
            "system": "https://github.com/synthetichealth/synthea",
            "value": "ae7d2e18-50e2-4674-b187-87686bff2a26"
          },
          {
            "type": {
              "coding": [
                {
                  "system": "http://hl7.org/fhir/identifier-type",
                  "code": "SB"
                }
              ]
            },
            "system": "http://hl7.org/fhir/sid/us-ssn",
            "value": "999941021"
          },
          {
            "type": {
              "coding": [
                {
                  "system": "http://hl7.org/fhir/v2/0203",
                  "code": "DL"
                }
              ]
            },
            "system": "urn:oid:2.16.840.1.113883.4.3.25",
            "value": "S99946930"
          },
          {
            "type": {
              "coding": [
                {
                  "system": "http://hl7.org/fhir/v2/0203",
                  "code": "PPN"
                }
              ]
            },
            "system": "http://standardhealthrecord.org/fhir/StructureDefinition/passportNumber",
            "value": "X73044246X"
          }
        ],
        "name": [
          {
            "use": "official",
            "family": "Abbott992",
            "given": [
              "Russel998"
            ],
            "prefix": [
              "Mr."
            ]
          }
        ],
        "telecom": [
          {
            "system": "phone",
            "value": "931.502.0674 x589",
            "use": "home"
          }
        ],
        "gender": "male",
        "birthDate": "1974-03-05",
        "address": [
          {
            "extension": [
              {
                "extension": [
                  {
                    "url": "latitude",
                    "valueDecimal": 42.07335550723223
                  },
                  {
                    "url": "longitude",
                    "valueDecimal": -71.85100286816376
                  }
                ],
                "url": "http://hl7.org/fhir/StructureDefinition/geolocation"
              }
            ],
            "line": [
              "84892 Tony Expressway"
            ],
            "city": "Webster",
            "state": "MA",
            "postalCode": "01570",
            "country": "US"
          }
        ],
        "maritalStatus": {
          "coding": [
            {
              "system": "http://hl7.org/fhir/v3/MaritalStatus",
              "code": "M"
            }
          ],
          "text": "M"
        },
        "multipleBirthBoolean": false,
        "communication": [
          {
            "language": {
              "coding": [
                {
                  "system": "http://hl7.org/fhir/ValueSet/languages",
                  "code": "es",
                  "display": "Spanish"
                }
              ]
            }
          }
        ],
        "resourceType": "Patient"
      }
    },
    {
      "fullUrl": "urn:uuid:49960cbc-547b-47fd-9f90-1be4976bfc3f",
      "resource": {
        "id": "49960cbc-547b-47fd-9f90-1be4976bfc3f",
        "meta": {
          "profile": [
            "http://standardhealthrecord.org/fhir/StructureDefinition/shr-actor-Organization"
          ]
        },
        "type": [
          {
            "coding": [
              {
                "system": "http://hl7.org/fhir/ValueSet/organization-type",
                "code": "prov",
                "display": "Healthcare Provider"
              }
            ],
            "text": "Healthcare Provider"
          }
        ],
        "name": "Synthetic Provider",
        "resourceType": "Organization"
      }
    },
    {
      "fullUrl": "urn:uuid:960d4157-8bff-494f-b76f-c2fa783d6312",
      "resource": {
        "id": "960d4157-8bff-494f-b76f-c2fa783d6312",
        "meta": {
          "profile": [
            "http://standardhealthrecord.org/fhir/StructureDefinition/shr-encounter-Encounter"
          ]
        },
        "status": "finished",
        "class": {
          "code": "ambulatory"
        },
        "type": [
          {
            "coding": [
              {
                "system": "http://snomed.info/sct",
                "code": "185345009"
              }
            ],
            "text": "Encounter for symptom"
          }
        ],
        "subject": {
          "reference": "urn:uuid:ce537344-9766-449f-a2fe-6fd4a9a8a95b"
        },
        "period": {
          "start": "2011-02-05T23:13:23-05:00",
          "end": "2011-02-05T23:13:23-05:00"
        },
        "reason": {
          "coding": [
            {
              "system": "http://snomed.info/sct",
              "code": "195662009",
              "display": "Acute viral pharyngitis (disorder)"
            }
          ]
        },
        "serviceProvider": {
          "reference": "urn:uuid:49960cbc-547b-47fd-9f90-1be4976bfc3f"
        },
        "resourceType": "Encounter"
      }
    },
    {
      "fullUrl": "urn:uuid:0b70e3d7-a3ef-406a-b564-98c0720ce826",
      "resource": {
        "id": "0b70e3d7-a3ef-406a-b564-98c0720ce826",
        "meta": {
          "profile": [
            "http://standardhealthrecord.org/fhir/StructureDefinition/shr-problem-Problem"
          ]
        },
        "clinicalStatus": "active",
        "verificationStatus": "confirmed",
        "code": {
          "coding": [
            {
              "system": "http://snomed.info/sct",
              "code": "74400008",
              "display": "Appendicitis"
            }
          ],
          "text": "Appendicitis"
        },
        "subject": {
          "reference": "urn:uuid:ce537344-9766-449f-a2fe-6fd4a9a8a95b"
        },
        "context": {
          "reference": "urn:uuid:960d4157-8bff-494f-b76f-c2fa783d6312"
        },
        "onsetDateTime": "1975-04-08T06:52:33-04:00",
        "assertedDate": "1975-04-08",
        "resourceType": "Condition"
      }
    },
    {
      "fullUrl": "urn:uuid:8b439b93-74b7-4e18-ad86-8f4854ef5189",
      "resource": {
        "id": "8b439b93-74b7-4e18-ad86-8f4854ef5189",
        "meta": {
          "profile": [
            "http://standardhealthrecord.org/fhir/StructureDefinition/shr-problem-Problem"
          ]
        },
        "clinicalStatus": "active",
        "verificationStatus": "confirmed",
        "code": {
          "coding": [
            {
              "system": "http://snomed.info/sct",
              "code": "428251008",
              "display": "History of appendectomy"
            }
          ],
          "text": "History of appendectomy"
        },
        "subject": {
          "reference": "urn:uuid:ce537344-9766-449f-a2fe-6fd4a9a8a95b"
        },
        "context": {
          "reference": "urn:uuid:960d4157-8bff-494f-b76f-c2fa783d6312"
        },
        "onsetDateTime": "1975-04-08T06:52:33-04:00",
        "assertedDate": "1975-04-08",
        "resourceType": "Condition"
      }
    },
    {
      "resource": {
        "meta": {
          "profile": [
            "http://standardhealthrecord.org/fhir/StructureDefinition/shr-allergy-AllergyIntolerance"
          ]
        },
        "modifierExtension": [
          {
            "extension": [
              {
                "url": "http://standardhealthrecord.org/fhir/StructureDefinition/primitive-boolean-extension",
                "valueBoolean": false
              }
            ],
            "url": "http://standardhealthrecord.org/fhir/StructureDefinition/shr-base-NonOccurrenceModifier-extension"
          }
        ],
        "clinicalStatus": "active",
        "verificationStatus": "confirmed",
        "type": "allergy",
        "category": [
          "food"
        ],
        "criticality": "low",
        "code": {
          "coding": [
            {
              "system": "http://snomed.info/sct",
              "code": "417532002",
              "display": "Allergy to fish"
            }
          ]
        },
        "patient": {
          "reference": "urn:uuid:ce537344-9766-449f-a2fe-6fd4a9a8a95b"
        },
        "assertedDate": "1975-09-14T23:56:54-04:00",
        "resourceType": "AllergyIntolerance"
      }
    },
    {
      "resource": {
        "meta": {
          "profile": [
            "http://standardhealthrecord.org/fhir/StructureDefinition/shr-allergy-AllergyIntolerance"
          ]
        },
        "modifierExtension": [
          {
            "extension": [
              {
                "url": "http://standardhealthrecord.org/fhir/StructureDefinition/primitive-boolean-extension",
                "valueBoolean": false
              }
            ],
            "url": "http://standardhealthrecord.org/fhir/StructureDefinition/shr-base-NonOccurrenceModifier-extension"
          }
        ],
        "clinicalStatus": "active",
        "verificationStatus": "confirmed",
        "type": "allergy",
        "category": [
          "food"
        ],
        "criticality": "low",
        "code": {
          "coding": [
            {
              "system": "http://snomed.info/sct",
              "code": "300913006",
              "display": "Shellfish allergy"
            }
          ]
        },
        "patient": {
          "reference": "urn:uuid:ce537344-9766-449f-a2fe-6fd4a9a8a95b"
        },
        "assertedDate": "1975-09-14T23:56:54-04:00",
        "resourceType": "AllergyIntolerance"
      }
    },
    {
      "resource": {
        "meta": {
          "profile": [
            "http://standardhealthrecord.org/fhir/StructureDefinition/shr-allergy-AllergyIntolerance"
          ]
        },
        "modifierExtension": [
          {
            "extension": [
              {
                "url": "http://standardhealthrecord.org/fhir/StructureDefinition/primitive-boolean-extension",
                "valueBoolean": false
              }
            ],
            "url": "http://standardhealthrecord.org/fhir/StructureDefinition/shr-base-NonOccurrenceModifier-extension"
          }
        ],
        "clinicalStatus": "active",
        "verificationStatus": "confirmed",
        "type": "allergy",
        "category": [
          "food"
        ],
        "criticality": "high",
        "code": {
          "coding": [
            {
              "system": "http://snomed.info/sct",
              "code": "418689008",
              "display": "Allergy to grass pollen"
            }
          ]
        },
        "patient": {
          "reference": "urn:uuid:ce537344-9766-449f-a2fe-6fd4a9a8a95b"
        },
        "assertedDate": "1975-09-14T23:56:54-04:00",
        "resourceType": "AllergyIntolerance"
      }
    },
    {
      "fullUrl": "urn:uuid:80bc5443-3ec8-42ca-a90e-22503c6be656",
      "resource": {
        "id": "80bc5443-3ec8-42ca-a90e-22503c6be656",
        "meta": {
          "profile": [
            "http://standardhealthrecord.org/fhir/StructureDefinition/shr-problem-Problem"
          ]
        },
        "clinicalStatus": "active",
        "verificationStatus": "confirmed",
        "code": {
          "coding": [
            {
              "system": "http://snomed.info/sct",
              "code": "410429000",
              "display": "Cardiac Arrest"
            }
          ],
          "text": "Cardiac Arrest"
        },
        "subject": {
          "reference": "urn:uuid:ce537344-9766-449f-a2fe-6fd4a9a8a95b"
        },
        "context": {
          "reference": "urn:uuid:960d4157-8bff-494f-b76f-c2fa783d6312"
        },
        "onsetDateTime": "1977-06-21T21:09:50-04:00",
        "assertedDate": "1977-06-21",
        "resourceType": "Condition"
      }
    },
    {
      "fullUrl": "urn:uuid:4162f11c-c166-496c-a10a-2f2798c5a102",
      "resource": {
        "id": "4162f11c-c166-496c-a10a-2f2798c5a102",
        "meta": {
          "profile": [
            "http://standardhealthrecord.org/fhir/StructureDefinition/shr-problem-Problem"
          ]
        },
        "clinicalStatus": "active",
        "verificationStatus": "confirmed",
        "code": {
          "coding": [
            {
              "system": "http://snomed.info/sct",
              "code": "429007001",
              "display": "History of cardiac arrest (situation)"
            }
          ],
          "text": "History of cardiac arrest (situation)"
        },
        "subject": {
          "reference": "urn:uuid:ce537344-9766-449f-a2fe-6fd4a9a8a95b"
        },
        "context": {
          "reference": "urn:uuid:960d4157-8bff-494f-b76f-c2fa783d6312"
        },
        "onsetDateTime": "1977-06-21T21:09:50-04:00",
        "assertedDate": "1977-06-21",
        "resourceType": "Condition"
      }
    },
    {
      "fullUrl": "urn:uuid:66216a02-b40a-43c7-9cb1-0acd283077dc",
      "resource": {
        "id": "66216a02-b40a-43c7-9cb1-0acd283077dc",
        "meta": {
          "profile": [
            "http://standardhealthrecord.org/fhir/StructureDefinition/shr-problem-Problem"
          ]
        },
        "clinicalStatus": "active",
        "verificationStatus": "confirmed",
        "code": {
          "coding": [
            {
              "system": "http://snomed.info/sct",
              "code": "232353008",
              "display": "Perennial allergic rhinitis with seasonal variation"
            }
          ],
          "text": "Perennial allergic rhinitis with seasonal variation"
        },
        "subject": {
          "reference": "urn:uuid:ce537344-9766-449f-a2fe-6fd4a9a8a95b"
        },
        "context": {
          "reference": "urn:uuid:960d4157-8bff-494f-b76f-c2fa783d6312"
        },
        "onsetDateTime": "1980-02-03T20:50:39-05:00",
        "assertedDate": "1980-02-03",
        "resourceType": "Condition"
      }
    },
    {
      "fullUrl": "urn:uuid:89ad4e22-c407-4cb5-a580-984b6bf3e773",
      "resource": {
        "id": "89ad4e22-c407-4cb5-a580-984b6bf3e773",
        "meta": {
          "profile": [
            "http://standardhealthrecord.org/fhir/StructureDefinition/shr-problem-Problem"
          ]
        },
        "clinicalStatus": "active",
        "verificationStatus": "confirmed",
        "code": {
          "coding": [
            {
              "system": "http://snomed.info/sct",
              "code": "195662009",
              "display": "Acute viral pharyngitis (disorder)"
            }
          ],
          "text": "Acute viral pharyngitis (disorder)"
        },
        "subject": {
          "reference": "urn:uuid:ce537344-9766-449f-a2fe-6fd4a9a8a95b"
        },
        "context": {
          "reference": "urn:uuid:960d4157-8bff-494f-b76f-c2fa783d6312"
        },
        "onsetDateTime": "2011-02-03T05:23:31-05:00",
        "abatementDateTime": "2011-02-16T15:37:01-05:00",
        "assertedDate": "2011-02-03",
        "resourceType": "Condition"
      }
    },
    {
      "fullUrl": "urn:uuid:eb4076ad-72cf-4c4d-9038-c67a92f2d51c",
      "resource": {
        "id": "eb4076ad-72cf-4c4d-9038-c67a92f2d51c",
        "meta": {
          "profile": [
            "http://standardhealthrecord.org/fhir/StructureDefinition/shr-observation-Observation",
            "http://standardhealthrecord.org/fhir/StructureDefinition/shr-vital-VitalSign"
          ]
        },
        "status": "final",
        "category": [
          {
            "coding": [
              {
                "system": "http://hl7.org/fhir/observation-category",
                "code": "vital-signs"
              }
            ]
          }
        ],
        "code": {
          "coding": [
            {
              "system": "http://loinc.org",
              "code": "8331-1",
              "display": "Oral temperature"
            }
          ],
          "text": "Oral temperature"
        },
        "subject": {
          "reference": "urn:uuid:ce537344-9766-449f-a2fe-6fd4a9a8a95b"
        },
        "context": {
          "reference": "urn:uuid:960d4157-8bff-494f-b76f-c2fa783d6312"
        },
        "effectiveDateTime": "2011-02-05T23:13:23-05:00",
        "issued": "2011-02-05T23:13:23-05:00",
        "valueQuantity": {
          "value": 38,
          "unit": "Cel",
          "system": "http://unitsofmeasure.org/",
          "code": "Cel"
        },
        "resourceType": "Observation"
      }
    },
    {
      "resource": {
        "status": "active",
        "category": [
          {
            "coding": [
              {
                "system": "http://snomed.info/sct",
                "code": "326051000000105",
                "display": "Self care"
              }
            ]
          }
        ],
        "subject": {
          "reference": "urn:uuid:ce537344-9766-449f-a2fe-6fd4a9a8a95b"
        },
        "context": {
          "reference": "urn:uuid:960d4157-8bff-494f-b76f-c2fa783d6312"
        },
        "period": {
          "start": "1975-08-27"
        },
        "activity": [
          {
            "detail": {
              "code": {
                "coding": [
                  {
                    "system": "http://snomed.info/sct",
                    "code": "409002",
                    "display": "Food allergy diet"
                  }
                ]
              },
              "status": "in-progress"
            }
          },
          {
            "detail": {
              "code": {
                "coding": [
                  {
                    "system": "http://snomed.info/sct",
                    "code": "58332002",
                    "display": "Allergy education"
                  }
                ]
              },
              "status": "in-progress"
            }
          }
        ],
        "resourceType": "CarePlan"
      }
    },
    {
      "resource": {
        "status": "active",
        "category": [
          {
            "coding": [
              {
                "system": "http://snomed.info/sct",
                "code": "326051000000105",
                "display": "Self care"
              }
            ]
          }
        ],
        "subject": {
          "reference": "urn:uuid:ce537344-9766-449f-a2fe-6fd4a9a8a95b"
        },
        "context": {
          "reference": "urn:uuid:960d4157-8bff-494f-b76f-c2fa783d6312"
        },
        "period": {
          "start": "1975-09-15"
        },
        "activity": [
          {
            "detail": {
              "code": {
                "coding": [
                  {
                    "system": "http://snomed.info/sct",
                    "code": "58332002",
                    "display": "Allergy education"
                  }
                ]
              },
              "status": "in-progress"
            }
          }
        ],
        "resourceType": "CarePlan"
      }
    },
    {
      "resource": {
        "meta": {
          "profile": [
            "http://standardhealthrecord.org/fhir/StructureDefinition/shr-medication-Medication"
          ]
        },
        "code": {
          "coding": [
            {
              "system": "http://www.nlm.nih.gov/research/umls/rxnorm",
              "code": "1049630",
              "display": "diphenhydrAMINE Hydrochloride 25 MG Oral Tablet"
            }
          ],
          "text": "diphenhydrAMINE Hydrochloride 25 MG Oral Tablet"
        },
        "resourceType": "Medication"
      }
    },
    {
      "resource": {
        "meta": {
          "profile": [
            "http://standardhealthrecord.org/fhir/StructureDefinition/shr-medication-MedicationPrescription"
          ]
        },
        "extension": [
          {
            "url": "http://standardhealthrecord.org/fhir/StructureDefinition/shr-base-ActionCode-extension",
            "valueCodeableConcept": {
              "coding": [
                {
                  "system": "http://snomed.info/sct",
                  "code": "33633005",
                  "display": "Prescription of drug (procedure)"
                }
              ],
              "text": "Prescription of drug (procedure)"
            }
          }
        ],
        "status": "active",
        "medicationReference": {
          "reference": ""
        },
        "subject": {
          "reference": "urn:uuid:ce537344-9766-449f-a2fe-6fd4a9a8a95b"
        },
        "context": {
          "reference": "urn:uuid:960d4157-8bff-494f-b76f-c2fa783d6312"
        },
        "authoredOn": "1975-09-15",
        "dosageInstruction": [
          {
            "sequence": 1,
            "asNeededBoolean": true
          }
        ],
        "resourceType": "MedicationRequest"
      }
    },
    {
      "resource": {
        "meta": {
          "profile": [
            "http://standardhealthrecord.org/fhir/StructureDefinition/shr-medication-Medication"
          ]
        },
        "code": {
          "coding": [
            {
              "system": "http://www.nlm.nih.gov/research/umls/rxnorm",
              "code": "834060",
              "display": "Penicillin V Potassium 250 MG"
            }
          ],
          "text": "Penicillin V Potassium 250 MG"
        },
        "resourceType": "Medication"
      }
    },
    {
      "resource": {
        "meta": {
          "profile": [
            "http://standardhealthrecord.org/fhir/StructureDefinition/shr-medication-MedicationPrescription"
          ]
        },
        "extension": [
          {
            "url": "http://standardhealthrecord.org/fhir/StructureDefinition/shr-base-ActionCode-extension",
            "valueCodeableConcept": {
              "coding": [
                {
                  "system": "http://snomed.info/sct",
                  "code": "33633005",
                  "display": "Prescription of drug (procedure)"
                }
              ],
              "text": "Prescription of drug (procedure)"
            }
          }
        ],
        "status": "active",
        "medicationReference": {
          "reference": ""
        },
        "subject": {
          "reference": "urn:uuid:ce537344-9766-449f-a2fe-6fd4a9a8a95b"
        },
        "context": {
          "reference": "urn:uuid:960d4157-8bff-494f-b76f-c2fa783d6312"
        },
        "authoredOn": "1988-04-25",
        "dosageInstruction": [
          {

          }
        ],
        "resourceType": "MedicationRequest"
      }
    },
    {
      "fullUrl": "urn:uuid:774e296f-9b23-41d7-a056-d34461d93cb0",
      "resource": {
        "id": "774e296f-9b23-41d7-a056-d34461d93cb0",
        "meta": {
          "profile": [
            "http://standardhealthrecord.org/fhir/StructureDefinition/shr-encounter-Encounter"
          ]
        },
        "status": "finished",
        "class": {
          "code": "outpatient"
        },
        "type": [
          {
            "coding": [
              {
                "system": "http://snomed.info/sct",
                "code": "185349003"
              }
            ],
            "text": "Outpatient Encounter"
          }
        ],
        "subject": {
          "reference": "urn:uuid:ce537344-9766-449f-a2fe-6fd4a9a8a95b"
        },
        "period": {
          "start": "2012-12-29T13:12:19-05:00",
          "end": "2012-12-29T14:12:19-05:00"
        },
        "serviceProvider": {
          "reference": "urn:uuid:49960cbc-547b-47fd-9f90-1be4976bfc3f"
        },
        "resourceType": "Encounter"
      }
    },
    {
      "fullUrl": "urn:uuid:456dcd21-02ec-4f18-a8ef-ed94cbd138ab",
      "resource": {
        "id": "456dcd21-02ec-4f18-a8ef-ed94cbd138ab",
        "meta": {
          "profile": [
            "http://standardhealthrecord.org/fhir/StructureDefinition/shr-observation-Observation",
            "http://standardhealthrecord.org/fhir/StructureDefinition/shr-vital-VitalSign",
            "http://standardhealthrecord.org/fhir/StructureDefinition/shr-vital-BodyHeight"
          ]
        },
        "status": "final",
        "category": [
          {
            "coding": [
              {
                "system": "http://hl7.org/fhir/observation-category",
                "code": "vital-signs"
              }
            ]
          }
        ],
        "code": {
          "coding": [
            {
              "system": "http://loinc.org",
              "code": "8302-2",
              "display": "Body Height"
            }
          ],
          "text": "Body Height"
        },
        "subject": {
          "reference": "urn:uuid:ce537344-9766-449f-a2fe-6fd4a9a8a95b"
        },
        "context": {
          "reference": "urn:uuid:774e296f-9b23-41d7-a056-d34461d93cb0"
        },
        "effectiveDateTime": "2012-12-29T13:12:19-05:00",
        "issued": "2012-12-29T13:12:19-05:00",
        "valueQuantity": {
          "value": 168.2174880722756,
          "unit": "cm",
          "system": "http://unitsofmeasure.org/",
          "code": "cm"
        },
        "resourceType": "Observation"
      }
    },
    {
      "fullUrl": "urn:uuid:61b95b31-e6c6-45c9-93c3-425005aa0e1a",
      "resource": {
        "id": "61b95b31-e6c6-45c9-93c3-425005aa0e1a",
        "meta": {
          "profile": [
            "http://standardhealthrecord.org/fhir/StructureDefinition/shr-observation-Observation",
            "http://standardhealthrecord.org/fhir/StructureDefinition/shr-vital-VitalSign",
            "http://standardhealthrecord.org/fhir/StructureDefinition/shr-vital-BodyWeight"
          ]
        },
        "status": "final",
        "category": [
          {
            "coding": [
              {
                "system": "http://hl7.org/fhir/observation-category",
                "code": "vital-signs"
              }
            ]
          }
        ],
        "code": {
          "coding": [
            {
              "system": "http://loinc.org",
              "code": "29463-7",
              "display": "Body Weight"
            }
          ],
          "text": "Body Weight"
        },
        "subject": {
          "reference": "urn:uuid:ce537344-9766-449f-a2fe-6fd4a9a8a95b"
        },
        "context": {
          "reference": "urn:uuid:774e296f-9b23-41d7-a056-d34461d93cb0"
        },
        "effectiveDateTime": "2012-12-29T13:12:19-05:00",
        "issued": "2012-12-29T13:12:19-05:00",
        "valueQuantity": {
          "value": 94.9011331912712,
          "unit": "kg",
          "system": "http://unitsofmeasure.org/",
          "code": "kg"
        },
        "resourceType": "Observation"
      }
    },
    {
      "fullUrl": "urn:uuid:f61f395c-5bcd-4929-8bec-ef4bca00f919",
      "resource": {
        "id": "f61f395c-5bcd-4929-8bec-ef4bca00f919",
        "meta": {
          "profile": [
            "http://standardhealthrecord.org/fhir/StructureDefinition/shr-observation-Observation",
            "http://standardhealthrecord.org/fhir/StructureDefinition/shr-vital-VitalSign",
            "http://standardhealthrecord.org/fhir/StructureDefinition/shr-vital-BodyMassIndex"
          ]
        },
        "status": "final",
        "category": [
          {
            "coding": [
              {
                "system": "http://hl7.org/fhir/observation-category",
                "code": "vital-signs"
              }
            ]
          }
        ],
        "code": {
          "coding": [
            {
              "system": "http://loinc.org",
              "code": "39156-5",
              "display": "Body Mass Index"
            }
          ],
          "text": "Body Mass Index"
        },
        "subject": {
          "reference": "urn:uuid:ce537344-9766-449f-a2fe-6fd4a9a8a95b"
        },
        "context": {
          "reference": "urn:uuid:774e296f-9b23-41d7-a056-d34461d93cb0"
        },
        "effectiveDateTime": "2012-12-29T13:12:19-05:00",
        "issued": "2012-12-29T13:12:19-05:00",
        "valueQuantity": {
          "value": 33.53737841386385,
          "unit": "kg/m2",
          "system": "http://unitsofmeasure.org/",
          "code": "kg/m2"
        },
        "resourceType": "Observation"
      }
    },
    {
      "fullUrl": "urn:uuid:836a2fa0-2965-4c4c-9955-afece20bc820",
      "resource": {
        "id": "836a2fa0-2965-4c4c-9955-afece20bc820",
        "meta": {
          "profile": [
            "http://standardhealthrecord.org/fhir/StructureDefinition/shr-observation-Observation",
            "http://standardhealthrecord.org/fhir/StructureDefinition/shr-vital-BloodPressure"
          ]
        },
        "status": "final",
        "category": [
          {
            "coding": [
              {
                "system": "http://hl7.org/fhir/observation-category",
                "code": "vital-signs"
              }
            ]
          }
        ],
        "code": {
          "coding": [
            {
              "system": "http://loinc.org",
              "code": "55284-4",
              "display": "Blood Pressure"
            }
          ]
        },
        "subject": {
          "reference": "urn:uuid:ce537344-9766-449f-a2fe-6fd4a9a8a95b"
        },
        "context": {
          "reference": "urn:uuid:774e296f-9b23-41d7-a056-d34461d93cb0"
        },
        "effectiveDateTime": "2012-12-29T13:12:19-05:00",
        "issued": "2012-12-29T13:12:19-05:00",
        "component": [
          {
            "code": {
              "coding": [
                {
                  "system": "http://loinc.org",
                  "code": "8480-6",
                  "display": "Systolic Blood Pressure"
                }
              ],
              "text": "Systolic Blood Pressure"
            },
            "valueQuantity": {
              "value": 101,
              "unit": "mmHg",
              "system": "http://unitsofmeasure.org/",
              "code": "mmHg"
            }
          },
          {
            "code": {
              "coding": [
                {
                  "system": "http://loinc.org",
                  "code": "8462-4",
                  "display": "Diastolic Blood Pressure"
                }
              ],
              "text": "Diastolic Blood Pressure"
            },
            "valueQuantity": {
              "value": 77,
              "unit": "mmHg",
              "system": "http://unitsofmeasure.org/",
              "code": "mmHg"
            }
          }
        ],
        "resourceType": "Observation"
      }
    },
    {
      "resource": {
        "meta": {
          "profile": [
            "http://standardhealthrecord.org/fhir/StructureDefinition/shr-immunization-Immunization"
          ]
        },
        "status": "completed",
        "notGiven": false,
        "vaccineCode": {
          "coding": [
            {
              "system": "http://hl7.org/fhir/sid/cvx",
              "code": "140",
              "display": "Influenza, seasonal, injectable, preservative free"
            }
          ],
          "text": "Influenza, seasonal, injectable, preservative free"
        },
        "patient": {
          "reference": "urn:uuid:ce537344-9766-449f-a2fe-6fd4a9a8a95b"
        },
        "encounter": {
          "reference": "urn:uuid:774e296f-9b23-41d7-a056-d34461d93cb0"
        },
        "date": "2012-12-29T13:12:19-05:00",
        "primarySource": true,
        "resourceType": "Immunization"
      }
    },
    {
      "fullUrl": "urn:uuid:0576b405-9d3e-4e14-97ef-2d01c6807491",
      "resource": {
        "id": "0576b405-9d3e-4e14-97ef-2d01c6807491",
        "meta": {
          "profile": [
            "http://standardhealthrecord.org/fhir/StructureDefinition/shr-encounter-Encounter"
          ]
        },
        "status": "finished",
        "class": {
          "code": "outpatient"
        },
        "type": [
          {
            "coding": [
              {
                "system": "http://snomed.info/sct",
                "code": "185345009"
              }
            ],
            "text": "Encounter for symptom"
          }
        ],
        "subject": {
          "reference": "urn:uuid:ce537344-9766-449f-a2fe-6fd4a9a8a95b"
        },
        "period": {
          "start": "2013-12-19T23:12:13-05:00",
          "end": "2013-12-19T23:12:13-05:00"
        },
        "reason": {
          "coding": [
            {
              "system": "http://snomed.info/sct",
              "code": "444814009",
              "display": "Viral sinusitis (disorder)"
            }
          ]
        },
        "serviceProvider": {
          "reference": "urn:uuid:49960cbc-547b-47fd-9f90-1be4976bfc3f"
        },
        "resourceType": "Encounter"
      }
    },
    {
      "fullUrl": "urn:uuid:07f229c6-6333-46a2-a0ee-f63ad59cf1cc",
      "resource": {
        "id": "07f229c6-6333-46a2-a0ee-f63ad59cf1cc",
        "meta": {
          "profile": [
            "http://standardhealthrecord.org/fhir/StructureDefinition/shr-problem-Problem"
          ]
        },
        "clinicalStatus": "active",
        "verificationStatus": "confirmed",
        "code": {
          "coding": [
            {
              "system": "http://snomed.info/sct",
              "code": "444814009",
              "display": "Viral sinusitis (disorder)"
            }
          ],
          "text": "Viral sinusitis (disorder)"
        },
        "subject": {
          "reference": "urn:uuid:ce537344-9766-449f-a2fe-6fd4a9a8a95b"
        },
        "context": {
          "reference": "urn:uuid:0576b405-9d3e-4e14-97ef-2d01c6807491"
        },
        "onsetDateTime": "2013-12-12T22:11:28-05:00",
        "abatementDateTime": "2014-01-01T16:58:39-05:00",
        "assertedDate": "2013-12-12",
        "resourceType": "Condition"
      }
    },
    {
      "fullUrl": "urn:uuid:efaed4b2-6546-49e1-8827-37a95157a735",
      "resource": {
        "id": "efaed4b2-6546-49e1-8827-37a95157a735",
        "meta": {
          "profile": [
            "http://standardhealthrecord.org/fhir/StructureDefinition/shr-encounter-Encounter"
          ]
        },
        "status": "finished",
        "class": {
          "code": "outpatient"
        },
        "type": [
          {
            "coding": [
              {
                "system": "http://snomed.info/sct",
                "code": "185345009"
              }
            ],
            "text": "Encounter for symptom"
          }
        ],
        "subject": {
          "reference": "urn:uuid:ce537344-9766-449f-a2fe-6fd4a9a8a95b"
        },
        "period": {
          "start": "2015-01-08T21:35:48-05:00",
          "end": "2015-01-08T21:35:48-05:00"
        },
        "reason": {
          "coding": [
            {
              "system": "http://snomed.info/sct",
              "code": "444814009",
              "display": "Viral sinusitis (disorder)"
            }
          ]
        },
        "serviceProvider": {
          "reference": "urn:uuid:49960cbc-547b-47fd-9f90-1be4976bfc3f"
        },
        "resourceType": "Encounter"
      }
    },
    {
      "fullUrl": "urn:uuid:d588fb88-a086-4cc3-a452-56794583b86e",
      "resource": {
        "id": "d588fb88-a086-4cc3-a452-56794583b86e",
        "meta": {
          "profile": [
            "http://standardhealthrecord.org/fhir/StructureDefinition/shr-problem-Problem"
          ]
        },
        "clinicalStatus": "active",
        "verificationStatus": "confirmed",
        "code": {
          "coding": [
            {
              "system": "http://snomed.info/sct",
              "code": "444814009",
              "display": "Viral sinusitis (disorder)"
            }
          ],
          "text": "Viral sinusitis (disorder)"
        },
        "subject": {
          "reference": "urn:uuid:ce537344-9766-449f-a2fe-6fd4a9a8a95b"
        },
        "context": {
          "reference": "urn:uuid:efaed4b2-6546-49e1-8827-37a95157a735"
        },
        "onsetDateTime": "2015-01-01T16:58:39-05:00",
        "abatementDateTime": "2015-02-02T11:45:18-05:00",
        "assertedDate": "2015-01-01",
        "resourceType": "Condition"
      }
    },
    {
      "fullUrl": "urn:uuid:b8449772-8ef1-4e7b-934d-3aff7079b818",
      "resource": {
        "id": "b8449772-8ef1-4e7b-934d-3aff7079b818",
        "meta": {
          "profile": [
            "http://standardhealthrecord.org/fhir/StructureDefinition/shr-encounter-Encounter"
          ]
        },
        "status": "finished",
        "class": {
          "code": "outpatient"
        },
        "type": [
          {
            "coding": [
              {
                "system": "http://snomed.info/sct",
                "code": "185345009"
              }
            ],
            "text": "Encounter for symptom"
          }
        ],
        "subject": {
          "reference": "urn:uuid:ce537344-9766-449f-a2fe-6fd4a9a8a95b"
        },
        "period": {
          "start": "2015-11-11T08:20:48-05:00",
          "end": "2015-11-11T08:20:48-05:00"
        },
        "reason": {
          "coding": [
            {
              "system": "http://snomed.info/sct",
              "code": "444814009",
              "display": "Viral sinusitis (disorder)"
            }
          ]
        },
        "serviceProvider": {
          "reference": "urn:uuid:49960cbc-547b-47fd-9f90-1be4976bfc3f"
        },
        "resourceType": "Encounter"
      }
    },
    {
      "fullUrl": "urn:uuid:2c229339-368b-4b7c-9a4c-b6abd330ab36",
      "resource": {
        "id": "2c229339-368b-4b7c-9a4c-b6abd330ab36",
        "meta": {
          "profile": [
            "http://standardhealthrecord.org/fhir/StructureDefinition/shr-problem-Problem"
          ]
        },
        "clinicalStatus": "active",
        "verificationStatus": "confirmed",
        "code": {
          "coding": [
            {
              "system": "http://snomed.info/sct",
              "code": "444814009",
              "display": "Viral sinusitis (disorder)"
            }
          ],
          "text": "Viral sinusitis (disorder)"
        },
        "subject": {
          "reference": "urn:uuid:ce537344-9766-449f-a2fe-6fd4a9a8a95b"
        },
        "context": {
          "reference": "urn:uuid:b8449772-8ef1-4e7b-934d-3aff7079b818"
        },
        "onsetDateTime": "2015-11-02T11:45:18-05:00",
        "abatementDateTime": "2015-12-05T01:58:05-05:00",
        "assertedDate": "2015-11-02",
        "resourceType": "Condition"
      }
    },
    {
      "fullUrl": "urn:uuid:81df5b03-4ed5-40a9-87ee-436b34797e68",
      "resource": {
        "id": "81df5b03-4ed5-40a9-87ee-436b34797e68",
        "meta": {
          "profile": [
            "http://standardhealthrecord.org/fhir/StructureDefinition/shr-encounter-Encounter"
          ]
        },
        "status": "finished",
        "class": {
          "code": "outpatient"
        },
        "type": [
          {
            "coding": [
              {
                "system": "http://snomed.info/sct",
                "code": "185349003"
              }
            ],
            "text": "Outpatient Encounter"
          }
        ],
        "subject": {
          "reference": "urn:uuid:ce537344-9766-449f-a2fe-6fd4a9a8a95b"
        },
        "period": {
          "start": "2016-03-31T19:59:15-04:00",
          "end": "2016-03-31T20:59:15-04:00"
        },
        "serviceProvider": {
          "reference": "urn:uuid:49960cbc-547b-47fd-9f90-1be4976bfc3f"
        },
        "resourceType": "Encounter"
      }
    },
    {
      "fullUrl": "urn:uuid:f089a48f-0c81-4c96-a0ed-2eeeff7fb790",
      "resource": {
        "id": "f089a48f-0c81-4c96-a0ed-2eeeff7fb790",
        "meta": {
          "profile": [
            "http://standardhealthrecord.org/fhir/StructureDefinition/shr-observation-Observation",
            "http://standardhealthrecord.org/fhir/StructureDefinition/shr-vital-VitalSign",
            "http://standardhealthrecord.org/fhir/StructureDefinition/shr-vital-BodyHeight"
          ]
        },
        "status": "final",
        "category": [
          {
            "coding": [
              {
                "system": "http://hl7.org/fhir/observation-category",
                "code": "vital-signs"
              }
            ]
          }
        ],
        "code": {
          "coding": [
            {
              "system": "http://loinc.org",
              "code": "8302-2",
              "display": "Body Height"
            }
          ],
          "text": "Body Height"
        },
        "subject": {
          "reference": "urn:uuid:ce537344-9766-449f-a2fe-6fd4a9a8a95b"
        },
        "context": {
          "reference": "urn:uuid:81df5b03-4ed5-40a9-87ee-436b34797e68"
        },
        "effectiveDateTime": "2016-03-31T19:59:15-04:00",
        "issued": "2016-03-31T19:59:15-04:00",
        "valueQuantity": {
          "value": 168.2174880722756,
          "unit": "cm",
          "system": "http://unitsofmeasure.org/",
          "code": "cm"
        },
        "resourceType": "Observation"
      }
    },
    {
      "fullUrl": "urn:uuid:78509137-adc8-4e1b-8c11-90242fdcc8d4",
      "resource": {
        "id": "78509137-adc8-4e1b-8c11-90242fdcc8d4",
        "meta": {
          "profile": [
            "http://standardhealthrecord.org/fhir/StructureDefinition/shr-observation-Observation",
            "http://standardhealthrecord.org/fhir/StructureDefinition/shr-vital-VitalSign",
            "http://standardhealthrecord.org/fhir/StructureDefinition/shr-vital-BodyWeight"
          ]
        },
        "status": "final",
        "category": [
          {
            "coding": [
              {
                "system": "http://hl7.org/fhir/observation-category",
                "code": "vital-signs"
              }
            ]
          }
        ],
        "code": {
          "coding": [
            {
              "system": "http://loinc.org",
              "code": "29463-7",
              "display": "Body Weight"
            }
          ],
          "text": "Body Weight"
        },
        "subject": {
          "reference": "urn:uuid:ce537344-9766-449f-a2fe-6fd4a9a8a95b"
        },
        "context": {
          "reference": "urn:uuid:81df5b03-4ed5-40a9-87ee-436b34797e68"
        },
        "effectiveDateTime": "2016-03-31T19:59:15-04:00",
        "issued": "2016-03-31T19:59:15-04:00",
        "valueQuantity": {
          "value": 100.74788805570086,
          "unit": "kg",
          "system": "http://unitsofmeasure.org/",
          "code": "kg"
        },
        "resourceType": "Observation"
      }
    },
    {
      "fullUrl": "urn:uuid:fa30619e-1992-48e3-876a-6e5c1ca9f183",
      "resource": {
        "id": "fa30619e-1992-48e3-876a-6e5c1ca9f183",
        "meta": {
          "profile": [
            "http://standardhealthrecord.org/fhir/StructureDefinition/shr-observation-Observation",
            "http://standardhealthrecord.org/fhir/StructureDefinition/shr-vital-VitalSign",
            "http://standardhealthrecord.org/fhir/StructureDefinition/shr-vital-BodyMassIndex"
          ]
        },
        "status": "final",
        "category": [
          {
            "coding": [
              {
                "system": "http://hl7.org/fhir/observation-category",
                "code": "vital-signs"
              }
            ]
          }
        ],
        "code": {
          "coding": [
            {
              "system": "http://loinc.org",
              "code": "39156-5",
              "display": "Body Mass Index"
            }
          ],
          "text": "Body Mass Index"
        },
        "subject": {
          "reference": "urn:uuid:ce537344-9766-449f-a2fe-6fd4a9a8a95b"
        },
        "context": {
          "reference": "urn:uuid:81df5b03-4ed5-40a9-87ee-436b34797e68"
        },
        "effectiveDateTime": "2016-03-31T19:59:15-04:00",
        "issued": "2016-03-31T19:59:15-04:00",
        "valueQuantity": {
          "value": 35.60357956223445,
          "unit": "kg/m2",
          "system": "http://unitsofmeasure.org/",
          "code": "kg/m2"
        },
        "resourceType": "Observation"
      }
    },
    {
      "fullUrl": "urn:uuid:89810e07-6a89-4e8f-a86a-e3c29b4fb754",
      "resource": {
        "id": "89810e07-6a89-4e8f-a86a-e3c29b4fb754",
        "meta": {
          "profile": [
            "http://standardhealthrecord.org/fhir/StructureDefinition/shr-observation-Observation",
            "http://standardhealthrecord.org/fhir/StructureDefinition/shr-vital-BloodPressure"
          ]
        },
        "status": "final",
        "category": [
          {
            "coding": [
              {
                "system": "http://hl7.org/fhir/observation-category",
                "code": "vital-signs"
              }
            ]
          }
        ],
        "code": {
          "coding": [
            {
              "system": "http://loinc.org",
              "code": "55284-4",
              "display": "Blood Pressure"
            }
          ]
        },
        "subject": {
          "reference": "urn:uuid:ce537344-9766-449f-a2fe-6fd4a9a8a95b"
        },
        "context": {
          "reference": "urn:uuid:81df5b03-4ed5-40a9-87ee-436b34797e68"
        },
        "effectiveDateTime": "2016-03-31T19:59:15-04:00",
        "issued": "2016-03-31T19:59:15-04:00",
        "component": [
          {
            "code": {
              "coding": [
                {
                  "system": "http://loinc.org",
                  "code": "8480-6",
                  "display": "Systolic Blood Pressure"
                }
              ],
              "text": "Systolic Blood Pressure"
            },
            "valueQuantity": {
              "value": 107,
              "unit": "mmHg",
              "system": "http://unitsofmeasure.org/",
              "code": "mmHg"
            }
          },
          {
            "code": {
              "coding": [
                {
                  "system": "http://loinc.org",
                  "code": "8462-4",
                  "display": "Diastolic Blood Pressure"
                }
              ],
              "text": "Diastolic Blood Pressure"
            },
            "valueQuantity": {
              "value": 86,
              "unit": "mmHg",
              "system": "http://unitsofmeasure.org/",
              "code": "mmHg"
            }
          }
        ],
        "resourceType": "Observation"
      }
    },
    {
      "fullUrl": "urn:uuid:5bb0db17-da84-4ed9-a496-810a151a5657",
      "resource": {
        "id": "5bb0db17-da84-4ed9-a496-810a151a5657",
        "meta": {
          "profile": [
            "http://standardhealthrecord.org/fhir/StructureDefinition/shr-observation-Observation"
          ]
        },
        "status": "final",
        "category": [
          {
            "coding": [
              {
                "system": "http://hl7.org/fhir/observation-category",
                "code": "laboratory"
              }
            ]
          }
        ],
        "code": {
          "coding": [
            {
              "system": "http://loinc.org",
              "code": "2093-3",
              "display": "Total Cholesterol"
            }
          ],
          "text": "Total Cholesterol"
        },
        "subject": {
          "reference": "urn:uuid:ce537344-9766-449f-a2fe-6fd4a9a8a95b"
        },
        "context": {
          "reference": "urn:uuid:81df5b03-4ed5-40a9-87ee-436b34797e68"
        },
        "effectiveDateTime": "2016-03-31T19:59:15-04:00",
        "issued": "2016-03-31T19:59:15-04:00",
        "valueQuantity": {
          "value": 192,
          "unit": "mg/dL",
          "system": "http://unitsofmeasure.org/",
          "code": "mg/dL"
        },
        "resourceType": "Observation"
      }
    },
    {
      "fullUrl": "urn:uuid:46a2d829-db4a-4098-9aeb-2a1385a2d136",
      "resource": {
        "id": "46a2d829-db4a-4098-9aeb-2a1385a2d136",
        "meta": {
          "profile": [
            "http://standardhealthrecord.org/fhir/StructureDefinition/shr-observation-Observation"
          ]
        },
        "status": "final",
        "category": [
          {
            "coding": [
              {
                "system": "http://hl7.org/fhir/observation-category",
                "code": "laboratory"
              }
            ]
          }
        ],
        "code": {
          "coding": [
            {
              "system": "http://loinc.org",
              "code": "2571-8",
              "display": "Triglycerides"
            }
          ],
          "text": "Triglycerides"
        },
        "subject": {
          "reference": "urn:uuid:ce537344-9766-449f-a2fe-6fd4a9a8a95b"
        },
        "context": {
          "reference": "urn:uuid:81df5b03-4ed5-40a9-87ee-436b34797e68"
        },
        "effectiveDateTime": "2016-03-31T19:59:15-04:00",
        "issued": "2016-03-31T19:59:15-04:00",
        "valueQuantity": {
          "value": 127,
          "unit": "mg/dL",
          "system": "http://unitsofmeasure.org/",
          "code": "mg/dL"
        },
        "resourceType": "Observation"
      }
    },
    {
      "fullUrl": "urn:uuid:50d3a3be-db13-4d37-a183-b258de338ecd",
      "resource": {
        "id": "50d3a3be-db13-4d37-a183-b258de338ecd",
        "meta": {
          "profile": [
            "http://standardhealthrecord.org/fhir/StructureDefinition/shr-observation-Observation"
          ]
        },
        "status": "final",
        "category": [
          {
            "coding": [
              {
                "system": "http://hl7.org/fhir/observation-category",
                "code": "laboratory"
              }
            ]
          }
        ],
        "code": {
          "coding": [
            {
              "system": "http://loinc.org",
              "code": "18262-6",
              "display": "Low Density Lipoprotein Cholesterol"
            }
          ],
          "text": "Low Density Lipoprotein Cholesterol"
        },
        "subject": {
          "reference": "urn:uuid:ce537344-9766-449f-a2fe-6fd4a9a8a95b"
        },
        "context": {
          "reference": "urn:uuid:81df5b03-4ed5-40a9-87ee-436b34797e68"
        },
        "effectiveDateTime": "2016-03-31T19:59:15-04:00",
        "issued": "2016-03-31T19:59:15-04:00",
        "valueQuantity": {
          "value": 86,
          "unit": "mg/dL",
          "system": "http://unitsofmeasure.org/",
          "code": "mg/dL"
        },
        "resourceType": "Observation"
      }
    },
    {
      "fullUrl": "urn:uuid:3f24fafb-bb73-4124-9c05-51b7d690e4f2",
      "resource": {
        "id": "3f24fafb-bb73-4124-9c05-51b7d690e4f2",
        "meta": {
          "profile": [
            "http://standardhealthrecord.org/fhir/StructureDefinition/shr-observation-Observation"
          ]
        },
        "status": "final",
        "category": [
          {
            "coding": [
              {
                "system": "http://hl7.org/fhir/observation-category",
                "code": "laboratory"
              }
            ]
          }
        ],
        "code": {
          "coding": [
            {
              "system": "http://loinc.org",
              "code": "2085-9",
              "display": "High Density Lipoprotein Cholesterol"
            }
          ],
          "text": "High Density Lipoprotein Cholesterol"
        },
        "subject": {
          "reference": "urn:uuid:ce537344-9766-449f-a2fe-6fd4a9a8a95b"
        },
        "context": {
          "reference": "urn:uuid:81df5b03-4ed5-40a9-87ee-436b34797e68"
        },
        "effectiveDateTime": "2016-03-31T19:59:15-04:00",
        "issued": "2016-03-31T19:59:15-04:00",
        "valueQuantity": {
          "value": 80,
          "unit": "mg/dL",
          "system": "http://unitsofmeasure.org/",
          "code": "mg/dL"
        },
        "resourceType": "Observation"
      }
    },
    {
      "fullUrl": "urn:uuid:d699738f-b894-408d-82ec-d8d1d9e0fc4b",
      "resource": {
        "id": "d699738f-b894-408d-82ec-d8d1d9e0fc4b",
        "meta": {
          "profile": [
            "http://standardhealthrecord.org/fhir/StructureDefinition/shr-observation-Panel"
          ]
        },
        "status": "final",
        "code": {
          "coding": [
            {
              "system": "http://loinc.org",
              "code": "57698-3",
              "display": "Lipid Panel"
            }
          ]
        },
        "subject": {
          "reference": "urn:uuid:ce537344-9766-449f-a2fe-6fd4a9a8a95b"
        },
        "context": {
          "reference": "urn:uuid:81df5b03-4ed5-40a9-87ee-436b34797e68"
        },
        "effectiveDateTime": "2016-03-31T19:59:15-04:00",
        "issued": "2016-03-31T19:59:15-04:00",
        "result": [
          {
            "reference": "urn:uuid:5bb0db17-da84-4ed9-a496-810a151a5657",
            "display": "Total Cholesterol"
          },
          {
            "reference": "urn:uuid:46a2d829-db4a-4098-9aeb-2a1385a2d136",
            "display": "Triglycerides"
          },
          {
            "reference": "urn:uuid:50d3a3be-db13-4d37-a183-b258de338ecd",
            "display": "Low Density Lipoprotein Cholesterol"
          },
          {
            "reference": "urn:uuid:3f24fafb-bb73-4124-9c05-51b7d690e4f2",
            "display": "High Density Lipoprotein Cholesterol"
          }
        ],
        "resourceType": "DiagnosticReport"
      }
    },
    {
      "resource": {
        "meta": {
          "profile": [
            "http://standardhealthrecord.org/fhir/StructureDefinition/shr-procedure-Procedure"
          ]
        },
        "extension": [
          {
            "url": "http://standardhealthrecord.org/fhir/StructureDefinition/shr-core-CodeableConcept-extension",
            "valueCodeableConcept": {
              "coding": [
                {
                  "system": "http://snomed.info/sct",
                  "code": "428191000124101",
                  "display": "Documentation of current medications"
                }
              ],
              "text": "Documentation of current medications"
            }
          }
        ],
        "status": "completed",
        "code": {
          "coding": [
            {
              "system": "http://snomed.info/sct",
              "code": "428191000124101",
              "display": "Documentation of current medications"
            }
          ],
          "text": "Documentation of current medications"
        },
        "subject": {
          "reference": "urn:uuid:ce537344-9766-449f-a2fe-6fd4a9a8a95b"
        },
        "context": {
          "reference": "urn:uuid:81df5b03-4ed5-40a9-87ee-436b34797e68"
        },
        "performedDateTime": "2016-03-31T19:59:15-04:00",
        "resourceType": "Procedure"
      }
    },
    {
      "resource": {
        "meta": {
          "profile": [
            "http://standardhealthrecord.org/fhir/StructureDefinition/shr-immunization-Immunization"
          ]
        },
        "status": "completed",
        "notGiven": false,
        "vaccineCode": {
          "coding": [
            {
              "system": "http://hl7.org/fhir/sid/cvx",
              "code": "140",
              "display": "Influenza, seasonal, injectable, preservative free"
            }
          ],
          "text": "Influenza, seasonal, injectable, preservative free"
        },
        "patient": {
          "reference": "urn:uuid:ce537344-9766-449f-a2fe-6fd4a9a8a95b"
        },
        "encounter": {
          "reference": "urn:uuid:81df5b03-4ed5-40a9-87ee-436b34797e68"
        },
        "date": "2016-03-31T19:59:15-04:00",
        "primarySource": true,
        "resourceType": "Immunization"
      }
    },
    {
      "resource": {
        "meta": {
          "profile": [
            "http://standardhealthrecord.org/fhir/StructureDefinition/shr-immunization-Immunization"
          ]
        },
        "status": "completed",
        "notGiven": false,
        "vaccineCode": {
          "coding": [
            {
              "system": "http://hl7.org/fhir/sid/cvx",
              "code": "113",
              "display": "Td (adult) preservative free"
            }
          ],
          "text": "Td (adult) preservative free"
        },
        "patient": {
          "reference": "urn:uuid:ce537344-9766-449f-a2fe-6fd4a9a8a95b"
        },
        "encounter": {
          "reference": "urn:uuid:81df5b03-4ed5-40a9-87ee-436b34797e68"
        },
        "date": "2016-03-31T19:59:15-04:00",
        "primarySource": true,
        "resourceType": "Immunization"
      }
    },
    {
      "fullUrl": "urn:uuid:4b72a0a0-4bbd-4b94-aea6-d22f5b6c9be4",
      "resource": {
        "id": "4b72a0a0-4bbd-4b94-aea6-d22f5b6c9be4",
        "meta": {
          "profile": [
            "http://standardhealthrecord.org/fhir/StructureDefinition/shr-encounter-Encounter"
          ]
        },
        "status": "finished",
        "class": {
          "code": "outpatient"
        },
        "type": [
          {
            "coding": [
              {
                "system": "http://snomed.info/sct",
                "code": "185345009"
              }
            ],
            "text": "Encounter for symptom"
          }
        ],
        "subject": {
          "reference": "urn:uuid:ce537344-9766-449f-a2fe-6fd4a9a8a95b"
        },
        "period": {
          "start": "2016-09-05T19:09:41-04:00",
          "end": "2016-09-05T19:09:41-04:00"
        },
        "reason": {
          "coding": [
            {
              "system": "http://snomed.info/sct",
              "code": "10509002",
              "display": "Acute bronchitis (disorder)"
            }
          ]
        },
        "serviceProvider": {
          "reference": "urn:uuid:49960cbc-547b-47fd-9f90-1be4976bfc3f"
        },
        "resourceType": "Encounter"
      }
    },
    {
      "fullUrl": "urn:uuid:01217c90-cb86-4a2f-ad06-ef909d6ff87e",
      "resource": {
        "id": "01217c90-cb86-4a2f-ad06-ef909d6ff87e",
        "meta": {
          "profile": [
            "http://standardhealthrecord.org/fhir/StructureDefinition/shr-problem-Problem"
          ]
        },
        "clinicalStatus": "active",
        "verificationStatus": "confirmed",
        "code": {
          "coding": [
            {
              "system": "http://snomed.info/sct",
              "code": "10509002",
              "display": "Acute bronchitis (disorder)"
            }
          ],
          "text": "Acute bronchitis (disorder)"
        },
        "subject": {
          "reference": "urn:uuid:ce537344-9766-449f-a2fe-6fd4a9a8a95b"
        },
        "context": {
          "reference": "urn:uuid:4b72a0a0-4bbd-4b94-aea6-d22f5b6c9be4"
        },
        "onsetDateTime": "2016-09-04T12:34:01-04:00",
        "abatementDateTime": "2016-09-21T12:35:58-04:00",
        "assertedDate": "2016-09-04",
        "resourceType": "Condition"
      }
    },
    {
      "resource": {
        "meta": {
          "profile": [
            "http://standardhealthrecord.org/fhir/StructureDefinition/shr-medication-Medication"
          ]
        },
        "code": {
          "coding": [
            {
              "system": "http://www.nlm.nih.gov/research/umls/rxnorm",
              "code": "608680",
              "display": "Acetaminophen 160 MG"
            }
          ],
          "text": "Acetaminophen 160 MG"
        },
        "resourceType": "Medication"
      }
    },
    {
      "resource": {
        "meta": {
          "profile": [
            "http://standardhealthrecord.org/fhir/StructureDefinition/shr-medication-MedicationPrescription"
          ]
        },
        "extension": [
          {
            "url": "http://standardhealthrecord.org/fhir/StructureDefinition/shr-base-ActionCode-extension",
            "valueCodeableConcept": {
              "coding": [
                {
                  "system": "http://snomed.info/sct",
                  "code": "33633005",
                  "display": "Prescription of drug (procedure)"
                }
              ],
              "text": "Prescription of drug (procedure)"
            }
          }
        ],
        "status": "stopped",
        "medicationReference": {
          "reference": ""
        },
        "subject": {
          "reference": "urn:uuid:ce537344-9766-449f-a2fe-6fd4a9a8a95b"
        },
        "context": {
          "reference": "urn:uuid:4b72a0a0-4bbd-4b94-aea6-d22f5b6c9be4"
        },
        "authoredOn": "2016-09-05",
        "reasonReference": [
          {
            "reference": "urn:uuid:01217c90-cb86-4a2f-ad06-ef909d6ff87e"
          }
        ],
        "dosageInstruction": [
          {

          }
        ],
        "resourceType": "MedicationRequest"
      }
    },
    {
      "fullUrl": "urn:uuid:818beee9-f7a0-45ed-9cf9-92d80e59f4c6",
      "resource": {
        "id": "818beee9-f7a0-45ed-9cf9-92d80e59f4c6",
        "meta": {
          "profile": [
            "http://standardhealthrecord.org/fhir/StructureDefinition/shr-encounter-Encounter"
          ]
        },
        "status": "finished",
        "class": {
          "code": "outpatient"
        },
        "type": [
          {
            "coding": [
              {
                "system": "http://snomed.info/sct",
                "code": "185345009"
              }
            ],
            "text": "Encounter for symptom"
          }
        ],
        "subject": {
          "reference": "urn:uuid:ce537344-9766-449f-a2fe-6fd4a9a8a95b"
        },
        "period": {
          "start": "2016-11-10T09:23:33-05:00",
          "end": "2016-11-10T09:23:33-05:00"
        },
        "reason": {
          "coding": [
            {
              "system": "http://snomed.info/sct",
              "code": "36971009",
              "display": "Sinusitis (disorder)"
            }
          ]
        },
        "serviceProvider": {
          "reference": "urn:uuid:49960cbc-547b-47fd-9f90-1be4976bfc3f"
        },
        "resourceType": "Encounter"
      }
    },
    {
      "fullUrl": "urn:uuid:9964372c-30b4-4c8b-98d6-7ab60d17229c",
      "resource": {
        "id": "9964372c-30b4-4c8b-98d6-7ab60d17229c",
        "meta": {
          "profile": [
            "http://standardhealthrecord.org/fhir/StructureDefinition/shr-problem-Problem"
          ]
        },
        "clinicalStatus": "active",
        "verificationStatus": "confirmed",
        "code": {
          "coding": [
            {
              "system": "http://snomed.info/sct",
              "code": "36971009",
              "display": "Sinusitis (disorder)"
            }
          ],
          "text": "Sinusitis (disorder)"
        },
        "subject": {
          "reference": "urn:uuid:ce537344-9766-449f-a2fe-6fd4a9a8a95b"
        },
        "context": {
          "reference": "urn:uuid:818beee9-f7a0-45ed-9cf9-92d80e59f4c6"
        },
        "onsetDateTime": "2016-11-05T01:58:05-04:00",
        "abatementDateTime": "2017-02-22T05:20:16-05:00",
        "assertedDate": "2016-11-05",
        "resourceType": "Condition"
      }
    },
    {
      "fullUrl": "urn:uuid:ced9145b-a027-428f-8f04-ab95bd6e6e25",
      "resource": {
        "id": "ced9145b-a027-428f-8f04-ab95bd6e6e25",
        "meta": {
          "profile": [
            "http://standardhealthrecord.org/fhir/StructureDefinition/shr-encounter-Encounter"
          ]
        },
        "status": "finished",
        "class": {
          "code": "ambulatory"
        },
        "type": [
          {
            "coding": [
              {
                "system": "http://snomed.info/sct",
                "code": "185345009"
              }
            ],
            "text": "Encounter for symptom"
          }
        ],
        "subject": {
          "reference": "urn:uuid:ce537344-9766-449f-a2fe-6fd4a9a8a95b"
        },
        "period": {
          "start": "2017-01-04T05:20:16-05:00",
          "end": "2017-01-04T05:20:16-05:00"
        },
        "reason": {
          "coding": [
            {
              "system": "http://snomed.info/sct",
              "code": "36971009",
              "display": "Sinusitis (disorder)"
            }
          ]
        },
        "serviceProvider": {
          "reference": "urn:uuid:49960cbc-547b-47fd-9f90-1be4976bfc3f"
        },
        "resourceType": "Encounter"
      }
    },
    {
      "fullUrl": "urn:uuid:c73ab941-c240-498c-9d30-c00dc37b9663",
      "resource": {
        "id": "c73ab941-c240-498c-9d30-c00dc37b9663",
        "meta": {
          "profile": [
            "http://standardhealthrecord.org/fhir/StructureDefinition/shr-problem-Problem"
          ]
        },
        "clinicalStatus": "active",
        "verificationStatus": "confirmed",
        "code": {
          "coding": [
            {
              "system": "http://snomed.info/sct",
              "code": "40055000",
              "display": "Chronic sinusitis (disorder)"
            }
          ],
          "text": "Chronic sinusitis (disorder)"
        },
        "subject": {
          "reference": "urn:uuid:ce537344-9766-449f-a2fe-6fd4a9a8a95b"
        },
        "context": {
          "reference": "urn:uuid:ced9145b-a027-428f-8f04-ab95bd6e6e25"
        },
        "onsetDateTime": "2017-01-04T05:20:16-05:00",
        "assertedDate": "2017-01-04",
        "resourceType": "Condition"
      }
    },
    {
      "fullUrl": "urn:uuid:9d0b1cd8-1a12-4ccc-b89b-d1bfbca0f167",
      "resource": {
        "id": "9d0b1cd8-1a12-4ccc-b89b-d1bfbca0f167",
        "meta": {
          "profile": [
            "http://standardhealthrecord.org/fhir/StructureDefinition/shr-encounter-Encounter"
          ]
        },
        "status": "finished",
        "class": {
          "code": "ambulatory"
        },
        "type": [
          {
            "coding": [
              {
                "system": "http://snomed.info/sct",
                "code": "185345009"
              }
            ],
            "text": "Encounter for symptom"
          }
        ],
        "subject": {
          "reference": "urn:uuid:ce537344-9766-449f-a2fe-6fd4a9a8a95b"
        },
        "period": {
          "start": "2017-02-08T05:20:16-05:00",
          "end": "2017-02-08T05:35:16-05:00"
        },
        "reason": {
          "coding": [
            {
              "system": "http://snomed.info/sct",
              "code": "36971009",
              "display": "Sinusitis (disorder)"
            }
          ]
        },
        "serviceProvider": {
          "reference": "urn:uuid:49960cbc-547b-47fd-9f90-1be4976bfc3f"
        },
        "resourceType": "Encounter"
      }
    },
    {
      "fullUrl": "urn:uuid:cad1febf-7978-4030-943a-942672aa0bfe",
      "resource": {
        "id": "cad1febf-7978-4030-943a-942672aa0bfe",
        "meta": {
          "profile": [
            "http://standardhealthrecord.org/fhir/StructureDefinition/shr-observation-Observation",
            "http://standardhealthrecord.org/fhir/StructureDefinition/shr-vital-VitalSign",
            "http://standardhealthrecord.org/fhir/StructureDefinition/shr-vital-BodyHeight"
          ]
        },
        "status": "final",
        "category": [
          {
            "coding": [
              {
                "system": "http://hl7.org/fhir/observation-category",
                "code": "vital-signs"
              }
            ]
          }
        ],
        "code": {
          "coding": [
            {
              "system": "http://loinc.org",
              "code": "8302-2",
              "display": "Body Height"
            }
          ],
          "text": "Body Height"
        },
        "subject": {
          "reference": "urn:uuid:ce537344-9766-449f-a2fe-6fd4a9a8a95b"
        },
        "context": {
          "reference": "urn:uuid:9d0b1cd8-1a12-4ccc-b89b-d1bfbca0f167"
        },
        "effectiveDateTime": "2017-02-21T21:09:50-05:00",
        "issued": "2017-02-21T21:09:50-05:00",
        "valueQuantity": {
          "value": 168.2174880722756,
          "unit": "cm",
          "system": "http://unitsofmeasure.org/",
          "code": "cm"
        },
        "resourceType": "Observation"
      }
    },
    {
      "fullUrl": "urn:uuid:270912b7-1092-4dde-8c0e-f8d2a3b8898d",
      "resource": {
        "id": "270912b7-1092-4dde-8c0e-f8d2a3b8898d",
        "meta": {
          "profile": [
            "http://standardhealthrecord.org/fhir/StructureDefinition/shr-observation-Observation",
            "http://standardhealthrecord.org/fhir/StructureDefinition/shr-vital-VitalSign",
            "http://standardhealthrecord.org/fhir/StructureDefinition/shr-vital-BodyWeight"
          ]
        },
        "status": "final",
        "category": [
          {
            "coding": [
              {
                "system": "http://hl7.org/fhir/observation-category",
                "code": "vital-signs"
              }
            ]
          }
        ],
        "code": {
          "coding": [
            {
              "system": "http://loinc.org",
              "code": "29463-7",
              "display": "Body Weight"
            }
          ],
          "text": "Body Weight"
        },
        "subject": {
          "reference": "urn:uuid:ce537344-9766-449f-a2fe-6fd4a9a8a95b"
        },
        "context": {
          "reference": "urn:uuid:9d0b1cd8-1a12-4ccc-b89b-d1bfbca0f167"
        },
        "effectiveDateTime": "2017-02-21T21:09:50-05:00",
        "issued": "2017-02-21T21:09:50-05:00",
        "valueQuantity": {
          "value": 100.74788805570086,
          "unit": "kg",
          "system": "http://unitsofmeasure.org/",
          "code": "kg"
        },
        "resourceType": "Observation"
      }
    },
    {
      "fullUrl": "urn:uuid:9f818b5b-37e4-4f7b-a456-2e90bef73982",
      "resource": {
        "id": "9f818b5b-37e4-4f7b-a456-2e90bef73982",
        "meta": {
          "profile": [
            "http://standardhealthrecord.org/fhir/StructureDefinition/shr-observation-Observation",
            "http://standardhealthrecord.org/fhir/StructureDefinition/shr-vital-VitalSign",
            "http://standardhealthrecord.org/fhir/StructureDefinition/shr-vital-BodyMassIndex"
          ]
        },
        "status": "final",
        "category": [
          {
            "coding": [
              {
                "system": "http://hl7.org/fhir/observation-category",
                "code": "vital-signs"
              }
            ]
          }
        ],
        "code": {
          "coding": [
            {
              "system": "http://loinc.org",
              "code": "39156-5",
              "display": "Body Mass Index"
            }
          ],
          "text": "Body Mass Index"
        },
        "subject": {
          "reference": "urn:uuid:ce537344-9766-449f-a2fe-6fd4a9a8a95b"
        },
        "context": {
          "reference": "urn:uuid:9d0b1cd8-1a12-4ccc-b89b-d1bfbca0f167"
        },
        "effectiveDateTime": "2017-02-21T21:09:50-05:00",
        "issued": "2017-02-21T21:09:50-05:00",
        "valueQuantity": {
          "value": 35.60357956223445,
          "unit": "kg/m2",
          "system": "http://unitsofmeasure.org/",
          "code": "kg/m2"
        },
        "resourceType": "Observation"
      }
    },
    {
      "fullUrl": "urn:uuid:77e22f12-b96e-4370-95be-72417999824d",
      "resource": {
        "id": "77e22f12-b96e-4370-95be-72417999824d",
        "meta": {
          "profile": [
            "http://standardhealthrecord.org/fhir/StructureDefinition/shr-observation-Observation",
            "http://standardhealthrecord.org/fhir/StructureDefinition/shr-vital-BloodPressure"
          ]
        },
        "status": "final",
        "category": [
          {
            "coding": [
              {
                "system": "http://hl7.org/fhir/observation-category",
                "code": "vital-signs"
              }
            ]
          }
        ],
        "code": {
          "coding": [
            {
              "system": "http://loinc.org",
              "code": "55284-4",
              "display": "Blood Pressure"
            }
          ]
        },
        "subject": {
          "reference": "urn:uuid:ce537344-9766-449f-a2fe-6fd4a9a8a95b"
        },
        "context": {
          "reference": "urn:uuid:9d0b1cd8-1a12-4ccc-b89b-d1bfbca0f167"
        },
        "effectiveDateTime": "2017-02-21T21:09:50-05:00",
        "issued": "2017-02-21T21:09:50-05:00",
        "component": [
          {
            "code": {
              "coding": [
                {
                  "system": "http://loinc.org",
                  "code": "8480-6",
                  "display": "Systolic Blood Pressure"
                }
              ],
              "text": "Systolic Blood Pressure"
            },
            "valueQuantity": {
              "value": 107,
              "unit": "mmHg",
              "system": "http://unitsofmeasure.org/",
              "code": "mmHg"
            }
          },
          {
            "code": {
              "coding": [
                {
                  "system": "http://loinc.org",
                  "code": "8462-4",
                  "display": "Diastolic Blood Pressure"
                }
              ],
              "text": "Diastolic Blood Pressure"
            },
            "valueQuantity": {
              "value": 77,
              "unit": "mmHg",
              "system": "http://unitsofmeasure.org/",
              "code": "mmHg"
            }
          }
        ],
        "resourceType": "Observation"
      }
    },
    {
      "resource": {
        "meta": {
          "profile": [
            "http://standardhealthrecord.org/fhir/StructureDefinition/shr-procedure-Procedure"
          ]
        },
        "extension": [
          {
            "url": "http://standardhealthrecord.org/fhir/StructureDefinition/shr-core-CodeableConcept-extension",
            "valueCodeableConcept": {
              "coding": [
                {
                  "system": "http://snomed.info/sct",
                  "code": "428191000124101",
                  "display": "Documentation of current medications"
                }
              ],
              "text": "Documentation of current medications"
            }
          }
        ],
        "status": "completed",
        "code": {
          "coding": [
            {
              "system": "http://snomed.info/sct",
              "code": "428191000124101",
              "display": "Documentation of current medications"
            }
          ],
          "text": "Documentation of current medications"
        },
        "subject": {
          "reference": "urn:uuid:ce537344-9766-449f-a2fe-6fd4a9a8a95b"
        },
        "context": {
          "reference": "urn:uuid:9d0b1cd8-1a12-4ccc-b89b-d1bfbca0f167"
        },
        "performedDateTime": "2017-02-21T21:09:50-05:00",
        "resourceType": "Procedure"
      }
    },
    {
      "resource": {
        "meta": {
          "profile": [
            "http://standardhealthrecord.org/fhir/StructureDefinition/shr-immunization-Immunization"
          ]
        },
        "status": "completed",
        "notGiven": false,
        "vaccineCode": {
          "coding": [
            {
              "system": "http://hl7.org/fhir/sid/cvx",
              "code": "140",
              "display": "Influenza, seasonal, injectable, preservative free"
            }
          ],
          "text": "Influenza, seasonal, injectable, preservative free"
        },
        "patient": {
          "reference": "urn:uuid:ce537344-9766-449f-a2fe-6fd4a9a8a95b"
        },
        "encounter": {
          "reference": "urn:uuid:9d0b1cd8-1a12-4ccc-b89b-d1bfbca0f167"
        },
        "date": "2017-02-21T21:09:50-05:00",
        "primarySource": true,
        "resourceType": "Immunization"
      }
    },
    {
      "resource": {
        "status": "active",
        "category": [
          {
            "coding": [
              {
                "system": "http://snomed.info/sct",
                "code": "698358001",
                "display": "Angina self management plan"
              }
            ]
          }
        ],
        "subject": {
          "reference": "urn:uuid:ce537344-9766-449f-a2fe-6fd4a9a8a95b"
        },
        "context": {
          "reference": "urn:uuid:9d0b1cd8-1a12-4ccc-b89b-d1bfbca0f167"
        },
        "period": {
          "start": "1978-03-02"
        },
        "addresses": [
          {
            "reference": "urn:uuid:80bc5443-3ec8-42ca-a90e-22503c6be656"
          }
        ],
        "activity": [
          {
            "detail": {
              "code": {
                "coding": [
                  {
                    "system": "http://snomed.info/sct",
                    "code": "229065009",
                    "display": "Exercise therapy"
                  }
                ]
              },
              "status": "in-progress"
            }
          },
          {
            "detail": {
              "code": {
                "coding": [
                  {
                    "system": "http://snomed.info/sct",
                    "code": "226060000",
                    "display": "Stress management"
                  }
                ]
              },
              "status": "in-progress"
            }
          },
          {
            "detail": {
              "code": {
                "coding": [
                  {
                    "system": "http://snomed.info/sct",
                    "code": "710081004",
                    "display": "Smoking cessation therapy"
                  }
                ]
              },
              "status": "in-progress"
            }
          },
          {
            "detail": {
              "code": {
                "coding": [
                  {
                    "system": "http://snomed.info/sct",
                    "code": "226234005",
                    "display": "Healthy diet"
                  }
                ]
              },
              "status": "in-progress"
            }
          }
        ],
        "resourceType": "CarePlan"
      }
    },
    {
      "resource": {
        "status": "completed",
        "category": [
          {
            "coding": [
              {
                "system": "http://snomed.info/sct",
                "code": "53950000",
                "display": "Respiratory therapy"
              }
            ]
          }
        ],
        "subject": {
          "reference": "urn:uuid:ce537344-9766-449f-a2fe-6fd4a9a8a95b"
        },
        "context": {
          "reference": "urn:uuid:9d0b1cd8-1a12-4ccc-b89b-d1bfbca0f167"
        },
        "period": {
          "start": "2016-09-05",
          "end": "2017-02-21"
        },
        "addresses": [
          {
            "reference": "urn:uuid:01217c90-cb86-4a2f-ad06-ef909d6ff87e"
          }
        ],
        "activity": [
          {
            "detail": {
              "code": {
                "coding": [
                  {
                    "system": "http://snomed.info/sct",
                    "code": "304510005",
                    "display": "Recommendation to avoid exercise"
                  }
                ]
              },
              "status": "completed"
            }
          },
          {
            "detail": {
              "code": {
                "coding": [
                  {
                    "system": "http://snomed.info/sct",
                    "code": "371605008",
                    "display": "Deep breathing and coughing exercises"
                  }
                ]
              },
              "status": "completed"
            }
          }
        ],
        "resourceType": "CarePlan"
      }
    },
    {
      "fullUrl": "urn:uuid:2f33b832-a8f8-43bd-997c-09c130d906bd",
      "resource": {
        "id": "2f33b832-a8f8-43bd-997c-09c130d906bd",
        "meta": {
          "profile": [
            "http://standardhealthrecord.org/fhir/StructureDefinition/shr-encounter-Encounter"
          ]
        },
        "status": "finished",
        "class": {
          "code": "outpatient"
        },
        "type": [
          {
            "coding": [
              {
                "system": "http://snomed.info/sct",
                "code": "185349003"
              }
            ],
            "text": "Outpatient Encounter"
          }
        ],
        "subject": {
          "reference": "urn:uuid:ce537344-9766-449f-a2fe-6fd4a9a8a95b"
        },
        "period": {
          "start": "2017-02-21T21:09:50-05:00",
          "end": "2017-02-21T22:09:50-05:00"
        },
        "serviceProvider": {
          "reference": "urn:uuid:49960cbc-547b-47fd-9f90-1be4976bfc3f"
        },
        "resourceType": "Encounter"
      }
    }
  ],
  "resourceType": "Bundle"
}