{
  "type": "collection",
  "entry": [
    {
      "fullUrl": "urn:uuid:9e7dd0e1-d073-4197-b723-3ff1ca874afa",
      "resource": {
        "id": "9e7dd0e1-d073-4197-b723-3ff1ca874afa",
        "meta": {
          "profile": [
            "http://standardhealthrecord.org/fhir/StructureDefinition/shr-demographics-PersonOfRecord"
          ]
        },
        "text": {
          "status": "generated",
          "div": "<div>Generated by <a href=\"https://github.com/synthetichealth/synthea\">Synthea</a>. Version identifier: 4d02400401b9fab839e47bf5b2f1f6a8c683ab55</div>"
        },
        "extension": [
          {
            "url": "http://hl7.org/fhir/us/core/StructureDefinition/us-core-race",
            "valueCodeableConcept": {
              "coding": [
                {
                  "system": "http://hl7.org/fhir/v3/Race",
                  "code": "2106-3",
                  "display": "White"
                }
              ],
              "text": "race"
            }
          },
          {
            "url": "http://hl7.org/fhir/us/core/StructureDefinition/us-core-ethnicity",
            "valueCodeableConcept": {
              "coding": [
                {
                  "system": "http://hl7.org/fhir/v3/Ethnicity",
                  "code": "2186-5",
                  "display": "Nonhispanic"
                }
              ],
              "text": "ethnicity"
            }
          },
          {
            "url": "http://hl7.org/fhir/StructureDefinition/birthPlace",
            "valueAddress": {
              "city": "Ludlow",
              "state": "MA",
              "country": "US"
            }
          },
          {
            "url": "http://hl7.org/fhir/StructureDefinition/patient-mothersMaidenName",
            "valueString": "Adrianna116 Cartwright824"
          },
          {
            "url": "http://hl7.org/fhir/us/core/StructureDefinition/us-core-birthsex",
            "valueCode": "M"
          },
          {
            "url": "http://hl7.org/fhir/StructureDefinition/patient-interpreterRequired",
            "valueBoolean": false
          },
          {
            "url": "http://standardhealthrecord.org/fhir/StructureDefinition/shr-actor-FictionalPerson-extension",
            "valueBoolean": true
          },
          {
            "url": "http://standardhealthrecord.org/fhir/StructureDefinition/shr-demographics-FathersName-extension",
            "valueHumanName": {
              "text": "Jacinto688 Abbott992"
            }
          },
          {
            "url": "http://standardhealthrecord.org/fhir/StructureDefinition/shr-demographics-SocialSecurityNumber-extension",
            "valueString": "999-99-8758"
          }
        ],
        "identifier": [
          {
            "system": "https://github.com/synthetichealth/synthea",
            "value": "1cca5310-462a-465b-9f01-0bc5cb03df94"
          },
          {
            "type": {
              "coding": [
                {
                  "system": "http://hl7.org/fhir/identifier-type",
                  "code": "SB"
                }
              ]
            },
            "system": "http://hl7.org/fhir/sid/us-ssn",
            "value": "999998758"
          },
          {
            "type": {
              "coding": [
                {
                  "system": "http://hl7.org/fhir/v2/0203",
                  "code": "DL"
                }
              ]
            },
            "system": "urn:oid:2.16.840.1.113883.4.3.25",
            "value": "S99956994"
          }
        ],
        "name": [
          {
            "use": "official",
            "family": "Abbott992",
            "given": [
              "Candace961"
            ],
            "prefix": [
              "Mr."
            ]
          }
        ],
        "telecom": [
          {
            "system": "phone",
            "value": "118.345.0112",
            "use": "home"
          }
        ],
        "gender": "male",
        "birthDate": "1931-10-14",
        "deceasedDateTime": "2012-08-29T00:44:00-04:00",
        "address": [
          {
            "extension": [
              {
                "extension": [
                  {
                    "url": "latitude",
                    "valueDecimal": 42.606615412113825
                  },
                  {
                    "url": "longitude",
                    "valueDecimal": -71.08480320240324
                  }
                ],
                "url": "http://hl7.org/fhir/StructureDefinition/geolocation"
              }
            ],
            "line": [
              "6667 Enola Lane"
            ],
            "city": "Andover",
            "state": "MA",
            "postalCode": "05501",
            "country": "US"
          }
        ],
        "maritalStatus": {
          "coding": [
            {
              "system": "http://hl7.org/fhir/v3/MaritalStatus",
              "code": "M"
            }
          ],
          "text": "M"
        },
        "multipleBirthBoolean": false,
        "communication": [
          {
            "language": {
              "coding": [
                {
                  "system": "http://hl7.org/fhir/ValueSet/languages",
                  "code": "en-US",
                  "display": "English (United States)"
                }
              ]
            }
          }
        ],
        "resourceType": "Patient"
      }
    },
    {
      "fullUrl": "urn:uuid:7d8e9796-6cf4-4268-b56c-0344e8987eb2",
      "resource": {
        "id": "7d8e9796-6cf4-4268-b56c-0344e8987eb2",
        "meta": {
          "profile": [
            "http://standardhealthrecord.org/fhir/StructureDefinition/shr-actor-Organization"
          ]
        },
        "type": [
          {
            "coding": [
              {
                "system": "http://hl7.org/fhir/ValueSet/organization-type",
                "code": "prov",
                "display": "Healthcare Provider"
              }
            ],
            "text": "Healthcare Provider"
          }
        ],
        "name": "Synthetic Provider",
        "resourceType": "Organization"
      }
    },
    {
      "fullUrl": "urn:uuid:a4aac067-6b80-4f0f-b579-4011489898c2",
      "resource": {
        "id": "a4aac067-6b80-4f0f-b579-4011489898c2",
        "meta": {
          "profile": [
            "http://standardhealthrecord.org/fhir/StructureDefinition/shr-encounter-Encounter"
          ]
        },
        "status": "finished",
        "class": {
          "code": "outpatient"
        },
        "type": [
          {
            "coding": [
              {
                "system": "http://snomed.info/sct",
                "code": "185349003"
              }
            ],
            "text": "Outpatient Encounter"
          }
        ],
        "subject": {
          "reference": "urn:uuid:9e7dd0e1-d073-4197-b723-3ff1ca874afa"
        },
        "period": {
          "start": "2010-10-30T10:33:35-04:00",
          "end": "2010-10-30T11:33:35-04:00"
        },
        "serviceProvider": {
          "reference": "urn:uuid:7d8e9796-6cf4-4268-b56c-0344e8987eb2"
        },
        "resourceType": "Encounter"
      }
    },
    {
      "fullUrl": "urn:uuid:01875fd8-e890-47f8-8d5d-633a4c8904f7",
      "resource": {
        "id": "01875fd8-e890-47f8-8d5d-633a4c8904f7",
        "meta": {
          "profile": [
            "http://standardhealthrecord.org/fhir/StructureDefinition/shr-problem-Problem"
          ]
        },
        "clinicalStatus": "active",
        "verificationStatus": "confirmed",
        "code": {
          "coding": [
            {
              "system": "http://snomed.info/sct",
              "code": "38341003",
              "display": "Hypertension"
            }
          ],
          "text": "Hypertension"
        },
        "subject": {
          "reference": "urn:uuid:9e7dd0e1-d073-4197-b723-3ff1ca874afa"
        },
        "context": {
          "reference": "urn:uuid:a4aac067-6b80-4f0f-b579-4011489898c2"
        },
        "onsetDateTime": "1950-09-10T15:27:36-04:00",
        "assertedDate": "1950-09-10",
        "resourceType": "Condition"
      }
    },
    {
      "fullUrl": "urn:uuid:b11503c6-1a2b-4603-be9b-72d8ae7d2ccd",
      "resource": {
        "id": "b11503c6-1a2b-4603-be9b-72d8ae7d2ccd",
        "meta": {
          "profile": [
            "http://standardhealthrecord.org/fhir/StructureDefinition/shr-problem-Problem"
          ]
        },
        "clinicalStatus": "active",
        "verificationStatus": "confirmed",
        "code": {
          "coding": [
            {
              "system": "http://snomed.info/sct",
              "code": "15777000",
              "display": "Prediabetes"
            }
          ],
          "text": "Prediabetes"
        },
        "subject": {
          "reference": "urn:uuid:9e7dd0e1-d073-4197-b723-3ff1ca874afa"
        },
        "context": {
          "reference": "urn:uuid:a4aac067-6b80-4f0f-b579-4011489898c2"
        },
        "onsetDateTime": "1979-04-15T22:02:40-05:00",
        "assertedDate": "1979-04-15",
        "resourceType": "Condition"
      }
    },
    {
      "fullUrl": "urn:uuid:610075f8-cda5-4d69-9226-0448ae7a37f4",
      "resource": {
        "id": "610075f8-cda5-4d69-9226-0448ae7a37f4",
        "meta": {
          "profile": [
            "http://standardhealthrecord.org/fhir/StructureDefinition/shr-problem-Problem"
          ]
        },
        "clinicalStatus": "active",
        "verificationStatus": "confirmed",
        "code": {
          "coding": [
            {
              "system": "http://snomed.info/sct",
              "code": "68496003",
              "display": "Polyp of colon"
            }
          ],
          "text": "Polyp of colon"
        },
        "subject": {
          "reference": "urn:uuid:9e7dd0e1-d073-4197-b723-3ff1ca874afa"
        },
        "context": {
          "reference": "urn:uuid:a4aac067-6b80-4f0f-b579-4011489898c2"
        },
        "onsetDateTime": "1996-10-14T03:01:59-04:00",
        "assertedDate": "1996-10-14",
        "resourceType": "Condition"
      }
    },
    {
      "fullUrl": "urn:uuid:47502f31-9af8-4997-9f60-dac7f0e7582b",
      "resource": {
        "id": "47502f31-9af8-4997-9f60-dac7f0e7582b",
        "meta": {
          "profile": [
            "http://standardhealthrecord.org/fhir/StructureDefinition/shr-problem-Problem"
          ]
        },
        "clinicalStatus": "active",
        "verificationStatus": "confirmed",
        "code": {
          "coding": [
            {
              "system": "http://snomed.info/sct",
              "code": "230690007",
              "display": "Stroke"
            }
          ],
          "text": "Stroke"
        },
        "subject": {
          "reference": "urn:uuid:9e7dd0e1-d073-4197-b723-3ff1ca874afa"
        },
        "context": {
          "reference": "urn:uuid:a4aac067-6b80-4f0f-b579-4011489898c2"
        },
        "onsetDateTime": "2003-01-29T00:44:00-05:00",
        "assertedDate": "2003-01-29",
        "resourceType": "Condition"
      }
    },
    {
      "fullUrl": "urn:uuid:4c47a357-7772-4090-8c81-28c49d3eb6ce",
      "resource": {
        "id": "4c47a357-7772-4090-8c81-28c49d3eb6ce",
        "meta": {
          "profile": [
            "http://standardhealthrecord.org/fhir/StructureDefinition/shr-observation-Observation"
          ]
        },
        "status": "final",
        "category": [
          {
            "coding": [
              {
                "system": "http://hl7.org/fhir/observation-category",
                "code": "laboratory"
              }
            ]
          }
        ],
        "code": {
          "coding": [
            {
              "system": "http://loinc.org",
              "code": "4548-4",
              "display": "Hemoglobin A1c/Hemoglobin.total in Blood"
            }
          ],
          "text": "Hemoglobin A1c/Hemoglobin.total in Blood"
        },
        "subject": {
          "reference": "urn:uuid:9e7dd0e1-d073-4197-b723-3ff1ca874afa"
        },
        "context": {
          "reference": "urn:uuid:a4aac067-6b80-4f0f-b579-4011489898c2"
        },
        "effectiveDateTime": "2010-10-30T10:33:35-04:00",
        "issued": "2010-10-30T10:33:35-04:00",
        "valueQuantity": {
          "value": 6.0,
          "unit": "%",
          "system": "http://unitsofmeasure.org/",
          "code": "%"
        },
        "resourceType": "Observation"
      }
    },
    {
      "fullUrl": "urn:uuid:43a9a2ff-0d32-4c78-9538-fbc8960dc1fa",
      "resource": {
        "id": "43a9a2ff-0d32-4c78-9538-fbc8960dc1fa",
        "meta": {
          "profile": [
            "http://standardhealthrecord.org/fhir/StructureDefinition/shr-observation-Observation",
            "http://standardhealthrecord.org/fhir/StructureDefinition/shr-vital-VitalSign",
            "http://standardhealthrecord.org/fhir/StructureDefinition/shr-vital-BodyHeight"
          ]
        },
        "status": "final",
        "category": [
          {
            "coding": [
              {
                "system": "http://hl7.org/fhir/observation-category",
                "code": "vital-signs"
              }
            ]
          }
        ],
        "code": {
          "coding": [
            {
              "system": "http://loinc.org",
              "code": "8302-2",
              "display": "Body Height"
            }
          ],
          "text": "Body Height"
        },
        "subject": {
          "reference": "urn:uuid:9e7dd0e1-d073-4197-b723-3ff1ca874afa"
        },
        "context": {
          "reference": "urn:uuid:a4aac067-6b80-4f0f-b579-4011489898c2"
        },
        "effectiveDateTime": "2010-10-30T10:33:35-04:00",
        "issued": "2010-10-30T10:33:35-04:00",
        "valueQuantity": {
          "value": 180.1032736914704,
          "unit": "cm",
          "system": "http://unitsofmeasure.org/",
          "code": "cm"
        },
        "resourceType": "Observation"
      }
    },
    {
      "fullUrl": "urn:uuid:11632e9a-7933-4e4c-8439-6e3e018c5537",
      "resource": {
        "id": "11632e9a-7933-4e4c-8439-6e3e018c5537",
        "meta": {
          "profile": [
            "http://standardhealthrecord.org/fhir/StructureDefinition/shr-observation-Observation",
            "http://standardhealthrecord.org/fhir/StructureDefinition/shr-vital-VitalSign",
            "http://standardhealthrecord.org/fhir/StructureDefinition/shr-vital-BodyWeight"
          ]
        },
        "status": "final",
        "category": [
          {
            "coding": [
              {
                "system": "http://hl7.org/fhir/observation-category",
                "code": "vital-signs"
              }
            ]
          }
        ],
        "code": {
          "coding": [
            {
              "system": "http://loinc.org",
              "code": "29463-7",
              "display": "Body Weight"
            }
          ],
          "text": "Body Weight"
        },
        "subject": {
          "reference": "urn:uuid:9e7dd0e1-d073-4197-b723-3ff1ca874afa"
        },
        "context": {
          "reference": "urn:uuid:a4aac067-6b80-4f0f-b579-4011489898c2"
        },
        "effectiveDateTime": "2010-10-30T10:33:35-04:00",
        "issued": "2010-10-30T10:33:35-04:00",
        "valueQuantity": {
          "value": 83.50017029765525,
          "unit": "kg",
          "system": "http://unitsofmeasure.org/",
          "code": "kg"
        },
        "resourceType": "Observation"
      }
    },
    {
      "fullUrl": "urn:uuid:0f397f2e-1839-402c-9714-7ecf753e18e5",
      "resource": {
        "id": "0f397f2e-1839-402c-9714-7ecf753e18e5",
        "meta": {
          "profile": [
            "http://standardhealthrecord.org/fhir/StructureDefinition/shr-observation-Observation",
            "http://standardhealthrecord.org/fhir/StructureDefinition/shr-vital-VitalSign",
            "http://standardhealthrecord.org/fhir/StructureDefinition/shr-vital-BodyMassIndex"
          ]
        },
        "status": "final",
        "category": [
          {
            "coding": [
              {
                "system": "http://hl7.org/fhir/observation-category",
                "code": "vital-signs"
              }
            ]
          }
        ],
        "code": {
          "coding": [
            {
              "system": "http://loinc.org",
              "code": "39156-5",
              "display": "Body Mass Index"
            }
          ],
          "text": "Body Mass Index"
        },
        "subject": {
          "reference": "urn:uuid:9e7dd0e1-d073-4197-b723-3ff1ca874afa"
        },
        "context": {
          "reference": "urn:uuid:a4aac067-6b80-4f0f-b579-4011489898c2"
        },
        "effectiveDateTime": "2010-10-30T10:33:35-04:00",
        "issued": "2010-10-30T10:33:35-04:00",
        "valueQuantity": {
          "value": 25.742110328138487,
          "unit": "kg/m2",
          "system": "http://unitsofmeasure.org/",
          "code": "kg/m2"
        },
        "resourceType": "Observation"
      }
    },
    {
      "fullUrl": "urn:uuid:aa096d86-6d05-4203-a807-9ae7e04f2734",
      "resource": {
        "id": "aa096d86-6d05-4203-a807-9ae7e04f2734",
        "meta": {
          "profile": [
            "http://standardhealthrecord.org/fhir/StructureDefinition/shr-observation-Observation",
            "http://standardhealthrecord.org/fhir/StructureDefinition/shr-vital-BloodPressure"
          ]
        },
        "status": "final",
        "category": [
          {
            "coding": [
              {
                "system": "http://hl7.org/fhir/observation-category",
                "code": "vital-signs"
              }
            ]
          }
        ],
        "code": {
          "coding": [
            {
              "system": "http://loinc.org",
              "code": "55284-4",
              "display": "Blood Pressure"
            }
          ]
        },
        "subject": {
          "reference": "urn:uuid:9e7dd0e1-d073-4197-b723-3ff1ca874afa"
        },
        "context": {
          "reference": "urn:uuid:a4aac067-6b80-4f0f-b579-4011489898c2"
        },
        "effectiveDateTime": "2010-10-30T10:33:35-04:00",
        "issued": "2010-10-30T10:33:35-04:00",
        "component": [
          {
            "code": {
              "coding": [
                {
                  "system": "http://loinc.org",
                  "code": "8480-6",
                  "display": "Systolic Blood Pressure"
                }
              ],
              "text": "Systolic Blood Pressure"
            },
            "valueQuantity": {
              "value": 176,
              "unit": "mmHg",
              "system": "http://unitsofmeasure.org/",
              "code": "mmHg"
            }
          },
          {
            "code": {
              "coding": [
                {
                  "system": "http://loinc.org",
                  "code": "8462-4",
                  "display": "Diastolic Blood Pressure"
                }
              ],
              "text": "Diastolic Blood Pressure"
            },
            "valueQuantity": {
              "value": 91,
              "unit": "mmHg",
              "system": "http://unitsofmeasure.org/",
              "code": "mmHg"
            }
          }
        ],
        "resourceType": "Observation"
      }
    },
    {
      "fullUrl": "urn:uuid:b11150c4-7bf0-46d7-8259-0b96b2b79888",
      "resource": {
        "id": "b11150c4-7bf0-46d7-8259-0b96b2b79888",
        "meta": {
          "profile": [
            "http://standardhealthrecord.org/fhir/StructureDefinition/shr-observation-Observation"
          ]
        },
        "status": "final",
        "category": [
          {
            "coding": [
              {
                "system": "http://hl7.org/fhir/observation-category",
                "code": "laboratory"
              }
            ]
          }
        ],
        "code": {
          "coding": [
            {
              "system": "http://loinc.org",
              "code": "4548-4",
              "display": "Hemoglobin A1c/Hemoglobin.total in Blood"
            }
          ],
          "text": "Hemoglobin A1c/Hemoglobin.total in Blood"
        },
        "subject": {
          "reference": "urn:uuid:9e7dd0e1-d073-4197-b723-3ff1ca874afa"
        },
        "context": {
          "reference": "urn:uuid:a4aac067-6b80-4f0f-b579-4011489898c2"
        },
        "effectiveDateTime": "2010-10-30T10:33:35-04:00",
        "issued": "2010-10-30T10:33:35-04:00",
        "valueQuantity": {
          "value": 6.0,
          "unit": "%",
          "system": "http://unitsofmeasure.org/",
          "code": "%"
        },
        "resourceType": "Observation"
      }
    },
    {
      "fullUrl": "urn:uuid:7dd07464-6827-453f-8e13-ddd6a17b4819",
      "resource": {
        "id": "7dd07464-6827-453f-8e13-ddd6a17b4819",
        "meta": {
          "profile": [
            "http://standardhealthrecord.org/fhir/StructureDefinition/shr-observation-Observation"
          ]
        },
        "status": "final",
        "category": [
          {
            "coding": [
              {
                "system": "http://hl7.org/fhir/observation-category",
                "code": "laboratory"
              }
            ]
          }
        ],
        "code": {
          "coding": [
            {
              "system": "http://loinc.org",
              "code": "2339-0",
              "display": "Glucose"
            }
          ],
          "text": "Glucose"
        },
        "subject": {
          "reference": "urn:uuid:9e7dd0e1-d073-4197-b723-3ff1ca874afa"
        },
        "context": {
          "reference": "urn:uuid:a4aac067-6b80-4f0f-b579-4011489898c2"
        },
        "effectiveDateTime": "2010-10-30T10:33:35-04:00",
        "issued": "2010-10-30T10:33:35-04:00",
        "valueQuantity": {
          "value": 64,
          "unit": "mg/dL",
          "system": "http://unitsofmeasure.org/",
          "code": "mg/dL"
        },
        "resourceType": "Observation"
      }
    },
    {
      "fullUrl": "urn:uuid:fe068272-593d-40f9-8e27-3332b1f958eb",
      "resource": {
        "id": "fe068272-593d-40f9-8e27-3332b1f958eb",
        "meta": {
          "profile": [
            "http://standardhealthrecord.org/fhir/StructureDefinition/shr-observation-Observation"
          ]
        },
        "status": "final",
        "category": [
          {
            "coding": [
              {
                "system": "http://hl7.org/fhir/observation-category",
                "code": "laboratory"
              }
            ]
          }
        ],
        "code": {
          "coding": [
            {
              "system": "http://loinc.org",
              "code": "6299-2",
              "display": "Urea Nitrogen"
            }
          ],
          "text": "Urea Nitrogen"
        },
        "subject": {
          "reference": "urn:uuid:9e7dd0e1-d073-4197-b723-3ff1ca874afa"
        },
        "context": {
          "reference": "urn:uuid:a4aac067-6b80-4f0f-b579-4011489898c2"
        },
        "effectiveDateTime": "2010-10-30T10:33:35-04:00",
        "issued": "2010-10-30T10:33:35-04:00",
        "valueQuantity": {
          "value": 16,
          "unit": "mg/dL",
          "system": "http://unitsofmeasure.org/",
          "code": "mg/dL"
        },
        "resourceType": "Observation"
      }
    },
    {
      "fullUrl": "urn:uuid:41fa358a-a6fe-42f1-b38f-99eaa8654c4e",
      "resource": {
        "id": "41fa358a-a6fe-42f1-b38f-99eaa8654c4e",
        "meta": {
          "profile": [
            "http://standardhealthrecord.org/fhir/StructureDefinition/shr-observation-Observation"
          ]
        },
        "status": "final",
        "category": [
          {
            "coding": [
              {
                "system": "http://hl7.org/fhir/observation-category",
                "code": "laboratory"
              }
            ]
          }
        ],
        "code": {
          "coding": [
            {
              "system": "http://loinc.org",
              "code": "38483-4",
              "display": "Creatinine"
            }
          ],
          "text": "Creatinine"
        },
        "subject": {
          "reference": "urn:uuid:9e7dd0e1-d073-4197-b723-3ff1ca874afa"
        },
        "context": {
          "reference": "urn:uuid:a4aac067-6b80-4f0f-b579-4011489898c2"
        },
        "effectiveDateTime": "2010-10-30T10:33:35-04:00",
        "issued": "2010-10-30T10:33:35-04:00",
        "valueQuantity": {
          "value": 1.0,
          "unit": "mg/dL",
          "system": "http://unitsofmeasure.org/",
          "code": "mg/dL"
        },
        "resourceType": "Observation"
      }
    },
    {
      "fullUrl": "urn:uuid:a0111022-d925-4f3e-93e8-9e8c5f0bcfb9",
      "resource": {
        "id": "a0111022-d925-4f3e-93e8-9e8c5f0bcfb9",
        "meta": {
          "profile": [
            "http://standardhealthrecord.org/fhir/StructureDefinition/shr-observation-Observation"
          ]
        },
        "status": "final",
        "category": [
          {
            "coding": [
              {
                "system": "http://hl7.org/fhir/observation-category",
                "code": "laboratory"
              }
            ]
          }
        ],
        "code": {
          "coding": [
            {
              "system": "http://loinc.org",
              "code": "49765-1",
              "display": "Calcium"
            }
          ],
          "text": "Calcium"
        },
        "subject": {
          "reference": "urn:uuid:9e7dd0e1-d073-4197-b723-3ff1ca874afa"
        },
        "context": {
          "reference": "urn:uuid:a4aac067-6b80-4f0f-b579-4011489898c2"
        },
        "effectiveDateTime": "2010-10-30T10:33:35-04:00",
        "issued": "2010-10-30T10:33:35-04:00",
        "valueQuantity": {
          "value": 10.013105591774078,
          "unit": "mg/dL",
          "system": "http://unitsofmeasure.org/",
          "code": "mg/dL"
        },
        "resourceType": "Observation"
      }
    },
    {
      "fullUrl": "urn:uuid:48bd35bc-fb44-468c-98fd-ceb317e277dc",
      "resource": {
        "id": "48bd35bc-fb44-468c-98fd-ceb317e277dc",
        "meta": {
          "profile": [
            "http://standardhealthrecord.org/fhir/StructureDefinition/shr-observation-Observation"
          ]
        },
        "status": "final",
        "category": [
          {
            "coding": [
              {
                "system": "http://hl7.org/fhir/observation-category",
                "code": "laboratory"
              }
            ]
          }
        ],
        "code": {
          "coding": [
            {
              "system": "http://loinc.org",
              "code": "2947-0",
              "display": "Sodium"
            }
          ],
          "text": "Sodium"
        },
        "subject": {
          "reference": "urn:uuid:9e7dd0e1-d073-4197-b723-3ff1ca874afa"
        },
        "context": {
          "reference": "urn:uuid:a4aac067-6b80-4f0f-b579-4011489898c2"
        },
        "effectiveDateTime": "2010-10-30T10:33:35-04:00",
        "issued": "2010-10-30T10:33:35-04:00",
        "valueQuantity": {
          "value": 138,
          "unit": "mmol/L",
          "system": "http://unitsofmeasure.org/",
          "code": "mmol/L"
        },
        "resourceType": "Observation"
      }
    },
    {
      "fullUrl": "urn:uuid:50e3d725-1055-47cd-aed4-0a2cb5085332",
      "resource": {
        "id": "50e3d725-1055-47cd-aed4-0a2cb5085332",
        "meta": {
          "profile": [
            "http://standardhealthrecord.org/fhir/StructureDefinition/shr-observation-Observation"
          ]
        },
        "status": "final",
        "category": [
          {
            "coding": [
              {
                "system": "http://hl7.org/fhir/observation-category",
                "code": "laboratory"
              }
            ]
          }
        ],
        "code": {
          "coding": [
            {
              "system": "http://loinc.org",
              "code": "6298-4",
              "display": "Potassium"
            }
          ],
          "text": "Potassium"
        },
        "subject": {
          "reference": "urn:uuid:9e7dd0e1-d073-4197-b723-3ff1ca874afa"
        },
        "context": {
          "reference": "urn:uuid:a4aac067-6b80-4f0f-b579-4011489898c2"
        },
        "effectiveDateTime": "2010-10-30T10:33:35-04:00",
        "issued": "2010-10-30T10:33:35-04:00",
        "valueQuantity": {
          "value": 4.187179223210713,
          "unit": "mmol/L",
          "system": "http://unitsofmeasure.org/",
          "code": "mmol/L"
        },
        "resourceType": "Observation"
      }
    },
    {
      "fullUrl": "urn:uuid:ac912672-a0b3-4bbd-844b-c65150fb5042",
      "resource": {
        "id": "ac912672-a0b3-4bbd-844b-c65150fb5042",
        "meta": {
          "profile": [
            "http://standardhealthrecord.org/fhir/StructureDefinition/shr-observation-Observation"
          ]
        },
        "status": "final",
        "category": [
          {
            "coding": [
              {
                "system": "http://hl7.org/fhir/observation-category",
                "code": "laboratory"
              }
            ]
          }
        ],
        "code": {
          "coding": [
            {
              "system": "http://loinc.org",
              "code": "2069-3",
              "display": "Chloride"
            }
          ],
          "text": "Chloride"
        },
        "subject": {
          "reference": "urn:uuid:9e7dd0e1-d073-4197-b723-3ff1ca874afa"
        },
        "context": {
          "reference": "urn:uuid:a4aac067-6b80-4f0f-b579-4011489898c2"
        },
        "effectiveDateTime": "2010-10-30T10:33:35-04:00",
        "issued": "2010-10-30T10:33:35-04:00",
        "valueQuantity": {
          "value": 111,
          "unit": "mmol/L",
          "system": "http://unitsofmeasure.org/",
          "code": "mmol/L"
        },
        "resourceType": "Observation"
      }
    },
    {
      "fullUrl": "urn:uuid:1d2f8a3d-938a-47ad-b5f8-0ac4be82e8ff",
      "resource": {
        "id": "1d2f8a3d-938a-47ad-b5f8-0ac4be82e8ff",
        "meta": {
          "profile": [
            "http://standardhealthrecord.org/fhir/StructureDefinition/shr-observation-Observation"
          ]
        },
        "status": "final",
        "category": [
          {
            "coding": [
              {
                "system": "http://hl7.org/fhir/observation-category",
                "code": "laboratory"
              }
            ]
          }
        ],
        "code": {
          "coding": [
            {
              "system": "http://loinc.org",
              "code": "20565-8",
              "display": "Carbon Dioxide"
            }
          ],
          "text": "Carbon Dioxide"
        },
        "subject": {
          "reference": "urn:uuid:9e7dd0e1-d073-4197-b723-3ff1ca874afa"
        },
        "context": {
          "reference": "urn:uuid:a4aac067-6b80-4f0f-b579-4011489898c2"
        },
        "effectiveDateTime": "2010-10-30T10:33:35-04:00",
        "issued": "2010-10-30T10:33:35-04:00",
        "valueQuantity": {
          "value": 20,
          "unit": "mmol/L",
          "system": "http://unitsofmeasure.org/",
          "code": "mmol/L"
        },
        "resourceType": "Observation"
      }
    },
    {
      "fullUrl": "urn:uuid:14926b76-10a4-4628-b272-79f2b47e549f",
      "resource": {
        "id": "14926b76-10a4-4628-b272-79f2b47e549f",
        "meta": {
          "profile": [
            "http://standardhealthrecord.org/fhir/StructureDefinition/shr-observation-Panel"
          ]
        },
        "status": "final",
        "code": {
          "coding": [
            {
              "system": "http://loinc.org",
              "code": "51990-0",
              "display": "Basic Metabolic Panel"
            }
          ]
        },
        "subject": {
          "reference": "urn:uuid:9e7dd0e1-d073-4197-b723-3ff1ca874afa"
        },
        "context": {
          "reference": "urn:uuid:a4aac067-6b80-4f0f-b579-4011489898c2"
        },
        "effectiveDateTime": "2010-10-30T10:33:35-04:00",
        "issued": "2010-10-30T10:33:35-04:00",
        "result": [
          {
            "reference": "urn:uuid:7dd07464-6827-453f-8e13-ddd6a17b4819",
            "display": "Glucose"
          },
          {
            "reference": "urn:uuid:fe068272-593d-40f9-8e27-3332b1f958eb",
            "display": "Urea Nitrogen"
          },
          {
            "reference": "urn:uuid:41fa358a-a6fe-42f1-b38f-99eaa8654c4e",
            "display": "Creatinine"
          },
          {
            "reference": "urn:uuid:a0111022-d925-4f3e-93e8-9e8c5f0bcfb9",
            "display": "Calcium"
          },
          {
            "reference": "urn:uuid:48bd35bc-fb44-468c-98fd-ceb317e277dc",
            "display": "Sodium"
          },
          {
            "reference": "urn:uuid:50e3d725-1055-47cd-aed4-0a2cb5085332",
            "display": "Potassium"
          },
          {
            "reference": "urn:uuid:ac912672-a0b3-4bbd-844b-c65150fb5042",
            "display": "Chloride"
          },
          {
            "reference": "urn:uuid:1d2f8a3d-938a-47ad-b5f8-0ac4be82e8ff",
            "display": "Carbon Dioxide"
          }
        ],
        "resourceType": "DiagnosticReport"
      }
    },
    {
      "fullUrl": "urn:uuid:8b3fa555-5d3c-429a-ab6f-eccb0164c23f",
      "resource": {
        "id": "8b3fa555-5d3c-429a-ab6f-eccb0164c23f",
        "meta": {
          "profile": [
            "http://standardhealthrecord.org/fhir/StructureDefinition/shr-observation-Observation"
          ]
        },
        "status": "final",
        "category": [
          {
            "coding": [
              {
                "system": "http://hl7.org/fhir/observation-category",
                "code": "laboratory"
              }
            ]
          }
        ],
        "code": {
          "coding": [
            {
              "system": "http://loinc.org",
              "code": "2093-3",
              "display": "Total Cholesterol"
            }
          ],
          "text": "Total Cholesterol"
        },
        "subject": {
          "reference": "urn:uuid:9e7dd0e1-d073-4197-b723-3ff1ca874afa"
        },
        "context": {
          "reference": "urn:uuid:a4aac067-6b80-4f0f-b579-4011489898c2"
        },
        "effectiveDateTime": "2010-10-30T10:33:35-04:00",
        "issued": "2010-10-30T10:33:35-04:00",
        "valueQuantity": {
          "value": 162,
          "unit": "mg/dL",
          "system": "http://unitsofmeasure.org/",
          "code": "mg/dL"
        },
        "resourceType": "Observation"
      }
    },
    {
      "fullUrl": "urn:uuid:e387a4b5-e07f-42a0-b6b6-34badaea4994",
      "resource": {
        "id": "e387a4b5-e07f-42a0-b6b6-34badaea4994",
        "meta": {
          "profile": [
            "http://standardhealthrecord.org/fhir/StructureDefinition/shr-observation-Observation"
          ]
        },
        "status": "final",
        "category": [
          {
            "coding": [
              {
                "system": "http://hl7.org/fhir/observation-category",
                "code": "laboratory"
              }
            ]
          }
        ],
        "code": {
          "coding": [
            {
              "system": "http://loinc.org",
              "code": "2571-8",
              "display": "Triglycerides"
            }
          ],
          "text": "Triglycerides"
        },
        "subject": {
          "reference": "urn:uuid:9e7dd0e1-d073-4197-b723-3ff1ca874afa"
        },
        "context": {
          "reference": "urn:uuid:a4aac067-6b80-4f0f-b579-4011489898c2"
        },
        "effectiveDateTime": "2010-10-30T10:33:35-04:00",
        "issued": "2010-10-30T10:33:35-04:00",
        "valueQuantity": {
          "value": 136,
          "unit": "mg/dL",
          "system": "http://unitsofmeasure.org/",
          "code": "mg/dL"
        },
        "resourceType": "Observation"
      }
    },
    {
      "fullUrl": "urn:uuid:dabe9135-8446-49f1-9cca-0f9396251ac6",
      "resource": {
        "id": "dabe9135-8446-49f1-9cca-0f9396251ac6",
        "meta": {
          "profile": [
            "http://standardhealthrecord.org/fhir/StructureDefinition/shr-observation-Observation"
          ]
        },
        "status": "final",
        "category": [
          {
            "coding": [
              {
                "system": "http://hl7.org/fhir/observation-category",
                "code": "laboratory"
              }
            ]
          }
        ],
        "code": {
          "coding": [
            {
              "system": "http://loinc.org",
              "code": "18262-6",
              "display": "Low Density Lipoprotein Cholesterol"
            }
          ],
          "text": "Low Density Lipoprotein Cholesterol"
        },
        "subject": {
          "reference": "urn:uuid:9e7dd0e1-d073-4197-b723-3ff1ca874afa"
        },
        "context": {
          "reference": "urn:uuid:a4aac067-6b80-4f0f-b579-4011489898c2"
        },
        "effectiveDateTime": "2010-10-30T10:33:35-04:00",
        "issued": "2010-10-30T10:33:35-04:00",
        "valueQuantity": {
          "value": 65,
          "unit": "mg/dL",
          "system": "http://unitsofmeasure.org/",
          "code": "mg/dL"
        },
        "resourceType": "Observation"
      }
    },
    {
      "fullUrl": "urn:uuid:9367ebe5-ac99-48a9-9b8d-b48377151cbf",
      "resource": {
        "id": "9367ebe5-ac99-48a9-9b8d-b48377151cbf",
        "meta": {
          "profile": [
            "http://standardhealthrecord.org/fhir/StructureDefinition/shr-observation-Observation"
          ]
        },
        "status": "final",
        "category": [
          {
            "coding": [
              {
                "system": "http://hl7.org/fhir/observation-category",
                "code": "laboratory"
              }
            ]
          }
        ],
        "code": {
          "coding": [
            {
              "system": "http://loinc.org",
              "code": "2085-9",
              "display": "High Density Lipoprotein Cholesterol"
            }
          ],
          "text": "High Density Lipoprotein Cholesterol"
        },
        "subject": {
          "reference": "urn:uuid:9e7dd0e1-d073-4197-b723-3ff1ca874afa"
        },
        "context": {
          "reference": "urn:uuid:a4aac067-6b80-4f0f-b579-4011489898c2"
        },
        "effectiveDateTime": "2010-10-30T10:33:35-04:00",
        "issued": "2010-10-30T10:33:35-04:00",
        "valueQuantity": {
          "value": 69,
          "unit": "mg/dL",
          "system": "http://unitsofmeasure.org/",
          "code": "mg/dL"
        },
        "resourceType": "Observation"
      }
    },
    {
      "fullUrl": "urn:uuid:99841e54-937b-4fca-9b26-a6a6e8e7b457",
      "resource": {
        "id": "99841e54-937b-4fca-9b26-a6a6e8e7b457",
        "meta": {
          "profile": [
            "http://standardhealthrecord.org/fhir/StructureDefinition/shr-observation-Panel"
          ]
        },
        "status": "final",
        "code": {
          "coding": [
            {
              "system": "http://loinc.org",
              "code": "57698-3",
              "display": "Lipid Panel"
            }
          ]
        },
        "subject": {
          "reference": "urn:uuid:9e7dd0e1-d073-4197-b723-3ff1ca874afa"
        },
        "context": {
          "reference": "urn:uuid:a4aac067-6b80-4f0f-b579-4011489898c2"
        },
        "effectiveDateTime": "2010-10-30T10:33:35-04:00",
        "issued": "2010-10-30T10:33:35-04:00",
        "result": [
          {
            "reference": "urn:uuid:8b3fa555-5d3c-429a-ab6f-eccb0164c23f",
            "display": "Total Cholesterol"
          },
          {
            "reference": "urn:uuid:e387a4b5-e07f-42a0-b6b6-34badaea4994",
            "display": "Triglycerides"
          },
          {
            "reference": "urn:uuid:dabe9135-8446-49f1-9cca-0f9396251ac6",
            "display": "Low Density Lipoprotein Cholesterol"
          },
          {
            "reference": "urn:uuid:9367ebe5-ac99-48a9-9b8d-b48377151cbf",
            "display": "High Density Lipoprotein Cholesterol"
          }
        ],
        "resourceType": "DiagnosticReport"
      }
    },
    {
      "fullUrl": "urn:uuid:67b85f38-f41a-42e7-a004-1e7c5260a713",
      "resource": {
        "id": "67b85f38-f41a-42e7-a004-1e7c5260a713",
        "meta": {
          "profile": [
            "http://standardhealthrecord.org/fhir/StructureDefinition/shr-observation-Observation"
          ]
        },
        "status": "final",
        "category": [
          {
            "coding": [
              {
                "system": "http://hl7.org/fhir/observation-category",
                "code": "laboratory"
              }
            ]
          }
        ],
        "code": {
          "coding": [
            {
              "system": "http://loinc.org",
              "code": "33914-3",
              "display": "Estimated Glomerular Filtration Rate"
            }
          ],
          "text": "Estimated Glomerular Filtration Rate"
        },
        "subject": {
          "reference": "urn:uuid:9e7dd0e1-d073-4197-b723-3ff1ca874afa"
        },
        "context": {
          "reference": "urn:uuid:a4aac067-6b80-4f0f-b579-4011489898c2"
        },
        "effectiveDateTime": "2010-10-30T10:33:35-04:00",
        "issued": "2010-10-30T10:33:35-04:00",
        "valueQuantity": {
          "value": 60,
          "unit": "mL/min/{1.73_m2}",
          "system": "http://unitsofmeasure.org/",
          "code": "mL/min/{1.73_m2}"
        },
        "resourceType": "Observation"
      }
    },
    {
      "resource": {
        "meta": {
          "profile": [
            "http://standardhealthrecord.org/fhir/StructureDefinition/shr-immunization-Immunization"
          ]
        },
        "status": "completed",
        "notGiven": false,
        "vaccineCode": {
          "coding": [
            {
              "system": "http://hl7.org/fhir/sid/cvx",
              "code": "140",
              "display": "Influenza, seasonal, injectable, preservative free"
            }
          ],
          "text": "Influenza, seasonal, injectable, preservative free"
        },
        "patient": {
          "reference": "urn:uuid:9e7dd0e1-d073-4197-b723-3ff1ca874afa"
        },
        "encounter": {
          "reference": "urn:uuid:a4aac067-6b80-4f0f-b579-4011489898c2"
        },
        "date": "2010-10-30T10:33:35-04:00",
        "primarySource": true,
        "resourceType": "Immunization"
      }
    },
    {
      "resource": {
        "status": "in-progress",
        "description": {
          "text": "Hemoglobin A1c total in Blood < 7.0"
        },
        "addresses": [
          {
            "reference": "urn:uuid:b11503c6-1a2b-4603-be9b-72d8ae7d2ccd"
          }
        ],
        "resourceType": "Goal"
      }
    },
    {
      "resource": {
        "status": "in-progress",
        "description": {
          "text": "Glucose [Mass/volume] in Blood < 108"
        },
        "addresses": [
          {
            "reference": "urn:uuid:b11503c6-1a2b-4603-be9b-72d8ae7d2ccd"
          }
        ],
        "resourceType": "Goal"
      }
    },
    {
      "resource": {
        "status": "in-progress",
        "description": {
          "text": "Maintain blood pressure below 140/90 mmHg"
        },
        "addresses": [
          {
            "reference": "urn:uuid:b11503c6-1a2b-4603-be9b-72d8ae7d2ccd"
          }
        ],
        "resourceType": "Goal"
      }
    },
    {
      "resource": {
        "status": "in-progress",
        "description": {
          "text": "Improve and maintenance of optimal foot health: aim at early detection of peripheral vascular problems and neuropathy presumed due to diabetes; and prevention of diabetic foot ulcer, gangrene"
        },
        "addresses": [
          {
            "reference": "urn:uuid:b11503c6-1a2b-4603-be9b-72d8ae7d2ccd"
          }
        ],
        "resourceType": "Goal"
      }
    },
    {
      "resource": {
        "status": "in-progress",
        "description": {
          "text": "Address patient knowledge deficit on diabetic self-care"
        },
        "addresses": [
          {
            "reference": "urn:uuid:b11503c6-1a2b-4603-be9b-72d8ae7d2ccd"
          }
        ],
        "resourceType": "Goal"
      }
    },
    {
      "resource": {
        "status": "active",
        "category": [
          {
            "coding": [
              {
                "system": "http://snomed.info/sct",
                "code": "698360004",
                "display": "Diabetes self management plan"
              }
            ]
          }
        ],
        "subject": {
          "reference": "urn:uuid:9e7dd0e1-d073-4197-b723-3ff1ca874afa"
        },
        "context": {
          "reference": "urn:uuid:a4aac067-6b80-4f0f-b579-4011489898c2"
        },
        "period": {
          "start": "1979-04-15"
        },
        "addresses": [
          {
            "reference": "urn:uuid:b11503c6-1a2b-4603-be9b-72d8ae7d2ccd"
          }
        ],
        "goal": [
          {
            "reference": ""
          },
          {
            "reference": ""
          },
          {
            "reference": ""
          },
          {
            "reference": ""
          },
          {
            "reference": ""
          }
        ],
        "activity": [
          {
            "detail": {
              "code": {
                "coding": [
                  {
                    "system": "http://snomed.info/sct",
                    "code": "160670007",
                    "display": "Diabetic diet"
                  }
                ]
              },
              "status": "in-progress"
            }
          },
          {
            "detail": {
              "code": {
                "coding": [
                  {
                    "system": "http://snomed.info/sct",
                    "code": "229065009",
                    "display": "Exercise therapy"
                  }
                ]
              },
              "status": "in-progress"
            }
          }
        ],
        "resourceType": "CarePlan"
      }
    },
    {
      "resource": {
        "meta": {
          "profile": [
            "http://standardhealthrecord.org/fhir/StructureDefinition/shr-medication-Medication"
          ]
        },
        "code": {
          "coding": [
            {
              "system": "http://www.nlm.nih.gov/research/umls/rxnorm",
              "code": "834060",
              "display": "Penicillin V Potassium 250 MG"
            }
          ],
          "text": "Penicillin V Potassium 250 MG"
        },
        "resourceType": "Medication"
      }
    },
    {
      "resource": {
        "meta": {
          "profile": [
            "http://standardhealthrecord.org/fhir/StructureDefinition/shr-medication-MedicationPrescription"
          ]
        },
        "extension": [
          {
            "url": "http://standardhealthrecord.org/fhir/StructureDefinition/shr-base-ActionCode-extension",
            "valueCodeableConcept": {
              "coding": [
                {
                  "system": "http://snomed.info/sct",
                  "code": "33633005",
                  "display": "Prescription of drug (procedure)"
                }
              ],
              "text": "Prescription of drug (procedure)"
            }
          }
        ],
        "status": "active",
        "medicationReference": {
          "reference": ""
        },
        "subject": {
          "reference": "urn:uuid:9e7dd0e1-d073-4197-b723-3ff1ca874afa"
        },
        "context": {
          "reference": "urn:uuid:a4aac067-6b80-4f0f-b579-4011489898c2"
        },
        "authoredOn": "1941-09-07",
        "dosageInstruction": [
          {

          }
        ],
        "resourceType": "MedicationRequest"
      }
    },
    {
      "fullUrl": "urn:uuid:801a6f09-9cc4-4b7f-918a-5b869da7e717",
      "resource": {
        "id": "801a6f09-9cc4-4b7f-918a-5b869da7e717",
        "meta": {
          "profile": [
            "http://standardhealthrecord.org/fhir/StructureDefinition/shr-encounter-Encounter"
          ]
        },
        "status": "finished",
        "class": {
          "code": "emergency"
        },
        "type": [
          {
            "coding": [
              {
                "system": "http://snomed.info/sct",
                "code": "50849002"
              }
            ],
            "text": "Emergency Encounter"
          }
        ],
        "subject": {
          "reference": "urn:uuid:9e7dd0e1-d073-4197-b723-3ff1ca874afa"
        },
        "period": {
          "start": "2011-04-06T00:59:00-04:00",
          "end": "2011-04-10T00:59:00-04:00"
        },
        "serviceProvider": {
          "reference": "urn:uuid:7d8e9796-6cf4-4268-b56c-0344e8987eb2"
        },
        "resourceType": "Encounter"
      }
    },
    {
      "resource": {
        "meta": {
          "profile": [
            "http://standardhealthrecord.org/fhir/StructureDefinition/shr-procedure-Procedure"
          ]
        },
        "extension": [
          {
            "url": "http://standardhealthrecord.org/fhir/StructureDefinition/shr-core-CodeableConcept-extension",
            "valueCodeableConcept": {
              "coding": [
                {
                  "system": "http://snomed.info/sct",
                  "code": "433112001",
                  "display": "Percutaneous mechanical thrombectomy of portal vein using fluoroscopic guidance"
                }
              ],
              "text": "Percutaneous mechanical thrombectomy of portal vein using fluoroscopic guidance"
            }
          }
        ],
        "status": "completed",
        "code": {
          "coding": [
            {
              "system": "http://snomed.info/sct",
              "code": "433112001",
              "display": "Percutaneous mechanical thrombectomy of portal vein using fluoroscopic guidance"
            }
          ],
          "text": "Percutaneous mechanical thrombectomy of portal vein using fluoroscopic guidance"
        },
        "subject": {
          "reference": "urn:uuid:9e7dd0e1-d073-4197-b723-3ff1ca874afa"
        },
        "context": {
          "reference": "urn:uuid:801a6f09-9cc4-4b7f-918a-5b869da7e717"
        },
        "performedDateTime": "2011-04-06T00:44:00-04:00",
        "resourceType": "Procedure"
      }
    },
    {
      "resource": {
        "meta": {
          "profile": [
            "http://standardhealthrecord.org/fhir/StructureDefinition/shr-medication-Medication"
          ]
        },
        "code": {
          "coding": [
            {
              "system": "http://www.nlm.nih.gov/research/umls/rxnorm",
              "code": "309362",
              "display": "Clopidogrel 75 MG Oral Tablet"
            }
          ],
          "text": "Clopidogrel 75 MG Oral Tablet"
        },
        "resourceType": "Medication"
      }
    },
    {
      "resource": {
        "meta": {
          "profile": [
            "http://standardhealthrecord.org/fhir/StructureDefinition/shr-medication-MedicationPrescription"
          ]
        },
        "extension": [
          {
            "url": "http://standardhealthrecord.org/fhir/StructureDefinition/shr-base-ActionCode-extension",
            "valueCodeableConcept": {
              "coding": [
                {
                  "system": "http://snomed.info/sct",
                  "code": "33633005",
                  "display": "Prescription of drug (procedure)"
                }
              ],
              "text": "Prescription of drug (procedure)"
            }
          }
        ],
        "status": "stopped",
        "medicationReference": {
          "reference": ""
        },
        "subject": {
          "reference": "urn:uuid:9e7dd0e1-d073-4197-b723-3ff1ca874afa"
        },
        "context": {
          "reference": "urn:uuid:801a6f09-9cc4-4b7f-918a-5b869da7e717"
        },
        "authoredOn": "2011-04-06",
        "reasonReference": [
          {
            "reference": "urn:uuid:47502f31-9af8-4997-9f60-dac7f0e7582b"
          }
        ],
        "dosageInstruction": [
          {

          }
        ],
        "resourceType": "MedicationRequest"
      }
    },
    {
      "resource": {
        "meta": {
          "profile": [
            "http://standardhealthrecord.org/fhir/StructureDefinition/shr-medication-Medication"
          ]
        },
        "code": {
          "coding": [
            {
              "system": "http://www.nlm.nih.gov/research/umls/rxnorm",
              "code": "308056",
              "display": "Alteplase 1 MG/ML Injectable Solution"
            }
          ],
          "text": "Alteplase 1 MG/ML Injectable Solution"
        },
        "resourceType": "Medication"
      }
    },
    {
      "resource": {
        "meta": {
          "profile": [
            "http://standardhealthrecord.org/fhir/StructureDefinition/shr-medication-MedicationPrescription"
          ]
        },
        "extension": [
          {
            "url": "http://standardhealthrecord.org/fhir/StructureDefinition/shr-base-ActionCode-extension",
            "valueCodeableConcept": {
              "coding": [
                {
                  "system": "http://snomed.info/sct",
                  "code": "33633005",
                  "display": "Prescription of drug (procedure)"
                }
              ],
              "text": "Prescription of drug (procedure)"
            }
          }
        ],
        "status": "stopped",
        "medicationReference": {
          "reference": ""
        },
        "subject": {
          "reference": "urn:uuid:9e7dd0e1-d073-4197-b723-3ff1ca874afa"
        },
        "context": {
          "reference": "urn:uuid:801a6f09-9cc4-4b7f-918a-5b869da7e717"
        },
        "authoredOn": "2011-04-06",
        "reasonReference": [
          {
            "reference": "urn:uuid:47502f31-9af8-4997-9f60-dac7f0e7582b"
          }
        ],
        "dosageInstruction": [
          {

          }
        ],
        "resourceType": "MedicationRequest"
      }
    },
    {
      "fullUrl": "urn:uuid:45b828a1-15a9-42b2-82fe-b7fd14b8b6f1",
      "resource": {
        "id": "45b828a1-15a9-42b2-82fe-b7fd14b8b6f1",
        "meta": {
          "profile": [
            "http://standardhealthrecord.org/fhir/StructureDefinition/shr-encounter-Encounter"
          ]
        },
        "status": "finished",
        "class": {
          "code": "outpatient"
        },
        "type": [
          {
            "coding": [
              {
                "system": "http://snomed.info/sct",
                "code": "185349003"
              }
            ],
            "text": "Outpatient Encounter"
          }
        ],
        "subject": {
          "reference": "urn:uuid:9e7dd0e1-d073-4197-b723-3ff1ca874afa"
        },
        "period": {
          "start": "2011-10-14T06:28:06-04:00",
          "end": "2011-10-14T07:28:06-04:00"
        },
        "serviceProvider": {
          "reference": "urn:uuid:7d8e9796-6cf4-4268-b56c-0344e8987eb2"
        },
        "resourceType": "Encounter"
      }
    },
    {
      "fullUrl": "urn:uuid:0a6d6e16-3b84-439e-a399-f5285cd8cc94",
      "resource": {
        "id": "0a6d6e16-3b84-439e-a399-f5285cd8cc94",
        "meta": {
          "profile": [
            "http://standardhealthrecord.org/fhir/StructureDefinition/shr-observation-Observation"
          ]
        },
        "status": "final",
        "category": [
          {
            "coding": [
              {
                "system": "http://hl7.org/fhir/observation-category",
                "code": "laboratory"
              }
            ]
          }
        ],
        "code": {
          "coding": [
            {
              "system": "http://loinc.org",
              "code": "4548-4",
              "display": "Hemoglobin A1c/Hemoglobin.total in Blood"
            }
          ],
          "text": "Hemoglobin A1c/Hemoglobin.total in Blood"
        },
        "subject": {
          "reference": "urn:uuid:9e7dd0e1-d073-4197-b723-3ff1ca874afa"
        },
        "context": {
          "reference": "urn:uuid:45b828a1-15a9-42b2-82fe-b7fd14b8b6f1"
        },
        "effectiveDateTime": "2011-10-14T06:28:06-04:00",
        "issued": "2011-10-14T06:28:06-04:00",
        "valueQuantity": {
          "value": 6.2,
          "unit": "%",
          "system": "http://unitsofmeasure.org/",
          "code": "%"
        },
        "resourceType": "Observation"
      }
    },
    {
      "fullUrl": "urn:uuid:0b3632d5-f467-45ec-b5e8-543d8d6f27d3",
      "resource": {
        "id": "0b3632d5-f467-45ec-b5e8-543d8d6f27d3",
        "meta": {
          "profile": [
            "http://standardhealthrecord.org/fhir/StructureDefinition/shr-observation-Observation",
            "http://standardhealthrecord.org/fhir/StructureDefinition/shr-vital-VitalSign",
            "http://standardhealthrecord.org/fhir/StructureDefinition/shr-vital-BodyHeight"
          ]
        },
        "status": "final",
        "category": [
          {
            "coding": [
              {
                "system": "http://hl7.org/fhir/observation-category",
                "code": "vital-signs"
              }
            ]
          }
        ],
        "code": {
          "coding": [
            {
              "system": "http://loinc.org",
              "code": "8302-2",
              "display": "Body Height"
            }
          ],
          "text": "Body Height"
        },
        "subject": {
          "reference": "urn:uuid:9e7dd0e1-d073-4197-b723-3ff1ca874afa"
        },
        "context": {
          "reference": "urn:uuid:45b828a1-15a9-42b2-82fe-b7fd14b8b6f1"
        },
        "effectiveDateTime": "2011-10-14T06:28:06-04:00",
        "issued": "2011-10-14T06:28:06-04:00",
        "valueQuantity": {
          "value": 180.1032736914704,
          "unit": "cm",
          "system": "http://unitsofmeasure.org/",
          "code": "cm"
        },
        "resourceType": "Observation"
      }
    },
    {
      "fullUrl": "urn:uuid:fe8194f6-5ca7-4f16-97c2-f58e110996a1",
      "resource": {
        "id": "fe8194f6-5ca7-4f16-97c2-f58e110996a1",
        "meta": {
          "profile": [
            "http://standardhealthrecord.org/fhir/StructureDefinition/shr-observation-Observation",
            "http://standardhealthrecord.org/fhir/StructureDefinition/shr-vital-VitalSign",
            "http://standardhealthrecord.org/fhir/StructureDefinition/shr-vital-BodyWeight"
          ]
        },
        "status": "final",
        "category": [
          {
            "coding": [
              {
                "system": "http://hl7.org/fhir/observation-category",
                "code": "vital-signs"
              }
            ]
          }
        ],
        "code": {
          "coding": [
            {
              "system": "http://loinc.org",
              "code": "29463-7",
              "display": "Body Weight"
            }
          ],
          "text": "Body Weight"
        },
        "subject": {
          "reference": "urn:uuid:9e7dd0e1-d073-4197-b723-3ff1ca874afa"
        },
        "context": {
          "reference": "urn:uuid:45b828a1-15a9-42b2-82fe-b7fd14b8b6f1"
        },
        "effectiveDateTime": "2011-10-14T06:28:06-04:00",
        "issued": "2011-10-14T06:28:06-04:00",
        "valueQuantity": {
          "value": 83.50017029765525,
          "unit": "kg",
          "system": "http://unitsofmeasure.org/",
          "code": "kg"
        },
        "resourceType": "Observation"
      }
    },
    {
      "fullUrl": "urn:uuid:cef6ca1f-1bce-4e00-9494-f62046ee411e",
      "resource": {
        "id": "cef6ca1f-1bce-4e00-9494-f62046ee411e",
        "meta": {
          "profile": [
            "http://standardhealthrecord.org/fhir/StructureDefinition/shr-observation-Observation",
            "http://standardhealthrecord.org/fhir/StructureDefinition/shr-vital-VitalSign",
            "http://standardhealthrecord.org/fhir/StructureDefinition/shr-vital-BodyMassIndex"
          ]
        },
        "status": "final",
        "category": [
          {
            "coding": [
              {
                "system": "http://hl7.org/fhir/observation-category",
                "code": "vital-signs"
              }
            ]
          }
        ],
        "code": {
          "coding": [
            {
              "system": "http://loinc.org",
              "code": "39156-5",
              "display": "Body Mass Index"
            }
          ],
          "text": "Body Mass Index"
        },
        "subject": {
          "reference": "urn:uuid:9e7dd0e1-d073-4197-b723-3ff1ca874afa"
        },
        "context": {
          "reference": "urn:uuid:45b828a1-15a9-42b2-82fe-b7fd14b8b6f1"
        },
        "effectiveDateTime": "2011-10-14T06:28:06-04:00",
        "issued": "2011-10-14T06:28:06-04:00",
        "valueQuantity": {
          "value": 25.742110328138487,
          "unit": "kg/m2",
          "system": "http://unitsofmeasure.org/",
          "code": "kg/m2"
        },
        "resourceType": "Observation"
      }
    },
    {
      "fullUrl": "urn:uuid:e5d0f6b8-84e9-4d73-8185-18c6be437698",
      "resource": {
        "id": "e5d0f6b8-84e9-4d73-8185-18c6be437698",
        "meta": {
          "profile": [
            "http://standardhealthrecord.org/fhir/StructureDefinition/shr-observation-Observation",
            "http://standardhealthrecord.org/fhir/StructureDefinition/shr-vital-BloodPressure"
          ]
        },
        "status": "final",
        "category": [
          {
            "coding": [
              {
                "system": "http://hl7.org/fhir/observation-category",
                "code": "vital-signs"
              }
            ]
          }
        ],
        "code": {
          "coding": [
            {
              "system": "http://loinc.org",
              "code": "55284-4",
              "display": "Blood Pressure"
            }
          ]
        },
        "subject": {
          "reference": "urn:uuid:9e7dd0e1-d073-4197-b723-3ff1ca874afa"
        },
        "context": {
          "reference": "urn:uuid:45b828a1-15a9-42b2-82fe-b7fd14b8b6f1"
        },
        "effectiveDateTime": "2011-10-14T06:28:06-04:00",
        "issued": "2011-10-14T06:28:06-04:00",
        "component": [
          {
            "code": {
              "coding": [
                {
                  "system": "http://loinc.org",
                  "code": "8480-6",
                  "display": "Systolic Blood Pressure"
                }
              ],
              "text": "Systolic Blood Pressure"
            },
            "valueQuantity": {
              "value": 191,
              "unit": "mmHg",
              "system": "http://unitsofmeasure.org/",
              "code": "mmHg"
            }
          },
          {
            "code": {
              "coding": [
                {
                  "system": "http://loinc.org",
                  "code": "8462-4",
                  "display": "Diastolic Blood Pressure"
                }
              ],
              "text": "Diastolic Blood Pressure"
            },
            "valueQuantity": {
              "value": 97,
              "unit": "mmHg",
              "system": "http://unitsofmeasure.org/",
              "code": "mmHg"
            }
          }
        ],
        "resourceType": "Observation"
      }
    },
    {
      "fullUrl": "urn:uuid:36c4f12b-fcf7-4b27-b3ce-0fb0f48fbfd6",
      "resource": {
        "id": "36c4f12b-fcf7-4b27-b3ce-0fb0f48fbfd6",
        "meta": {
          "profile": [
            "http://standardhealthrecord.org/fhir/StructureDefinition/shr-observation-Observation"
          ]
        },
        "status": "final",
        "category": [
          {
            "coding": [
              {
                "system": "http://hl7.org/fhir/observation-category",
                "code": "laboratory"
              }
            ]
          }
        ],
        "code": {
          "coding": [
            {
              "system": "http://loinc.org",
              "code": "4548-4",
              "display": "Hemoglobin A1c/Hemoglobin.total in Blood"
            }
          ],
          "text": "Hemoglobin A1c/Hemoglobin.total in Blood"
        },
        "subject": {
          "reference": "urn:uuid:9e7dd0e1-d073-4197-b723-3ff1ca874afa"
        },
        "context": {
          "reference": "urn:uuid:45b828a1-15a9-42b2-82fe-b7fd14b8b6f1"
        },
        "effectiveDateTime": "2011-10-14T06:28:06-04:00",
        "issued": "2011-10-14T06:28:06-04:00",
        "valueQuantity": {
          "value": 6.2,
          "unit": "%",
          "system": "http://unitsofmeasure.org/",
          "code": "%"
        },
        "resourceType": "Observation"
      }
    },
    {
      "fullUrl": "urn:uuid:e2497690-53d4-481f-a60b-c437f0b5b2de",
      "resource": {
        "id": "e2497690-53d4-481f-a60b-c437f0b5b2de",
        "meta": {
          "profile": [
            "http://standardhealthrecord.org/fhir/StructureDefinition/shr-observation-Observation"
          ]
        },
        "status": "final",
        "category": [
          {
            "coding": [
              {
                "system": "http://hl7.org/fhir/observation-category",
                "code": "laboratory"
              }
            ]
          }
        ],
        "code": {
          "coding": [
            {
              "system": "http://loinc.org",
              "code": "2339-0",
              "display": "Glucose"
            }
          ],
          "text": "Glucose"
        },
        "subject": {
          "reference": "urn:uuid:9e7dd0e1-d073-4197-b723-3ff1ca874afa"
        },
        "context": {
          "reference": "urn:uuid:45b828a1-15a9-42b2-82fe-b7fd14b8b6f1"
        },
        "effectiveDateTime": "2011-10-14T06:28:06-04:00",
        "issued": "2011-10-14T06:28:06-04:00",
        "valueQuantity": {
          "value": 96,
          "unit": "mg/dL",
          "system": "http://unitsofmeasure.org/",
          "code": "mg/dL"
        },
        "resourceType": "Observation"
      }
    },
    {
      "fullUrl": "urn:uuid:d31416ac-9e50-4b37-86e1-3378534be0fe",
      "resource": {
        "id": "d31416ac-9e50-4b37-86e1-3378534be0fe",
        "meta": {
          "profile": [
            "http://standardhealthrecord.org/fhir/StructureDefinition/shr-observation-Observation"
          ]
        },
        "status": "final",
        "category": [
          {
            "coding": [
              {
                "system": "http://hl7.org/fhir/observation-category",
                "code": "laboratory"
              }
            ]
          }
        ],
        "code": {
          "coding": [
            {
              "system": "http://loinc.org",
              "code": "6299-2",
              "display": "Urea Nitrogen"
            }
          ],
          "text": "Urea Nitrogen"
        },
        "subject": {
          "reference": "urn:uuid:9e7dd0e1-d073-4197-b723-3ff1ca874afa"
        },
        "context": {
          "reference": "urn:uuid:45b828a1-15a9-42b2-82fe-b7fd14b8b6f1"
        },
        "effectiveDateTime": "2011-10-14T06:28:06-04:00",
        "issued": "2011-10-14T06:28:06-04:00",
        "valueQuantity": {
          "value": 18,
          "unit": "mg/dL",
          "system": "http://unitsofmeasure.org/",
          "code": "mg/dL"
        },
        "resourceType": "Observation"
      }
    },
    {
      "fullUrl": "urn:uuid:84cdc117-9449-4967-94e9-d730462f2d52",
      "resource": {
        "id": "84cdc117-9449-4967-94e9-d730462f2d52",
        "meta": {
          "profile": [
            "http://standardhealthrecord.org/fhir/StructureDefinition/shr-observation-Observation"
          ]
        },
        "status": "final",
        "category": [
          {
            "coding": [
              {
                "system": "http://hl7.org/fhir/observation-category",
                "code": "laboratory"
              }
            ]
          }
        ],
        "code": {
          "coding": [
            {
              "system": "http://loinc.org",
              "code": "38483-4",
              "display": "Creatinine"
            }
          ],
          "text": "Creatinine"
        },
        "subject": {
          "reference": "urn:uuid:9e7dd0e1-d073-4197-b723-3ff1ca874afa"
        },
        "context": {
          "reference": "urn:uuid:45b828a1-15a9-42b2-82fe-b7fd14b8b6f1"
        },
        "effectiveDateTime": "2011-10-14T06:28:06-04:00",
        "issued": "2011-10-14T06:28:06-04:00",
        "valueQuantity": {
          "value": 1.0,
          "unit": "mg/dL",
          "system": "http://unitsofmeasure.org/",
          "code": "mg/dL"
        },
        "resourceType": "Observation"
      }
    },
    {
      "fullUrl": "urn:uuid:47ec4d02-067a-4598-b6c5-322c9ec53cbf",
      "resource": {
        "id": "47ec4d02-067a-4598-b6c5-322c9ec53cbf",
        "meta": {
          "profile": [
            "http://standardhealthrecord.org/fhir/StructureDefinition/shr-observation-Observation"
          ]
        },
        "status": "final",
        "category": [
          {
            "coding": [
              {
                "system": "http://hl7.org/fhir/observation-category",
                "code": "laboratory"
              }
            ]
          }
        ],
        "code": {
          "coding": [
            {
              "system": "http://loinc.org",
              "code": "49765-1",
              "display": "Calcium"
            }
          ],
          "text": "Calcium"
        },
        "subject": {
          "reference": "urn:uuid:9e7dd0e1-d073-4197-b723-3ff1ca874afa"
        },
        "context": {
          "reference": "urn:uuid:45b828a1-15a9-42b2-82fe-b7fd14b8b6f1"
        },
        "effectiveDateTime": "2011-10-14T06:28:06-04:00",
        "issued": "2011-10-14T06:28:06-04:00",
        "valueQuantity": {
          "value": 8.94865512983308,
          "unit": "mg/dL",
          "system": "http://unitsofmeasure.org/",
          "code": "mg/dL"
        },
        "resourceType": "Observation"
      }
    },
    {
      "fullUrl": "urn:uuid:f3c5478b-c853-4a2d-adf1-d42483d709a9",
      "resource": {
        "id": "f3c5478b-c853-4a2d-adf1-d42483d709a9",
        "meta": {
          "profile": [
            "http://standardhealthrecord.org/fhir/StructureDefinition/shr-observation-Observation"
          ]
        },
        "status": "final",
        "category": [
          {
            "coding": [
              {
                "system": "http://hl7.org/fhir/observation-category",
                "code": "laboratory"
              }
            ]
          }
        ],
        "code": {
          "coding": [
            {
              "system": "http://loinc.org",
              "code": "2947-0",
              "display": "Sodium"
            }
          ],
          "text": "Sodium"
        },
        "subject": {
          "reference": "urn:uuid:9e7dd0e1-d073-4197-b723-3ff1ca874afa"
        },
        "context": {
          "reference": "urn:uuid:45b828a1-15a9-42b2-82fe-b7fd14b8b6f1"
        },
        "effectiveDateTime": "2011-10-14T06:28:06-04:00",
        "issued": "2011-10-14T06:28:06-04:00",
        "valueQuantity": {
          "value": 137,
          "unit": "mmol/L",
          "system": "http://unitsofmeasure.org/",
          "code": "mmol/L"
        },
        "resourceType": "Observation"
      }
    },
    {
      "fullUrl": "urn:uuid:54ebcdbb-6cfe-44cd-9ffd-a30c72df652f",
      "resource": {
        "id": "54ebcdbb-6cfe-44cd-9ffd-a30c72df652f",
        "meta": {
          "profile": [
            "http://standardhealthrecord.org/fhir/StructureDefinition/shr-observation-Observation"
          ]
        },
        "status": "final",
        "category": [
          {
            "coding": [
              {
                "system": "http://hl7.org/fhir/observation-category",
                "code": "laboratory"
              }
            ]
          }
        ],
        "code": {
          "coding": [
            {
              "system": "http://loinc.org",
              "code": "6298-4",
              "display": "Potassium"
            }
          ],
          "text": "Potassium"
        },
        "subject": {
          "reference": "urn:uuid:9e7dd0e1-d073-4197-b723-3ff1ca874afa"
        },
        "context": {
          "reference": "urn:uuid:45b828a1-15a9-42b2-82fe-b7fd14b8b6f1"
        },
        "effectiveDateTime": "2011-10-14T06:28:06-04:00",
        "issued": "2011-10-14T06:28:06-04:00",
        "valueQuantity": {
          "value": 4.778568525384303,
          "unit": "mmol/L",
          "system": "http://unitsofmeasure.org/",
          "code": "mmol/L"
        },
        "resourceType": "Observation"
      }
    },
    {
      "fullUrl": "urn:uuid:0101f98e-879c-4031-b34a-d0c37d292031",
      "resource": {
        "id": "0101f98e-879c-4031-b34a-d0c37d292031",
        "meta": {
          "profile": [
            "http://standardhealthrecord.org/fhir/StructureDefinition/shr-observation-Observation"
          ]
        },
        "status": "final",
        "category": [
          {
            "coding": [
              {
                "system": "http://hl7.org/fhir/observation-category",
                "code": "laboratory"
              }
            ]
          }
        ],
        "code": {
          "coding": [
            {
              "system": "http://loinc.org",
              "code": "2069-3",
              "display": "Chloride"
            }
          ],
          "text": "Chloride"
        },
        "subject": {
          "reference": "urn:uuid:9e7dd0e1-d073-4197-b723-3ff1ca874afa"
        },
        "context": {
          "reference": "urn:uuid:45b828a1-15a9-42b2-82fe-b7fd14b8b6f1"
        },
        "effectiveDateTime": "2011-10-14T06:28:06-04:00",
        "issued": "2011-10-14T06:28:06-04:00",
        "valueQuantity": {
          "value": 108,
          "unit": "mmol/L",
          "system": "http://unitsofmeasure.org/",
          "code": "mmol/L"
        },
        "resourceType": "Observation"
      }
    },
    {
      "fullUrl": "urn:uuid:299a89f8-23ea-4685-805b-cfd328ed303d",
      "resource": {
        "id": "299a89f8-23ea-4685-805b-cfd328ed303d",
        "meta": {
          "profile": [
            "http://standardhealthrecord.org/fhir/StructureDefinition/shr-observation-Observation"
          ]
        },
        "status": "final",
        "category": [
          {
            "coding": [
              {
                "system": "http://hl7.org/fhir/observation-category",
                "code": "laboratory"
              }
            ]
          }
        ],
        "code": {
          "coding": [
            {
              "system": "http://loinc.org",
              "code": "20565-8",
              "display": "Carbon Dioxide"
            }
          ],
          "text": "Carbon Dioxide"
        },
        "subject": {
          "reference": "urn:uuid:9e7dd0e1-d073-4197-b723-3ff1ca874afa"
        },
        "context": {
          "reference": "urn:uuid:45b828a1-15a9-42b2-82fe-b7fd14b8b6f1"
        },
        "effectiveDateTime": "2011-10-14T06:28:06-04:00",
        "issued": "2011-10-14T06:28:06-04:00",
        "valueQuantity": {
          "value": 28,
          "unit": "mmol/L",
          "system": "http://unitsofmeasure.org/",
          "code": "mmol/L"
        },
        "resourceType": "Observation"
      }
    },
    {
      "fullUrl": "urn:uuid:475a6564-7f82-4a4a-9915-e52218f4539f",
      "resource": {
        "id": "475a6564-7f82-4a4a-9915-e52218f4539f",
        "meta": {
          "profile": [
            "http://standardhealthrecord.org/fhir/StructureDefinition/shr-observation-Panel"
          ]
        },
        "status": "final",
        "code": {
          "coding": [
            {
              "system": "http://loinc.org",
              "code": "51990-0",
              "display": "Basic Metabolic Panel"
            }
          ]
        },
        "subject": {
          "reference": "urn:uuid:9e7dd0e1-d073-4197-b723-3ff1ca874afa"
        },
        "context": {
          "reference": "urn:uuid:45b828a1-15a9-42b2-82fe-b7fd14b8b6f1"
        },
        "effectiveDateTime": "2011-10-14T06:28:06-04:00",
        "issued": "2011-10-14T06:28:06-04:00",
        "result": [
          {
            "reference": "urn:uuid:e2497690-53d4-481f-a60b-c437f0b5b2de",
            "display": "Glucose"
          },
          {
            "reference": "urn:uuid:d31416ac-9e50-4b37-86e1-3378534be0fe",
            "display": "Urea Nitrogen"
          },
          {
            "reference": "urn:uuid:84cdc117-9449-4967-94e9-d730462f2d52",
            "display": "Creatinine"
          },
          {
            "reference": "urn:uuid:47ec4d02-067a-4598-b6c5-322c9ec53cbf",
            "display": "Calcium"
          },
          {
            "reference": "urn:uuid:f3c5478b-c853-4a2d-adf1-d42483d709a9",
            "display": "Sodium"
          },
          {
            "reference": "urn:uuid:54ebcdbb-6cfe-44cd-9ffd-a30c72df652f",
            "display": "Potassium"
          },
          {
            "reference": "urn:uuid:0101f98e-879c-4031-b34a-d0c37d292031",
            "display": "Chloride"
          },
          {
            "reference": "urn:uuid:299a89f8-23ea-4685-805b-cfd328ed303d",
            "display": "Carbon Dioxide"
          }
        ],
        "resourceType": "DiagnosticReport"
      }
    },
    {
      "fullUrl": "urn:uuid:0099796b-c1c6-4967-a5c9-5e8fd2ba409b",
      "resource": {
        "id": "0099796b-c1c6-4967-a5c9-5e8fd2ba409b",
        "meta": {
          "profile": [
            "http://standardhealthrecord.org/fhir/StructureDefinition/shr-observation-Observation"
          ]
        },
        "status": "final",
        "category": [
          {
            "coding": [
              {
                "system": "http://hl7.org/fhir/observation-category",
                "code": "laboratory"
              }
            ]
          }
        ],
        "code": {
          "coding": [
            {
              "system": "http://loinc.org",
              "code": "33914-3",
              "display": "Estimated Glomerular Filtration Rate"
            }
          ],
          "text": "Estimated Glomerular Filtration Rate"
        },
        "subject": {
          "reference": "urn:uuid:9e7dd0e1-d073-4197-b723-3ff1ca874afa"
        },
        "context": {
          "reference": "urn:uuid:45b828a1-15a9-42b2-82fe-b7fd14b8b6f1"
        },
        "effectiveDateTime": "2011-10-14T06:28:06-04:00",
        "issued": "2011-10-14T06:28:06-04:00",
        "valueQuantity": {
          "value": 60,
          "unit": "mL/min/{1.73_m2}",
          "system": "http://unitsofmeasure.org/",
          "code": "mL/min/{1.73_m2}"
        },
        "resourceType": "Observation"
      }
    },
    {
      "resource": {
        "meta": {
          "profile": [
            "http://standardhealthrecord.org/fhir/StructureDefinition/shr-procedure-Procedure"
          ]
        },
        "extension": [
          {
            "url": "http://standardhealthrecord.org/fhir/StructureDefinition/shr-core-CodeableConcept-extension",
            "valueCodeableConcept": {
              "coding": [
                {
                  "system": "http://snomed.info/sct",
                  "code": "428191000124101",
                  "display": "Documentation of current medications"
                }
              ],
              "text": "Documentation of current medications"
            }
          }
        ],
        "status": "completed",
        "code": {
          "coding": [
            {
              "system": "http://snomed.info/sct",
              "code": "428191000124101",
              "display": "Documentation of current medications"
            }
          ],
          "text": "Documentation of current medications"
        },
        "subject": {
          "reference": "urn:uuid:9e7dd0e1-d073-4197-b723-3ff1ca874afa"
        },
        "context": {
          "reference": "urn:uuid:45b828a1-15a9-42b2-82fe-b7fd14b8b6f1"
        },
        "performedDateTime": "2011-10-14T06:28:06-04:00",
        "resourceType": "Procedure"
      }
    },
    {
      "resource": {
        "meta": {
          "profile": [
            "http://standardhealthrecord.org/fhir/StructureDefinition/shr-immunization-Immunization"
          ]
        },
        "status": "completed",
        "notGiven": false,
        "vaccineCode": {
          "coding": [
            {
              "system": "http://hl7.org/fhir/sid/cvx",
              "code": "140",
              "display": "Influenza, seasonal, injectable, preservative free"
            }
          ],
          "text": "Influenza, seasonal, injectable, preservative free"
        },
        "patient": {
          "reference": "urn:uuid:9e7dd0e1-d073-4197-b723-3ff1ca874afa"
        },
        "encounter": {
          "reference": "urn:uuid:45b828a1-15a9-42b2-82fe-b7fd14b8b6f1"
        },
        "date": "2011-10-14T06:28:06-04:00",
        "primarySource": true,
        "resourceType": "Immunization"
      }
    },
    {
      "resource": {
        "status": "active",
        "category": [
          {
            "coding": [
              {
                "system": "http://snomed.info/sct",
                "code": "698358001",
                "display": "Angina self management plan"
              }
            ]
          }
        ],
        "subject": {
          "reference": "urn:uuid:9e7dd0e1-d073-4197-b723-3ff1ca874afa"
        },
        "context": {
          "reference": "urn:uuid:45b828a1-15a9-42b2-82fe-b7fd14b8b6f1"
        },
        "period": {
          "start": "2003-11-18"
        },
        "addresses": [
          {
            "reference": "urn:uuid:47502f31-9af8-4997-9f60-dac7f0e7582b"
          }
        ],
        "activity": [
          {
            "detail": {
              "code": {
                "coding": [
                  {
                    "system": "http://snomed.info/sct",
                    "code": "229065009",
                    "display": "Exercise therapy"
                  }
                ]
              },
              "status": "in-progress"
            }
          },
          {
            "detail": {
              "code": {
                "coding": [
                  {
                    "system": "http://snomed.info/sct",
                    "code": "226060000",
                    "display": "Stress management"
                  }
                ]
              },
              "status": "in-progress"
            }
          },
          {
            "detail": {
              "code": {
                "coding": [
                  {
                    "system": "http://snomed.info/sct",
                    "code": "710081004",
                    "display": "Smoking cessation therapy"
                  }
                ]
              },
              "status": "in-progress"
            }
          },
          {
            "detail": {
              "code": {
                "coding": [
                  {
                    "system": "http://snomed.info/sct",
                    "code": "226234005",
                    "display": "Healthy diet"
                  }
                ]
              },
              "status": "in-progress"
            }
          }
        ],
        "resourceType": "CarePlan"
      }
    }
  ],
  "resourceType": "Bundle"
}