{
  "type": "collection",
  "entry": [
    {
      "fullUrl": "urn:uuid:0656cde8-fee5-47b2-90ec-b528d3fca7be",
      "resource": {
        "id": "0656cde8-fee5-47b2-90ec-b528d3fca7be",
        "meta": {
          "profile": [
            "http://standardhealthrecord.org/fhir/StructureDefinition/shr-demographics-PersonOfRecord"
          ]
        },
        "text": {
          "status": "generated",
          "div": "<div>Generated by <a href=\"https://github.com/synthetichealth/synthea\">Synthea</a>. Version identifier: 4d02400401b9fab839e47bf5b2f1f6a8c683ab55</div>"
        },
        "extension": [
          {
            "url": "http://hl7.org/fhir/us/core/StructureDefinition/us-core-race",
            "valueCodeableConcept": {
              "coding": [
                {
                  "system": "http://hl7.org/fhir/v3/Race",
                  "code": "2106-3",
                  "display": "White"
                }
              ],
              "text": "race"
            }
          },
          {
            "url": "http://hl7.org/fhir/us/core/StructureDefinition/us-core-ethnicity",
            "valueCodeableConcept": {
              "coding": [
                {
                  "system": "http://hl7.org/fhir/v3/Ethnicity",
                  "code": "2186-5",
                  "display": "Nonhispanic"
                }
              ],
              "text": "ethnicity"
            }
          },
          {
            "url": "http://hl7.org/fhir/StructureDefinition/birthPlace",
            "valueAddress": {
              "city": "Shrewsbury",
              "state": "MA",
              "country": "US"
            }
          },
          {
            "url": "http://hl7.org/fhir/StructureDefinition/patient-mothersMaidenName",
            "valueString": "Cary127 Berge684"
          },
          {
            "url": "http://hl7.org/fhir/us/core/StructureDefinition/us-core-birthsex",
            "valueCode": "F"
          },
          {
            "url": "http://hl7.org/fhir/StructureDefinition/patient-interpreterRequired",
            "valueBoolean": false
          },
          {
            "url": "http://standardhealthrecord.org/fhir/StructureDefinition/shr-actor-FictionalPerson-extension",
            "valueBoolean": true
          },
          {
            "url": "http://standardhealthrecord.org/fhir/StructureDefinition/shr-demographics-FathersName-extension",
            "valueHumanName": {
              "text": "Nellie242 Abbott992"
            }
          },
          {
            "url": "http://standardhealthrecord.org/fhir/StructureDefinition/shr-demographics-SocialSecurityNumber-extension",
            "valueString": "999-68-2836"
          }
        ],
        "identifier": [
          {
            "system": "https://github.com/synthetichealth/synthea",
            "value": "ff90d4c5-3e52-4576-bfa2-bf07569736fd"
          },
          {
            "type": {
              "coding": [
                {
                  "system": "http://hl7.org/fhir/identifier-type",
                  "code": "SB"
                }
              ]
            },
            "system": "http://hl7.org/fhir/sid/us-ssn",
            "value": "999682836"
          },
          {
            "type": {
              "coding": [
                {
                  "system": "http://hl7.org/fhir/v2/0203",
                  "code": "DL"
                }
              ]
            },
            "system": "urn:oid:2.16.840.1.113883.4.3.25",
            "value": "S99967790"
          }
        ],
        "name": [
          {
            "use": "official",
            "family": "Abbott992",
            "given": [
              "Vallie43"
            ],
            "prefix": [
              "Ms."
            ]
          }
        ],
        "telecom": [
          {
            "system": "phone",
            "value": "305-085-4091",
            "use": "home"
          }
        ],
        "gender": "female",
        "birthDate": "1998-02-25",
        "address": [
          {
            "extension": [
              {
                "extension": [
                  {
                    "url": "latitude",
                    "valueDecimal": 42.480679452817476
                  },
                  {
                    "url": "longitude",
                    "valueDecimal": -71.12999547482595
                  }
                ],
                "url": "http://hl7.org/fhir/StructureDefinition/geolocation"
              }
            ],
            "line": [
              "9960 Rau Pines",
              "Suite 495"
            ],
            "city": "Woburn",
            "state": "MA",
            "postalCode": "01813",
            "country": "US"
          }
        ],
        "maritalStatus": {
          "coding": [
            {
              "system": "http://hl7.org/fhir/v3/MaritalStatus",
              "code": "S"
            }
          ],
          "text": "Never Married"
        },
        "multipleBirthBoolean": false,
        "communication": [
          {
            "language": {
              "coding": [
                {
                  "system": "http://hl7.org/fhir/ValueSet/languages",
                  "code": "en-US",
                  "display": "English (United States)"
                }
              ]
            }
          }
        ],
        "resourceType": "Patient"
      }
    },
    {
      "fullUrl": "urn:uuid:366deb77-2783-4cbf-a311-55f30797016f",
      "resource": {
        "id": "366deb77-2783-4cbf-a311-55f30797016f",
        "meta": {
          "profile": [
            "http://standardhealthrecord.org/fhir/StructureDefinition/shr-actor-Organization"
          ]
        },
        "type": [
          {
            "coding": [
              {
                "system": "http://hl7.org/fhir/ValueSet/organization-type",
                "code": "prov",
                "display": "Healthcare Provider"
              }
            ],
            "text": "Healthcare Provider"
          }
        ],
        "name": "Synthetic Provider",
        "resourceType": "Organization"
      }
    },
    {
      "fullUrl": "urn:uuid:0943ade7-3216-4577-901a-83b3b5fecef6",
      "resource": {
        "id": "0943ade7-3216-4577-901a-83b3b5fecef6",
        "meta": {
          "profile": [
            "http://standardhealthrecord.org/fhir/StructureDefinition/shr-encounter-Encounter"
          ]
        },
        "status": "finished",
        "class": {
          "code": "outpatient"
        },
        "type": [
          {
            "coding": [
              {
                "system": "http://snomed.info/sct",
                "code": "170258001"
              }
            ],
            "text": "Outpatient Encounter"
          }
        ],
        "subject": {
          "reference": "urn:uuid:0656cde8-fee5-47b2-90ec-b528d3fca7be"
        },
        "period": {
          "start": "2010-11-19T11:04:45-05:00",
          "end": "2010-11-19T12:04:45-05:00"
        },
        "serviceProvider": {
          "reference": "urn:uuid:366deb77-2783-4cbf-a311-55f30797016f"
        },
        "resourceType": "Encounter"
      }
    },
    {
      "fullUrl": "urn:uuid:6d1e3521-747b-4519-bc74-3f85046dcab8",
      "resource": {
        "id": "6d1e3521-747b-4519-bc74-3f85046dcab8",
        "meta": {
          "profile": [
            "http://standardhealthrecord.org/fhir/StructureDefinition/shr-observation-Observation",
            "http://standardhealthrecord.org/fhir/StructureDefinition/shr-vital-VitalSign",
            "http://standardhealthrecord.org/fhir/StructureDefinition/shr-vital-BodyHeight"
          ]
        },
        "status": "final",
        "category": [
          {
            "coding": [
              {
                "system": "http://hl7.org/fhir/observation-category",
                "code": "vital-signs"
              }
            ]
          }
        ],
        "code": {
          "coding": [
            {
              "system": "http://loinc.org",
              "code": "8302-2",
              "display": "Body Height"
            }
          ],
          "text": "Body Height"
        },
        "subject": {
          "reference": "urn:uuid:0656cde8-fee5-47b2-90ec-b528d3fca7be"
        },
        "context": {
          "reference": "urn:uuid:0943ade7-3216-4577-901a-83b3b5fecef6"
        },
        "effectiveDateTime": "2010-11-19T11:04:45-05:00",
        "issued": "2010-11-19T11:04:45-05:00",
        "valueQuantity": {
          "value": 149.2077124481489,
          "unit": "cm",
          "system": "http://unitsofmeasure.org/",
          "code": "cm"
        },
        "resourceType": "Observation"
      }
    },
    {
      "fullUrl": "urn:uuid:f837495b-afae-4657-9cdc-82d7bab6147e",
      "resource": {
        "id": "f837495b-afae-4657-9cdc-82d7bab6147e",
        "meta": {
          "profile": [
            "http://standardhealthrecord.org/fhir/StructureDefinition/shr-observation-Observation",
            "http://standardhealthrecord.org/fhir/StructureDefinition/shr-vital-VitalSign",
            "http://standardhealthrecord.org/fhir/StructureDefinition/shr-vital-BodyWeight"
          ]
        },
        "status": "final",
        "category": [
          {
            "coding": [
              {
                "system": "http://hl7.org/fhir/observation-category",
                "code": "vital-signs"
              }
            ]
          }
        ],
        "code": {
          "coding": [
            {
              "system": "http://loinc.org",
              "code": "29463-7",
              "display": "Body Weight"
            }
          ],
          "text": "Body Weight"
        },
        "subject": {
          "reference": "urn:uuid:0656cde8-fee5-47b2-90ec-b528d3fca7be"
        },
        "context": {
          "reference": "urn:uuid:0943ade7-3216-4577-901a-83b3b5fecef6"
        },
        "effectiveDateTime": "2010-11-19T11:04:45-05:00",
        "issued": "2010-11-19T11:04:45-05:00",
        "valueQuantity": {
          "value": 40.36597497454924,
          "unit": "kg",
          "system": "http://unitsofmeasure.org/",
          "code": "kg"
        },
        "resourceType": "Observation"
      }
    },
    {
      "fullUrl": "urn:uuid:0e9579ec-9b07-4ed4-a055-8fe1f9159012",
      "resource": {
        "id": "0e9579ec-9b07-4ed4-a055-8fe1f9159012",
        "meta": {
          "profile": [
            "http://standardhealthrecord.org/fhir/StructureDefinition/shr-observation-Observation",
            "http://standardhealthrecord.org/fhir/StructureDefinition/shr-vital-VitalSign",
            "http://standardhealthrecord.org/fhir/StructureDefinition/shr-vital-BodyMassIndex"
          ]
        },
        "status": "final",
        "category": [
          {
            "coding": [
              {
                "system": "http://hl7.org/fhir/observation-category",
                "code": "vital-signs"
              }
            ]
          }
        ],
        "code": {
          "coding": [
            {
              "system": "http://loinc.org",
              "code": "39156-5",
              "display": "Body Mass Index"
            }
          ],
          "text": "Body Mass Index"
        },
        "subject": {
          "reference": "urn:uuid:0656cde8-fee5-47b2-90ec-b528d3fca7be"
        },
        "context": {
          "reference": "urn:uuid:0943ade7-3216-4577-901a-83b3b5fecef6"
        },
        "effectiveDateTime": "2010-11-19T11:04:45-05:00",
        "issued": "2010-11-19T11:04:45-05:00",
        "valueQuantity": {
          "value": 18.13146526838638,
          "unit": "kg/m2",
          "system": "http://unitsofmeasure.org/",
          "code": "kg/m2"
        },
        "resourceType": "Observation"
      }
    },
    {
      "fullUrl": "urn:uuid:fe568fc8-f044-49c9-916b-f3bde23e69e0",
      "resource": {
        "id": "fe568fc8-f044-49c9-916b-f3bde23e69e0",
        "meta": {
          "profile": [
            "http://standardhealthrecord.org/fhir/StructureDefinition/shr-observation-Observation",
            "http://standardhealthrecord.org/fhir/StructureDefinition/shr-vital-BloodPressure"
          ]
        },
        "status": "final",
        "category": [
          {
            "coding": [
              {
                "system": "http://hl7.org/fhir/observation-category",
                "code": "vital-signs"
              }
            ]
          }
        ],
        "code": {
          "coding": [
            {
              "system": "http://loinc.org",
              "code": "55284-4",
              "display": "Blood Pressure"
            }
          ]
        },
        "subject": {
          "reference": "urn:uuid:0656cde8-fee5-47b2-90ec-b528d3fca7be"
        },
        "context": {
          "reference": "urn:uuid:0943ade7-3216-4577-901a-83b3b5fecef6"
        },
        "effectiveDateTime": "2010-11-19T11:04:45-05:00",
        "issued": "2010-11-19T11:04:45-05:00",
        "component": [
          {
            "code": {
              "coding": [
                {
                  "system": "http://loinc.org",
                  "code": "8480-6",
                  "display": "Systolic Blood Pressure"
                }
              ],
              "text": "Systolic Blood Pressure"
            },
            "valueQuantity": {
              "value": 113,
              "unit": "mmHg",
              "system": "http://unitsofmeasure.org/",
              "code": "mmHg"
            }
          },
          {
            "code": {
              "coding": [
                {
                  "system": "http://loinc.org",
                  "code": "8462-4",
                  "display": "Diastolic Blood Pressure"
                }
              ],
              "text": "Diastolic Blood Pressure"
            },
            "valueQuantity": {
              "value": 71,
              "unit": "mmHg",
              "system": "http://unitsofmeasure.org/",
              "code": "mmHg"
            }
          }
        ],
        "resourceType": "Observation"
      }
    },
    {
      "resource": {
        "meta": {
          "profile": [
            "http://standardhealthrecord.org/fhir/StructureDefinition/shr-immunization-Immunization"
          ]
        },
        "status": "completed",
        "notGiven": false,
        "vaccineCode": {
          "coding": [
            {
              "system": "http://hl7.org/fhir/sid/cvx",
              "code": "140",
              "display": "Influenza, seasonal, injectable, preservative free"
            }
          ],
          "text": "Influenza, seasonal, injectable, preservative free"
        },
        "patient": {
          "reference": "urn:uuid:0656cde8-fee5-47b2-90ec-b528d3fca7be"
        },
        "encounter": {
          "reference": "urn:uuid:0943ade7-3216-4577-901a-83b3b5fecef6"
        },
        "date": "2010-11-19T11:04:45-05:00",
        "primarySource": true,
        "resourceType": "Immunization"
      }
    },
    {
      "resource": {
        "meta": {
          "profile": [
            "http://standardhealthrecord.org/fhir/StructureDefinition/shr-immunization-Immunization"
          ]
        },
        "status": "completed",
        "notGiven": false,
        "vaccineCode": {
          "coding": [
            {
              "system": "http://hl7.org/fhir/sid/cvx",
              "code": "62",
              "display": "HPV, quadrivalent"
            }
          ],
          "text": "HPV, quadrivalent"
        },
        "patient": {
          "reference": "urn:uuid:0656cde8-fee5-47b2-90ec-b528d3fca7be"
        },
        "encounter": {
          "reference": "urn:uuid:0943ade7-3216-4577-901a-83b3b5fecef6"
        },
        "date": "2010-11-19T11:04:45-05:00",
        "primarySource": true,
        "resourceType": "Immunization"
      }
    },
    {
      "fullUrl": "urn:uuid:6a8e8765-86a6-4ea6-b3c0-c7bbe51445d2",
      "resource": {
        "id": "6a8e8765-86a6-4ea6-b3c0-c7bbe51445d2",
        "meta": {
          "profile": [
            "http://standardhealthrecord.org/fhir/StructureDefinition/shr-encounter-Encounter"
          ]
        },
        "status": "finished",
        "class": {
          "code": "outpatient"
        },
        "type": [
          {
            "coding": [
              {
                "system": "http://snomed.info/sct",
                "code": "170258001"
              }
            ],
            "text": "Outpatient Encounter"
          }
        ],
        "subject": {
          "reference": "urn:uuid:0656cde8-fee5-47b2-90ec-b528d3fca7be"
        },
        "period": {
          "start": "2011-11-18T04:33:09-05:00",
          "end": "2011-11-18T05:33:09-05:00"
        },
        "serviceProvider": {
          "reference": "urn:uuid:366deb77-2783-4cbf-a311-55f30797016f"
        },
        "resourceType": "Encounter"
      }
    },
    {
      "fullUrl": "urn:uuid:d0996cbf-5cc3-4204-a5e8-7bb59533f92b",
      "resource": {
        "id": "d0996cbf-5cc3-4204-a5e8-7bb59533f92b",
        "meta": {
          "profile": [
            "http://standardhealthrecord.org/fhir/StructureDefinition/shr-observation-Observation",
            "http://standardhealthrecord.org/fhir/StructureDefinition/shr-vital-VitalSign",
            "http://standardhealthrecord.org/fhir/StructureDefinition/shr-vital-BodyHeight"
          ]
        },
        "status": "final",
        "category": [
          {
            "coding": [
              {
                "system": "http://hl7.org/fhir/observation-category",
                "code": "vital-signs"
              }
            ]
          }
        ],
        "code": {
          "coding": [
            {
              "system": "http://loinc.org",
              "code": "8302-2",
              "display": "Body Height"
            }
          ],
          "text": "Body Height"
        },
        "subject": {
          "reference": "urn:uuid:0656cde8-fee5-47b2-90ec-b528d3fca7be"
        },
        "context": {
          "reference": "urn:uuid:6a8e8765-86a6-4ea6-b3c0-c7bbe51445d2"
        },
        "effectiveDateTime": "2011-11-18T04:33:09-05:00",
        "issued": "2011-11-18T04:33:09-05:00",
        "valueQuantity": {
          "value": 153.60957620101138,
          "unit": "cm",
          "system": "http://unitsofmeasure.org/",
          "code": "cm"
        },
        "resourceType": "Observation"
      }
    },
    {
      "fullUrl": "urn:uuid:559ce960-b5af-4a6f-830c-05c8fbaf4ed0",
      "resource": {
        "id": "559ce960-b5af-4a6f-830c-05c8fbaf4ed0",
        "meta": {
          "profile": [
            "http://standardhealthrecord.org/fhir/StructureDefinition/shr-observation-Observation",
            "http://standardhealthrecord.org/fhir/StructureDefinition/shr-vital-VitalSign",
            "http://standardhealthrecord.org/fhir/StructureDefinition/shr-vital-BodyWeight"
          ]
        },
        "status": "final",
        "category": [
          {
            "coding": [
              {
                "system": "http://hl7.org/fhir/observation-category",
                "code": "vital-signs"
              }
            ]
          }
        ],
        "code": {
          "coding": [
            {
              "system": "http://loinc.org",
              "code": "29463-7",
              "display": "Body Weight"
            }
          ],
          "text": "Body Weight"
        },
        "subject": {
          "reference": "urn:uuid:0656cde8-fee5-47b2-90ec-b528d3fca7be"
        },
        "context": {
          "reference": "urn:uuid:6a8e8765-86a6-4ea6-b3c0-c7bbe51445d2"
        },
        "effectiveDateTime": "2011-11-18T04:33:09-05:00",
        "issued": "2011-11-18T04:33:09-05:00",
        "valueQuantity": {
          "value": 43.95976692636045,
          "unit": "kg",
          "system": "http://unitsofmeasure.org/",
          "code": "kg"
        },
        "resourceType": "Observation"
      }
    },
    {
      "fullUrl": "urn:uuid:5323ffb6-42d7-4cdc-b158-9a0ed0b7dd86",
      "resource": {
        "id": "5323ffb6-42d7-4cdc-b158-9a0ed0b7dd86",
        "meta": {
          "profile": [
            "http://standardhealthrecord.org/fhir/StructureDefinition/shr-observation-Observation",
            "http://standardhealthrecord.org/fhir/StructureDefinition/shr-vital-VitalSign",
            "http://standardhealthrecord.org/fhir/StructureDefinition/shr-vital-BodyMassIndex"
          ]
        },
        "status": "final",
        "category": [
          {
            "coding": [
              {
                "system": "http://hl7.org/fhir/observation-category",
                "code": "vital-signs"
              }
            ]
          }
        ],
        "code": {
          "coding": [
            {
              "system": "http://loinc.org",
              "code": "39156-5",
              "display": "Body Mass Index"
            }
          ],
          "text": "Body Mass Index"
        },
        "subject": {
          "reference": "urn:uuid:0656cde8-fee5-47b2-90ec-b528d3fca7be"
        },
        "context": {
          "reference": "urn:uuid:6a8e8765-86a6-4ea6-b3c0-c7bbe51445d2"
        },
        "effectiveDateTime": "2011-11-18T04:33:09-05:00",
        "issued": "2011-11-18T04:33:09-05:00",
        "valueQuantity": {
          "value": 18.630254995737808,
          "unit": "kg/m2",
          "system": "http://unitsofmeasure.org/",
          "code": "kg/m2"
        },
        "resourceType": "Observation"
      }
    },
    {
      "fullUrl": "urn:uuid:78c68413-a44c-4816-85d3-84c6efae90fa",
      "resource": {
        "id": "78c68413-a44c-4816-85d3-84c6efae90fa",
        "meta": {
          "profile": [
            "http://standardhealthrecord.org/fhir/StructureDefinition/shr-observation-Observation",
            "http://standardhealthrecord.org/fhir/StructureDefinition/shr-vital-BloodPressure"
          ]
        },
        "status": "final",
        "category": [
          {
            "coding": [
              {
                "system": "http://hl7.org/fhir/observation-category",
                "code": "vital-signs"
              }
            ]
          }
        ],
        "code": {
          "coding": [
            {
              "system": "http://loinc.org",
              "code": "55284-4",
              "display": "Blood Pressure"
            }
          ]
        },
        "subject": {
          "reference": "urn:uuid:0656cde8-fee5-47b2-90ec-b528d3fca7be"
        },
        "context": {
          "reference": "urn:uuid:6a8e8765-86a6-4ea6-b3c0-c7bbe51445d2"
        },
        "effectiveDateTime": "2011-11-18T04:33:09-05:00",
        "issued": "2011-11-18T04:33:09-05:00",
        "component": [
          {
            "code": {
              "coding": [
                {
                  "system": "http://loinc.org",
                  "code": "8480-6",
                  "display": "Systolic Blood Pressure"
                }
              ],
              "text": "Systolic Blood Pressure"
            },
            "valueQuantity": {
              "value": 118,
              "unit": "mmHg",
              "system": "http://unitsofmeasure.org/",
              "code": "mmHg"
            }
          },
          {
            "code": {
              "coding": [
                {
                  "system": "http://loinc.org",
                  "code": "8462-4",
                  "display": "Diastolic Blood Pressure"
                }
              ],
              "text": "Diastolic Blood Pressure"
            },
            "valueQuantity": {
              "value": 85,
              "unit": "mmHg",
              "system": "http://unitsofmeasure.org/",
              "code": "mmHg"
            }
          }
        ],
        "resourceType": "Observation"
      }
    },
    {
      "resource": {
        "meta": {
          "profile": [
            "http://standardhealthrecord.org/fhir/StructureDefinition/shr-immunization-Immunization"
          ]
        },
        "status": "completed",
        "notGiven": false,
        "vaccineCode": {
          "coding": [
            {
              "system": "http://hl7.org/fhir/sid/cvx",
              "code": "140",
              "display": "Influenza, seasonal, injectable, preservative free"
            }
          ],
          "text": "Influenza, seasonal, injectable, preservative free"
        },
        "patient": {
          "reference": "urn:uuid:0656cde8-fee5-47b2-90ec-b528d3fca7be"
        },
        "encounter": {
          "reference": "urn:uuid:6a8e8765-86a6-4ea6-b3c0-c7bbe51445d2"
        },
        "date": "2011-11-18T04:33:09-05:00",
        "primarySource": true,
        "resourceType": "Immunization"
      }
    },
    {
      "resource": {
        "meta": {
          "profile": [
            "http://standardhealthrecord.org/fhir/StructureDefinition/shr-immunization-Immunization"
          ]
        },
        "status": "completed",
        "notGiven": false,
        "vaccineCode": {
          "coding": [
            {
              "system": "http://hl7.org/fhir/sid/cvx",
              "code": "62",
              "display": "HPV, quadrivalent"
            }
          ],
          "text": "HPV, quadrivalent"
        },
        "patient": {
          "reference": "urn:uuid:0656cde8-fee5-47b2-90ec-b528d3fca7be"
        },
        "encounter": {
          "reference": "urn:uuid:6a8e8765-86a6-4ea6-b3c0-c7bbe51445d2"
        },
        "date": "2011-11-18T04:33:09-05:00",
        "primarySource": true,
        "resourceType": "Immunization"
      }
    },
    {
      "fullUrl": "urn:uuid:372f5e6f-a464-46f2-9a82-a67cff7f0dd9",
      "resource": {
        "id": "372f5e6f-a464-46f2-9a82-a67cff7f0dd9",
        "meta": {
          "profile": [
            "http://standardhealthrecord.org/fhir/StructureDefinition/shr-encounter-Encounter"
          ]
        },
        "status": "finished",
        "class": {
          "code": "outpatient"
        },
        "type": [
          {
            "coding": [
              {
                "system": "http://snomed.info/sct",
                "code": "170258001"
              }
            ],
            "text": "Outpatient Encounter"
          }
        ],
        "subject": {
          "reference": "urn:uuid:0656cde8-fee5-47b2-90ec-b528d3fca7be"
        },
        "period": {
          "start": "2012-10-28T06:30:40-04:00",
          "end": "2012-10-28T07:30:40-04:00"
        },
        "serviceProvider": {
          "reference": "urn:uuid:366deb77-2783-4cbf-a311-55f30797016f"
        },
        "resourceType": "Encounter"
      }
    },
    {
      "fullUrl": "urn:uuid:6730cdbe-15ce-4334-b623-3fd264bcb4b6",
      "resource": {
        "id": "6730cdbe-15ce-4334-b623-3fd264bcb4b6",
        "meta": {
          "profile": [
            "http://standardhealthrecord.org/fhir/StructureDefinition/shr-observation-Observation",
            "http://standardhealthrecord.org/fhir/StructureDefinition/shr-vital-VitalSign",
            "http://standardhealthrecord.org/fhir/StructureDefinition/shr-vital-BodyHeight"
          ]
        },
        "status": "final",
        "category": [
          {
            "coding": [
              {
                "system": "http://hl7.org/fhir/observation-category",
                "code": "vital-signs"
              }
            ]
          }
        ],
        "code": {
          "coding": [
            {
              "system": "http://loinc.org",
              "code": "8302-2",
              "display": "Body Height"
            }
          ],
          "text": "Body Height"
        },
        "subject": {
          "reference": "urn:uuid:0656cde8-fee5-47b2-90ec-b528d3fca7be"
        },
        "context": {
          "reference": "urn:uuid:372f5e6f-a464-46f2-9a82-a67cff7f0dd9"
        },
        "effectiveDateTime": "2012-10-28T06:30:40-04:00",
        "issued": "2012-10-28T06:30:40-04:00",
        "valueQuantity": {
          "value": 155.5056533871951,
          "unit": "cm",
          "system": "http://unitsofmeasure.org/",
          "code": "cm"
        },
        "resourceType": "Observation"
      }
    },
    {
      "fullUrl": "urn:uuid:32e2cd04-c49b-401f-9f78-028c9b1d0c21",
      "resource": {
        "id": "32e2cd04-c49b-401f-9f78-028c9b1d0c21",
        "meta": {
          "profile": [
            "http://standardhealthrecord.org/fhir/StructureDefinition/shr-observation-Observation",
            "http://standardhealthrecord.org/fhir/StructureDefinition/shr-vital-VitalSign",
            "http://standardhealthrecord.org/fhir/StructureDefinition/shr-vital-BodyWeight"
          ]
        },
        "status": "final",
        "category": [
          {
            "coding": [
              {
                "system": "http://hl7.org/fhir/observation-category",
                "code": "vital-signs"
              }
            ]
          }
        ],
        "code": {
          "coding": [
            {
              "system": "http://loinc.org",
              "code": "29463-7",
              "display": "Body Weight"
            }
          ],
          "text": "Body Weight"
        },
        "subject": {
          "reference": "urn:uuid:0656cde8-fee5-47b2-90ec-b528d3fca7be"
        },
        "context": {
          "reference": "urn:uuid:372f5e6f-a464-46f2-9a82-a67cff7f0dd9"
        },
        "effectiveDateTime": "2012-10-28T06:30:40-04:00",
        "issued": "2012-10-28T06:30:40-04:00",
        "valueQuantity": {
          "value": 46.69133753097198,
          "unit": "kg",
          "system": "http://unitsofmeasure.org/",
          "code": "kg"
        },
        "resourceType": "Observation"
      }
    },
    {
      "fullUrl": "urn:uuid:8dd305a6-c2a1-4968-9552-18a718bf30e6",
      "resource": {
        "id": "8dd305a6-c2a1-4968-9552-18a718bf30e6",
        "meta": {
          "profile": [
            "http://standardhealthrecord.org/fhir/StructureDefinition/shr-observation-Observation",
            "http://standardhealthrecord.org/fhir/StructureDefinition/shr-vital-VitalSign",
            "http://standardhealthrecord.org/fhir/StructureDefinition/shr-vital-BodyMassIndex"
          ]
        },
        "status": "final",
        "category": [
          {
            "coding": [
              {
                "system": "http://hl7.org/fhir/observation-category",
                "code": "vital-signs"
              }
            ]
          }
        ],
        "code": {
          "coding": [
            {
              "system": "http://loinc.org",
              "code": "39156-5",
              "display": "Body Mass Index"
            }
          ],
          "text": "Body Mass Index"
        },
        "subject": {
          "reference": "urn:uuid:0656cde8-fee5-47b2-90ec-b528d3fca7be"
        },
        "context": {
          "reference": "urn:uuid:372f5e6f-a464-46f2-9a82-a67cff7f0dd9"
        },
        "effectiveDateTime": "2012-10-28T06:30:40-04:00",
        "issued": "2012-10-28T06:30:40-04:00",
        "valueQuantity": {
          "value": 19.308296100347114,
          "unit": "kg/m2",
          "system": "http://unitsofmeasure.org/",
          "code": "kg/m2"
        },
        "resourceType": "Observation"
      }
    },
    {
      "fullUrl": "urn:uuid:3a5c4884-b54d-4795-aa85-dc2634471753",
      "resource": {
        "id": "3a5c4884-b54d-4795-aa85-dc2634471753",
        "meta": {
          "profile": [
            "http://standardhealthrecord.org/fhir/StructureDefinition/shr-observation-Observation",
            "http://standardhealthrecord.org/fhir/StructureDefinition/shr-vital-BloodPressure"
          ]
        },
        "status": "final",
        "category": [
          {
            "coding": [
              {
                "system": "http://hl7.org/fhir/observation-category",
                "code": "vital-signs"
              }
            ]
          }
        ],
        "code": {
          "coding": [
            {
              "system": "http://loinc.org",
              "code": "55284-4",
              "display": "Blood Pressure"
            }
          ]
        },
        "subject": {
          "reference": "urn:uuid:0656cde8-fee5-47b2-90ec-b528d3fca7be"
        },
        "context": {
          "reference": "urn:uuid:372f5e6f-a464-46f2-9a82-a67cff7f0dd9"
        },
        "effectiveDateTime": "2012-10-28T06:30:40-04:00",
        "issued": "2012-10-28T06:30:40-04:00",
        "component": [
          {
            "code": {
              "coding": [
                {
                  "system": "http://loinc.org",
                  "code": "8480-6",
                  "display": "Systolic Blood Pressure"
                }
              ],
              "text": "Systolic Blood Pressure"
            },
            "valueQuantity": {
              "value": 100,
              "unit": "mmHg",
              "system": "http://unitsofmeasure.org/",
              "code": "mmHg"
            }
          },
          {
            "code": {
              "coding": [
                {
                  "system": "http://loinc.org",
                  "code": "8462-4",
                  "display": "Diastolic Blood Pressure"
                }
              ],
              "text": "Diastolic Blood Pressure"
            },
            "valueQuantity": {
              "value": 73,
              "unit": "mmHg",
              "system": "http://unitsofmeasure.org/",
              "code": "mmHg"
            }
          }
        ],
        "resourceType": "Observation"
      }
    },
    {
      "resource": {
        "meta": {
          "profile": [
            "http://standardhealthrecord.org/fhir/StructureDefinition/shr-immunization-Immunization"
          ]
        },
        "status": "completed",
        "notGiven": false,
        "vaccineCode": {
          "coding": [
            {
              "system": "http://hl7.org/fhir/sid/cvx",
              "code": "140",
              "display": "Influenza, seasonal, injectable, preservative free"
            }
          ],
          "text": "Influenza, seasonal, injectable, preservative free"
        },
        "patient": {
          "reference": "urn:uuid:0656cde8-fee5-47b2-90ec-b528d3fca7be"
        },
        "encounter": {
          "reference": "urn:uuid:372f5e6f-a464-46f2-9a82-a67cff7f0dd9"
        },
        "date": "2012-10-28T06:30:40-04:00",
        "primarySource": true,
        "resourceType": "Immunization"
      }
    },
    {
      "fullUrl": "urn:uuid:dee6c351-15b0-4440-9ea3-7e104bcc77ef",
      "resource": {
        "id": "dee6c351-15b0-4440-9ea3-7e104bcc77ef",
        "meta": {
          "profile": [
            "http://standardhealthrecord.org/fhir/StructureDefinition/shr-encounter-Encounter"
          ]
        },
        "status": "finished",
        "class": {
          "code": "outpatient"
        },
        "type": [
          {
            "coding": [
              {
                "system": "http://snomed.info/sct",
                "code": "170258001"
              }
            ],
            "text": "Outpatient Encounter"
          }
        ],
        "subject": {
          "reference": "urn:uuid:0656cde8-fee5-47b2-90ec-b528d3fca7be"
        },
        "period": {
          "start": "2013-10-10T05:34:09-04:00",
          "end": "2013-10-10T06:34:09-04:00"
        },
        "serviceProvider": {
          "reference": "urn:uuid:366deb77-2783-4cbf-a311-55f30797016f"
        },
        "resourceType": "Encounter"
      }
    },
    {
      "fullUrl": "urn:uuid:3b1c5d97-8572-4060-a5a3-ed2d2a17ec8f",
      "resource": {
        "id": "3b1c5d97-8572-4060-a5a3-ed2d2a17ec8f",
        "meta": {
          "profile": [
            "http://standardhealthrecord.org/fhir/StructureDefinition/shr-observation-Observation",
            "http://standardhealthrecord.org/fhir/StructureDefinition/shr-vital-VitalSign",
            "http://standardhealthrecord.org/fhir/StructureDefinition/shr-vital-BodyHeight"
          ]
        },
        "status": "final",
        "category": [
          {
            "coding": [
              {
                "system": "http://hl7.org/fhir/observation-category",
                "code": "vital-signs"
              }
            ]
          }
        ],
        "code": {
          "coding": [
            {
              "system": "http://loinc.org",
              "code": "8302-2",
              "display": "Body Height"
            }
          ],
          "text": "Body Height"
        },
        "subject": {
          "reference": "urn:uuid:0656cde8-fee5-47b2-90ec-b528d3fca7be"
        },
        "context": {
          "reference": "urn:uuid:dee6c351-15b0-4440-9ea3-7e104bcc77ef"
        },
        "effectiveDateTime": "2013-10-10T05:34:09-04:00",
        "issued": "2013-10-10T05:34:09-04:00",
        "valueQuantity": {
          "value": 156.4419384272316,
          "unit": "cm",
          "system": "http://unitsofmeasure.org/",
          "code": "cm"
        },
        "resourceType": "Observation"
      }
    },
    {
      "fullUrl": "urn:uuid:379ad02f-fadb-4f27-a3e4-2ea983aea2a6",
      "resource": {
        "id": "379ad02f-fadb-4f27-a3e4-2ea983aea2a6",
        "meta": {
          "profile": [
            "http://standardhealthrecord.org/fhir/StructureDefinition/shr-observation-Observation",
            "http://standardhealthrecord.org/fhir/StructureDefinition/shr-vital-VitalSign",
            "http://standardhealthrecord.org/fhir/StructureDefinition/shr-vital-BodyWeight"
          ]
        },
        "status": "final",
        "category": [
          {
            "coding": [
              {
                "system": "http://hl7.org/fhir/observation-category",
                "code": "vital-signs"
              }
            ]
          }
        ],
        "code": {
          "coding": [
            {
              "system": "http://loinc.org",
              "code": "29463-7",
              "display": "Body Weight"
            }
          ],
          "text": "Body Weight"
        },
        "subject": {
          "reference": "urn:uuid:0656cde8-fee5-47b2-90ec-b528d3fca7be"
        },
        "context": {
          "reference": "urn:uuid:dee6c351-15b0-4440-9ea3-7e104bcc77ef"
        },
        "effectiveDateTime": "2013-10-10T05:34:09-04:00",
        "issued": "2013-10-10T05:34:09-04:00",
        "valueQuantity": {
          "value": 48.9336093377837,
          "unit": "kg",
          "system": "http://unitsofmeasure.org/",
          "code": "kg"
        },
        "resourceType": "Observation"
      }
    },
    {
      "fullUrl": "urn:uuid:831f5295-0b4b-48a5-bd14-b03a45ed9d8c",
      "resource": {
        "id": "831f5295-0b4b-48a5-bd14-b03a45ed9d8c",
        "meta": {
          "profile": [
            "http://standardhealthrecord.org/fhir/StructureDefinition/shr-observation-Observation",
            "http://standardhealthrecord.org/fhir/StructureDefinition/shr-vital-VitalSign",
            "http://standardhealthrecord.org/fhir/StructureDefinition/shr-vital-BodyMassIndex"
          ]
        },
        "status": "final",
        "category": [
          {
            "coding": [
              {
                "system": "http://hl7.org/fhir/observation-category",
                "code": "vital-signs"
              }
            ]
          }
        ],
        "code": {
          "coding": [
            {
              "system": "http://loinc.org",
              "code": "39156-5",
              "display": "Body Mass Index"
            }
          ],
          "text": "Body Mass Index"
        },
        "subject": {
          "reference": "urn:uuid:0656cde8-fee5-47b2-90ec-b528d3fca7be"
        },
        "context": {
          "reference": "urn:uuid:dee6c351-15b0-4440-9ea3-7e104bcc77ef"
        },
        "effectiveDateTime": "2013-10-10T05:34:09-04:00",
        "issued": "2013-10-10T05:34:09-04:00",
        "valueQuantity": {
          "value": 19.99405458350346,
          "unit": "kg/m2",
          "system": "http://unitsofmeasure.org/",
          "code": "kg/m2"
        },
        "resourceType": "Observation"
      }
    },
    {
      "fullUrl": "urn:uuid:648c775e-641a-486e-b762-2ae3e460cdec",
      "resource": {
        "id": "648c775e-641a-486e-b762-2ae3e460cdec",
        "meta": {
          "profile": [
            "http://standardhealthrecord.org/fhir/StructureDefinition/shr-observation-Observation",
            "http://standardhealthrecord.org/fhir/StructureDefinition/shr-vital-BloodPressure"
          ]
        },
        "status": "final",
        "category": [
          {
            "coding": [
              {
                "system": "http://hl7.org/fhir/observation-category",
                "code": "vital-signs"
              }
            ]
          }
        ],
        "code": {
          "coding": [
            {
              "system": "http://loinc.org",
              "code": "55284-4",
              "display": "Blood Pressure"
            }
          ]
        },
        "subject": {
          "reference": "urn:uuid:0656cde8-fee5-47b2-90ec-b528d3fca7be"
        },
        "context": {
          "reference": "urn:uuid:dee6c351-15b0-4440-9ea3-7e104bcc77ef"
        },
        "effectiveDateTime": "2013-10-10T05:34:09-04:00",
        "issued": "2013-10-10T05:34:09-04:00",
        "component": [
          {
            "code": {
              "coding": [
                {
                  "system": "http://loinc.org",
                  "code": "8480-6",
                  "display": "Systolic Blood Pressure"
                }
              ],
              "text": "Systolic Blood Pressure"
            },
            "valueQuantity": {
              "value": 108,
              "unit": "mmHg",
              "system": "http://unitsofmeasure.org/",
              "code": "mmHg"
            }
          },
          {
            "code": {
              "coding": [
                {
                  "system": "http://loinc.org",
                  "code": "8462-4",
                  "display": "Diastolic Blood Pressure"
                }
              ],
              "text": "Diastolic Blood Pressure"
            },
            "valueQuantity": {
              "value": 74,
              "unit": "mmHg",
              "system": "http://unitsofmeasure.org/",
              "code": "mmHg"
            }
          }
        ],
        "resourceType": "Observation"
      }
    },
    {
      "resource": {
        "meta": {
          "profile": [
            "http://standardhealthrecord.org/fhir/StructureDefinition/shr-procedure-Procedure"
          ]
        },
        "extension": [
          {
            "url": "http://standardhealthrecord.org/fhir/StructureDefinition/shr-core-CodeableConcept-extension",
            "valueCodeableConcept": {
              "coding": [
                {
                  "system": "http://snomed.info/sct",
                  "code": "428191000124101",
                  "display": "Documentation of current medications"
                }
              ],
              "text": "Documentation of current medications"
            }
          }
        ],
        "status": "completed",
        "code": {
          "coding": [
            {
              "system": "http://snomed.info/sct",
              "code": "428191000124101",
              "display": "Documentation of current medications"
            }
          ],
          "text": "Documentation of current medications"
        },
        "subject": {
          "reference": "urn:uuid:0656cde8-fee5-47b2-90ec-b528d3fca7be"
        },
        "context": {
          "reference": "urn:uuid:dee6c351-15b0-4440-9ea3-7e104bcc77ef"
        },
        "performedDateTime": "2013-10-10T05:34:09-04:00",
        "resourceType": "Procedure"
      }
    },
    {
      "resource": {
        "meta": {
          "profile": [
            "http://standardhealthrecord.org/fhir/StructureDefinition/shr-immunization-Immunization"
          ]
        },
        "status": "completed",
        "notGiven": false,
        "vaccineCode": {
          "coding": [
            {
              "system": "http://hl7.org/fhir/sid/cvx",
              "code": "140",
              "display": "Influenza, seasonal, injectable, preservative free"
            }
          ],
          "text": "Influenza, seasonal, injectable, preservative free"
        },
        "patient": {
          "reference": "urn:uuid:0656cde8-fee5-47b2-90ec-b528d3fca7be"
        },
        "encounter": {
          "reference": "urn:uuid:dee6c351-15b0-4440-9ea3-7e104bcc77ef"
        },
        "date": "2013-10-10T05:34:09-04:00",
        "primarySource": true,
        "resourceType": "Immunization"
      }
    },
    {
      "fullUrl": "urn:uuid:32098bc7-4b85-424f-adef-71ebf928ca88",
      "resource": {
        "id": "32098bc7-4b85-424f-adef-71ebf928ca88",
        "meta": {
          "profile": [
            "http://standardhealthrecord.org/fhir/StructureDefinition/shr-encounter-Encounter"
          ]
        },
        "status": "finished",
        "class": {
          "code": "outpatient"
        },
        "type": [
          {
            "coding": [
              {
                "system": "http://snomed.info/sct",
                "code": "170258001"
              }
            ],
            "text": "Outpatient Encounter"
          }
        ],
        "subject": {
          "reference": "urn:uuid:0656cde8-fee5-47b2-90ec-b528d3fca7be"
        },
        "period": {
          "start": "2014-11-15T12:11:57-05:00",
          "end": "2014-11-15T13:11:57-05:00"
        },
        "serviceProvider": {
          "reference": "urn:uuid:366deb77-2783-4cbf-a311-55f30797016f"
        },
        "resourceType": "Encounter"
      }
    },
    {
      "fullUrl": "urn:uuid:628a768d-3379-4a04-927a-2859a01cfa61",
      "resource": {
        "id": "628a768d-3379-4a04-927a-2859a01cfa61",
        "meta": {
          "profile": [
            "http://standardhealthrecord.org/fhir/StructureDefinition/shr-observation-Observation",
            "http://standardhealthrecord.org/fhir/StructureDefinition/shr-vital-VitalSign",
            "http://standardhealthrecord.org/fhir/StructureDefinition/shr-vital-BodyHeight"
          ]
        },
        "status": "final",
        "category": [
          {
            "coding": [
              {
                "system": "http://hl7.org/fhir/observation-category",
                "code": "vital-signs"
              }
            ]
          }
        ],
        "code": {
          "coding": [
            {
              "system": "http://loinc.org",
              "code": "8302-2",
              "display": "Body Height"
            }
          ],
          "text": "Body Height"
        },
        "subject": {
          "reference": "urn:uuid:0656cde8-fee5-47b2-90ec-b528d3fca7be"
        },
        "context": {
          "reference": "urn:uuid:32098bc7-4b85-424f-adef-71ebf928ca88"
        },
        "effectiveDateTime": "2014-11-15T12:11:57-05:00",
        "issued": "2014-11-15T12:11:57-05:00",
        "valueQuantity": {
          "value": 156.9216797016374,
          "unit": "cm",
          "system": "http://unitsofmeasure.org/",
          "code": "cm"
        },
        "resourceType": "Observation"
      }
    },
    {
      "fullUrl": "urn:uuid:e520490d-e198-4c89-a06b-6bde7f5aa4ff",
      "resource": {
        "id": "e520490d-e198-4c89-a06b-6bde7f5aa4ff",
        "meta": {
          "profile": [
            "http://standardhealthrecord.org/fhir/StructureDefinition/shr-observation-Observation",
            "http://standardhealthrecord.org/fhir/StructureDefinition/shr-vital-VitalSign",
            "http://standardhealthrecord.org/fhir/StructureDefinition/shr-vital-BodyWeight"
          ]
        },
        "status": "final",
        "category": [
          {
            "coding": [
              {
                "system": "http://hl7.org/fhir/observation-category",
                "code": "vital-signs"
              }
            ]
          }
        ],
        "code": {
          "coding": [
            {
              "system": "http://loinc.org",
              "code": "29463-7",
              "display": "Body Weight"
            }
          ],
          "text": "Body Weight"
        },
        "subject": {
          "reference": "urn:uuid:0656cde8-fee5-47b2-90ec-b528d3fca7be"
        },
        "context": {
          "reference": "urn:uuid:32098bc7-4b85-424f-adef-71ebf928ca88"
        },
        "effectiveDateTime": "2014-11-15T12:11:57-05:00",
        "issued": "2014-11-15T12:11:57-05:00",
        "valueQuantity": {
          "value": 50.5795820105113,
          "unit": "kg",
          "system": "http://unitsofmeasure.org/",
          "code": "kg"
        },
        "resourceType": "Observation"
      }
    },
    {
      "fullUrl": "urn:uuid:1dd00273-96d7-4e86-8115-bedadc11255c",
      "resource": {
        "id": "1dd00273-96d7-4e86-8115-bedadc11255c",
        "meta": {
          "profile": [
            "http://standardhealthrecord.org/fhir/StructureDefinition/shr-observation-Observation",
            "http://standardhealthrecord.org/fhir/StructureDefinition/shr-vital-VitalSign",
            "http://standardhealthrecord.org/fhir/StructureDefinition/shr-vital-BodyMassIndex"
          ]
        },
        "status": "final",
        "category": [
          {
            "coding": [
              {
                "system": "http://hl7.org/fhir/observation-category",
                "code": "vital-signs"
              }
            ]
          }
        ],
        "code": {
          "coding": [
            {
              "system": "http://loinc.org",
              "code": "39156-5",
              "display": "Body Mass Index"
            }
          ],
          "text": "Body Mass Index"
        },
        "subject": {
          "reference": "urn:uuid:0656cde8-fee5-47b2-90ec-b528d3fca7be"
        },
        "context": {
          "reference": "urn:uuid:32098bc7-4b85-424f-adef-71ebf928ca88"
        },
        "effectiveDateTime": "2014-11-15T12:11:57-05:00",
        "issued": "2014-11-15T12:11:57-05:00",
        "valueQuantity": {
          "value": 20.540420947074132,
          "unit": "kg/m2",
          "system": "http://unitsofmeasure.org/",
          "code": "kg/m2"
        },
        "resourceType": "Observation"
      }
    },
    {
      "fullUrl": "urn:uuid:183833d3-43a1-46de-8ecc-d882b0cf6744",
      "resource": {
        "id": "183833d3-43a1-46de-8ecc-d882b0cf6744",
        "meta": {
          "profile": [
            "http://standardhealthrecord.org/fhir/StructureDefinition/shr-observation-Observation",
            "http://standardhealthrecord.org/fhir/StructureDefinition/shr-vital-BloodPressure"
          ]
        },
        "status": "final",
        "category": [
          {
            "coding": [
              {
                "system": "http://hl7.org/fhir/observation-category",
                "code": "vital-signs"
              }
            ]
          }
        ],
        "code": {
          "coding": [
            {
              "system": "http://loinc.org",
              "code": "55284-4",
              "display": "Blood Pressure"
            }
          ]
        },
        "subject": {
          "reference": "urn:uuid:0656cde8-fee5-47b2-90ec-b528d3fca7be"
        },
        "context": {
          "reference": "urn:uuid:32098bc7-4b85-424f-adef-71ebf928ca88"
        },
        "effectiveDateTime": "2014-11-15T12:11:57-05:00",
        "issued": "2014-11-15T12:11:57-05:00",
        "component": [
          {
            "code": {
              "coding": [
                {
                  "system": "http://loinc.org",
                  "code": "8480-6",
                  "display": "Systolic Blood Pressure"
                }
              ],
              "text": "Systolic Blood Pressure"
            },
            "valueQuantity": {
              "value": 124,
              "unit": "mmHg",
              "system": "http://unitsofmeasure.org/",
              "code": "mmHg"
            }
          },
          {
            "code": {
              "coding": [
                {
                  "system": "http://loinc.org",
                  "code": "8462-4",
                  "display": "Diastolic Blood Pressure"
                }
              ],
              "text": "Diastolic Blood Pressure"
            },
            "valueQuantity": {
              "value": 78,
              "unit": "mmHg",
              "system": "http://unitsofmeasure.org/",
              "code": "mmHg"
            }
          }
        ],
        "resourceType": "Observation"
      }
    },
    {
      "resource": {
        "meta": {
          "profile": [
            "http://standardhealthrecord.org/fhir/StructureDefinition/shr-immunization-Immunization"
          ]
        },
        "status": "completed",
        "notGiven": false,
        "vaccineCode": {
          "coding": [
            {
              "system": "http://hl7.org/fhir/sid/cvx",
              "code": "140",
              "display": "Influenza, seasonal, injectable, preservative free"
            }
          ],
          "text": "Influenza, seasonal, injectable, preservative free"
        },
        "patient": {
          "reference": "urn:uuid:0656cde8-fee5-47b2-90ec-b528d3fca7be"
        },
        "encounter": {
          "reference": "urn:uuid:32098bc7-4b85-424f-adef-71ebf928ca88"
        },
        "date": "2014-11-15T12:11:57-05:00",
        "primarySource": true,
        "resourceType": "Immunization"
      }
    },
    {
      "resource": {
        "meta": {
          "profile": [
            "http://standardhealthrecord.org/fhir/StructureDefinition/shr-immunization-Immunization"
          ]
        },
        "status": "completed",
        "notGiven": false,
        "vaccineCode": {
          "coding": [
            {
              "system": "http://hl7.org/fhir/sid/cvx",
              "code": "114",
              "display": "meningococcal MCV4P"
            }
          ],
          "text": "meningococcal MCV4P"
        },
        "patient": {
          "reference": "urn:uuid:0656cde8-fee5-47b2-90ec-b528d3fca7be"
        },
        "encounter": {
          "reference": "urn:uuid:32098bc7-4b85-424f-adef-71ebf928ca88"
        },
        "date": "2014-11-15T12:11:57-05:00",
        "primarySource": true,
        "resourceType": "Immunization"
      }
    },
    {
      "fullUrl": "urn:uuid:27871532-3dd7-43d0-be0f-2564e641975b",
      "resource": {
        "id": "27871532-3dd7-43d0-be0f-2564e641975b",
        "meta": {
          "profile": [
            "http://standardhealthrecord.org/fhir/StructureDefinition/shr-encounter-Encounter"
          ]
        },
        "status": "finished",
        "class": {
          "code": "outpatient"
        },
        "type": [
          {
            "coding": [
              {
                "system": "http://snomed.info/sct",
                "code": "170258001"
              }
            ],
            "text": "Outpatient Encounter"
          }
        ],
        "subject": {
          "reference": "urn:uuid:0656cde8-fee5-47b2-90ec-b528d3fca7be"
        },
        "period": {
          "start": "2015-10-05T23:04:51-04:00",
          "end": "2015-10-06T00:04:51-04:00"
        },
        "serviceProvider": {
          "reference": "urn:uuid:366deb77-2783-4cbf-a311-55f30797016f"
        },
        "resourceType": "Encounter"
      }
    },
    {
      "fullUrl": "urn:uuid:7fd9b213-e44c-4063-a879-d8da82d21929",
      "resource": {
        "id": "7fd9b213-e44c-4063-a879-d8da82d21929",
        "meta": {
          "profile": [
            "http://standardhealthrecord.org/fhir/StructureDefinition/shr-observation-Observation",
            "http://standardhealthrecord.org/fhir/StructureDefinition/shr-vital-VitalSign",
            "http://standardhealthrecord.org/fhir/StructureDefinition/shr-vital-BodyHeight"
          ]
        },
        "status": "final",
        "category": [
          {
            "coding": [
              {
                "system": "http://hl7.org/fhir/observation-category",
                "code": "vital-signs"
              }
            ]
          }
        ],
        "code": {
          "coding": [
            {
              "system": "http://loinc.org",
              "code": "8302-2",
              "display": "Body Height"
            }
          ],
          "text": "Body Height"
        },
        "subject": {
          "reference": "urn:uuid:0656cde8-fee5-47b2-90ec-b528d3fca7be"
        },
        "context": {
          "reference": "urn:uuid:27871532-3dd7-43d0-be0f-2564e641975b"
        },
        "effectiveDateTime": "2015-10-05T23:04:51-04:00",
        "issued": "2015-10-05T23:04:51-04:00",
        "valueQuantity": {
          "value": 157.1451867392187,
          "unit": "cm",
          "system": "http://unitsofmeasure.org/",
          "code": "cm"
        },
        "resourceType": "Observation"
      }
    },
    {
      "fullUrl": "urn:uuid:0dd376da-614c-40c4-87bd-068abefe00b3",
      "resource": {
        "id": "0dd376da-614c-40c4-87bd-068abefe00b3",
        "meta": {
          "profile": [
            "http://standardhealthrecord.org/fhir/StructureDefinition/shr-observation-Observation",
            "http://standardhealthrecord.org/fhir/StructureDefinition/shr-vital-VitalSign",
            "http://standardhealthrecord.org/fhir/StructureDefinition/shr-vital-BodyWeight"
          ]
        },
        "status": "final",
        "category": [
          {
            "coding": [
              {
                "system": "http://hl7.org/fhir/observation-category",
                "code": "vital-signs"
              }
            ]
          }
        ],
        "code": {
          "coding": [
            {
              "system": "http://loinc.org",
              "code": "29463-7",
              "display": "Body Weight"
            }
          ],
          "text": "Body Weight"
        },
        "subject": {
          "reference": "urn:uuid:0656cde8-fee5-47b2-90ec-b528d3fca7be"
        },
        "context": {
          "reference": "urn:uuid:27871532-3dd7-43d0-be0f-2564e641975b"
        },
        "effectiveDateTime": "2015-10-05T23:04:51-04:00",
        "issued": "2015-10-05T23:04:51-04:00",
        "valueQuantity": {
          "value": 51.569242870127844,
          "unit": "kg",
          "system": "http://unitsofmeasure.org/",
          "code": "kg"
        },
        "resourceType": "Observation"
      }
    },
    {
      "fullUrl": "urn:uuid:164220ae-23c5-4374-a8b1-dc2331483b0d",
      "resource": {
        "id": "164220ae-23c5-4374-a8b1-dc2331483b0d",
        "meta": {
          "profile": [
            "http://standardhealthrecord.org/fhir/StructureDefinition/shr-observation-Observation",
            "http://standardhealthrecord.org/fhir/StructureDefinition/shr-vital-VitalSign",
            "http://standardhealthrecord.org/fhir/StructureDefinition/shr-vital-BodyMassIndex"
          ]
        },
        "status": "final",
        "category": [
          {
            "coding": [
              {
                "system": "http://hl7.org/fhir/observation-category",
                "code": "vital-signs"
              }
            ]
          }
        ],
        "code": {
          "coding": [
            {
              "system": "http://loinc.org",
              "code": "39156-5",
              "display": "Body Mass Index"
            }
          ],
          "text": "Body Mass Index"
        },
        "subject": {
          "reference": "urn:uuid:0656cde8-fee5-47b2-90ec-b528d3fca7be"
        },
        "context": {
          "reference": "urn:uuid:27871532-3dd7-43d0-be0f-2564e641975b"
        },
        "effectiveDateTime": "2015-10-05T23:04:51-04:00",
        "issued": "2015-10-05T23:04:51-04:00",
        "valueQuantity": {
          "value": 20.882793234901374,
          "unit": "kg/m2",
          "system": "http://unitsofmeasure.org/",
          "code": "kg/m2"
        },
        "resourceType": "Observation"
      }
    },
    {
      "fullUrl": "urn:uuid:44897a07-cfae-4821-ab5b-e324b0b6a570",
      "resource": {
        "id": "44897a07-cfae-4821-ab5b-e324b0b6a570",
        "meta": {
          "profile": [
            "http://standardhealthrecord.org/fhir/StructureDefinition/shr-observation-Observation",
            "http://standardhealthrecord.org/fhir/StructureDefinition/shr-vital-BloodPressure"
          ]
        },
        "status": "final",
        "category": [
          {
            "coding": [
              {
                "system": "http://hl7.org/fhir/observation-category",
                "code": "vital-signs"
              }
            ]
          }
        ],
        "code": {
          "coding": [
            {
              "system": "http://loinc.org",
              "code": "55284-4",
              "display": "Blood Pressure"
            }
          ]
        },
        "subject": {
          "reference": "urn:uuid:0656cde8-fee5-47b2-90ec-b528d3fca7be"
        },
        "context": {
          "reference": "urn:uuid:27871532-3dd7-43d0-be0f-2564e641975b"
        },
        "effectiveDateTime": "2015-10-05T23:04:51-04:00",
        "issued": "2015-10-05T23:04:51-04:00",
        "component": [
          {
            "code": {
              "coding": [
                {
                  "system": "http://loinc.org",
                  "code": "8480-6",
                  "display": "Systolic Blood Pressure"
                }
              ],
              "text": "Systolic Blood Pressure"
            },
            "valueQuantity": {
              "value": 102,
              "unit": "mmHg",
              "system": "http://unitsofmeasure.org/",
              "code": "mmHg"
            }
          },
          {
            "code": {
              "coding": [
                {
                  "system": "http://loinc.org",
                  "code": "8462-4",
                  "display": "Diastolic Blood Pressure"
                }
              ],
              "text": "Diastolic Blood Pressure"
            },
            "valueQuantity": {
              "value": 79,
              "unit": "mmHg",
              "system": "http://unitsofmeasure.org/",
              "code": "mmHg"
            }
          }
        ],
        "resourceType": "Observation"
      }
    },
    {
      "resource": {
        "meta": {
          "profile": [
            "http://standardhealthrecord.org/fhir/StructureDefinition/shr-procedure-Procedure"
          ]
        },
        "extension": [
          {
            "url": "http://standardhealthrecord.org/fhir/StructureDefinition/shr-core-CodeableConcept-extension",
            "valueCodeableConcept": {
              "coding": [
                {
                  "system": "http://snomed.info/sct",
                  "code": "428191000124101",
                  "display": "Documentation of current medications"
                }
              ],
              "text": "Documentation of current medications"
            }
          }
        ],
        "status": "completed",
        "code": {
          "coding": [
            {
              "system": "http://snomed.info/sct",
              "code": "428191000124101",
              "display": "Documentation of current medications"
            }
          ],
          "text": "Documentation of current medications"
        },
        "subject": {
          "reference": "urn:uuid:0656cde8-fee5-47b2-90ec-b528d3fca7be"
        },
        "context": {
          "reference": "urn:uuid:27871532-3dd7-43d0-be0f-2564e641975b"
        },
        "performedDateTime": "2015-10-05T23:04:51-04:00",
        "resourceType": "Procedure"
      }
    },
    {
      "resource": {
        "meta": {
          "profile": [
            "http://standardhealthrecord.org/fhir/StructureDefinition/shr-immunization-Immunization"
          ]
        },
        "status": "completed",
        "notGiven": false,
        "vaccineCode": {
          "coding": [
            {
              "system": "http://hl7.org/fhir/sid/cvx",
              "code": "140",
              "display": "Influenza, seasonal, injectable, preservative free"
            }
          ],
          "text": "Influenza, seasonal, injectable, preservative free"
        },
        "patient": {
          "reference": "urn:uuid:0656cde8-fee5-47b2-90ec-b528d3fca7be"
        },
        "encounter": {
          "reference": "urn:uuid:27871532-3dd7-43d0-be0f-2564e641975b"
        },
        "date": "2015-10-05T23:04:51-04:00",
        "primarySource": true,
        "resourceType": "Immunization"
      }
    },
    {
      "fullUrl": "urn:uuid:dd2a1657-e7d1-4841-b495-85947b9d7cd6",
      "resource": {
        "id": "dd2a1657-e7d1-4841-b495-85947b9d7cd6",
        "meta": {
          "profile": [
            "http://standardhealthrecord.org/fhir/StructureDefinition/shr-encounter-Encounter"
          ]
        },
        "status": "finished",
        "class": {
          "code": "outpatient"
        },
        "type": [
          {
            "coding": [
              {
                "system": "http://snomed.info/sct",
                "code": "185349003"
              }
            ],
            "text": "Outpatient Encounter"
          }
        ],
        "subject": {
          "reference": "urn:uuid:0656cde8-fee5-47b2-90ec-b528d3fca7be"
        },
        "period": {
          "start": "2016-09-05T02:33:53-04:00",
          "end": "2016-09-05T03:33:53-04:00"
        },
        "serviceProvider": {
          "reference": "urn:uuid:366deb77-2783-4cbf-a311-55f30797016f"
        },
        "resourceType": "Encounter"
      }
    },
    {
      "fullUrl": "urn:uuid:2f344c70-82da-463f-b794-e3c29729784d",
      "resource": {
        "id": "2f344c70-82da-463f-b794-e3c29729784d",
        "meta": {
          "profile": [
            "http://standardhealthrecord.org/fhir/StructureDefinition/shr-problem-Problem"
          ]
        },
        "clinicalStatus": "active",
        "verificationStatus": "confirmed",
        "code": {
          "coding": [
            {
              "system": "http://snomed.info/sct",
              "code": "38341003",
              "display": "Hypertension"
            }
          ],
          "text": "Hypertension"
        },
        "subject": {
          "reference": "urn:uuid:0656cde8-fee5-47b2-90ec-b528d3fca7be"
        },
        "context": {
          "reference": "urn:uuid:dd2a1657-e7d1-4841-b495-85947b9d7cd6"
        },
        "onsetDateTime": "2016-09-05T02:33:53-04:00",
        "assertedDate": "2016-09-05",
        "resourceType": "Condition"
      }
    },
    {
      "fullUrl": "urn:uuid:9209ac72-2947-47af-a9e2-23970871ebdb",
      "resource": {
        "id": "9209ac72-2947-47af-a9e2-23970871ebdb",
        "meta": {
          "profile": [
            "http://standardhealthrecord.org/fhir/StructureDefinition/shr-observation-Observation",
            "http://standardhealthrecord.org/fhir/StructureDefinition/shr-vital-VitalSign",
            "http://standardhealthrecord.org/fhir/StructureDefinition/shr-vital-BodyHeight"
          ]
        },
        "status": "final",
        "category": [
          {
            "coding": [
              {
                "system": "http://hl7.org/fhir/observation-category",
                "code": "vital-signs"
              }
            ]
          }
        ],
        "code": {
          "coding": [
            {
              "system": "http://loinc.org",
              "code": "8302-2",
              "display": "Body Height"
            }
          ],
          "text": "Body Height"
        },
        "subject": {
          "reference": "urn:uuid:0656cde8-fee5-47b2-90ec-b528d3fca7be"
        },
        "context": {
          "reference": "urn:uuid:dd2a1657-e7d1-4841-b495-85947b9d7cd6"
        },
        "effectiveDateTime": "2016-09-05T02:33:53-04:00",
        "issued": "2016-09-05T02:33:53-04:00",
        "valueQuantity": {
          "value": 157.2859661921734,
          "unit": "cm",
          "system": "http://unitsofmeasure.org/",
          "code": "cm"
        },
        "resourceType": "Observation"
      }
    },
    {
      "fullUrl": "urn:uuid:e45055af-c192-472a-888b-5f2470ba47d6",
      "resource": {
        "id": "e45055af-c192-472a-888b-5f2470ba47d6",
        "meta": {
          "profile": [
            "http://standardhealthrecord.org/fhir/StructureDefinition/shr-observation-Observation",
            "http://standardhealthrecord.org/fhir/StructureDefinition/shr-vital-VitalSign",
            "http://standardhealthrecord.org/fhir/StructureDefinition/shr-vital-BodyWeight"
          ]
        },
        "status": "final",
        "category": [
          {
            "coding": [
              {
                "system": "http://hl7.org/fhir/observation-category",
                "code": "vital-signs"
              }
            ]
          }
        ],
        "code": {
          "coding": [
            {
              "system": "http://loinc.org",
              "code": "29463-7",
              "display": "Body Weight"
            }
          ],
          "text": "Body Weight"
        },
        "subject": {
          "reference": "urn:uuid:0656cde8-fee5-47b2-90ec-b528d3fca7be"
        },
        "context": {
          "reference": "urn:uuid:dd2a1657-e7d1-4841-b495-85947b9d7cd6"
        },
        "effectiveDateTime": "2016-09-05T02:33:53-04:00",
        "issued": "2016-09-05T02:33:53-04:00",
        "valueQuantity": {
          "value": 52.443818656329015,
          "unit": "kg",
          "system": "http://unitsofmeasure.org/",
          "code": "kg"
        },
        "resourceType": "Observation"
      }
    },
    {
      "fullUrl": "urn:uuid:688bbd82-848a-4dcb-8f5a-b1a579938e58",
      "resource": {
        "id": "688bbd82-848a-4dcb-8f5a-b1a579938e58",
        "meta": {
          "profile": [
            "http://standardhealthrecord.org/fhir/StructureDefinition/shr-observation-Observation",
            "http://standardhealthrecord.org/fhir/StructureDefinition/shr-vital-VitalSign",
            "http://standardhealthrecord.org/fhir/StructureDefinition/shr-vital-BodyMassIndex"
          ]
        },
        "status": "final",
        "category": [
          {
            "coding": [
              {
                "system": "http://hl7.org/fhir/observation-category",
                "code": "vital-signs"
              }
            ]
          }
        ],
        "code": {
          "coding": [
            {
              "system": "http://loinc.org",
              "code": "39156-5",
              "display": "Body Mass Index"
            }
          ],
          "text": "Body Mass Index"
        },
        "subject": {
          "reference": "urn:uuid:0656cde8-fee5-47b2-90ec-b528d3fca7be"
        },
        "context": {
          "reference": "urn:uuid:dd2a1657-e7d1-4841-b495-85947b9d7cd6"
        },
        "effectiveDateTime": "2016-09-05T02:33:53-04:00",
        "issued": "2016-09-05T02:33:53-04:00",
        "valueQuantity": {
          "value": 21.198950362542448,
          "unit": "kg/m2",
          "system": "http://unitsofmeasure.org/",
          "code": "kg/m2"
        },
        "resourceType": "Observation"
      }
    },
    {
      "fullUrl": "urn:uuid:31ea713f-e280-47c6-a47d-1ffc957de6bc",
      "resource": {
        "id": "31ea713f-e280-47c6-a47d-1ffc957de6bc",
        "meta": {
          "profile": [
            "http://standardhealthrecord.org/fhir/StructureDefinition/shr-observation-Observation",
            "http://standardhealthrecord.org/fhir/StructureDefinition/shr-vital-BloodPressure"
          ]
        },
        "status": "final",
        "category": [
          {
            "coding": [
              {
                "system": "http://hl7.org/fhir/observation-category",
                "code": "vital-signs"
              }
            ]
          }
        ],
        "code": {
          "coding": [
            {
              "system": "http://loinc.org",
              "code": "55284-4",
              "display": "Blood Pressure"
            }
          ]
        },
        "subject": {
          "reference": "urn:uuid:0656cde8-fee5-47b2-90ec-b528d3fca7be"
        },
        "context": {
          "reference": "urn:uuid:dd2a1657-e7d1-4841-b495-85947b9d7cd6"
        },
        "effectiveDateTime": "2016-09-05T02:33:53-04:00",
        "issued": "2016-09-05T02:33:53-04:00",
        "component": [
          {
            "code": {
              "coding": [
                {
                  "system": "http://loinc.org",
                  "code": "8480-6",
                  "display": "Systolic Blood Pressure"
                }
              ],
              "text": "Systolic Blood Pressure"
            },
            "valueQuantity": {
              "value": 157,
              "unit": "mmHg",
              "system": "http://unitsofmeasure.org/",
              "code": "mmHg"
            }
          },
          {
            "code": {
              "coding": [
                {
                  "system": "http://loinc.org",
                  "code": "8462-4",
                  "display": "Diastolic Blood Pressure"
                }
              ],
              "text": "Diastolic Blood Pressure"
            },
            "valueQuantity": {
              "value": 91,
              "unit": "mmHg",
              "system": "http://unitsofmeasure.org/",
              "code": "mmHg"
            }
          }
        ],
        "resourceType": "Observation"
      }
    },
    {
      "fullUrl": "urn:uuid:811a79dd-d66f-4d79-b260-b324ed811898",
      "resource": {
        "id": "811a79dd-d66f-4d79-b260-b324ed811898",
        "meta": {
          "profile": [
            "http://standardhealthrecord.org/fhir/StructureDefinition/shr-observation-Observation"
          ]
        },
        "status": "final",
        "category": [
          {
            "coding": [
              {
                "system": "http://hl7.org/fhir/observation-category",
                "code": "laboratory"
              }
            ]
          }
        ],
        "code": {
          "coding": [
            {
              "system": "http://loinc.org",
              "code": "33914-3",
              "display": "Estimated Glomerular Filtration Rate"
            }
          ],
          "text": "Estimated Glomerular Filtration Rate"
        },
        "subject": {
          "reference": "urn:uuid:0656cde8-fee5-47b2-90ec-b528d3fca7be"
        },
        "context": {
          "reference": "urn:uuid:dd2a1657-e7d1-4841-b495-85947b9d7cd6"
        },
        "effectiveDateTime": "2016-09-05T02:33:53-04:00",
        "issued": "2016-09-05T02:33:53-04:00",
        "valueQuantity": {
          "value": 60,
          "unit": "mL/min/{1.73_m2}",
          "system": "http://unitsofmeasure.org/",
          "code": "mL/min/{1.73_m2}"
        },
        "resourceType": "Observation"
      }
    },
    {
      "resource": {
        "meta": {
          "profile": [
            "http://standardhealthrecord.org/fhir/StructureDefinition/shr-procedure-Procedure"
          ]
        },
        "extension": [
          {
            "url": "http://standardhealthrecord.org/fhir/StructureDefinition/shr-core-CodeableConcept-extension",
            "valueCodeableConcept": {
              "coding": [
                {
                  "system": "http://snomed.info/sct",
                  "code": "428191000124101",
                  "display": "Documentation of current medications"
                }
              ],
              "text": "Documentation of current medications"
            }
          }
        ],
        "status": "completed",
        "code": {
          "coding": [
            {
              "system": "http://snomed.info/sct",
              "code": "428191000124101",
              "display": "Documentation of current medications"
            }
          ],
          "text": "Documentation of current medications"
        },
        "subject": {
          "reference": "urn:uuid:0656cde8-fee5-47b2-90ec-b528d3fca7be"
        },
        "context": {
          "reference": "urn:uuid:dd2a1657-e7d1-4841-b495-85947b9d7cd6"
        },
        "performedDateTime": "2016-09-05T02:33:53-04:00",
        "resourceType": "Procedure"
      }
    },
    {
      "resource": {
        "meta": {
          "profile": [
            "http://standardhealthrecord.org/fhir/StructureDefinition/shr-immunization-Immunization"
          ]
        },
        "status": "completed",
        "notGiven": false,
        "vaccineCode": {
          "coding": [
            {
              "system": "http://hl7.org/fhir/sid/cvx",
              "code": "140",
              "display": "Influenza, seasonal, injectable, preservative free"
            }
          ],
          "text": "Influenza, seasonal, injectable, preservative free"
        },
        "patient": {
          "reference": "urn:uuid:0656cde8-fee5-47b2-90ec-b528d3fca7be"
        },
        "encounter": {
          "reference": "urn:uuid:dd2a1657-e7d1-4841-b495-85947b9d7cd6"
        },
        "date": "2016-09-05T02:33:53-04:00",
        "primarySource": true,
        "resourceType": "Immunization"
      }
    },
    {
      "fullUrl": "urn:uuid:30f7acae-eab8-4805-8d02-1aeaf64b9fb3",
      "resource": {
        "id": "30f7acae-eab8-4805-8d02-1aeaf64b9fb3",
        "meta": {
          "profile": [
            "http://standardhealthrecord.org/fhir/StructureDefinition/shr-encounter-Encounter"
          ]
        },
        "status": "finished",
        "class": {
          "code": "ambulatory"
        },
        "type": [
          {
            "coding": [
              {
                "system": "http://snomed.info/sct",
                "code": "424441002"
              }
            ],
            "text": "Prenatal initial visit"
          }
        ],
        "subject": {
          "reference": "urn:uuid:0656cde8-fee5-47b2-90ec-b528d3fca7be"
        },
        "period": {
          "start": "2016-09-14T18:54:57-04:00",
          "end": "2016-09-14T18:54:57-04:00"
        },
        "reason": {
          "coding": [
            {
              "system": "http://snomed.info/sct",
              "code": "72892002",
              "display": "Normal pregnancy"
            }
          ]
        },
        "serviceProvider": {
          "reference": "urn:uuid:366deb77-2783-4cbf-a311-55f30797016f"
        },
        "resourceType": "Encounter"
      }
    },
    {
      "fullUrl": "urn:uuid:f7fe32b8-6c24-4e6d-afcf-181fcd2eb59e",
      "resource": {
        "id": "f7fe32b8-6c24-4e6d-afcf-181fcd2eb59e",
        "meta": {
          "profile": [
            "http://standardhealthrecord.org/fhir/StructureDefinition/shr-problem-Problem"
          ]
        },
        "clinicalStatus": "active",
        "verificationStatus": "confirmed",
        "code": {
          "coding": [
            {
              "system": "http://snomed.info/sct",
              "code": "72892002",
              "display": "Normal pregnancy"
            }
          ],
          "text": "Normal pregnancy"
        },
        "subject": {
          "reference": "urn:uuid:0656cde8-fee5-47b2-90ec-b528d3fca7be"
        },
        "context": {
          "reference": "urn:uuid:30f7acae-eab8-4805-8d02-1aeaf64b9fb3"
        },
        "onsetDateTime": "2016-09-14T18:54:57-04:00",
        "abatementDateTime": "2016-09-30T21:51:25-04:00",
        "assertedDate": "2016-09-14",
        "resourceType": "Condition"
      }
    },
    {
      "fullUrl": "urn:uuid:7d799167-4b46-457c-9317-37cf103fed1f",
      "resource": {
        "id": "7d799167-4b46-457c-9317-37cf103fed1f",
        "meta": {
          "profile": [
            "http://standardhealthrecord.org/fhir/StructureDefinition/shr-problem-Problem"
          ]
        },
        "clinicalStatus": "active",
        "verificationStatus": "confirmed",
        "code": {
          "coding": [
            {
              "system": "http://snomed.info/sct",
              "code": "19169002",
              "display": "Miscarriage in first trimester"
            }
          ],
          "text": "Miscarriage in first trimester"
        },
        "subject": {
          "reference": "urn:uuid:0656cde8-fee5-47b2-90ec-b528d3fca7be"
        },
        "context": {
          "reference": "urn:uuid:30f7acae-eab8-4805-8d02-1aeaf64b9fb3"
        },
        "onsetDateTime": "2016-09-14T18:54:57-04:00",
        "abatementDateTime": "2016-09-30T21:51:25-04:00",
        "assertedDate": "2016-09-14",
        "resourceType": "Condition"
      }
    },
    {
      "fullUrl": "urn:uuid:2db34ada-1910-4255-8a03-2bb55084b715",
      "resource": {
        "id": "2db34ada-1910-4255-8a03-2bb55084b715",
        "meta": {
          "profile": [
            "http://standardhealthrecord.org/fhir/StructureDefinition/shr-problem-Problem"
          ]
        },
        "clinicalStatus": "active",
        "verificationStatus": "confirmed",
        "code": {
          "coding": [
            {
              "system": "http://snomed.info/sct",
              "code": "267253006",
              "display": "Fetus with chromosomal abnormality"
            }
          ],
          "text": "Fetus with chromosomal abnormality"
        },
        "subject": {
          "reference": "urn:uuid:0656cde8-fee5-47b2-90ec-b528d3fca7be"
        },
        "context": {
          "reference": "urn:uuid:30f7acae-eab8-4805-8d02-1aeaf64b9fb3"
        },
        "onsetDateTime": "2016-09-14T18:54:57-04:00",
        "abatementDateTime": "2016-09-30T21:51:25-04:00",
        "assertedDate": "2016-09-14",
        "resourceType": "Condition"
      }
    },
    {
      "resource": {
        "meta": {
          "profile": [
            "http://standardhealthrecord.org/fhir/StructureDefinition/shr-procedure-Procedure"
          ]
        },
        "extension": [
          {
            "url": "http://standardhealthrecord.org/fhir/StructureDefinition/shr-core-CodeableConcept-extension",
            "valueCodeableConcept": {
              "coding": [
                {
                  "system": "http://snomed.info/sct",
                  "code": "252160004",
                  "display": "Standard pregnancy test"
                }
              ],
              "text": "Standard pregnancy test"
            }
          }
        ],
        "status": "completed",
        "code": {
          "coding": [
            {
              "system": "http://snomed.info/sct",
              "code": "252160004",
              "display": "Standard pregnancy test"
            }
          ],
          "text": "Standard pregnancy test"
        },
        "subject": {
          "reference": "urn:uuid:0656cde8-fee5-47b2-90ec-b528d3fca7be"
        },
        "context": {
          "reference": "urn:uuid:30f7acae-eab8-4805-8d02-1aeaf64b9fb3"
        },
        "performedDateTime": "2016-09-14T18:54:57-04:00",
        "reasonReference": {
          "reference": "urn:uuid:f7fe32b8-6c24-4e6d-afcf-181fcd2eb59e",
          "display": "Normal pregnancy"
        },
        "resourceType": "Procedure"
      }
    },
    {
      "fullUrl": "urn:uuid:7c52379e-32f0-41c8-b7b0-a1782cfeb4e9",
      "resource": {
        "id": "7c52379e-32f0-41c8-b7b0-a1782cfeb4e9",
        "meta": {
          "profile": [
            "http://standardhealthrecord.org/fhir/StructureDefinition/shr-encounter-Encounter"
          ]
        },
        "status": "finished",
        "class": {
          "code": "ambulatory"
        },
        "type": [
          {
            "coding": [
              {
                "system": "http://snomed.info/sct",
                "code": "424619006"
              }
            ],
            "text": "Prenatal visit"
          }
        ],
        "subject": {
          "reference": "urn:uuid:0656cde8-fee5-47b2-90ec-b528d3fca7be"
        },
        "period": {
          "start": "2016-09-30T21:51:25-04:00",
          "end": "2016-09-30T21:51:25-04:00"
        },
        "reason": {
          "coding": [
            {
              "system": "http://snomed.info/sct",
              "code": "267253006",
              "display": "Fetus with chromosomal abnormality"
            }
          ]
        },
        "serviceProvider": {
          "reference": "urn:uuid:366deb77-2783-4cbf-a311-55f30797016f"
        },
        "resourceType": "Encounter"
      }
    },
    {
      "fullUrl": "urn:uuid:1aa5e45d-f71d-46a9-8980-c8e7aa5359ab",
      "resource": {
        "id": "1aa5e45d-f71d-46a9-8980-c8e7aa5359ab",
        "meta": {
          "profile": [
            "http://standardhealthrecord.org/fhir/StructureDefinition/shr-encounter-Encounter"
          ]
        },
        "status": "finished",
        "class": {
          "code": "ambulatory"
        },
        "type": [
          {
            "coding": [
              {
                "system": "http://snomed.info/sct",
                "code": "424441002"
              }
            ],
            "text": "Prenatal initial visit"
          }
        ],
        "subject": {
          "reference": "urn:uuid:0656cde8-fee5-47b2-90ec-b528d3fca7be"
        },
        "period": {
          "start": "2017-05-10T18:54:57-04:00",
          "end": "2017-05-10T18:54:57-04:00"
        },
        "reason": {
          "coding": [
            {
              "system": "http://snomed.info/sct",
              "code": "72892002",
              "display": "Normal pregnancy"
            }
          ]
        },
        "serviceProvider": {
          "reference": "urn:uuid:366deb77-2783-4cbf-a311-55f30797016f"
        },
        "resourceType": "Encounter"
      }
    },
    {
      "fullUrl": "urn:uuid:218902a8-c418-49c2-903e-c5cc0feb70ba",
      "resource": {
        "id": "218902a8-c418-49c2-903e-c5cc0feb70ba",
        "meta": {
          "profile": [
            "http://standardhealthrecord.org/fhir/StructureDefinition/shr-problem-Problem"
          ]
        },
        "clinicalStatus": "active",
        "verificationStatus": "confirmed",
        "code": {
          "coding": [
            {
              "system": "http://snomed.info/sct",
              "code": "72892002",
              "display": "Normal pregnancy"
            }
          ],
          "text": "Normal pregnancy"
        },
        "subject": {
          "reference": "urn:uuid:0656cde8-fee5-47b2-90ec-b528d3fca7be"
        },
        "context": {
          "reference": "urn:uuid:1aa5e45d-f71d-46a9-8980-c8e7aa5359ab"
        },
        "onsetDateTime": "2017-03-01T18:54:57-05:00",
        "assertedDate": "2017-03-01",
        "resourceType": "Condition"
      }
    },
    {
      "resource": {
        "meta": {
          "profile": [
            "http://standardhealthrecord.org/fhir/StructureDefinition/shr-procedure-Procedure"
          ]
        },
        "extension": [
          {
            "url": "http://standardhealthrecord.org/fhir/StructureDefinition/shr-core-CodeableConcept-extension",
            "valueCodeableConcept": {
              "coding": [
                {
                  "system": "http://snomed.info/sct",
                  "code": "252160004",
                  "display": "Standard pregnancy test"
                }
              ],
              "text": "Standard pregnancy test"
            }
          }
        ],
        "status": "completed",
        "code": {
          "coding": [
            {
              "system": "http://snomed.info/sct",
              "code": "252160004",
              "display": "Standard pregnancy test"
            }
          ],
          "text": "Standard pregnancy test"
        },
        "subject": {
          "reference": "urn:uuid:0656cde8-fee5-47b2-90ec-b528d3fca7be"
        },
        "context": {
          "reference": "urn:uuid:1aa5e45d-f71d-46a9-8980-c8e7aa5359ab"
        },
        "performedDateTime": "2017-05-10T18:54:57-04:00",
        "reasonReference": {
          "reference": "urn:uuid:f7fe32b8-6c24-4e6d-afcf-181fcd2eb59e",
          "display": "Normal pregnancy"
        },
        "resourceType": "Procedure"
      }
    },
    {
      "resource": {
        "status": "active",
        "category": [
          {
            "coding": [
              {
                "system": "http://snomed.info/sct",
                "code": "134435003",
                "display": "Routine antenatal care"
              }
            ]
          }
        ],
        "subject": {
          "reference": "urn:uuid:0656cde8-fee5-47b2-90ec-b528d3fca7be"
        },
        "context": {
          "reference": "urn:uuid:1aa5e45d-f71d-46a9-8980-c8e7aa5359ab"
        },
        "period": {
          "start": "2017-05-10"
        },
        "addresses": [
          {
            "reference": "urn:uuid:f7fe32b8-6c24-4e6d-afcf-181fcd2eb59e"
          }
        ],
        "activity": [
          {
            "detail": {
              "code": {
                "coding": [
                  {
                    "system": "http://snomed.info/sct",
                    "code": "135892000",
                    "display": "Antenatal education"
                  }
                ]
              },
              "status": "in-progress"
            }
          },
          {
            "detail": {
              "code": {
                "coding": [
                  {
                    "system": "http://snomed.info/sct",
                    "code": "226060000",
                    "display": "Stress management"
                  }
                ]
              },
              "status": "in-progress"
            }
          },
          {
            "detail": {
              "code": {
                "coding": [
                  {
                    "system": "http://snomed.info/sct",
                    "code": "171054004",
                    "display": "Pregnancy diet education"
                  }
                ]
              },
              "status": "in-progress"
            }
          }
        ],
        "resourceType": "CarePlan"
      }
    }
  ],
  "resourceType": "Bundle"
}