{
  "type": "collection",
  "entry": [
    {
      "fullUrl": "urn:uuid:97cc0245-65a0-4df4-a053-e8b53aa69138",
      "resource": {
        "id": "97cc0245-65a0-4df4-a053-e8b53aa69138",
        "meta": {
          "profile": [
            "http://standardhealthrecord.org/fhir/StructureDefinition/shr-demographics-PersonOfRecord"
          ]
        },
        "text": {
          "status": "generated",
          "div": "<div>Generated by <a href=\"https://github.com/synthetichealth/synthea\">Synthea</a>. Version identifier: 4d02400401b9fab839e47bf5b2f1f6a8c683ab55</div>"
        },
        "extension": [
          {
            "url": "http://hl7.org/fhir/us/core/StructureDefinition/us-core-race",
            "valueCodeableConcept": {
              "coding": [
                {
                  "system": "http://hl7.org/fhir/v3/Race",
                  "code": "2106-3",
                  "display": "White"
                }
              ],
              "text": "race"
            }
          },
          {
            "url": "http://hl7.org/fhir/us/core/StructureDefinition/us-core-ethnicity",
            "valueCodeableConcept": {
              "coding": [
                {
                  "system": "http://hl7.org/fhir/v3/Ethnicity",
                  "code": "2186-5",
                  "display": "Nonhispanic"
                }
              ],
              "text": "ethnicity"
            }
          },
          {
            "url": "http://hl7.org/fhir/StructureDefinition/birthPlace",
            "valueAddress": {
              "city": "Wenham",
              "state": "MA",
              "country": "US"
            }
          },
          {
            "url": "http://hl7.org/fhir/StructureDefinition/patient-mothersMaidenName",
            "valueString": "Crystal920 Mosciski376"
          },
          {
            "url": "http://hl7.org/fhir/us/core/StructureDefinition/us-core-birthsex",
            "valueCode": "M"
          },
          {
            "url": "http://hl7.org/fhir/StructureDefinition/patient-interpreterRequired",
            "valueBoolean": false
          },
          {
            "url": "http://standardhealthrecord.org/fhir/StructureDefinition/shr-actor-FictionalPerson-extension",
            "valueBoolean": true
          },
          {
            "url": "http://standardhealthrecord.org/fhir/StructureDefinition/shr-demographics-FathersName-extension",
            "valueHumanName": {
              "text": "Owen163 Abbott992"
            }
          },
          {
            "url": "http://standardhealthrecord.org/fhir/StructureDefinition/shr-demographics-SocialSecurityNumber-extension",
            "valueString": "999-86-2879"
          }
        ],
        "identifier": [
          {
            "system": "https://github.com/synthetichealth/synthea",
            "value": "7a5cf768-0756-44c9-8b45-3fef2b6b28fe"
          },
          {
            "type": {
              "coding": [
                {
                  "system": "http://hl7.org/fhir/identifier-type",
                  "code": "SB"
                }
              ]
            },
            "system": "http://hl7.org/fhir/sid/us-ssn",
            "value": "999862879"
          },
          {
            "type": {
              "coding": [
                {
                  "system": "http://hl7.org/fhir/v2/0203",
                  "code": "DL"
                }
              ]
            },
            "system": "urn:oid:2.16.840.1.113883.4.3.25",
            "value": "S99910671"
          }
        ],
        "name": [
          {
            "use": "official",
            "family": "Abbott992",
            "given": [
              "Rusty335"
            ],
            "prefix": [
              "Mr."
            ]
          }
        ],
        "telecom": [
          {
            "system": "phone",
            "value": "1-764-746-1870 x06514",
            "use": "home"
          }
        ],
        "gender": "male",
        "birthDate": "1973-06-22",
        "address": [
          {
            "extension": [
              {
                "extension": [
                  {
                    "url": "latitude",
                    "valueDecimal": 41.74681360398024
                  },
                  {
                    "url": "longitude",
                    "valueDecimal": -71.02668057417516
                  }
                ],
                "url": "http://hl7.org/fhir/StructureDefinition/geolocation"
              }
            ],
            "line": [
              "24945 Ebert Crescent"
            ],
            "city": "Fall River",
            "state": "MA",
            "postalCode": "02724",
            "country": "US"
          }
        ],
        "maritalStatus": {
          "coding": [
            {
              "system": "http://hl7.org/fhir/v3/MaritalStatus",
              "code": "M"
            }
          ],
          "text": "M"
        },
        "multipleBirthBoolean": false,
        "communication": [
          {
            "language": {
              "coding": [
                {
                  "system": "http://hl7.org/fhir/ValueSet/languages",
                  "code": "en-US",
                  "display": "English (United States)"
                }
              ]
            }
          }
        ],
        "resourceType": "Patient"
      }
    },
    {
      "fullUrl": "urn:uuid:47acd0a9-5030-49ff-94fb-665d19a16794",
      "resource": {
        "id": "47acd0a9-5030-49ff-94fb-665d19a16794",
        "meta": {
          "profile": [
            "http://standardhealthrecord.org/fhir/StructureDefinition/shr-actor-Organization"
          ]
        },
        "type": [
          {
            "coding": [
              {
                "system": "http://hl7.org/fhir/ValueSet/organization-type",
                "code": "prov",
                "display": "Healthcare Provider"
              }
            ],
            "text": "Healthcare Provider"
          }
        ],
        "name": "Synthetic Provider",
        "resourceType": "Organization"
      }
    },
    {
      "fullUrl": "urn:uuid:f45c1964-8c34-45d8-95d7-f1e0adc2ffbe",
      "resource": {
        "id": "f45c1964-8c34-45d8-95d7-f1e0adc2ffbe",
        "meta": {
          "profile": [
            "http://standardhealthrecord.org/fhir/StructureDefinition/shr-encounter-Encounter"
          ]
        },
        "status": "finished",
        "class": {
          "code": "outpatient"
        },
        "type": [
          {
            "coding": [
              {
                "system": "http://snomed.info/sct",
                "code": "185349003"
              }
            ],
            "text": "Outpatient Encounter"
          }
        ],
        "subject": {
          "reference": "urn:uuid:97cc0245-65a0-4df4-a053-e8b53aa69138"
        },
        "period": {
          "start": "2013-07-28T09:42:00-04:00",
          "end": "2013-07-28T10:42:00-04:00"
        },
        "serviceProvider": {
          "reference": "urn:uuid:47acd0a9-5030-49ff-94fb-665d19a16794"
        },
        "resourceType": "Encounter"
      }
    },
    {
      "fullUrl": "urn:uuid:ac6c8856-b0f6-45b7-93c0-970b0b780877",
      "resource": {
        "id": "ac6c8856-b0f6-45b7-93c0-970b0b780877",
        "meta": {
          "profile": [
            "http://standardhealthrecord.org/fhir/StructureDefinition/shr-problem-Problem"
          ]
        },
        "clinicalStatus": "active",
        "verificationStatus": "confirmed",
        "code": {
          "coding": [
            {
              "system": "http://snomed.info/sct",
              "code": "82423001",
              "display": "Chronic pain"
            }
          ],
          "text": "Chronic pain"
        },
        "subject": {
          "reference": "urn:uuid:97cc0245-65a0-4df4-a053-e8b53aa69138"
        },
        "context": {
          "reference": "urn:uuid:f45c1964-8c34-45d8-95d7-f1e0adc2ffbe"
        },
        "onsetDateTime": "1997-05-05T04:46:26-04:00",
        "assertedDate": "1997-05-05",
        "resourceType": "Condition"
      }
    },
    {
      "fullUrl": "urn:uuid:ddab0d23-ff04-4a89-bfc7-77b0d6360f27",
      "resource": {
        "id": "ddab0d23-ff04-4a89-bfc7-77b0d6360f27",
        "meta": {
          "profile": [
            "http://standardhealthrecord.org/fhir/StructureDefinition/shr-problem-Problem"
          ]
        },
        "clinicalStatus": "active",
        "verificationStatus": "confirmed",
        "code": {
          "coding": [
            {
              "system": "http://snomed.info/sct",
              "code": "40055000",
              "display": "Chronic sinusitis (disorder)"
            }
          ],
          "text": "Chronic sinusitis (disorder)"
        },
        "subject": {
          "reference": "urn:uuid:97cc0245-65a0-4df4-a053-e8b53aa69138"
        },
        "context": {
          "reference": "urn:uuid:f45c1964-8c34-45d8-95d7-f1e0adc2ffbe"
        },
        "onsetDateTime": "1997-08-14T14:36:41-04:00",
        "assertedDate": "1997-08-14",
        "resourceType": "Condition"
      }
    },
    {
      "fullUrl": "urn:uuid:f3aee474-551f-4b29-b2e2-6750cbc94a6e",
      "resource": {
        "id": "f3aee474-551f-4b29-b2e2-6750cbc94a6e",
        "meta": {
          "profile": [
            "http://standardhealthrecord.org/fhir/StructureDefinition/shr-problem-Problem"
          ]
        },
        "clinicalStatus": "active",
        "verificationStatus": "confirmed",
        "code": {
          "coding": [
            {
              "system": "http://snomed.info/sct",
              "code": "15777000",
              "display": "Prediabetes"
            }
          ],
          "text": "Prediabetes"
        },
        "subject": {
          "reference": "urn:uuid:97cc0245-65a0-4df4-a053-e8b53aa69138"
        },
        "context": {
          "reference": "urn:uuid:f45c1964-8c34-45d8-95d7-f1e0adc2ffbe"
        },
        "onsetDateTime": "1999-11-04T00:15:01-05:00",
        "assertedDate": "1999-11-04",
        "resourceType": "Condition"
      }
    },
    {
      "fullUrl": "urn:uuid:941e4646-d433-4764-a757-24615e8dd789",
      "resource": {
        "id": "941e4646-d433-4764-a757-24615e8dd789",
        "meta": {
          "profile": [
            "http://standardhealthrecord.org/fhir/StructureDefinition/shr-observation-Observation"
          ]
        },
        "status": "final",
        "category": [
          {
            "coding": [
              {
                "system": "http://hl7.org/fhir/observation-category",
                "code": "laboratory"
              }
            ]
          }
        ],
        "code": {
          "coding": [
            {
              "system": "http://loinc.org",
              "code": "4548-4",
              "display": "Hemoglobin A1c/Hemoglobin.total in Blood"
            }
          ],
          "text": "Hemoglobin A1c/Hemoglobin.total in Blood"
        },
        "subject": {
          "reference": "urn:uuid:97cc0245-65a0-4df4-a053-e8b53aa69138"
        },
        "context": {
          "reference": "urn:uuid:f45c1964-8c34-45d8-95d7-f1e0adc2ffbe"
        },
        "effectiveDateTime": "2013-07-28T09:42:00-04:00",
        "issued": "2013-07-28T09:42:00-04:00",
        "valueQuantity": {
          "value": 6.1,
          "unit": "%",
          "system": "http://unitsofmeasure.org/",
          "code": "%"
        },
        "resourceType": "Observation"
      }
    },
    {
      "fullUrl": "urn:uuid:9029aec0-b46b-4a4d-a437-398f51b7508d",
      "resource": {
        "id": "9029aec0-b46b-4a4d-a437-398f51b7508d",
        "meta": {
          "profile": [
            "http://standardhealthrecord.org/fhir/StructureDefinition/shr-observation-Observation",
            "http://standardhealthrecord.org/fhir/StructureDefinition/shr-vital-VitalSign",
            "http://standardhealthrecord.org/fhir/StructureDefinition/shr-vital-BodyHeight"
          ]
        },
        "status": "final",
        "category": [
          {
            "coding": [
              {
                "system": "http://hl7.org/fhir/observation-category",
                "code": "vital-signs"
              }
            ]
          }
        ],
        "code": {
          "coding": [
            {
              "system": "http://loinc.org",
              "code": "8302-2",
              "display": "Body Height"
            }
          ],
          "text": "Body Height"
        },
        "subject": {
          "reference": "urn:uuid:97cc0245-65a0-4df4-a053-e8b53aa69138"
        },
        "context": {
          "reference": "urn:uuid:f45c1964-8c34-45d8-95d7-f1e0adc2ffbe"
        },
        "effectiveDateTime": "2013-07-28T09:42:00-04:00",
        "issued": "2013-07-28T09:42:00-04:00",
        "valueQuantity": {
          "value": 171.03442449607084,
          "unit": "cm",
          "system": "http://unitsofmeasure.org/",
          "code": "cm"
        },
        "resourceType": "Observation"
      }
    },
    {
      "fullUrl": "urn:uuid:6a5808f4-4d0a-41a2-b344-28276c5624c9",
      "resource": {
        "id": "6a5808f4-4d0a-41a2-b344-28276c5624c9",
        "meta": {
          "profile": [
            "http://standardhealthrecord.org/fhir/StructureDefinition/shr-observation-Observation",
            "http://standardhealthrecord.org/fhir/StructureDefinition/shr-vital-VitalSign",
            "http://standardhealthrecord.org/fhir/StructureDefinition/shr-vital-BodyWeight"
          ]
        },
        "status": "final",
        "category": [
          {
            "coding": [
              {
                "system": "http://hl7.org/fhir/observation-category",
                "code": "vital-signs"
              }
            ]
          }
        ],
        "code": {
          "coding": [
            {
              "system": "http://loinc.org",
              "code": "29463-7",
              "display": "Body Weight"
            }
          ],
          "text": "Body Weight"
        },
        "subject": {
          "reference": "urn:uuid:97cc0245-65a0-4df4-a053-e8b53aa69138"
        },
        "context": {
          "reference": "urn:uuid:f45c1964-8c34-45d8-95d7-f1e0adc2ffbe"
        },
        "effectiveDateTime": "2013-07-28T09:42:00-04:00",
        "issued": "2013-07-28T09:42:00-04:00",
        "valueQuantity": {
          "value": 93.17177163414043,
          "unit": "kg",
          "system": "http://unitsofmeasure.org/",
          "code": "kg"
        },
        "resourceType": "Observation"
      }
    },
    {
      "fullUrl": "urn:uuid:5755cb9d-2647-497b-abcc-7df09520a034",
      "resource": {
        "id": "5755cb9d-2647-497b-abcc-7df09520a034",
        "meta": {
          "profile": [
            "http://standardhealthrecord.org/fhir/StructureDefinition/shr-observation-Observation",
            "http://standardhealthrecord.org/fhir/StructureDefinition/shr-vital-VitalSign",
            "http://standardhealthrecord.org/fhir/StructureDefinition/shr-vital-BodyMassIndex"
          ]
        },
        "status": "final",
        "category": [
          {
            "coding": [
              {
                "system": "http://hl7.org/fhir/observation-category",
                "code": "vital-signs"
              }
            ]
          }
        ],
        "code": {
          "coding": [
            {
              "system": "http://loinc.org",
              "code": "39156-5",
              "display": "Body Mass Index"
            }
          ],
          "text": "Body Mass Index"
        },
        "subject": {
          "reference": "urn:uuid:97cc0245-65a0-4df4-a053-e8b53aa69138"
        },
        "context": {
          "reference": "urn:uuid:f45c1964-8c34-45d8-95d7-f1e0adc2ffbe"
        },
        "effectiveDateTime": "2013-07-28T09:42:00-04:00",
        "issued": "2013-07-28T09:42:00-04:00",
        "valueQuantity": {
          "value": 31.850576112512666,
          "unit": "kg/m2",
          "system": "http://unitsofmeasure.org/",
          "code": "kg/m2"
        },
        "resourceType": "Observation"
      }
    },
    {
      "fullUrl": "urn:uuid:0e367f49-b2cb-482b-8fc6-3ea35d5351d4",
      "resource": {
        "id": "0e367f49-b2cb-482b-8fc6-3ea35d5351d4",
        "meta": {
          "profile": [
            "http://standardhealthrecord.org/fhir/StructureDefinition/shr-observation-Observation",
            "http://standardhealthrecord.org/fhir/StructureDefinition/shr-vital-BloodPressure"
          ]
        },
        "status": "final",
        "category": [
          {
            "coding": [
              {
                "system": "http://hl7.org/fhir/observation-category",
                "code": "vital-signs"
              }
            ]
          }
        ],
        "code": {
          "coding": [
            {
              "system": "http://loinc.org",
              "code": "55284-4",
              "display": "Blood Pressure"
            }
          ]
        },
        "subject": {
          "reference": "urn:uuid:97cc0245-65a0-4df4-a053-e8b53aa69138"
        },
        "context": {
          "reference": "urn:uuid:f45c1964-8c34-45d8-95d7-f1e0adc2ffbe"
        },
        "effectiveDateTime": "2013-07-28T09:42:00-04:00",
        "issued": "2013-07-28T09:42:00-04:00",
        "component": [
          {
            "code": {
              "coding": [
                {
                  "system": "http://loinc.org",
                  "code": "8480-6",
                  "display": "Systolic Blood Pressure"
                }
              ],
              "text": "Systolic Blood Pressure"
            },
            "valueQuantity": {
              "value": 116,
              "unit": "mmHg",
              "system": "http://unitsofmeasure.org/",
              "code": "mmHg"
            }
          },
          {
            "code": {
              "coding": [
                {
                  "system": "http://loinc.org",
                  "code": "8462-4",
                  "display": "Diastolic Blood Pressure"
                }
              ],
              "text": "Diastolic Blood Pressure"
            },
            "valueQuantity": {
              "value": 70,
              "unit": "mmHg",
              "system": "http://unitsofmeasure.org/",
              "code": "mmHg"
            }
          }
        ],
        "resourceType": "Observation"
      }
    },
    {
      "fullUrl": "urn:uuid:f57a1313-3f26-4f38-9b4b-04433c2aac3f",
      "resource": {
        "id": "f57a1313-3f26-4f38-9b4b-04433c2aac3f",
        "meta": {
          "profile": [
            "http://standardhealthrecord.org/fhir/StructureDefinition/shr-observation-Observation"
          ]
        },
        "status": "final",
        "category": [
          {
            "coding": [
              {
                "system": "http://hl7.org/fhir/observation-category",
                "code": "laboratory"
              }
            ]
          }
        ],
        "code": {
          "coding": [
            {
              "system": "http://loinc.org",
              "code": "4548-4",
              "display": "Hemoglobin A1c/Hemoglobin.total in Blood"
            }
          ],
          "text": "Hemoglobin A1c/Hemoglobin.total in Blood"
        },
        "subject": {
          "reference": "urn:uuid:97cc0245-65a0-4df4-a053-e8b53aa69138"
        },
        "context": {
          "reference": "urn:uuid:f45c1964-8c34-45d8-95d7-f1e0adc2ffbe"
        },
        "effectiveDateTime": "2013-07-28T09:42:00-04:00",
        "issued": "2013-07-28T09:42:00-04:00",
        "valueQuantity": {
          "value": 6.1,
          "unit": "%",
          "system": "http://unitsofmeasure.org/",
          "code": "%"
        },
        "resourceType": "Observation"
      }
    },
    {
      "fullUrl": "urn:uuid:a18b0907-1bfe-462d-a82f-c237cdb7e93f",
      "resource": {
        "id": "a18b0907-1bfe-462d-a82f-c237cdb7e93f",
        "meta": {
          "profile": [
            "http://standardhealthrecord.org/fhir/StructureDefinition/shr-observation-Observation"
          ]
        },
        "status": "final",
        "category": [
          {
            "coding": [
              {
                "system": "http://hl7.org/fhir/observation-category",
                "code": "laboratory"
              }
            ]
          }
        ],
        "code": {
          "coding": [
            {
              "system": "http://loinc.org",
              "code": "2339-0",
              "display": "Glucose"
            }
          ],
          "text": "Glucose"
        },
        "subject": {
          "reference": "urn:uuid:97cc0245-65a0-4df4-a053-e8b53aa69138"
        },
        "context": {
          "reference": "urn:uuid:f45c1964-8c34-45d8-95d7-f1e0adc2ffbe"
        },
        "effectiveDateTime": "2013-07-28T09:42:00-04:00",
        "issued": "2013-07-28T09:42:00-04:00",
        "valueQuantity": {
          "value": 98,
          "unit": "mg/dL",
          "system": "http://unitsofmeasure.org/",
          "code": "mg/dL"
        },
        "resourceType": "Observation"
      }
    },
    {
      "fullUrl": "urn:uuid:0d58a7e3-35c8-464b-bbb9-7ce27e619d05",
      "resource": {
        "id": "0d58a7e3-35c8-464b-bbb9-7ce27e619d05",
        "meta": {
          "profile": [
            "http://standardhealthrecord.org/fhir/StructureDefinition/shr-observation-Observation"
          ]
        },
        "status": "final",
        "category": [
          {
            "coding": [
              {
                "system": "http://hl7.org/fhir/observation-category",
                "code": "laboratory"
              }
            ]
          }
        ],
        "code": {
          "coding": [
            {
              "system": "http://loinc.org",
              "code": "6299-2",
              "display": "Urea Nitrogen"
            }
          ],
          "text": "Urea Nitrogen"
        },
        "subject": {
          "reference": "urn:uuid:97cc0245-65a0-4df4-a053-e8b53aa69138"
        },
        "context": {
          "reference": "urn:uuid:f45c1964-8c34-45d8-95d7-f1e0adc2ffbe"
        },
        "effectiveDateTime": "2013-07-28T09:42:00-04:00",
        "issued": "2013-07-28T09:42:00-04:00",
        "valueQuantity": {
          "value": 15,
          "unit": "mg/dL",
          "system": "http://unitsofmeasure.org/",
          "code": "mg/dL"
        },
        "resourceType": "Observation"
      }
    },
    {
      "fullUrl": "urn:uuid:56a7ddf3-dea9-457d-9bfd-1d801473066e",
      "resource": {
        "id": "56a7ddf3-dea9-457d-9bfd-1d801473066e",
        "meta": {
          "profile": [
            "http://standardhealthrecord.org/fhir/StructureDefinition/shr-observation-Observation"
          ]
        },
        "status": "final",
        "category": [
          {
            "coding": [
              {
                "system": "http://hl7.org/fhir/observation-category",
                "code": "laboratory"
              }
            ]
          }
        ],
        "code": {
          "coding": [
            {
              "system": "http://loinc.org",
              "code": "38483-4",
              "display": "Creatinine"
            }
          ],
          "text": "Creatinine"
        },
        "subject": {
          "reference": "urn:uuid:97cc0245-65a0-4df4-a053-e8b53aa69138"
        },
        "context": {
          "reference": "urn:uuid:f45c1964-8c34-45d8-95d7-f1e0adc2ffbe"
        },
        "effectiveDateTime": "2013-07-28T09:42:00-04:00",
        "issued": "2013-07-28T09:42:00-04:00",
        "valueQuantity": {
          "value": 1.0,
          "unit": "mg/dL",
          "system": "http://unitsofmeasure.org/",
          "code": "mg/dL"
        },
        "resourceType": "Observation"
      }
    },
    {
      "fullUrl": "urn:uuid:d86f8c93-b97d-4eb6-b701-e07c7f93b61a",
      "resource": {
        "id": "d86f8c93-b97d-4eb6-b701-e07c7f93b61a",
        "meta": {
          "profile": [
            "http://standardhealthrecord.org/fhir/StructureDefinition/shr-observation-Observation"
          ]
        },
        "status": "final",
        "category": [
          {
            "coding": [
              {
                "system": "http://hl7.org/fhir/observation-category",
                "code": "laboratory"
              }
            ]
          }
        ],
        "code": {
          "coding": [
            {
              "system": "http://loinc.org",
              "code": "49765-1",
              "display": "Calcium"
            }
          ],
          "text": "Calcium"
        },
        "subject": {
          "reference": "urn:uuid:97cc0245-65a0-4df4-a053-e8b53aa69138"
        },
        "context": {
          "reference": "urn:uuid:f45c1964-8c34-45d8-95d7-f1e0adc2ffbe"
        },
        "effectiveDateTime": "2013-07-28T09:42:00-04:00",
        "issued": "2013-07-28T09:42:00-04:00",
        "valueQuantity": {
          "value": 10.081206151608976,
          "unit": "mg/dL",
          "system": "http://unitsofmeasure.org/",
          "code": "mg/dL"
        },
        "resourceType": "Observation"
      }
    },
    {
      "fullUrl": "urn:uuid:5f92480d-30ff-42ae-941b-26dee4db06b3",
      "resource": {
        "id": "5f92480d-30ff-42ae-941b-26dee4db06b3",
        "meta": {
          "profile": [
            "http://standardhealthrecord.org/fhir/StructureDefinition/shr-observation-Observation"
          ]
        },
        "status": "final",
        "category": [
          {
            "coding": [
              {
                "system": "http://hl7.org/fhir/observation-category",
                "code": "laboratory"
              }
            ]
          }
        ],
        "code": {
          "coding": [
            {
              "system": "http://loinc.org",
              "code": "2947-0",
              "display": "Sodium"
            }
          ],
          "text": "Sodium"
        },
        "subject": {
          "reference": "urn:uuid:97cc0245-65a0-4df4-a053-e8b53aa69138"
        },
        "context": {
          "reference": "urn:uuid:f45c1964-8c34-45d8-95d7-f1e0adc2ffbe"
        },
        "effectiveDateTime": "2013-07-28T09:42:00-04:00",
        "issued": "2013-07-28T09:42:00-04:00",
        "valueQuantity": {
          "value": 139,
          "unit": "mmol/L",
          "system": "http://unitsofmeasure.org/",
          "code": "mmol/L"
        },
        "resourceType": "Observation"
      }
    },
    {
      "fullUrl": "urn:uuid:c38a0cf8-bfe8-49c9-8fc2-4bec8e23afc1",
      "resource": {
        "id": "c38a0cf8-bfe8-49c9-8fc2-4bec8e23afc1",
        "meta": {
          "profile": [
            "http://standardhealthrecord.org/fhir/StructureDefinition/shr-observation-Observation"
          ]
        },
        "status": "final",
        "category": [
          {
            "coding": [
              {
                "system": "http://hl7.org/fhir/observation-category",
                "code": "laboratory"
              }
            ]
          }
        ],
        "code": {
          "coding": [
            {
              "system": "http://loinc.org",
              "code": "6298-4",
              "display": "Potassium"
            }
          ],
          "text": "Potassium"
        },
        "subject": {
          "reference": "urn:uuid:97cc0245-65a0-4df4-a053-e8b53aa69138"
        },
        "context": {
          "reference": "urn:uuid:f45c1964-8c34-45d8-95d7-f1e0adc2ffbe"
        },
        "effectiveDateTime": "2013-07-28T09:42:00-04:00",
        "issued": "2013-07-28T09:42:00-04:00",
        "valueQuantity": {
          "value": 4.791073457870122,
          "unit": "mmol/L",
          "system": "http://unitsofmeasure.org/",
          "code": "mmol/L"
        },
        "resourceType": "Observation"
      }
    },
    {
      "fullUrl": "urn:uuid:9b060f38-9814-4777-974a-dc077a70daa5",
      "resource": {
        "id": "9b060f38-9814-4777-974a-dc077a70daa5",
        "meta": {
          "profile": [
            "http://standardhealthrecord.org/fhir/StructureDefinition/shr-observation-Observation"
          ]
        },
        "status": "final",
        "category": [
          {
            "coding": [
              {
                "system": "http://hl7.org/fhir/observation-category",
                "code": "laboratory"
              }
            ]
          }
        ],
        "code": {
          "coding": [
            {
              "system": "http://loinc.org",
              "code": "2069-3",
              "display": "Chloride"
            }
          ],
          "text": "Chloride"
        },
        "subject": {
          "reference": "urn:uuid:97cc0245-65a0-4df4-a053-e8b53aa69138"
        },
        "context": {
          "reference": "urn:uuid:f45c1964-8c34-45d8-95d7-f1e0adc2ffbe"
        },
        "effectiveDateTime": "2013-07-28T09:42:00-04:00",
        "issued": "2013-07-28T09:42:00-04:00",
        "valueQuantity": {
          "value": 107,
          "unit": "mmol/L",
          "system": "http://unitsofmeasure.org/",
          "code": "mmol/L"
        },
        "resourceType": "Observation"
      }
    },
    {
      "fullUrl": "urn:uuid:b48f4d42-7344-4322-8ce0-77149cb6c5a6",
      "resource": {
        "id": "b48f4d42-7344-4322-8ce0-77149cb6c5a6",
        "meta": {
          "profile": [
            "http://standardhealthrecord.org/fhir/StructureDefinition/shr-observation-Observation"
          ]
        },
        "status": "final",
        "category": [
          {
            "coding": [
              {
                "system": "http://hl7.org/fhir/observation-category",
                "code": "laboratory"
              }
            ]
          }
        ],
        "code": {
          "coding": [
            {
              "system": "http://loinc.org",
              "code": "20565-8",
              "display": "Carbon Dioxide"
            }
          ],
          "text": "Carbon Dioxide"
        },
        "subject": {
          "reference": "urn:uuid:97cc0245-65a0-4df4-a053-e8b53aa69138"
        },
        "context": {
          "reference": "urn:uuid:f45c1964-8c34-45d8-95d7-f1e0adc2ffbe"
        },
        "effectiveDateTime": "2013-07-28T09:42:00-04:00",
        "issued": "2013-07-28T09:42:00-04:00",
        "valueQuantity": {
          "value": 22,
          "unit": "mmol/L",
          "system": "http://unitsofmeasure.org/",
          "code": "mmol/L"
        },
        "resourceType": "Observation"
      }
    },
    {
      "fullUrl": "urn:uuid:58ca6cbc-b476-4192-9ae3-c6d6a72aad7a",
      "resource": {
        "id": "58ca6cbc-b476-4192-9ae3-c6d6a72aad7a",
        "meta": {
          "profile": [
            "http://standardhealthrecord.org/fhir/StructureDefinition/shr-observation-Panel"
          ]
        },
        "status": "final",
        "code": {
          "coding": [
            {
              "system": "http://loinc.org",
              "code": "51990-0",
              "display": "Basic Metabolic Panel"
            }
          ]
        },
        "subject": {
          "reference": "urn:uuid:97cc0245-65a0-4df4-a053-e8b53aa69138"
        },
        "context": {
          "reference": "urn:uuid:f45c1964-8c34-45d8-95d7-f1e0adc2ffbe"
        },
        "effectiveDateTime": "2013-07-28T09:42:00-04:00",
        "issued": "2013-07-28T09:42:00-04:00",
        "result": [
          {
            "reference": "urn:uuid:a18b0907-1bfe-462d-a82f-c237cdb7e93f",
            "display": "Glucose"
          },
          {
            "reference": "urn:uuid:0d58a7e3-35c8-464b-bbb9-7ce27e619d05",
            "display": "Urea Nitrogen"
          },
          {
            "reference": "urn:uuid:56a7ddf3-dea9-457d-9bfd-1d801473066e",
            "display": "Creatinine"
          },
          {
            "reference": "urn:uuid:d86f8c93-b97d-4eb6-b701-e07c7f93b61a",
            "display": "Calcium"
          },
          {
            "reference": "urn:uuid:5f92480d-30ff-42ae-941b-26dee4db06b3",
            "display": "Sodium"
          },
          {
            "reference": "urn:uuid:c38a0cf8-bfe8-49c9-8fc2-4bec8e23afc1",
            "display": "Potassium"
          },
          {
            "reference": "urn:uuid:9b060f38-9814-4777-974a-dc077a70daa5",
            "display": "Chloride"
          },
          {
            "reference": "urn:uuid:b48f4d42-7344-4322-8ce0-77149cb6c5a6",
            "display": "Carbon Dioxide"
          }
        ],
        "resourceType": "DiagnosticReport"
      }
    },
    {
      "fullUrl": "urn:uuid:241dd950-aaa2-49d3-82eb-b0c917ba95c4",
      "resource": {
        "id": "241dd950-aaa2-49d3-82eb-b0c917ba95c4",
        "meta": {
          "profile": [
            "http://standardhealthrecord.org/fhir/StructureDefinition/shr-observation-Observation"
          ]
        },
        "status": "final",
        "category": [
          {
            "coding": [
              {
                "system": "http://hl7.org/fhir/observation-category",
                "code": "laboratory"
              }
            ]
          }
        ],
        "code": {
          "coding": [
            {
              "system": "http://loinc.org",
              "code": "2093-3",
              "display": "Total Cholesterol"
            }
          ],
          "text": "Total Cholesterol"
        },
        "subject": {
          "reference": "urn:uuid:97cc0245-65a0-4df4-a053-e8b53aa69138"
        },
        "context": {
          "reference": "urn:uuid:f45c1964-8c34-45d8-95d7-f1e0adc2ffbe"
        },
        "effectiveDateTime": "2013-07-28T09:42:00-04:00",
        "issued": "2013-07-28T09:42:00-04:00",
        "valueQuantity": {
          "value": 198,
          "unit": "mg/dL",
          "system": "http://unitsofmeasure.org/",
          "code": "mg/dL"
        },
        "resourceType": "Observation"
      }
    },
    {
      "fullUrl": "urn:uuid:3b2d1739-f09d-4af2-ac08-d0a3f578788f",
      "resource": {
        "id": "3b2d1739-f09d-4af2-ac08-d0a3f578788f",
        "meta": {
          "profile": [
            "http://standardhealthrecord.org/fhir/StructureDefinition/shr-observation-Observation"
          ]
        },
        "status": "final",
        "category": [
          {
            "coding": [
              {
                "system": "http://hl7.org/fhir/observation-category",
                "code": "laboratory"
              }
            ]
          }
        ],
        "code": {
          "coding": [
            {
              "system": "http://loinc.org",
              "code": "2571-8",
              "display": "Triglycerides"
            }
          ],
          "text": "Triglycerides"
        },
        "subject": {
          "reference": "urn:uuid:97cc0245-65a0-4df4-a053-e8b53aa69138"
        },
        "context": {
          "reference": "urn:uuid:f45c1964-8c34-45d8-95d7-f1e0adc2ffbe"
        },
        "effectiveDateTime": "2013-07-28T09:42:00-04:00",
        "issued": "2013-07-28T09:42:00-04:00",
        "valueQuantity": {
          "value": 130,
          "unit": "mg/dL",
          "system": "http://unitsofmeasure.org/",
          "code": "mg/dL"
        },
        "resourceType": "Observation"
      }
    },
    {
      "fullUrl": "urn:uuid:09f11d50-d645-4d95-81f7-97864006f24f",
      "resource": {
        "id": "09f11d50-d645-4d95-81f7-97864006f24f",
        "meta": {
          "profile": [
            "http://standardhealthrecord.org/fhir/StructureDefinition/shr-observation-Observation"
          ]
        },
        "status": "final",
        "category": [
          {
            "coding": [
              {
                "system": "http://hl7.org/fhir/observation-category",
                "code": "laboratory"
              }
            ]
          }
        ],
        "code": {
          "coding": [
            {
              "system": "http://loinc.org",
              "code": "18262-6",
              "display": "Low Density Lipoprotein Cholesterol"
            }
          ],
          "text": "Low Density Lipoprotein Cholesterol"
        },
        "subject": {
          "reference": "urn:uuid:97cc0245-65a0-4df4-a053-e8b53aa69138"
        },
        "context": {
          "reference": "urn:uuid:f45c1964-8c34-45d8-95d7-f1e0adc2ffbe"
        },
        "effectiveDateTime": "2013-07-28T09:42:00-04:00",
        "issued": "2013-07-28T09:42:00-04:00",
        "valueQuantity": {
          "value": 109,
          "unit": "mg/dL",
          "system": "http://unitsofmeasure.org/",
          "code": "mg/dL"
        },
        "resourceType": "Observation"
      }
    },
    {
      "fullUrl": "urn:uuid:0b829fd2-e255-4f22-a371-e8912ed06743",
      "resource": {
        "id": "0b829fd2-e255-4f22-a371-e8912ed06743",
        "meta": {
          "profile": [
            "http://standardhealthrecord.org/fhir/StructureDefinition/shr-observation-Observation"
          ]
        },
        "status": "final",
        "category": [
          {
            "coding": [
              {
                "system": "http://hl7.org/fhir/observation-category",
                "code": "laboratory"
              }
            ]
          }
        ],
        "code": {
          "coding": [
            {
              "system": "http://loinc.org",
              "code": "2085-9",
              "display": "High Density Lipoprotein Cholesterol"
            }
          ],
          "text": "High Density Lipoprotein Cholesterol"
        },
        "subject": {
          "reference": "urn:uuid:97cc0245-65a0-4df4-a053-e8b53aa69138"
        },
        "context": {
          "reference": "urn:uuid:f45c1964-8c34-45d8-95d7-f1e0adc2ffbe"
        },
        "effectiveDateTime": "2013-07-28T09:42:00-04:00",
        "issued": "2013-07-28T09:42:00-04:00",
        "valueQuantity": {
          "value": 63,
          "unit": "mg/dL",
          "system": "http://unitsofmeasure.org/",
          "code": "mg/dL"
        },
        "resourceType": "Observation"
      }
    },
    {
      "fullUrl": "urn:uuid:84220a7d-d4b2-4294-9404-df8a377c0fbb",
      "resource": {
        "id": "84220a7d-d4b2-4294-9404-df8a377c0fbb",
        "meta": {
          "profile": [
            "http://standardhealthrecord.org/fhir/StructureDefinition/shr-observation-Panel"
          ]
        },
        "status": "final",
        "code": {
          "coding": [
            {
              "system": "http://loinc.org",
              "code": "57698-3",
              "display": "Lipid Panel"
            }
          ]
        },
        "subject": {
          "reference": "urn:uuid:97cc0245-65a0-4df4-a053-e8b53aa69138"
        },
        "context": {
          "reference": "urn:uuid:f45c1964-8c34-45d8-95d7-f1e0adc2ffbe"
        },
        "effectiveDateTime": "2013-07-28T09:42:00-04:00",
        "issued": "2013-07-28T09:42:00-04:00",
        "result": [
          {
            "reference": "urn:uuid:241dd950-aaa2-49d3-82eb-b0c917ba95c4",
            "display": "Total Cholesterol"
          },
          {
            "reference": "urn:uuid:3b2d1739-f09d-4af2-ac08-d0a3f578788f",
            "display": "Triglycerides"
          },
          {
            "reference": "urn:uuid:09f11d50-d645-4d95-81f7-97864006f24f",
            "display": "Low Density Lipoprotein Cholesterol"
          },
          {
            "reference": "urn:uuid:0b829fd2-e255-4f22-a371-e8912ed06743",
            "display": "High Density Lipoprotein Cholesterol"
          }
        ],
        "resourceType": "DiagnosticReport"
      }
    },
    {
      "resource": {
        "meta": {
          "profile": [
            "http://standardhealthrecord.org/fhir/StructureDefinition/shr-procedure-Procedure"
          ]
        },
        "extension": [
          {
            "url": "http://standardhealthrecord.org/fhir/StructureDefinition/shr-core-CodeableConcept-extension",
            "valueCodeableConcept": {
              "coding": [
                {
                  "system": "http://snomed.info/sct",
                  "code": "428191000124101",
                  "display": "Documentation of current medications"
                }
              ],
              "text": "Documentation of current medications"
            }
          }
        ],
        "status": "completed",
        "code": {
          "coding": [
            {
              "system": "http://snomed.info/sct",
              "code": "428191000124101",
              "display": "Documentation of current medications"
            }
          ],
          "text": "Documentation of current medications"
        },
        "subject": {
          "reference": "urn:uuid:97cc0245-65a0-4df4-a053-e8b53aa69138"
        },
        "context": {
          "reference": "urn:uuid:f45c1964-8c34-45d8-95d7-f1e0adc2ffbe"
        },
        "performedDateTime": "2013-07-28T09:42:00-04:00",
        "resourceType": "Procedure"
      }
    },
    {
      "resource": {
        "meta": {
          "profile": [
            "http://standardhealthrecord.org/fhir/StructureDefinition/shr-immunization-Immunization"
          ]
        },
        "status": "completed",
        "notGiven": false,
        "vaccineCode": {
          "coding": [
            {
              "system": "http://hl7.org/fhir/sid/cvx",
              "code": "140",
              "display": "Influenza, seasonal, injectable, preservative free"
            }
          ],
          "text": "Influenza, seasonal, injectable, preservative free"
        },
        "patient": {
          "reference": "urn:uuid:97cc0245-65a0-4df4-a053-e8b53aa69138"
        },
        "encounter": {
          "reference": "urn:uuid:f45c1964-8c34-45d8-95d7-f1e0adc2ffbe"
        },
        "date": "2013-07-28T09:42:00-04:00",
        "primarySource": true,
        "resourceType": "Immunization"
      }
    },
    {
      "resource": {
        "status": "in-progress",
        "description": {
          "text": "Hemoglobin A1c total in Blood < 7.0"
        },
        "addresses": [
          {
            "reference": "urn:uuid:f3aee474-551f-4b29-b2e2-6750cbc94a6e"
          }
        ],
        "resourceType": "Goal"
      }
    },
    {
      "resource": {
        "status": "in-progress",
        "description": {
          "text": "Glucose [Mass/volume] in Blood < 108"
        },
        "addresses": [
          {
            "reference": "urn:uuid:f3aee474-551f-4b29-b2e2-6750cbc94a6e"
          }
        ],
        "resourceType": "Goal"
      }
    },
    {
      "resource": {
        "status": "in-progress",
        "description": {
          "text": "Maintain blood pressure below 140/90 mmHg"
        },
        "addresses": [
          {
            "reference": "urn:uuid:f3aee474-551f-4b29-b2e2-6750cbc94a6e"
          }
        ],
        "resourceType": "Goal"
      }
    },
    {
      "resource": {
        "status": "in-progress",
        "description": {
          "text": "Improve and maintenance of optimal foot health: aim at early detection of peripheral vascular problems and neuropathy presumed due to diabetes; and prevention of diabetic foot ulcer, gangrene"
        },
        "addresses": [
          {
            "reference": "urn:uuid:f3aee474-551f-4b29-b2e2-6750cbc94a6e"
          }
        ],
        "resourceType": "Goal"
      }
    },
    {
      "resource": {
        "status": "in-progress",
        "description": {
          "text": "Address patient knowledge deficit on diabetic self-care"
        },
        "addresses": [
          {
            "reference": "urn:uuid:f3aee474-551f-4b29-b2e2-6750cbc94a6e"
          }
        ],
        "resourceType": "Goal"
      }
    },
    {
      "resource": {
        "status": "active",
        "category": [
          {
            "coding": [
              {
                "system": "http://snomed.info/sct",
                "code": "698360004",
                "display": "Diabetes self management plan"
              }
            ]
          }
        ],
        "subject": {
          "reference": "urn:uuid:97cc0245-65a0-4df4-a053-e8b53aa69138"
        },
        "context": {
          "reference": "urn:uuid:f45c1964-8c34-45d8-95d7-f1e0adc2ffbe"
        },
        "period": {
          "start": "1999-11-04"
        },
        "addresses": [
          {
            "reference": "urn:uuid:f3aee474-551f-4b29-b2e2-6750cbc94a6e"
          }
        ],
        "goal": [
          {
            "reference": ""
          },
          {
            "reference": ""
          },
          {
            "reference": ""
          },
          {
            "reference": ""
          },
          {
            "reference": ""
          }
        ],
        "activity": [
          {
            "detail": {
              "code": {
                "coding": [
                  {
                    "system": "http://snomed.info/sct",
                    "code": "160670007",
                    "display": "Diabetic diet"
                  }
                ]
              },
              "status": "in-progress"
            }
          },
          {
            "detail": {
              "code": {
                "coding": [
                  {
                    "system": "http://snomed.info/sct",
                    "code": "229065009",
                    "display": "Exercise therapy"
                  }
                ]
              },
              "status": "in-progress"
            }
          }
        ],
        "resourceType": "CarePlan"
      }
    },
    {
      "resource": {
        "meta": {
          "profile": [
            "http://standardhealthrecord.org/fhir/StructureDefinition/shr-medication-Medication"
          ]
        },
        "code": {
          "coding": [
            {
              "system": "http://www.nlm.nih.gov/research/umls/rxnorm",
              "code": "834060",
              "display": "Penicillin V Potassium 250 MG"
            }
          ],
          "text": "Penicillin V Potassium 250 MG"
        },
        "resourceType": "Medication"
      }
    },
    {
      "resource": {
        "meta": {
          "profile": [
            "http://standardhealthrecord.org/fhir/StructureDefinition/shr-medication-MedicationPrescription"
          ]
        },
        "extension": [
          {
            "url": "http://standardhealthrecord.org/fhir/StructureDefinition/shr-base-ActionCode-extension",
            "valueCodeableConcept": {
              "coding": [
                {
                  "system": "http://snomed.info/sct",
                  "code": "33633005",
                  "display": "Prescription of drug (procedure)"
                }
              ],
              "text": "Prescription of drug (procedure)"
            }
          }
        ],
        "status": "active",
        "medicationReference": {
          "reference": ""
        },
        "subject": {
          "reference": "urn:uuid:97cc0245-65a0-4df4-a053-e8b53aa69138"
        },
        "context": {
          "reference": "urn:uuid:f45c1964-8c34-45d8-95d7-f1e0adc2ffbe"
        },
        "authoredOn": "1975-12-31",
        "dosageInstruction": [
          {

          }
        ],
        "resourceType": "MedicationRequest"
      }
    },
    {
      "fullUrl": "urn:uuid:0aecdd09-8421-477b-b81b-799c1d9fca36",
      "resource": {
        "id": "0aecdd09-8421-477b-b81b-799c1d9fca36",
        "meta": {
          "profile": [
            "http://standardhealthrecord.org/fhir/StructureDefinition/shr-encounter-Encounter"
          ]
        },
        "status": "finished",
        "class": {
          "code": "ambulatory"
        },
        "type": [
          {
            "coding": [
              {
                "system": "http://snomed.info/sct",
                "code": "185345009"
              }
            ],
            "text": "Encounter for symptom"
          }
        ],
        "subject": {
          "reference": "urn:uuid:97cc0245-65a0-4df4-a053-e8b53aa69138"
        },
        "period": {
          "start": "2015-03-03T22:11:07-05:00",
          "end": "2015-03-03T22:11:07-05:00"
        },
        "reason": {
          "coding": [
            {
              "system": "http://snomed.info/sct",
              "code": "195662009",
              "display": "Acute viral pharyngitis (disorder)"
            }
          ]
        },
        "serviceProvider": {
          "reference": "urn:uuid:47acd0a9-5030-49ff-94fb-665d19a16794"
        },
        "resourceType": "Encounter"
      }
    },
    {
      "fullUrl": "urn:uuid:12327941-12d9-4e2c-8208-61b7f50bd877",
      "resource": {
        "id": "12327941-12d9-4e2c-8208-61b7f50bd877",
        "meta": {
          "profile": [
            "http://standardhealthrecord.org/fhir/StructureDefinition/shr-problem-Problem"
          ]
        },
        "clinicalStatus": "active",
        "verificationStatus": "confirmed",
        "code": {
          "coding": [
            {
              "system": "http://snomed.info/sct",
              "code": "195662009",
              "display": "Acute viral pharyngitis (disorder)"
            }
          ],
          "text": "Acute viral pharyngitis (disorder)"
        },
        "subject": {
          "reference": "urn:uuid:97cc0245-65a0-4df4-a053-e8b53aa69138"
        },
        "context": {
          "reference": "urn:uuid:0aecdd09-8421-477b-b81b-799c1d9fca36"
        },
        "onsetDateTime": "2015-02-27T22:36:32-05:00",
        "abatementDateTime": "2015-03-13T15:45:29-04:00",
        "assertedDate": "2015-02-27",
        "resourceType": "Condition"
      }
    },
    {
      "fullUrl": "urn:uuid:cb2be2a4-9642-4e04-bb0b-eaac344ee9ae",
      "resource": {
        "id": "cb2be2a4-9642-4e04-bb0b-eaac344ee9ae",
        "meta": {
          "profile": [
            "http://standardhealthrecord.org/fhir/StructureDefinition/shr-observation-Observation",
            "http://standardhealthrecord.org/fhir/StructureDefinition/shr-vital-VitalSign"
          ]
        },
        "status": "final",
        "category": [
          {
            "coding": [
              {
                "system": "http://hl7.org/fhir/observation-category",
                "code": "vital-signs"
              }
            ]
          }
        ],
        "code": {
          "coding": [
            {
              "system": "http://loinc.org",
              "code": "8331-1",
              "display": "Oral temperature"
            }
          ],
          "text": "Oral temperature"
        },
        "subject": {
          "reference": "urn:uuid:97cc0245-65a0-4df4-a053-e8b53aa69138"
        },
        "context": {
          "reference": "urn:uuid:0aecdd09-8421-477b-b81b-799c1d9fca36"
        },
        "effectiveDateTime": "2015-03-03T22:11:07-05:00",
        "issued": "2015-03-03T22:11:07-05:00",
        "valueQuantity": {
          "value": 37,
          "unit": "Cel",
          "system": "http://unitsofmeasure.org/",
          "code": "Cel"
        },
        "resourceType": "Observation"
      }
    },
    {
      "fullUrl": "urn:uuid:8f173cfc-186c-4adb-9ac5-cb869c5bd4b8",
      "resource": {
        "id": "8f173cfc-186c-4adb-9ac5-cb869c5bd4b8",
        "meta": {
          "profile": [
            "http://standardhealthrecord.org/fhir/StructureDefinition/shr-encounter-Encounter"
          ]
        },
        "status": "finished",
        "class": {
          "code": "outpatient"
        },
        "type": [
          {
            "coding": [
              {
                "system": "http://snomed.info/sct",
                "code": "185349003"
              }
            ],
            "text": "Outpatient Encounter"
          }
        ],
        "subject": {
          "reference": "urn:uuid:97cc0245-65a0-4df4-a053-e8b53aa69138"
        },
        "period": {
          "start": "2015-08-31T14:18:13-04:00",
          "end": "2015-08-31T15:18:13-04:00"
        },
        "serviceProvider": {
          "reference": "urn:uuid:47acd0a9-5030-49ff-94fb-665d19a16794"
        },
        "resourceType": "Encounter"
      }
    },
    {
      "fullUrl": "urn:uuid:aebef889-c6d2-4c41-8960-5c8d53707c3d",
      "resource": {
        "id": "aebef889-c6d2-4c41-8960-5c8d53707c3d",
        "meta": {
          "profile": [
            "http://standardhealthrecord.org/fhir/StructureDefinition/shr-observation-Observation"
          ]
        },
        "status": "final",
        "category": [
          {
            "coding": [
              {
                "system": "http://hl7.org/fhir/observation-category",
                "code": "laboratory"
              }
            ]
          }
        ],
        "code": {
          "coding": [
            {
              "system": "http://loinc.org",
              "code": "4548-4",
              "display": "Hemoglobin A1c/Hemoglobin.total in Blood"
            }
          ],
          "text": "Hemoglobin A1c/Hemoglobin.total in Blood"
        },
        "subject": {
          "reference": "urn:uuid:97cc0245-65a0-4df4-a053-e8b53aa69138"
        },
        "context": {
          "reference": "urn:uuid:8f173cfc-186c-4adb-9ac5-cb869c5bd4b8"
        },
        "effectiveDateTime": "2015-08-31T14:18:13-04:00",
        "issued": "2015-08-31T14:18:13-04:00",
        "valueQuantity": {
          "value": 5.8,
          "unit": "%",
          "system": "http://unitsofmeasure.org/",
          "code": "%"
        },
        "resourceType": "Observation"
      }
    },
    {
      "fullUrl": "urn:uuid:eb701ea3-37b9-4b74-817e-ec728f1efd36",
      "resource": {
        "id": "eb701ea3-37b9-4b74-817e-ec728f1efd36",
        "meta": {
          "profile": [
            "http://standardhealthrecord.org/fhir/StructureDefinition/shr-observation-Observation",
            "http://standardhealthrecord.org/fhir/StructureDefinition/shr-vital-VitalSign",
            "http://standardhealthrecord.org/fhir/StructureDefinition/shr-vital-BodyHeight"
          ]
        },
        "status": "final",
        "category": [
          {
            "coding": [
              {
                "system": "http://hl7.org/fhir/observation-category",
                "code": "vital-signs"
              }
            ]
          }
        ],
        "code": {
          "coding": [
            {
              "system": "http://loinc.org",
              "code": "8302-2",
              "display": "Body Height"
            }
          ],
          "text": "Body Height"
        },
        "subject": {
          "reference": "urn:uuid:97cc0245-65a0-4df4-a053-e8b53aa69138"
        },
        "context": {
          "reference": "urn:uuid:8f173cfc-186c-4adb-9ac5-cb869c5bd4b8"
        },
        "effectiveDateTime": "2015-08-31T14:18:13-04:00",
        "issued": "2015-08-31T14:18:13-04:00",
        "valueQuantity": {
          "value": 171.03442449607084,
          "unit": "cm",
          "system": "http://unitsofmeasure.org/",
          "code": "cm"
        },
        "resourceType": "Observation"
      }
    },
    {
      "fullUrl": "urn:uuid:bf372812-eb11-4093-8fee-5983d70848d6",
      "resource": {
        "id": "bf372812-eb11-4093-8fee-5983d70848d6",
        "meta": {
          "profile": [
            "http://standardhealthrecord.org/fhir/StructureDefinition/shr-observation-Observation",
            "http://standardhealthrecord.org/fhir/StructureDefinition/shr-vital-VitalSign",
            "http://standardhealthrecord.org/fhir/StructureDefinition/shr-vital-BodyWeight"
          ]
        },
        "status": "final",
        "category": [
          {
            "coding": [
              {
                "system": "http://hl7.org/fhir/observation-category",
                "code": "vital-signs"
              }
            ]
          }
        ],
        "code": {
          "coding": [
            {
              "system": "http://loinc.org",
              "code": "29463-7",
              "display": "Body Weight"
            }
          ],
          "text": "Body Weight"
        },
        "subject": {
          "reference": "urn:uuid:97cc0245-65a0-4df4-a053-e8b53aa69138"
        },
        "context": {
          "reference": "urn:uuid:8f173cfc-186c-4adb-9ac5-cb869c5bd4b8"
        },
        "effectiveDateTime": "2015-08-31T14:18:13-04:00",
        "issued": "2015-08-31T14:18:13-04:00",
        "valueQuantity": {
          "value": 96.29175183587712,
          "unit": "kg",
          "system": "http://unitsofmeasure.org/",
          "code": "kg"
        },
        "resourceType": "Observation"
      }
    },
    {
      "fullUrl": "urn:uuid:758963f2-1774-458b-b31f-4af90cadcea1",
      "resource": {
        "id": "758963f2-1774-458b-b31f-4af90cadcea1",
        "meta": {
          "profile": [
            "http://standardhealthrecord.org/fhir/StructureDefinition/shr-observation-Observation",
            "http://standardhealthrecord.org/fhir/StructureDefinition/shr-vital-VitalSign",
            "http://standardhealthrecord.org/fhir/StructureDefinition/shr-vital-BodyMassIndex"
          ]
        },
        "status": "final",
        "category": [
          {
            "coding": [
              {
                "system": "http://hl7.org/fhir/observation-category",
                "code": "vital-signs"
              }
            ]
          }
        ],
        "code": {
          "coding": [
            {
              "system": "http://loinc.org",
              "code": "39156-5",
              "display": "Body Mass Index"
            }
          ],
          "text": "Body Mass Index"
        },
        "subject": {
          "reference": "urn:uuid:97cc0245-65a0-4df4-a053-e8b53aa69138"
        },
        "context": {
          "reference": "urn:uuid:8f173cfc-186c-4adb-9ac5-cb869c5bd4b8"
        },
        "effectiveDateTime": "2015-08-31T14:18:13-04:00",
        "issued": "2015-08-31T14:18:13-04:00",
        "valueQuantity": {
          "value": 32.91713484743892,
          "unit": "kg/m2",
          "system": "http://unitsofmeasure.org/",
          "code": "kg/m2"
        },
        "resourceType": "Observation"
      }
    },
    {
      "fullUrl": "urn:uuid:6cde9f1c-e2f6-4220-aa09-234353f236bb",
      "resource": {
        "id": "6cde9f1c-e2f6-4220-aa09-234353f236bb",
        "meta": {
          "profile": [
            "http://standardhealthrecord.org/fhir/StructureDefinition/shr-observation-Observation",
            "http://standardhealthrecord.org/fhir/StructureDefinition/shr-vital-BloodPressure"
          ]
        },
        "status": "final",
        "category": [
          {
            "coding": [
              {
                "system": "http://hl7.org/fhir/observation-category",
                "code": "vital-signs"
              }
            ]
          }
        ],
        "code": {
          "coding": [
            {
              "system": "http://loinc.org",
              "code": "55284-4",
              "display": "Blood Pressure"
            }
          ]
        },
        "subject": {
          "reference": "urn:uuid:97cc0245-65a0-4df4-a053-e8b53aa69138"
        },
        "context": {
          "reference": "urn:uuid:8f173cfc-186c-4adb-9ac5-cb869c5bd4b8"
        },
        "effectiveDateTime": "2015-08-31T14:18:13-04:00",
        "issued": "2015-08-31T14:18:13-04:00",
        "component": [
          {
            "code": {
              "coding": [
                {
                  "system": "http://loinc.org",
                  "code": "8480-6",
                  "display": "Systolic Blood Pressure"
                }
              ],
              "text": "Systolic Blood Pressure"
            },
            "valueQuantity": {
              "value": 109,
              "unit": "mmHg",
              "system": "http://unitsofmeasure.org/",
              "code": "mmHg"
            }
          },
          {
            "code": {
              "coding": [
                {
                  "system": "http://loinc.org",
                  "code": "8462-4",
                  "display": "Diastolic Blood Pressure"
                }
              ],
              "text": "Diastolic Blood Pressure"
            },
            "valueQuantity": {
              "value": 84,
              "unit": "mmHg",
              "system": "http://unitsofmeasure.org/",
              "code": "mmHg"
            }
          }
        ],
        "resourceType": "Observation"
      }
    },
    {
      "fullUrl": "urn:uuid:4ccefbb9-398a-480e-819f-c827b581de39",
      "resource": {
        "id": "4ccefbb9-398a-480e-819f-c827b581de39",
        "meta": {
          "profile": [
            "http://standardhealthrecord.org/fhir/StructureDefinition/shr-observation-Observation"
          ]
        },
        "status": "final",
        "category": [
          {
            "coding": [
              {
                "system": "http://hl7.org/fhir/observation-category",
                "code": "laboratory"
              }
            ]
          }
        ],
        "code": {
          "coding": [
            {
              "system": "http://loinc.org",
              "code": "4548-4",
              "display": "Hemoglobin A1c/Hemoglobin.total in Blood"
            }
          ],
          "text": "Hemoglobin A1c/Hemoglobin.total in Blood"
        },
        "subject": {
          "reference": "urn:uuid:97cc0245-65a0-4df4-a053-e8b53aa69138"
        },
        "context": {
          "reference": "urn:uuid:8f173cfc-186c-4adb-9ac5-cb869c5bd4b8"
        },
        "effectiveDateTime": "2015-08-31T14:18:13-04:00",
        "issued": "2015-08-31T14:18:13-04:00",
        "valueQuantity": {
          "value": 5.8,
          "unit": "%",
          "system": "http://unitsofmeasure.org/",
          "code": "%"
        },
        "resourceType": "Observation"
      }
    },
    {
      "fullUrl": "urn:uuid:9228ad04-93f1-4faf-9859-e60bbd04a68d",
      "resource": {
        "id": "9228ad04-93f1-4faf-9859-e60bbd04a68d",
        "meta": {
          "profile": [
            "http://standardhealthrecord.org/fhir/StructureDefinition/shr-observation-Observation"
          ]
        },
        "status": "final",
        "category": [
          {
            "coding": [
              {
                "system": "http://hl7.org/fhir/observation-category",
                "code": "laboratory"
              }
            ]
          }
        ],
        "code": {
          "coding": [
            {
              "system": "http://loinc.org",
              "code": "2339-0",
              "display": "Glucose"
            }
          ],
          "text": "Glucose"
        },
        "subject": {
          "reference": "urn:uuid:97cc0245-65a0-4df4-a053-e8b53aa69138"
        },
        "context": {
          "reference": "urn:uuid:8f173cfc-186c-4adb-9ac5-cb869c5bd4b8"
        },
        "effectiveDateTime": "2015-08-31T14:18:13-04:00",
        "issued": "2015-08-31T14:18:13-04:00",
        "valueQuantity": {
          "value": 98,
          "unit": "mg/dL",
          "system": "http://unitsofmeasure.org/",
          "code": "mg/dL"
        },
        "resourceType": "Observation"
      }
    },
    {
      "fullUrl": "urn:uuid:da7810b6-3cb6-436f-98dd-f570c40842bc",
      "resource": {
        "id": "da7810b6-3cb6-436f-98dd-f570c40842bc",
        "meta": {
          "profile": [
            "http://standardhealthrecord.org/fhir/StructureDefinition/shr-observation-Observation"
          ]
        },
        "status": "final",
        "category": [
          {
            "coding": [
              {
                "system": "http://hl7.org/fhir/observation-category",
                "code": "laboratory"
              }
            ]
          }
        ],
        "code": {
          "coding": [
            {
              "system": "http://loinc.org",
              "code": "6299-2",
              "display": "Urea Nitrogen"
            }
          ],
          "text": "Urea Nitrogen"
        },
        "subject": {
          "reference": "urn:uuid:97cc0245-65a0-4df4-a053-e8b53aa69138"
        },
        "context": {
          "reference": "urn:uuid:8f173cfc-186c-4adb-9ac5-cb869c5bd4b8"
        },
        "effectiveDateTime": "2015-08-31T14:18:13-04:00",
        "issued": "2015-08-31T14:18:13-04:00",
        "valueQuantity": {
          "value": 15,
          "unit": "mg/dL",
          "system": "http://unitsofmeasure.org/",
          "code": "mg/dL"
        },
        "resourceType": "Observation"
      }
    },
    {
      "fullUrl": "urn:uuid:c923f803-ef0d-4ca0-a4b7-d585346af04c",
      "resource": {
        "id": "c923f803-ef0d-4ca0-a4b7-d585346af04c",
        "meta": {
          "profile": [
            "http://standardhealthrecord.org/fhir/StructureDefinition/shr-observation-Observation"
          ]
        },
        "status": "final",
        "category": [
          {
            "coding": [
              {
                "system": "http://hl7.org/fhir/observation-category",
                "code": "laboratory"
              }
            ]
          }
        ],
        "code": {
          "coding": [
            {
              "system": "http://loinc.org",
              "code": "38483-4",
              "display": "Creatinine"
            }
          ],
          "text": "Creatinine"
        },
        "subject": {
          "reference": "urn:uuid:97cc0245-65a0-4df4-a053-e8b53aa69138"
        },
        "context": {
          "reference": "urn:uuid:8f173cfc-186c-4adb-9ac5-cb869c5bd4b8"
        },
        "effectiveDateTime": "2015-08-31T14:18:13-04:00",
        "issued": "2015-08-31T14:18:13-04:00",
        "valueQuantity": {
          "value": 1.0,
          "unit": "mg/dL",
          "system": "http://unitsofmeasure.org/",
          "code": "mg/dL"
        },
        "resourceType": "Observation"
      }
    },
    {
      "fullUrl": "urn:uuid:6ccf7bdc-547f-4fad-853c-1f3221aa8982",
      "resource": {
        "id": "6ccf7bdc-547f-4fad-853c-1f3221aa8982",
        "meta": {
          "profile": [
            "http://standardhealthrecord.org/fhir/StructureDefinition/shr-observation-Observation"
          ]
        },
        "status": "final",
        "category": [
          {
            "coding": [
              {
                "system": "http://hl7.org/fhir/observation-category",
                "code": "laboratory"
              }
            ]
          }
        ],
        "code": {
          "coding": [
            {
              "system": "http://loinc.org",
              "code": "49765-1",
              "display": "Calcium"
            }
          ],
          "text": "Calcium"
        },
        "subject": {
          "reference": "urn:uuid:97cc0245-65a0-4df4-a053-e8b53aa69138"
        },
        "context": {
          "reference": "urn:uuid:8f173cfc-186c-4adb-9ac5-cb869c5bd4b8"
        },
        "effectiveDateTime": "2015-08-31T14:18:13-04:00",
        "issued": "2015-08-31T14:18:13-04:00",
        "valueQuantity": {
          "value": 8.996481943208618,
          "unit": "mg/dL",
          "system": "http://unitsofmeasure.org/",
          "code": "mg/dL"
        },
        "resourceType": "Observation"
      }
    },
    {
      "fullUrl": "urn:uuid:e7969c65-7c7e-43d9-a485-35f39ae396a3",
      "resource": {
        "id": "e7969c65-7c7e-43d9-a485-35f39ae396a3",
        "meta": {
          "profile": [
            "http://standardhealthrecord.org/fhir/StructureDefinition/shr-observation-Observation"
          ]
        },
        "status": "final",
        "category": [
          {
            "coding": [
              {
                "system": "http://hl7.org/fhir/observation-category",
                "code": "laboratory"
              }
            ]
          }
        ],
        "code": {
          "coding": [
            {
              "system": "http://loinc.org",
              "code": "2947-0",
              "display": "Sodium"
            }
          ],
          "text": "Sodium"
        },
        "subject": {
          "reference": "urn:uuid:97cc0245-65a0-4df4-a053-e8b53aa69138"
        },
        "context": {
          "reference": "urn:uuid:8f173cfc-186c-4adb-9ac5-cb869c5bd4b8"
        },
        "effectiveDateTime": "2015-08-31T14:18:13-04:00",
        "issued": "2015-08-31T14:18:13-04:00",
        "valueQuantity": {
          "value": 136,
          "unit": "mmol/L",
          "system": "http://unitsofmeasure.org/",
          "code": "mmol/L"
        },
        "resourceType": "Observation"
      }
    },
    {
      "fullUrl": "urn:uuid:c5a099c0-024b-433c-9a77-965b4995946f",
      "resource": {
        "id": "c5a099c0-024b-433c-9a77-965b4995946f",
        "meta": {
          "profile": [
            "http://standardhealthrecord.org/fhir/StructureDefinition/shr-observation-Observation"
          ]
        },
        "status": "final",
        "category": [
          {
            "coding": [
              {
                "system": "http://hl7.org/fhir/observation-category",
                "code": "laboratory"
              }
            ]
          }
        ],
        "code": {
          "coding": [
            {
              "system": "http://loinc.org",
              "code": "6298-4",
              "display": "Potassium"
            }
          ],
          "text": "Potassium"
        },
        "subject": {
          "reference": "urn:uuid:97cc0245-65a0-4df4-a053-e8b53aa69138"
        },
        "context": {
          "reference": "urn:uuid:8f173cfc-186c-4adb-9ac5-cb869c5bd4b8"
        },
        "effectiveDateTime": "2015-08-31T14:18:13-04:00",
        "issued": "2015-08-31T14:18:13-04:00",
        "valueQuantity": {
          "value": 4.646343728901377,
          "unit": "mmol/L",
          "system": "http://unitsofmeasure.org/",
          "code": "mmol/L"
        },
        "resourceType": "Observation"
      }
    },
    {
      "fullUrl": "urn:uuid:88a7fd2c-4afc-406f-b4d1-f2fec504bc05",
      "resource": {
        "id": "88a7fd2c-4afc-406f-b4d1-f2fec504bc05",
        "meta": {
          "profile": [
            "http://standardhealthrecord.org/fhir/StructureDefinition/shr-observation-Observation"
          ]
        },
        "status": "final",
        "category": [
          {
            "coding": [
              {
                "system": "http://hl7.org/fhir/observation-category",
                "code": "laboratory"
              }
            ]
          }
        ],
        "code": {
          "coding": [
            {
              "system": "http://loinc.org",
              "code": "2069-3",
              "display": "Chloride"
            }
          ],
          "text": "Chloride"
        },
        "subject": {
          "reference": "urn:uuid:97cc0245-65a0-4df4-a053-e8b53aa69138"
        },
        "context": {
          "reference": "urn:uuid:8f173cfc-186c-4adb-9ac5-cb869c5bd4b8"
        },
        "effectiveDateTime": "2015-08-31T14:18:13-04:00",
        "issued": "2015-08-31T14:18:13-04:00",
        "valueQuantity": {
          "value": 110,
          "unit": "mmol/L",
          "system": "http://unitsofmeasure.org/",
          "code": "mmol/L"
        },
        "resourceType": "Observation"
      }
    },
    {
      "fullUrl": "urn:uuid:d329897c-3b67-425b-9d6e-b4524b68c114",
      "resource": {
        "id": "d329897c-3b67-425b-9d6e-b4524b68c114",
        "meta": {
          "profile": [
            "http://standardhealthrecord.org/fhir/StructureDefinition/shr-observation-Observation"
          ]
        },
        "status": "final",
        "category": [
          {
            "coding": [
              {
                "system": "http://hl7.org/fhir/observation-category",
                "code": "laboratory"
              }
            ]
          }
        ],
        "code": {
          "coding": [
            {
              "system": "http://loinc.org",
              "code": "20565-8",
              "display": "Carbon Dioxide"
            }
          ],
          "text": "Carbon Dioxide"
        },
        "subject": {
          "reference": "urn:uuid:97cc0245-65a0-4df4-a053-e8b53aa69138"
        },
        "context": {
          "reference": "urn:uuid:8f173cfc-186c-4adb-9ac5-cb869c5bd4b8"
        },
        "effectiveDateTime": "2015-08-31T14:18:13-04:00",
        "issued": "2015-08-31T14:18:13-04:00",
        "valueQuantity": {
          "value": 29,
          "unit": "mmol/L",
          "system": "http://unitsofmeasure.org/",
          "code": "mmol/L"
        },
        "resourceType": "Observation"
      }
    },
    {
      "fullUrl": "urn:uuid:138a9c92-d3c3-4165-af89-caa106ca723c",
      "resource": {
        "id": "138a9c92-d3c3-4165-af89-caa106ca723c",
        "meta": {
          "profile": [
            "http://standardhealthrecord.org/fhir/StructureDefinition/shr-observation-Panel"
          ]
        },
        "status": "final",
        "code": {
          "coding": [
            {
              "system": "http://loinc.org",
              "code": "51990-0",
              "display": "Basic Metabolic Panel"
            }
          ]
        },
        "subject": {
          "reference": "urn:uuid:97cc0245-65a0-4df4-a053-e8b53aa69138"
        },
        "context": {
          "reference": "urn:uuid:8f173cfc-186c-4adb-9ac5-cb869c5bd4b8"
        },
        "effectiveDateTime": "2015-08-31T14:18:13-04:00",
        "issued": "2015-08-31T14:18:13-04:00",
        "result": [
          {
            "reference": "urn:uuid:9228ad04-93f1-4faf-9859-e60bbd04a68d",
            "display": "Glucose"
          },
          {
            "reference": "urn:uuid:da7810b6-3cb6-436f-98dd-f570c40842bc",
            "display": "Urea Nitrogen"
          },
          {
            "reference": "urn:uuid:c923f803-ef0d-4ca0-a4b7-d585346af04c",
            "display": "Creatinine"
          },
          {
            "reference": "urn:uuid:6ccf7bdc-547f-4fad-853c-1f3221aa8982",
            "display": "Calcium"
          },
          {
            "reference": "urn:uuid:e7969c65-7c7e-43d9-a485-35f39ae396a3",
            "display": "Sodium"
          },
          {
            "reference": "urn:uuid:c5a099c0-024b-433c-9a77-965b4995946f",
            "display": "Potassium"
          },
          {
            "reference": "urn:uuid:88a7fd2c-4afc-406f-b4d1-f2fec504bc05",
            "display": "Chloride"
          },
          {
            "reference": "urn:uuid:d329897c-3b67-425b-9d6e-b4524b68c114",
            "display": "Carbon Dioxide"
          }
        ],
        "resourceType": "DiagnosticReport"
      }
    },
    {
      "resource": {
        "meta": {
          "profile": [
            "http://standardhealthrecord.org/fhir/StructureDefinition/shr-immunization-Immunization"
          ]
        },
        "status": "completed",
        "notGiven": false,
        "vaccineCode": {
          "coding": [
            {
              "system": "http://hl7.org/fhir/sid/cvx",
              "code": "140",
              "display": "Influenza, seasonal, injectable, preservative free"
            }
          ],
          "text": "Influenza, seasonal, injectable, preservative free"
        },
        "patient": {
          "reference": "urn:uuid:97cc0245-65a0-4df4-a053-e8b53aa69138"
        },
        "encounter": {
          "reference": "urn:uuid:8f173cfc-186c-4adb-9ac5-cb869c5bd4b8"
        },
        "date": "2015-08-31T14:18:13-04:00",
        "primarySource": true,
        "resourceType": "Immunization"
      }
    },
    {
      "resource": {
        "meta": {
          "profile": [
            "http://standardhealthrecord.org/fhir/StructureDefinition/shr-immunization-Immunization"
          ]
        },
        "status": "completed",
        "notGiven": false,
        "vaccineCode": {
          "coding": [
            {
              "system": "http://hl7.org/fhir/sid/cvx",
              "code": "113",
              "display": "Td (adult) preservative free"
            }
          ],
          "text": "Td (adult) preservative free"
        },
        "patient": {
          "reference": "urn:uuid:97cc0245-65a0-4df4-a053-e8b53aa69138"
        },
        "encounter": {
          "reference": "urn:uuid:8f173cfc-186c-4adb-9ac5-cb869c5bd4b8"
        },
        "date": "2015-08-31T14:18:13-04:00",
        "primarySource": true,
        "resourceType": "Immunization"
      }
    }
  ],
  "resourceType": "Bundle"
}