{
  "type": "collection",
  "entry": [
    {
      "fullUrl": "urn:uuid:7d91efad-54c3-40e5-968f-06ae52e6d850",
      "resource": {
        "id": "7d91efad-54c3-40e5-968f-06ae52e6d850",
        "meta": {
          "profile": [
            "http://standardhealthrecord.org/fhir/StructureDefinition/shr-demographics-PersonOfRecord"
          ]
        },
        "text": {
          "status": "generated",
          "div": "<div>Generated by <a href=\"https://github.com/synthetichealth/synthea\">Synthea</a>. Version identifier: 4d02400401b9fab839e47bf5b2f1f6a8c683ab55</div>"
        },
        "extension": [
          {
            "url": "http://hl7.org/fhir/us/core/StructureDefinition/us-core-race",
            "valueCodeableConcept": {
              "coding": [
                {
                  "system": "http://hl7.org/fhir/v3/Race",
                  "code": "2106-3",
                  "display": "White"
                }
              ],
              "text": "race"
            }
          },
          {
            "url": "http://hl7.org/fhir/us/core/StructureDefinition/us-core-ethnicity",
            "valueCodeableConcept": {
              "coding": [
                {
                  "system": "http://hl7.org/fhir/v3/Ethnicity",
                  "code": "2186-5",
                  "display": "Nonhispanic"
                }
              ],
              "text": "ethnicity"
            }
          },
          {
            "url": "http://hl7.org/fhir/StructureDefinition/birthPlace",
            "valueAddress": {
              "city": "Haverhill",
              "state": "MA",
              "country": "US"
            }
          },
          {
            "url": "http://hl7.org/fhir/StructureDefinition/patient-mothersMaidenName",
            "valueString": "Johnathan902 Kulas950"
          },
          {
            "url": "http://hl7.org/fhir/us/core/StructureDefinition/us-core-birthsex",
            "valueCode": "M"
          },
          {
            "url": "http://hl7.org/fhir/StructureDefinition/patient-interpreterRequired",
            "valueBoolean": false
          },
          {
            "url": "http://standardhealthrecord.org/fhir/StructureDefinition/shr-actor-FictionalPerson-extension",
            "valueBoolean": true
          },
          {
            "url": "http://standardhealthrecord.org/fhir/StructureDefinition/shr-demographics-FathersName-extension",
            "valueHumanName": {
              "text": "Stevie279 Abbott992"
            }
          },
          {
            "url": "http://standardhealthrecord.org/fhir/StructureDefinition/shr-demographics-SocialSecurityNumber-extension",
            "valueString": "999-45-5957"
          }
        ],
        "identifier": [
          {
            "system": "https://github.com/synthetichealth/synthea",
            "value": "876d9476-a760-4d88-b594-3b1850b81127"
          },
          {
            "type": {
              "coding": [
                {
                  "system": "http://hl7.org/fhir/identifier-type",
                  "code": "SB"
                }
              ]
            },
            "system": "http://hl7.org/fhir/sid/us-ssn",
            "value": "999455957"
          },
          {
            "type": {
              "coding": [
                {
                  "system": "http://hl7.org/fhir/v2/0203",
                  "code": "DL"
                }
              ]
            },
            "system": "urn:oid:2.16.840.1.113883.4.3.25",
            "value": "S99938102"
          },
          {
            "type": {
              "coding": [
                {
                  "system": "http://hl7.org/fhir/v2/0203",
                  "code": "PPN"
                }
              ]
            },
            "system": "http://standardhealthrecord.org/fhir/StructureDefinition/passportNumber",
            "value": "X53536876X"
          }
        ],
        "name": [
          {
            "use": "official",
            "family": "Abbott992",
            "given": [
              "Santiago538"
            ],
            "prefix": [
              "Mr."
            ]
          }
        ],
        "telecom": [
          {
            "system": "phone",
            "value": "418-931-0370 x7801",
            "use": "home"
          }
        ],
        "gender": "male",
        "birthDate": "1965-08-19",
        "address": [
          {
            "extension": [
              {
                "extension": [
                  {
                    "url": "latitude",
                    "valueDecimal": 42.153070540795625
                  },
                  {
                    "url": "longitude",
                    "valueDecimal": -71.90194922965233
                  }
                ],
                "url": "http://hl7.org/fhir/StructureDefinition/geolocation"
              }
            ],
            "line": [
              "82384 Funk Plains",
              "Apt. 864"
            ],
            "city": "Oxford",
            "state": "MA",
            "postalCode": "01540",
            "country": "US"
          }
        ],
        "maritalStatus": {
          "coding": [
            {
              "system": "http://hl7.org/fhir/v3/MaritalStatus",
              "code": "S"
            }
          ],
          "text": "S"
        },
        "multipleBirthBoolean": false,
        "communication": [
          {
            "language": {
              "coding": [
                {
                  "system": "http://hl7.org/fhir/ValueSet/languages",
                  "code": "en-US",
                  "display": "English (United States)"
                }
              ]
            }
          }
        ],
        "resourceType": "Patient"
      }
    },
    {
      "fullUrl": "urn:uuid:6c57226f-d7f2-4fdc-8ea0-21d9bed73669",
      "resource": {
        "id": "6c57226f-d7f2-4fdc-8ea0-21d9bed73669",
        "meta": {
          "profile": [
            "http://standardhealthrecord.org/fhir/StructureDefinition/shr-actor-Organization"
          ]
        },
        "type": [
          {
            "coding": [
              {
                "system": "http://hl7.org/fhir/ValueSet/organization-type",
                "code": "prov",
                "display": "Healthcare Provider"
              }
            ],
            "text": "Healthcare Provider"
          }
        ],
        "name": "Synthetic Provider",
        "resourceType": "Organization"
      }
    },
    {
      "fullUrl": "urn:uuid:1b2fdba6-b9cd-45e6-8734-b9cf2246309d",
      "resource": {
        "id": "1b2fdba6-b9cd-45e6-8734-b9cf2246309d",
        "meta": {
          "profile": [
            "http://standardhealthrecord.org/fhir/StructureDefinition/shr-encounter-Encounter"
          ]
        },
        "status": "finished",
        "class": {
          "code": "outpatient"
        },
        "type": [
          {
            "coding": [
              {
                "system": "http://snomed.info/sct",
                "code": "185349003"
              }
            ],
            "text": "Outpatient Encounter"
          }
        ],
        "subject": {
          "reference": "urn:uuid:7d91efad-54c3-40e5-968f-06ae52e6d850"
        },
        "period": {
          "start": "2012-07-26T17:24:21-04:00",
          "end": "2012-07-26T18:24:21-04:00"
        },
        "serviceProvider": {
          "reference": "urn:uuid:6c57226f-d7f2-4fdc-8ea0-21d9bed73669"
        },
        "resourceType": "Encounter"
      }
    },
    {
      "fullUrl": "urn:uuid:8a70e079-a0e4-444c-bffd-33c84b0699ca",
      "resource": {
        "id": "8a70e079-a0e4-444c-bffd-33c84b0699ca",
        "meta": {
          "profile": [
            "http://standardhealthrecord.org/fhir/StructureDefinition/shr-observation-Observation",
            "http://standardhealthrecord.org/fhir/StructureDefinition/shr-vital-VitalSign",
            "http://standardhealthrecord.org/fhir/StructureDefinition/shr-vital-BodyHeight"
          ]
        },
        "status": "final",
        "category": [
          {
            "coding": [
              {
                "system": "http://hl7.org/fhir/observation-category",
                "code": "vital-signs"
              }
            ]
          }
        ],
        "code": {
          "coding": [
            {
              "system": "http://loinc.org",
              "code": "8302-2",
              "display": "Body Height"
            }
          ],
          "text": "Body Height"
        },
        "subject": {
          "reference": "urn:uuid:7d91efad-54c3-40e5-968f-06ae52e6d850"
        },
        "context": {
          "reference": "urn:uuid:1b2fdba6-b9cd-45e6-8734-b9cf2246309d"
        },
        "effectiveDateTime": "2012-07-26T17:24:21-04:00",
        "issued": "2012-07-26T17:24:21-04:00",
        "valueQuantity": {
          "value": 167.83362311665923,
          "unit": "cm",
          "system": "http://unitsofmeasure.org/",
          "code": "cm"
        },
        "resourceType": "Observation"
      }
    },
    {
      "fullUrl": "urn:uuid:228903ac-ba6e-4186-9f09-538106daec65",
      "resource": {
        "id": "228903ac-ba6e-4186-9f09-538106daec65",
        "meta": {
          "profile": [
            "http://standardhealthrecord.org/fhir/StructureDefinition/shr-observation-Observation",
            "http://standardhealthrecord.org/fhir/StructureDefinition/shr-vital-VitalSign",
            "http://standardhealthrecord.org/fhir/StructureDefinition/shr-vital-BodyWeight"
          ]
        },
        "status": "final",
        "category": [
          {
            "coding": [
              {
                "system": "http://hl7.org/fhir/observation-category",
                "code": "vital-signs"
              }
            ]
          }
        ],
        "code": {
          "coding": [
            {
              "system": "http://loinc.org",
              "code": "29463-7",
              "display": "Body Weight"
            }
          ],
          "text": "Body Weight"
        },
        "subject": {
          "reference": "urn:uuid:7d91efad-54c3-40e5-968f-06ae52e6d850"
        },
        "context": {
          "reference": "urn:uuid:1b2fdba6-b9cd-45e6-8734-b9cf2246309d"
        },
        "effectiveDateTime": "2012-07-26T17:24:21-04:00",
        "issued": "2012-07-26T17:24:21-04:00",
        "valueQuantity": {
          "value": 139.73478658290372,
          "unit": "kg",
          "system": "http://unitsofmeasure.org/",
          "code": "kg"
        },
        "resourceType": "Observation"
      }
    },
    {
      "fullUrl": "urn:uuid:5598ad0f-a81f-4f74-9568-a52639afd757",
      "resource": {
        "id": "5598ad0f-a81f-4f74-9568-a52639afd757",
        "meta": {
          "profile": [
            "http://standardhealthrecord.org/fhir/StructureDefinition/shr-observation-Observation",
            "http://standardhealthrecord.org/fhir/StructureDefinition/shr-vital-VitalSign",
            "http://standardhealthrecord.org/fhir/StructureDefinition/shr-vital-BodyMassIndex"
          ]
        },
        "status": "final",
        "category": [
          {
            "coding": [
              {
                "system": "http://hl7.org/fhir/observation-category",
                "code": "vital-signs"
              }
            ]
          }
        ],
        "code": {
          "coding": [
            {
              "system": "http://loinc.org",
              "code": "39156-5",
              "display": "Body Mass Index"
            }
          ],
          "text": "Body Mass Index"
        },
        "subject": {
          "reference": "urn:uuid:7d91efad-54c3-40e5-968f-06ae52e6d850"
        },
        "context": {
          "reference": "urn:uuid:1b2fdba6-b9cd-45e6-8734-b9cf2246309d"
        },
        "effectiveDateTime": "2012-07-26T17:24:21-04:00",
        "issued": "2012-07-26T17:24:21-04:00",
        "valueQuantity": {
          "value": 49.60741488561355,
          "unit": "kg/m2",
          "system": "http://unitsofmeasure.org/",
          "code": "kg/m2"
        },
        "resourceType": "Observation"
      }
    },
    {
      "fullUrl": "urn:uuid:c6c488e2-4ff9-47ef-becd-a79938f2960e",
      "resource": {
        "id": "c6c488e2-4ff9-47ef-becd-a79938f2960e",
        "meta": {
          "profile": [
            "http://standardhealthrecord.org/fhir/StructureDefinition/shr-observation-Observation",
            "http://standardhealthrecord.org/fhir/StructureDefinition/shr-vital-BloodPressure"
          ]
        },
        "status": "final",
        "category": [
          {
            "coding": [
              {
                "system": "http://hl7.org/fhir/observation-category",
                "code": "vital-signs"
              }
            ]
          }
        ],
        "code": {
          "coding": [
            {
              "system": "http://loinc.org",
              "code": "55284-4",
              "display": "Blood Pressure"
            }
          ]
        },
        "subject": {
          "reference": "urn:uuid:7d91efad-54c3-40e5-968f-06ae52e6d850"
        },
        "context": {
          "reference": "urn:uuid:1b2fdba6-b9cd-45e6-8734-b9cf2246309d"
        },
        "effectiveDateTime": "2012-07-26T17:24:21-04:00",
        "issued": "2012-07-26T17:24:21-04:00",
        "component": [
          {
            "code": {
              "coding": [
                {
                  "system": "http://loinc.org",
                  "code": "8480-6",
                  "display": "Systolic Blood Pressure"
                }
              ],
              "text": "Systolic Blood Pressure"
            },
            "valueQuantity": {
              "value": 115,
              "unit": "mmHg",
              "system": "http://unitsofmeasure.org/",
              "code": "mmHg"
            }
          },
          {
            "code": {
              "coding": [
                {
                  "system": "http://loinc.org",
                  "code": "8462-4",
                  "display": "Diastolic Blood Pressure"
                }
              ],
              "text": "Diastolic Blood Pressure"
            },
            "valueQuantity": {
              "value": 77,
              "unit": "mmHg",
              "system": "http://unitsofmeasure.org/",
              "code": "mmHg"
            }
          }
        ],
        "resourceType": "Observation"
      }
    },
    {
      "resource": {
        "meta": {
          "profile": [
            "http://standardhealthrecord.org/fhir/StructureDefinition/shr-procedure-Procedure"
          ]
        },
        "extension": [
          {
            "url": "http://standardhealthrecord.org/fhir/StructureDefinition/shr-core-CodeableConcept-extension",
            "valueCodeableConcept": {
              "coding": [
                {
                  "system": "http://snomed.info/sct",
                  "code": "428191000124101",
                  "display": "Documentation of current medications"
                }
              ],
              "text": "Documentation of current medications"
            }
          }
        ],
        "status": "completed",
        "code": {
          "coding": [
            {
              "system": "http://snomed.info/sct",
              "code": "428191000124101",
              "display": "Documentation of current medications"
            }
          ],
          "text": "Documentation of current medications"
        },
        "subject": {
          "reference": "urn:uuid:7d91efad-54c3-40e5-968f-06ae52e6d850"
        },
        "context": {
          "reference": "urn:uuid:1b2fdba6-b9cd-45e6-8734-b9cf2246309d"
        },
        "performedDateTime": "2012-07-26T17:24:21-04:00",
        "resourceType": "Procedure"
      }
    },
    {
      "resource": {
        "meta": {
          "profile": [
            "http://standardhealthrecord.org/fhir/StructureDefinition/shr-immunization-Immunization"
          ]
        },
        "status": "completed",
        "notGiven": false,
        "vaccineCode": {
          "coding": [
            {
              "system": "http://hl7.org/fhir/sid/cvx",
              "code": "140",
              "display": "Influenza, seasonal, injectable, preservative free"
            }
          ],
          "text": "Influenza, seasonal, injectable, preservative free"
        },
        "patient": {
          "reference": "urn:uuid:7d91efad-54c3-40e5-968f-06ae52e6d850"
        },
        "encounter": {
          "reference": "urn:uuid:1b2fdba6-b9cd-45e6-8734-b9cf2246309d"
        },
        "date": "2012-07-26T17:24:21-04:00",
        "primarySource": true,
        "resourceType": "Immunization"
      }
    },
    {
      "resource": {
        "meta": {
          "profile": [
            "http://standardhealthrecord.org/fhir/StructureDefinition/shr-medication-Medication"
          ]
        },
        "code": {
          "coding": [
            {
              "system": "http://www.nlm.nih.gov/research/umls/rxnorm",
              "code": "834060",
              "display": "Penicillin V Potassium 250 MG"
            }
          ],
          "text": "Penicillin V Potassium 250 MG"
        },
        "resourceType": "Medication"
      }
    },
    {
      "resource": {
        "meta": {
          "profile": [
            "http://standardhealthrecord.org/fhir/StructureDefinition/shr-medication-MedicationPrescription"
          ]
        },
        "extension": [
          {
            "url": "http://standardhealthrecord.org/fhir/StructureDefinition/shr-base-ActionCode-extension",
            "valueCodeableConcept": {
              "coding": [
                {
                  "system": "http://snomed.info/sct",
                  "code": "33633005",
                  "display": "Prescription of drug (procedure)"
                }
              ],
              "text": "Prescription of drug (procedure)"
            }
          }
        ],
        "status": "active",
        "medicationReference": {
          "reference": ""
        },
        "subject": {
          "reference": "urn:uuid:7d91efad-54c3-40e5-968f-06ae52e6d850"
        },
        "context": {
          "reference": "urn:uuid:1b2fdba6-b9cd-45e6-8734-b9cf2246309d"
        },
        "authoredOn": "1981-09-21",
        "dosageInstruction": [
          {

          }
        ],
        "resourceType": "MedicationRequest"
      }
    },
    {
      "fullUrl": "urn:uuid:f73c4178-591d-43e1-8737-e0c758c2cf84",
      "resource": {
        "id": "f73c4178-591d-43e1-8737-e0c758c2cf84",
        "meta": {
          "profile": [
            "http://standardhealthrecord.org/fhir/StructureDefinition/shr-encounter-Encounter"
          ]
        },
        "status": "finished",
        "class": {
          "code": "outpatient"
        },
        "type": [
          {
            "coding": [
              {
                "system": "http://snomed.info/sct",
                "code": "185349003"
              }
            ],
            "text": "Outpatient Encounter"
          }
        ],
        "subject": {
          "reference": "urn:uuid:7d91efad-54c3-40e5-968f-06ae52e6d850"
        },
        "period": {
          "start": "2014-09-20T00:39:49-04:00",
          "end": "2014-09-20T01:39:49-04:00"
        },
        "serviceProvider": {
          "reference": "urn:uuid:6c57226f-d7f2-4fdc-8ea0-21d9bed73669"
        },
        "resourceType": "Encounter"
      }
    },
    {
      "fullUrl": "urn:uuid:116c3ec4-00ba-445f-8a98-cc74deb29e27",
      "resource": {
        "id": "116c3ec4-00ba-445f-8a98-cc74deb29e27",
        "meta": {
          "profile": [
            "http://standardhealthrecord.org/fhir/StructureDefinition/shr-observation-Observation",
            "http://standardhealthrecord.org/fhir/StructureDefinition/shr-vital-VitalSign",
            "http://standardhealthrecord.org/fhir/StructureDefinition/shr-vital-BodyHeight"
          ]
        },
        "status": "final",
        "category": [
          {
            "coding": [
              {
                "system": "http://hl7.org/fhir/observation-category",
                "code": "vital-signs"
              }
            ]
          }
        ],
        "code": {
          "coding": [
            {
              "system": "http://loinc.org",
              "code": "8302-2",
              "display": "Body Height"
            }
          ],
          "text": "Body Height"
        },
        "subject": {
          "reference": "urn:uuid:7d91efad-54c3-40e5-968f-06ae52e6d850"
        },
        "context": {
          "reference": "urn:uuid:f73c4178-591d-43e1-8737-e0c758c2cf84"
        },
        "effectiveDateTime": "2014-09-20T00:39:49-04:00",
        "issued": "2014-09-20T00:39:49-04:00",
        "valueQuantity": {
          "value": 167.83362311665923,
          "unit": "cm",
          "system": "http://unitsofmeasure.org/",
          "code": "cm"
        },
        "resourceType": "Observation"
      }
    },
    {
      "fullUrl": "urn:uuid:8426da84-3922-45f9-9945-8478758deaaa",
      "resource": {
        "id": "8426da84-3922-45f9-9945-8478758deaaa",
        "meta": {
          "profile": [
            "http://standardhealthrecord.org/fhir/StructureDefinition/shr-observation-Observation",
            "http://standardhealthrecord.org/fhir/StructureDefinition/shr-vital-VitalSign",
            "http://standardhealthrecord.org/fhir/StructureDefinition/shr-vital-BodyWeight"
          ]
        },
        "status": "final",
        "category": [
          {
            "coding": [
              {
                "system": "http://hl7.org/fhir/observation-category",
                "code": "vital-signs"
              }
            ]
          }
        ],
        "code": {
          "coding": [
            {
              "system": "http://loinc.org",
              "code": "29463-7",
              "display": "Body Weight"
            }
          ],
          "text": "Body Weight"
        },
        "subject": {
          "reference": "urn:uuid:7d91efad-54c3-40e5-968f-06ae52e6d850"
        },
        "context": {
          "reference": "urn:uuid:f73c4178-591d-43e1-8737-e0c758c2cf84"
        },
        "effectiveDateTime": "2014-09-20T00:39:49-04:00",
        "issued": "2014-09-20T00:39:49-04:00",
        "valueQuantity": {
          "value": 143.99757879903132,
          "unit": "kg",
          "system": "http://unitsofmeasure.org/",
          "code": "kg"
        },
        "resourceType": "Observation"
      }
    },
    {
      "fullUrl": "urn:uuid:994ee69c-2a09-4f20-877b-94e32c56f50a",
      "resource": {
        "id": "994ee69c-2a09-4f20-877b-94e32c56f50a",
        "meta": {
          "profile": [
            "http://standardhealthrecord.org/fhir/StructureDefinition/shr-observation-Observation",
            "http://standardhealthrecord.org/fhir/StructureDefinition/shr-vital-VitalSign",
            "http://standardhealthrecord.org/fhir/StructureDefinition/shr-vital-BodyMassIndex"
          ]
        },
        "status": "final",
        "category": [
          {
            "coding": [
              {
                "system": "http://hl7.org/fhir/observation-category",
                "code": "vital-signs"
              }
            ]
          }
        ],
        "code": {
          "coding": [
            {
              "system": "http://loinc.org",
              "code": "39156-5",
              "display": "Body Mass Index"
            }
          ],
          "text": "Body Mass Index"
        },
        "subject": {
          "reference": "urn:uuid:7d91efad-54c3-40e5-968f-06ae52e6d850"
        },
        "context": {
          "reference": "urn:uuid:f73c4178-591d-43e1-8737-e0c758c2cf84"
        },
        "effectiveDateTime": "2014-09-20T00:39:49-04:00",
        "issued": "2014-09-20T00:39:49-04:00",
        "valueQuantity": {
          "value": 51.1207538844973,
          "unit": "kg/m2",
          "system": "http://unitsofmeasure.org/",
          "code": "kg/m2"
        },
        "resourceType": "Observation"
      }
    },
    {
      "fullUrl": "urn:uuid:cbd275cf-ee21-4272-850d-851b5277631e",
      "resource": {
        "id": "cbd275cf-ee21-4272-850d-851b5277631e",
        "meta": {
          "profile": [
            "http://standardhealthrecord.org/fhir/StructureDefinition/shr-observation-Observation",
            "http://standardhealthrecord.org/fhir/StructureDefinition/shr-vital-BloodPressure"
          ]
        },
        "status": "final",
        "category": [
          {
            "coding": [
              {
                "system": "http://hl7.org/fhir/observation-category",
                "code": "vital-signs"
              }
            ]
          }
        ],
        "code": {
          "coding": [
            {
              "system": "http://loinc.org",
              "code": "55284-4",
              "display": "Blood Pressure"
            }
          ]
        },
        "subject": {
          "reference": "urn:uuid:7d91efad-54c3-40e5-968f-06ae52e6d850"
        },
        "context": {
          "reference": "urn:uuid:f73c4178-591d-43e1-8737-e0c758c2cf84"
        },
        "effectiveDateTime": "2014-09-20T00:39:49-04:00",
        "issued": "2014-09-20T00:39:49-04:00",
        "component": [
          {
            "code": {
              "coding": [
                {
                  "system": "http://loinc.org",
                  "code": "8480-6",
                  "display": "Systolic Blood Pressure"
                }
              ],
              "text": "Systolic Blood Pressure"
            },
            "valueQuantity": {
              "value": 108,
              "unit": "mmHg",
              "system": "http://unitsofmeasure.org/",
              "code": "mmHg"
            }
          },
          {
            "code": {
              "coding": [
                {
                  "system": "http://loinc.org",
                  "code": "8462-4",
                  "display": "Diastolic Blood Pressure"
                }
              ],
              "text": "Diastolic Blood Pressure"
            },
            "valueQuantity": {
              "value": 81,
              "unit": "mmHg",
              "system": "http://unitsofmeasure.org/",
              "code": "mmHg"
            }
          }
        ],
        "resourceType": "Observation"
      }
    },
    {
      "fullUrl": "urn:uuid:88b4b9b5-a592-4920-84f4-04df1d2c2b70",
      "resource": {
        "id": "88b4b9b5-a592-4920-84f4-04df1d2c2b70",
        "meta": {
          "profile": [
            "http://standardhealthrecord.org/fhir/StructureDefinition/shr-observation-Observation"
          ]
        },
        "status": "final",
        "category": [
          {
            "coding": [
              {
                "system": "http://hl7.org/fhir/observation-category",
                "code": "laboratory"
              }
            ]
          }
        ],
        "code": {
          "coding": [
            {
              "system": "http://loinc.org",
              "code": "2093-3",
              "display": "Total Cholesterol"
            }
          ],
          "text": "Total Cholesterol"
        },
        "subject": {
          "reference": "urn:uuid:7d91efad-54c3-40e5-968f-06ae52e6d850"
        },
        "context": {
          "reference": "urn:uuid:f73c4178-591d-43e1-8737-e0c758c2cf84"
        },
        "effectiveDateTime": "2014-09-20T00:39:49-04:00",
        "issued": "2014-09-20T00:39:49-04:00",
        "valueQuantity": {
          "value": 173,
          "unit": "mg/dL",
          "system": "http://unitsofmeasure.org/",
          "code": "mg/dL"
        },
        "resourceType": "Observation"
      }
    },
    {
      "fullUrl": "urn:uuid:bf15cdb1-c233-4762-9fd2-06a79fc39f60",
      "resource": {
        "id": "bf15cdb1-c233-4762-9fd2-06a79fc39f60",
        "meta": {
          "profile": [
            "http://standardhealthrecord.org/fhir/StructureDefinition/shr-observation-Observation"
          ]
        },
        "status": "final",
        "category": [
          {
            "coding": [
              {
                "system": "http://hl7.org/fhir/observation-category",
                "code": "laboratory"
              }
            ]
          }
        ],
        "code": {
          "coding": [
            {
              "system": "http://loinc.org",
              "code": "2571-8",
              "display": "Triglycerides"
            }
          ],
          "text": "Triglycerides"
        },
        "subject": {
          "reference": "urn:uuid:7d91efad-54c3-40e5-968f-06ae52e6d850"
        },
        "context": {
          "reference": "urn:uuid:f73c4178-591d-43e1-8737-e0c758c2cf84"
        },
        "effectiveDateTime": "2014-09-20T00:39:49-04:00",
        "issued": "2014-09-20T00:39:49-04:00",
        "valueQuantity": {
          "value": 107,
          "unit": "mg/dL",
          "system": "http://unitsofmeasure.org/",
          "code": "mg/dL"
        },
        "resourceType": "Observation"
      }
    },
    {
      "fullUrl": "urn:uuid:4d364073-e543-4403-8725-a931d3346c7e",
      "resource": {
        "id": "4d364073-e543-4403-8725-a931d3346c7e",
        "meta": {
          "profile": [
            "http://standardhealthrecord.org/fhir/StructureDefinition/shr-observation-Observation"
          ]
        },
        "status": "final",
        "category": [
          {
            "coding": [
              {
                "system": "http://hl7.org/fhir/observation-category",
                "code": "laboratory"
              }
            ]
          }
        ],
        "code": {
          "coding": [
            {
              "system": "http://loinc.org",
              "code": "18262-6",
              "display": "Low Density Lipoprotein Cholesterol"
            }
          ],
          "text": "Low Density Lipoprotein Cholesterol"
        },
        "subject": {
          "reference": "urn:uuid:7d91efad-54c3-40e5-968f-06ae52e6d850"
        },
        "context": {
          "reference": "urn:uuid:f73c4178-591d-43e1-8737-e0c758c2cf84"
        },
        "effectiveDateTime": "2014-09-20T00:39:49-04:00",
        "issued": "2014-09-20T00:39:49-04:00",
        "valueQuantity": {
          "value": 72,
          "unit": "mg/dL",
          "system": "http://unitsofmeasure.org/",
          "code": "mg/dL"
        },
        "resourceType": "Observation"
      }
    },
    {
      "fullUrl": "urn:uuid:6f7587cb-6a69-416e-ac1a-e1b4b1ff37f3",
      "resource": {
        "id": "6f7587cb-6a69-416e-ac1a-e1b4b1ff37f3",
        "meta": {
          "profile": [
            "http://standardhealthrecord.org/fhir/StructureDefinition/shr-observation-Observation"
          ]
        },
        "status": "final",
        "category": [
          {
            "coding": [
              {
                "system": "http://hl7.org/fhir/observation-category",
                "code": "laboratory"
              }
            ]
          }
        ],
        "code": {
          "coding": [
            {
              "system": "http://loinc.org",
              "code": "2085-9",
              "display": "High Density Lipoprotein Cholesterol"
            }
          ],
          "text": "High Density Lipoprotein Cholesterol"
        },
        "subject": {
          "reference": "urn:uuid:7d91efad-54c3-40e5-968f-06ae52e6d850"
        },
        "context": {
          "reference": "urn:uuid:f73c4178-591d-43e1-8737-e0c758c2cf84"
        },
        "effectiveDateTime": "2014-09-20T00:39:49-04:00",
        "issued": "2014-09-20T00:39:49-04:00",
        "valueQuantity": {
          "value": 79,
          "unit": "mg/dL",
          "system": "http://unitsofmeasure.org/",
          "code": "mg/dL"
        },
        "resourceType": "Observation"
      }
    },
    {
      "fullUrl": "urn:uuid:ad4b8223-72a5-4e78-804d-f63c3aca224c",
      "resource": {
        "id": "ad4b8223-72a5-4e78-804d-f63c3aca224c",
        "meta": {
          "profile": [
            "http://standardhealthrecord.org/fhir/StructureDefinition/shr-observation-Panel"
          ]
        },
        "status": "final",
        "code": {
          "coding": [
            {
              "system": "http://loinc.org",
              "code": "57698-3",
              "display": "Lipid Panel"
            }
          ]
        },
        "subject": {
          "reference": "urn:uuid:7d91efad-54c3-40e5-968f-06ae52e6d850"
        },
        "context": {
          "reference": "urn:uuid:f73c4178-591d-43e1-8737-e0c758c2cf84"
        },
        "effectiveDateTime": "2014-09-20T00:39:49-04:00",
        "issued": "2014-09-20T00:39:49-04:00",
        "result": [
          {
            "reference": "urn:uuid:88b4b9b5-a592-4920-84f4-04df1d2c2b70",
            "display": "Total Cholesterol"
          },
          {
            "reference": "urn:uuid:bf15cdb1-c233-4762-9fd2-06a79fc39f60",
            "display": "Triglycerides"
          },
          {
            "reference": "urn:uuid:4d364073-e543-4403-8725-a931d3346c7e",
            "display": "Low Density Lipoprotein Cholesterol"
          },
          {
            "reference": "urn:uuid:6f7587cb-6a69-416e-ac1a-e1b4b1ff37f3",
            "display": "High Density Lipoprotein Cholesterol"
          }
        ],
        "resourceType": "DiagnosticReport"
      }
    },
    {
      "resource": {
        "meta": {
          "profile": [
            "http://standardhealthrecord.org/fhir/StructureDefinition/shr-immunization-Immunization"
          ]
        },
        "status": "completed",
        "notGiven": false,
        "vaccineCode": {
          "coding": [
            {
              "system": "http://hl7.org/fhir/sid/cvx",
              "code": "140",
              "display": "Influenza, seasonal, injectable, preservative free"
            }
          ],
          "text": "Influenza, seasonal, injectable, preservative free"
        },
        "patient": {
          "reference": "urn:uuid:7d91efad-54c3-40e5-968f-06ae52e6d850"
        },
        "encounter": {
          "reference": "urn:uuid:f73c4178-591d-43e1-8737-e0c758c2cf84"
        },
        "date": "2014-09-20T00:39:49-04:00",
        "primarySource": true,
        "resourceType": "Immunization"
      }
    },
    {
      "fullUrl": "urn:uuid:f5d2f575-6a0b-4a0f-b916-9e848a2241d4",
      "resource": {
        "id": "f5d2f575-6a0b-4a0f-b916-9e848a2241d4",
        "meta": {
          "profile": [
            "http://standardhealthrecord.org/fhir/StructureDefinition/shr-encounter-Encounter"
          ]
        },
        "status": "finished",
        "class": {
          "code": "ambulatory"
        },
        "type": [
          {
            "coding": [
              {
                "system": "http://snomed.info/sct",
                "code": "185349003"
              }
            ],
            "text": "Encounter for 'check-up'"
          }
        ],
        "subject": {
          "reference": "urn:uuid:7d91efad-54c3-40e5-968f-06ae52e6d850"
        },
        "period": {
          "start": "2015-08-20T12:25:46-04:00",
          "end": "2015-08-20T13:01:56-04:00"
        },
        "serviceProvider": {
          "reference": "urn:uuid:6c57226f-d7f2-4fdc-8ea0-21d9bed73669"
        },
        "resourceType": "Encounter"
      }
    },
    {
      "resource": {
        "meta": {
          "profile": [
            "http://standardhealthrecord.org/fhir/StructureDefinition/shr-procedure-Procedure"
          ]
        },
        "extension": [
          {
            "url": "http://standardhealthrecord.org/fhir/StructureDefinition/shr-core-CodeableConcept-extension",
            "valueCodeableConcept": {
              "coding": [
                {
                  "system": "http://snomed.info/sct",
                  "code": "73761001",
                  "display": "Colonoscopy"
                }
              ],
              "text": "Colonoscopy"
            }
          }
        ],
        "status": "completed",
        "code": {
          "coding": [
            {
              "system": "http://snomed.info/sct",
              "code": "73761001",
              "display": "Colonoscopy"
            }
          ],
          "text": "Colonoscopy"
        },
        "subject": {
          "reference": "urn:uuid:7d91efad-54c3-40e5-968f-06ae52e6d850"
        },
        "context": {
          "reference": "urn:uuid:f5d2f575-6a0b-4a0f-b916-9e848a2241d4"
        },
        "performedPeriod": {
          "start": "2015-08-20T12:25:46-04:00",
          "end": "2015-08-20T13:06:32-04:00"
        },
        "resourceType": "Procedure"
      }
    },
    {
      "fullUrl": "urn:uuid:2323c646-547f-4de8-86a2-7461fa0f0fa4",
      "resource": {
        "id": "2323c646-547f-4de8-86a2-7461fa0f0fa4",
        "meta": {
          "profile": [
            "http://standardhealthrecord.org/fhir/StructureDefinition/shr-encounter-Encounter"
          ]
        },
        "status": "finished",
        "class": {
          "code": "outpatient"
        },
        "type": [
          {
            "coding": [
              {
                "system": "http://snomed.info/sct",
                "code": "185349003"
              }
            ],
            "text": "Outpatient Encounter"
          }
        ],
        "subject": {
          "reference": "urn:uuid:7d91efad-54c3-40e5-968f-06ae52e6d850"
        },
        "period": {
          "start": "2016-11-08T19:59:01-05:00",
          "end": "2016-11-08T20:59:01-05:00"
        },
        "serviceProvider": {
          "reference": "urn:uuid:6c57226f-d7f2-4fdc-8ea0-21d9bed73669"
        },
        "resourceType": "Encounter"
      }
    },
    {
      "fullUrl": "urn:uuid:6f787c9f-8c9e-48bd-9622-ee85daa7c32d",
      "resource": {
        "id": "6f787c9f-8c9e-48bd-9622-ee85daa7c32d",
        "meta": {
          "profile": [
            "http://standardhealthrecord.org/fhir/StructureDefinition/shr-observation-Observation",
            "http://standardhealthrecord.org/fhir/StructureDefinition/shr-vital-VitalSign",
            "http://standardhealthrecord.org/fhir/StructureDefinition/shr-vital-BodyHeight"
          ]
        },
        "status": "final",
        "category": [
          {
            "coding": [
              {
                "system": "http://hl7.org/fhir/observation-category",
                "code": "vital-signs"
              }
            ]
          }
        ],
        "code": {
          "coding": [
            {
              "system": "http://loinc.org",
              "code": "8302-2",
              "display": "Body Height"
            }
          ],
          "text": "Body Height"
        },
        "subject": {
          "reference": "urn:uuid:7d91efad-54c3-40e5-968f-06ae52e6d850"
        },
        "context": {
          "reference": "urn:uuid:2323c646-547f-4de8-86a2-7461fa0f0fa4"
        },
        "effectiveDateTime": "2016-11-08T19:59:01-05:00",
        "issued": "2016-11-08T19:59:01-05:00",
        "valueQuantity": {
          "value": 167.83362311665923,
          "unit": "cm",
          "system": "http://unitsofmeasure.org/",
          "code": "cm"
        },
        "resourceType": "Observation"
      }
    },
    {
      "fullUrl": "urn:uuid:4f5a8787-9dfe-4f15-9603-8617746d6d3f",
      "resource": {
        "id": "4f5a8787-9dfe-4f15-9603-8617746d6d3f",
        "meta": {
          "profile": [
            "http://standardhealthrecord.org/fhir/StructureDefinition/shr-observation-Observation",
            "http://standardhealthrecord.org/fhir/StructureDefinition/shr-vital-VitalSign",
            "http://standardhealthrecord.org/fhir/StructureDefinition/shr-vital-BodyWeight"
          ]
        },
        "status": "final",
        "category": [
          {
            "coding": [
              {
                "system": "http://hl7.org/fhir/observation-category",
                "code": "vital-signs"
              }
            ]
          }
        ],
        "code": {
          "coding": [
            {
              "system": "http://loinc.org",
              "code": "29463-7",
              "display": "Body Weight"
            }
          ],
          "text": "Body Weight"
        },
        "subject": {
          "reference": "urn:uuid:7d91efad-54c3-40e5-968f-06ae52e6d850"
        },
        "context": {
          "reference": "urn:uuid:2323c646-547f-4de8-86a2-7461fa0f0fa4"
        },
        "effectiveDateTime": "2016-11-08T19:59:01-05:00",
        "issued": "2016-11-08T19:59:01-05:00",
        "valueQuantity": {
          "value": 143.99757879903132,
          "unit": "kg",
          "system": "http://unitsofmeasure.org/",
          "code": "kg"
        },
        "resourceType": "Observation"
      }
    },
    {
      "fullUrl": "urn:uuid:13f7a3c9-e32c-4f41-9a4f-225f2f177126",
      "resource": {
        "id": "13f7a3c9-e32c-4f41-9a4f-225f2f177126",
        "meta": {
          "profile": [
            "http://standardhealthrecord.org/fhir/StructureDefinition/shr-observation-Observation",
            "http://standardhealthrecord.org/fhir/StructureDefinition/shr-vital-VitalSign",
            "http://standardhealthrecord.org/fhir/StructureDefinition/shr-vital-BodyMassIndex"
          ]
        },
        "status": "final",
        "category": [
          {
            "coding": [
              {
                "system": "http://hl7.org/fhir/observation-category",
                "code": "vital-signs"
              }
            ]
          }
        ],
        "code": {
          "coding": [
            {
              "system": "http://loinc.org",
              "code": "39156-5",
              "display": "Body Mass Index"
            }
          ],
          "text": "Body Mass Index"
        },
        "subject": {
          "reference": "urn:uuid:7d91efad-54c3-40e5-968f-06ae52e6d850"
        },
        "context": {
          "reference": "urn:uuid:2323c646-547f-4de8-86a2-7461fa0f0fa4"
        },
        "effectiveDateTime": "2016-11-08T19:59:01-05:00",
        "issued": "2016-11-08T19:59:01-05:00",
        "valueQuantity": {
          "value": 51.1207538844973,
          "unit": "kg/m2",
          "system": "http://unitsofmeasure.org/",
          "code": "kg/m2"
        },
        "resourceType": "Observation"
      }
    },
    {
      "fullUrl": "urn:uuid:bb5c5cf1-b4aa-4dec-b129-2c95f470e286",
      "resource": {
        "id": "bb5c5cf1-b4aa-4dec-b129-2c95f470e286",
        "meta": {
          "profile": [
            "http://standardhealthrecord.org/fhir/StructureDefinition/shr-observation-Observation",
            "http://standardhealthrecord.org/fhir/StructureDefinition/shr-vital-BloodPressure"
          ]
        },
        "status": "final",
        "category": [
          {
            "coding": [
              {
                "system": "http://hl7.org/fhir/observation-category",
                "code": "vital-signs"
              }
            ]
          }
        ],
        "code": {
          "coding": [
            {
              "system": "http://loinc.org",
              "code": "55284-4",
              "display": "Blood Pressure"
            }
          ]
        },
        "subject": {
          "reference": "urn:uuid:7d91efad-54c3-40e5-968f-06ae52e6d850"
        },
        "context": {
          "reference": "urn:uuid:2323c646-547f-4de8-86a2-7461fa0f0fa4"
        },
        "effectiveDateTime": "2016-11-08T19:59:01-05:00",
        "issued": "2016-11-08T19:59:01-05:00",
        "component": [
          {
            "code": {
              "coding": [
                {
                  "system": "http://loinc.org",
                  "code": "8480-6",
                  "display": "Systolic Blood Pressure"
                }
              ],
              "text": "Systolic Blood Pressure"
            },
            "valueQuantity": {
              "value": 129,
              "unit": "mmHg",
              "system": "http://unitsofmeasure.org/",
              "code": "mmHg"
            }
          },
          {
            "code": {
              "coding": [
                {
                  "system": "http://loinc.org",
                  "code": "8462-4",
                  "display": "Diastolic Blood Pressure"
                }
              ],
              "text": "Diastolic Blood Pressure"
            },
            "valueQuantity": {
              "value": 75,
              "unit": "mmHg",
              "system": "http://unitsofmeasure.org/",
              "code": "mmHg"
            }
          }
        ],
        "resourceType": "Observation"
      }
    },
    {
      "resource": {
        "meta": {
          "profile": [
            "http://standardhealthrecord.org/fhir/StructureDefinition/shr-procedure-Procedure"
          ]
        },
        "extension": [
          {
            "url": "http://standardhealthrecord.org/fhir/StructureDefinition/shr-core-CodeableConcept-extension",
            "valueCodeableConcept": {
              "coding": [
                {
                  "system": "http://snomed.info/sct",
                  "code": "428191000124101",
                  "display": "Documentation of current medications"
                }
              ],
              "text": "Documentation of current medications"
            }
          }
        ],
        "status": "completed",
        "code": {
          "coding": [
            {
              "system": "http://snomed.info/sct",
              "code": "428191000124101",
              "display": "Documentation of current medications"
            }
          ],
          "text": "Documentation of current medications"
        },
        "subject": {
          "reference": "urn:uuid:7d91efad-54c3-40e5-968f-06ae52e6d850"
        },
        "context": {
          "reference": "urn:uuid:2323c646-547f-4de8-86a2-7461fa0f0fa4"
        },
        "performedDateTime": "2016-11-08T19:59:01-05:00",
        "resourceType": "Procedure"
      }
    },
    {
      "resource": {
        "meta": {
          "profile": [
            "http://standardhealthrecord.org/fhir/StructureDefinition/shr-immunization-Immunization"
          ]
        },
        "status": "completed",
        "notGiven": false,
        "vaccineCode": {
          "coding": [
            {
              "system": "http://hl7.org/fhir/sid/cvx",
              "code": "140",
              "display": "Influenza, seasonal, injectable, preservative free"
            }
          ],
          "text": "Influenza, seasonal, injectable, preservative free"
        },
        "patient": {
          "reference": "urn:uuid:7d91efad-54c3-40e5-968f-06ae52e6d850"
        },
        "encounter": {
          "reference": "urn:uuid:2323c646-547f-4de8-86a2-7461fa0f0fa4"
        },
        "date": "2016-11-08T19:59:01-05:00",
        "primarySource": true,
        "resourceType": "Immunization"
      }
    },
    {
      "resource": {
        "meta": {
          "profile": [
            "http://standardhealthrecord.org/fhir/StructureDefinition/shr-immunization-Immunization"
          ]
        },
        "status": "completed",
        "notGiven": false,
        "vaccineCode": {
          "coding": [
            {
              "system": "http://hl7.org/fhir/sid/cvx",
              "code": "113",
              "display": "Td (adult) preservative free"
            }
          ],
          "text": "Td (adult) preservative free"
        },
        "patient": {
          "reference": "urn:uuid:7d91efad-54c3-40e5-968f-06ae52e6d850"
        },
        "encounter": {
          "reference": "urn:uuid:2323c646-547f-4de8-86a2-7461fa0f0fa4"
        },
        "date": "2016-11-08T19:59:01-05:00",
        "primarySource": true,
        "resourceType": "Immunization"
      }
    }
  ],
  "resourceType": "Bundle"
}