{
  "type": "collection",
  "entry": [
    {
      "fullUrl": "urn:uuid:9efef561-7810-4184-81bc-f5a1de62a782",
      "resource": {
        "id": "9efef561-7810-4184-81bc-f5a1de62a782",
        "meta": {
          "profile": [
            "http://standardhealthrecord.org/fhir/StructureDefinition/shr-demographics-PersonOfRecord"
          ]
        },
        "text": {
          "status": "generated",
          "div": "<div>Generated by <a href=\"https://github.com/synthetichealth/synthea\">Synthea</a>. Version identifier: 4d02400401b9fab839e47bf5b2f1f6a8c683ab55</div>"
        },
        "extension": [
          {
            "url": "http://hl7.org/fhir/us/core/StructureDefinition/us-core-race",
            "valueCodeableConcept": {
              "coding": [
                {
                  "system": "http://hl7.org/fhir/v3/Race",
                  "code": "2106-3",
                  "display": "White"
                }
              ],
              "text": "race"
            }
          },
          {
            "url": "http://hl7.org/fhir/us/core/StructureDefinition/us-core-ethnicity",
            "valueCodeableConcept": {
              "coding": [
                {
                  "system": "http://hl7.org/fhir/v3/Ethnicity",
                  "code": "2186-5",
                  "display": "Nonhispanic"
                }
              ],
              "text": "ethnicity"
            }
          },
          {
            "url": "http://hl7.org/fhir/StructureDefinition/birthPlace",
            "valueAddress": {
              "city": "Oxford",
              "state": "MA",
              "country": "US"
            }
          },
          {
            "url": "http://hl7.org/fhir/StructureDefinition/patient-mothersMaidenName",
            "valueString": "Hollis811 Buckridge922"
          },
          {
            "url": "http://hl7.org/fhir/us/core/StructureDefinition/us-core-birthsex",
            "valueCode": "F"
          },
          {
            "url": "http://hl7.org/fhir/StructureDefinition/patient-interpreterRequired",
            "valueBoolean": false
          },
          {
            "url": "http://standardhealthrecord.org/fhir/StructureDefinition/shr-actor-FictionalPerson-extension",
            "valueBoolean": true
          },
          {
            "url": "http://standardhealthrecord.org/fhir/StructureDefinition/shr-demographics-FathersName-extension",
            "valueHumanName": {
              "text": "Idell760 Abbott992"
            }
          },
          {
            "url": "http://standardhealthrecord.org/fhir/StructureDefinition/shr-demographics-SocialSecurityNumber-extension",
            "valueString": "999-75-3387"
          }
        ],
        "identifier": [
          {
            "system": "https://github.com/synthetichealth/synthea",
            "value": "8d0e3343-60d1-43fb-9382-c7305083451e"
          },
          {
            "type": {
              "coding": [
                {
                  "system": "http://hl7.org/fhir/identifier-type",
                  "code": "SB"
                }
              ]
            },
            "system": "http://hl7.org/fhir/sid/us-ssn",
            "value": "999753387"
          }
        ],
        "name": [
          {
            "use": "official",
            "family": "Abbott992",
            "given": [
              "Jarred168"
            ]
          }
        ],
        "telecom": [
          {
            "system": "phone",
            "value": "709-073-4558",
            "use": "home"
          }
        ],
        "gender": "female",
        "birthDate": "2002-09-03",
        "address": [
          {
            "extension": [
              {
                "extension": [
                  {
                    "url": "latitude",
                    "valueDecimal": 42.15804718320815
                  },
                  {
                    "url": "longitude",
                    "valueDecimal": -70.98361858742464
                  }
                ],
                "url": "http://hl7.org/fhir/StructureDefinition/geolocation"
              }
            ],
            "line": [
              "8073 Ondricka Heights"
            ],
            "city": "Holbrook",
            "state": "MA",
            "postalCode": "02343",
            "country": "US"
          }
        ],
        "maritalStatus": {
          "coding": [
            {
              "system": "http://hl7.org/fhir/v3/MaritalStatus",
              "code": "S"
            }
          ],
          "text": "Never Married"
        },
        "multipleBirthBoolean": false,
        "communication": [
          {
            "language": {
              "coding": [
                {
                  "system": "http://hl7.org/fhir/ValueSet/languages",
                  "code": "en-US",
                  "display": "English (United States)"
                }
              ]
            }
          }
        ],
        "resourceType": "Patient"
      }
    },
    {
      "fullUrl": "urn:uuid:ef036589-2584-4feb-91dc-8689eef227c9",
      "resource": {
        "id": "ef036589-2584-4feb-91dc-8689eef227c9",
        "meta": {
          "profile": [
            "http://standardhealthrecord.org/fhir/StructureDefinition/shr-actor-Organization"
          ]
        },
        "type": [
          {
            "coding": [
              {
                "system": "http://hl7.org/fhir/ValueSet/organization-type",
                "code": "prov",
                "display": "Healthcare Provider"
              }
            ],
            "text": "Healthcare Provider"
          }
        ],
        "name": "Synthetic Provider",
        "resourceType": "Organization"
      }
    },
    {
      "fullUrl": "urn:uuid:295eeb57-177f-446b-a984-3a2d3353462c",
      "resource": {
        "id": "295eeb57-177f-446b-a984-3a2d3353462c",
        "meta": {
          "profile": [
            "http://standardhealthrecord.org/fhir/StructureDefinition/shr-encounter-Encounter"
          ]
        },
        "status": "finished",
        "class": {
          "code": "ambulatory"
        },
        "type": [
          {
            "coding": [
              {
                "system": "http://snomed.info/sct",
                "code": "185345009"
              }
            ],
            "text": "Encounter for symptom"
          }
        ],
        "subject": {
          "reference": "urn:uuid:9efef561-7810-4184-81bc-f5a1de62a782"
        },
        "period": {
          "start": "2010-06-23T07:38:35-04:00",
          "end": "2010-06-23T07:38:35-04:00"
        },
        "reason": {
          "coding": [
            {
              "system": "http://snomed.info/sct",
              "code": "195662009",
              "display": "Acute viral pharyngitis (disorder)"
            }
          ]
        },
        "serviceProvider": {
          "reference": "urn:uuid:ef036589-2584-4feb-91dc-8689eef227c9"
        },
        "resourceType": "Encounter"
      }
    },
    {
      "fullUrl": "urn:uuid:c599e6c9-8a14-438f-b6ae-252b1e573ca8",
      "resource": {
        "id": "c599e6c9-8a14-438f-b6ae-252b1e573ca8",
        "meta": {
          "profile": [
            "http://standardhealthrecord.org/fhir/StructureDefinition/shr-problem-Problem"
          ]
        },
        "clinicalStatus": "active",
        "verificationStatus": "confirmed",
        "code": {
          "coding": [
            {
              "system": "http://snomed.info/sct",
              "code": "195662009",
              "display": "Acute viral pharyngitis (disorder)"
            }
          ],
          "text": "Acute viral pharyngitis (disorder)"
        },
        "subject": {
          "reference": "urn:uuid:9efef561-7810-4184-81bc-f5a1de62a782"
        },
        "context": {
          "reference": "urn:uuid:295eeb57-177f-446b-a984-3a2d3353462c"
        },
        "onsetDateTime": "2010-06-20T16:23:53-04:00",
        "abatementDateTime": "2010-07-01T18:06:40-04:00",
        "assertedDate": "2010-06-20",
        "resourceType": "Condition"
      }
    },
    {
      "fullUrl": "urn:uuid:20a18622-d046-4a15-af6a-a83a1ec93731",
      "resource": {
        "id": "20a18622-d046-4a15-af6a-a83a1ec93731",
        "meta": {
          "profile": [
            "http://standardhealthrecord.org/fhir/StructureDefinition/shr-observation-Observation",
            "http://standardhealthrecord.org/fhir/StructureDefinition/shr-vital-VitalSign"
          ]
        },
        "status": "final",
        "category": [
          {
            "coding": [
              {
                "system": "http://hl7.org/fhir/observation-category",
                "code": "vital-signs"
              }
            ]
          }
        ],
        "code": {
          "coding": [
            {
              "system": "http://loinc.org",
              "code": "8331-1",
              "display": "Oral temperature"
            }
          ],
          "text": "Oral temperature"
        },
        "subject": {
          "reference": "urn:uuid:9efef561-7810-4184-81bc-f5a1de62a782"
        },
        "context": {
          "reference": "urn:uuid:295eeb57-177f-446b-a984-3a2d3353462c"
        },
        "effectiveDateTime": "2010-06-23T07:38:35-04:00",
        "issued": "2010-06-23T07:38:35-04:00",
        "valueQuantity": {
          "value": 37,
          "unit": "Cel",
          "system": "http://unitsofmeasure.org/",
          "code": "Cel"
        },
        "resourceType": "Observation"
      }
    },
    {
      "resource": {
        "meta": {
          "profile": [
            "http://standardhealthrecord.org/fhir/StructureDefinition/shr-procedure-Procedure"
          ]
        },
        "extension": [
          {
            "url": "http://standardhealthrecord.org/fhir/StructureDefinition/shr-core-CodeableConcept-extension",
            "valueCodeableConcept": {
              "coding": [
                {
                  "system": "http://snomed.info/sct",
                  "code": "117015009",
                  "display": "Throat culture (procedure) "
                }
              ],
              "text": "Throat culture (procedure) "
            }
          }
        ],
        "status": "completed",
        "code": {
          "coding": [
            {
              "system": "http://snomed.info/sct",
              "code": "117015009",
              "display": "Throat culture (procedure) "
            }
          ],
          "text": "Throat culture (procedure) "
        },
        "subject": {
          "reference": "urn:uuid:9efef561-7810-4184-81bc-f5a1de62a782"
        },
        "context": {
          "reference": "urn:uuid:295eeb57-177f-446b-a984-3a2d3353462c"
        },
        "performedDateTime": "2010-06-23T07:38:35-04:00",
        "reasonReference": {
          "reference": "urn:uuid:c599e6c9-8a14-438f-b6ae-252b1e573ca8",
          "display": "Acute viral pharyngitis (disorder)"
        },
        "resourceType": "Procedure"
      }
    },
    {
      "resource": {
        "meta": {
          "profile": [
            "http://standardhealthrecord.org/fhir/StructureDefinition/shr-medication-Medication"
          ]
        },
        "code": {
          "coding": [
            {
              "system": "http://www.nlm.nih.gov/research/umls/rxnorm",
              "code": "834060",
              "display": "Penicillin V Potassium 250 MG"
            }
          ],
          "text": "Penicillin V Potassium 250 MG"
        },
        "resourceType": "Medication"
      }
    },
    {
      "resource": {
        "meta": {
          "profile": [
            "http://standardhealthrecord.org/fhir/StructureDefinition/shr-medication-MedicationPrescription"
          ]
        },
        "extension": [
          {
            "url": "http://standardhealthrecord.org/fhir/StructureDefinition/shr-base-ActionCode-extension",
            "valueCodeableConcept": {
              "coding": [
                {
                  "system": "http://snomed.info/sct",
                  "code": "33633005",
                  "display": "Prescription of drug (procedure)"
                }
              ],
              "text": "Prescription of drug (procedure)"
            }
          }
        ],
        "status": "active",
        "medicationReference": {
          "reference": ""
        },
        "subject": {
          "reference": "urn:uuid:9efef561-7810-4184-81bc-f5a1de62a782"
        },
        "context": {
          "reference": "urn:uuid:295eeb57-177f-446b-a984-3a2d3353462c"
        },
        "authoredOn": "2004-12-07",
        "dosageInstruction": [
          {

          }
        ],
        "resourceType": "MedicationRequest"
      }
    },
    {
      "fullUrl": "urn:uuid:fbd62230-a915-4682-8d4a-1016a04bda46",
      "resource": {
        "id": "fbd62230-a915-4682-8d4a-1016a04bda46",
        "meta": {
          "profile": [
            "http://standardhealthrecord.org/fhir/StructureDefinition/shr-encounter-Encounter"
          ]
        },
        "status": "finished",
        "class": {
          "code": "outpatient"
        },
        "type": [
          {
            "coding": [
              {
                "system": "http://snomed.info/sct",
                "code": "170258001"
              }
            ],
            "text": "Outpatient Encounter"
          }
        ],
        "subject": {
          "reference": "urn:uuid:9efef561-7810-4184-81bc-f5a1de62a782"
        },
        "period": {
          "start": "2011-06-02T09:02:08-04:00",
          "end": "2011-06-02T10:02:08-04:00"
        },
        "serviceProvider": {
          "reference": "urn:uuid:ef036589-2584-4feb-91dc-8689eef227c9"
        },
        "resourceType": "Encounter"
      }
    },
    {
      "fullUrl": "urn:uuid:a4c00ae9-7aec-4596-91fa-6672e6284b9f",
      "resource": {
        "id": "a4c00ae9-7aec-4596-91fa-6672e6284b9f",
        "meta": {
          "profile": [
            "http://standardhealthrecord.org/fhir/StructureDefinition/shr-observation-Observation",
            "http://standardhealthrecord.org/fhir/StructureDefinition/shr-vital-VitalSign",
            "http://standardhealthrecord.org/fhir/StructureDefinition/shr-vital-BodyHeight"
          ]
        },
        "status": "final",
        "category": [
          {
            "coding": [
              {
                "system": "http://hl7.org/fhir/observation-category",
                "code": "vital-signs"
              }
            ]
          }
        ],
        "code": {
          "coding": [
            {
              "system": "http://loinc.org",
              "code": "8302-2",
              "display": "Body Height"
            }
          ],
          "text": "Body Height"
        },
        "subject": {
          "reference": "urn:uuid:9efef561-7810-4184-81bc-f5a1de62a782"
        },
        "context": {
          "reference": "urn:uuid:fbd62230-a915-4682-8d4a-1016a04bda46"
        },
        "effectiveDateTime": "2011-06-02T09:02:08-04:00",
        "issued": "2011-06-02T09:02:08-04:00",
        "valueQuantity": {
          "value": 128.70671564353162,
          "unit": "cm",
          "system": "http://unitsofmeasure.org/",
          "code": "cm"
        },
        "resourceType": "Observation"
      }
    },
    {
      "fullUrl": "urn:uuid:95c329ed-bf03-46bb-821a-d2ec2d5cb86d",
      "resource": {
        "id": "95c329ed-bf03-46bb-821a-d2ec2d5cb86d",
        "meta": {
          "profile": [
            "http://standardhealthrecord.org/fhir/StructureDefinition/shr-observation-Observation",
            "http://standardhealthrecord.org/fhir/StructureDefinition/shr-vital-VitalSign",
            "http://standardhealthrecord.org/fhir/StructureDefinition/shr-vital-BodyWeight"
          ]
        },
        "status": "final",
        "category": [
          {
            "coding": [
              {
                "system": "http://hl7.org/fhir/observation-category",
                "code": "vital-signs"
              }
            ]
          }
        ],
        "code": {
          "coding": [
            {
              "system": "http://loinc.org",
              "code": "29463-7",
              "display": "Body Weight"
            }
          ],
          "text": "Body Weight"
        },
        "subject": {
          "reference": "urn:uuid:9efef561-7810-4184-81bc-f5a1de62a782"
        },
        "context": {
          "reference": "urn:uuid:fbd62230-a915-4682-8d4a-1016a04bda46"
        },
        "effectiveDateTime": "2011-06-02T09:02:08-04:00",
        "issued": "2011-06-02T09:02:08-04:00",
        "valueQuantity": {
          "value": 20.874487749511374,
          "unit": "kg",
          "system": "http://unitsofmeasure.org/",
          "code": "kg"
        },
        "resourceType": "Observation"
      }
    },
    {
      "fullUrl": "urn:uuid:3d43df26-4737-44b1-9c99-351431c0a9aa",
      "resource": {
        "id": "3d43df26-4737-44b1-9c99-351431c0a9aa",
        "meta": {
          "profile": [
            "http://standardhealthrecord.org/fhir/StructureDefinition/shr-observation-Observation",
            "http://standardhealthrecord.org/fhir/StructureDefinition/shr-vital-VitalSign",
            "http://standardhealthrecord.org/fhir/StructureDefinition/shr-vital-BodyMassIndex"
          ]
        },
        "status": "final",
        "category": [
          {
            "coding": [
              {
                "system": "http://hl7.org/fhir/observation-category",
                "code": "vital-signs"
              }
            ]
          }
        ],
        "code": {
          "coding": [
            {
              "system": "http://loinc.org",
              "code": "39156-5",
              "display": "Body Mass Index"
            }
          ],
          "text": "Body Mass Index"
        },
        "subject": {
          "reference": "urn:uuid:9efef561-7810-4184-81bc-f5a1de62a782"
        },
        "context": {
          "reference": "urn:uuid:fbd62230-a915-4682-8d4a-1016a04bda46"
        },
        "effectiveDateTime": "2011-06-02T09:02:08-04:00",
        "issued": "2011-06-02T09:02:08-04:00",
        "valueQuantity": {
          "value": 12.60124370434343,
          "unit": "kg/m2",
          "system": "http://unitsofmeasure.org/",
          "code": "kg/m2"
        },
        "resourceType": "Observation"
      }
    },
    {
      "fullUrl": "urn:uuid:0dac33c0-1e5c-475f-8af9-2d5f0d6e661d",
      "resource": {
        "id": "0dac33c0-1e5c-475f-8af9-2d5f0d6e661d",
        "meta": {
          "profile": [
            "http://standardhealthrecord.org/fhir/StructureDefinition/shr-observation-Observation",
            "http://standardhealthrecord.org/fhir/StructureDefinition/shr-vital-BloodPressure"
          ]
        },
        "status": "final",
        "category": [
          {
            "coding": [
              {
                "system": "http://hl7.org/fhir/observation-category",
                "code": "vital-signs"
              }
            ]
          }
        ],
        "code": {
          "coding": [
            {
              "system": "http://loinc.org",
              "code": "55284-4",
              "display": "Blood Pressure"
            }
          ]
        },
        "subject": {
          "reference": "urn:uuid:9efef561-7810-4184-81bc-f5a1de62a782"
        },
        "context": {
          "reference": "urn:uuid:fbd62230-a915-4682-8d4a-1016a04bda46"
        },
        "effectiveDateTime": "2011-06-02T09:02:08-04:00",
        "issued": "2011-06-02T09:02:08-04:00",
        "component": [
          {
            "code": {
              "coding": [
                {
                  "system": "http://loinc.org",
                  "code": "8480-6",
                  "display": "Systolic Blood Pressure"
                }
              ],
              "text": "Systolic Blood Pressure"
            },
            "valueQuantity": {
              "value": 110,
              "unit": "mmHg",
              "system": "http://unitsofmeasure.org/",
              "code": "mmHg"
            }
          },
          {
            "code": {
              "coding": [
                {
                  "system": "http://loinc.org",
                  "code": "8462-4",
                  "display": "Diastolic Blood Pressure"
                }
              ],
              "text": "Diastolic Blood Pressure"
            },
            "valueQuantity": {
              "value": 75,
              "unit": "mmHg",
              "system": "http://unitsofmeasure.org/",
              "code": "mmHg"
            }
          }
        ],
        "resourceType": "Observation"
      }
    },
    {
      "resource": {
        "meta": {
          "profile": [
            "http://standardhealthrecord.org/fhir/StructureDefinition/shr-procedure-Procedure"
          ]
        },
        "extension": [
          {
            "url": "http://standardhealthrecord.org/fhir/StructureDefinition/shr-core-CodeableConcept-extension",
            "valueCodeableConcept": {
              "coding": [
                {
                  "system": "http://snomed.info/sct",
                  "code": "428191000124101",
                  "display": "Documentation of current medications"
                }
              ],
              "text": "Documentation of current medications"
            }
          }
        ],
        "status": "completed",
        "code": {
          "coding": [
            {
              "system": "http://snomed.info/sct",
              "code": "428191000124101",
              "display": "Documentation of current medications"
            }
          ],
          "text": "Documentation of current medications"
        },
        "subject": {
          "reference": "urn:uuid:9efef561-7810-4184-81bc-f5a1de62a782"
        },
        "context": {
          "reference": "urn:uuid:fbd62230-a915-4682-8d4a-1016a04bda46"
        },
        "performedDateTime": "2011-06-02T09:02:08-04:00",
        "resourceType": "Procedure"
      }
    },
    {
      "resource": {
        "meta": {
          "profile": [
            "http://standardhealthrecord.org/fhir/StructureDefinition/shr-immunization-Immunization"
          ]
        },
        "status": "completed",
        "notGiven": false,
        "vaccineCode": {
          "coding": [
            {
              "system": "http://hl7.org/fhir/sid/cvx",
              "code": "140",
              "display": "Influenza, seasonal, injectable, preservative free"
            }
          ],
          "text": "Influenza, seasonal, injectable, preservative free"
        },
        "patient": {
          "reference": "urn:uuid:9efef561-7810-4184-81bc-f5a1de62a782"
        },
        "encounter": {
          "reference": "urn:uuid:fbd62230-a915-4682-8d4a-1016a04bda46"
        },
        "date": "2011-06-02T09:02:08-04:00",
        "primarySource": true,
        "resourceType": "Immunization"
      }
    },
    {
      "fullUrl": "urn:uuid:04b3b1ff-f5b4-46a8-aacf-dcb7f766d464",
      "resource": {
        "id": "04b3b1ff-f5b4-46a8-aacf-dcb7f766d464",
        "meta": {
          "profile": [
            "http://standardhealthrecord.org/fhir/StructureDefinition/shr-encounter-Encounter"
          ]
        },
        "status": "finished",
        "class": {
          "code": "outpatient"
        },
        "type": [
          {
            "coding": [
              {
                "system": "http://snomed.info/sct",
                "code": "170258001"
              }
            ],
            "text": "Outpatient Encounter"
          }
        ],
        "subject": {
          "reference": "urn:uuid:9efef561-7810-4184-81bc-f5a1de62a782"
        },
        "period": {
          "start": "2012-06-20T21:59:03-04:00",
          "end": "2012-06-20T22:59:03-04:00"
        },
        "serviceProvider": {
          "reference": "urn:uuid:ef036589-2584-4feb-91dc-8689eef227c9"
        },
        "resourceType": "Encounter"
      }
    },
    {
      "fullUrl": "urn:uuid:e44e940e-d35a-4665-8640-e26d3943b9fd",
      "resource": {
        "id": "e44e940e-d35a-4665-8640-e26d3943b9fd",
        "meta": {
          "profile": [
            "http://standardhealthrecord.org/fhir/StructureDefinition/shr-observation-Observation",
            "http://standardhealthrecord.org/fhir/StructureDefinition/shr-vital-VitalSign",
            "http://standardhealthrecord.org/fhir/StructureDefinition/shr-vital-BodyHeight"
          ]
        },
        "status": "final",
        "category": [
          {
            "coding": [
              {
                "system": "http://hl7.org/fhir/observation-category",
                "code": "vital-signs"
              }
            ]
          }
        ],
        "code": {
          "coding": [
            {
              "system": "http://loinc.org",
              "code": "8302-2",
              "display": "Body Height"
            }
          ],
          "text": "Body Height"
        },
        "subject": {
          "reference": "urn:uuid:9efef561-7810-4184-81bc-f5a1de62a782"
        },
        "context": {
          "reference": "urn:uuid:04b3b1ff-f5b4-46a8-aacf-dcb7f766d464"
        },
        "effectiveDateTime": "2012-06-20T21:59:03-04:00",
        "issued": "2012-06-20T21:59:03-04:00",
        "valueQuantity": {
          "value": 133.9603782344184,
          "unit": "cm",
          "system": "http://unitsofmeasure.org/",
          "code": "cm"
        },
        "resourceType": "Observation"
      }
    },
    {
      "fullUrl": "urn:uuid:9170e8d7-d3da-480b-8374-12d608be5565",
      "resource": {
        "id": "9170e8d7-d3da-480b-8374-12d608be5565",
        "meta": {
          "profile": [
            "http://standardhealthrecord.org/fhir/StructureDefinition/shr-observation-Observation",
            "http://standardhealthrecord.org/fhir/StructureDefinition/shr-vital-VitalSign",
            "http://standardhealthrecord.org/fhir/StructureDefinition/shr-vital-BodyWeight"
          ]
        },
        "status": "final",
        "category": [
          {
            "coding": [
              {
                "system": "http://hl7.org/fhir/observation-category",
                "code": "vital-signs"
              }
            ]
          }
        ],
        "code": {
          "coding": [
            {
              "system": "http://loinc.org",
              "code": "29463-7",
              "display": "Body Weight"
            }
          ],
          "text": "Body Weight"
        },
        "subject": {
          "reference": "urn:uuid:9efef561-7810-4184-81bc-f5a1de62a782"
        },
        "context": {
          "reference": "urn:uuid:04b3b1ff-f5b4-46a8-aacf-dcb7f766d464"
        },
        "effectiveDateTime": "2012-06-20T21:59:03-04:00",
        "issued": "2012-06-20T21:59:03-04:00",
        "valueQuantity": {
          "value": 23.353516943889808,
          "unit": "kg",
          "system": "http://unitsofmeasure.org/",
          "code": "kg"
        },
        "resourceType": "Observation"
      }
    },
    {
      "fullUrl": "urn:uuid:e9d5d3b0-6884-4c36-9aa4-6f1581a0c64c",
      "resource": {
        "id": "e9d5d3b0-6884-4c36-9aa4-6f1581a0c64c",
        "meta": {
          "profile": [
            "http://standardhealthrecord.org/fhir/StructureDefinition/shr-observation-Observation",
            "http://standardhealthrecord.org/fhir/StructureDefinition/shr-vital-VitalSign",
            "http://standardhealthrecord.org/fhir/StructureDefinition/shr-vital-BodyMassIndex"
          ]
        },
        "status": "final",
        "category": [
          {
            "coding": [
              {
                "system": "http://hl7.org/fhir/observation-category",
                "code": "vital-signs"
              }
            ]
          }
        ],
        "code": {
          "coding": [
            {
              "system": "http://loinc.org",
              "code": "39156-5",
              "display": "Body Mass Index"
            }
          ],
          "text": "Body Mass Index"
        },
        "subject": {
          "reference": "urn:uuid:9efef561-7810-4184-81bc-f5a1de62a782"
        },
        "context": {
          "reference": "urn:uuid:04b3b1ff-f5b4-46a8-aacf-dcb7f766d464"
        },
        "effectiveDateTime": "2012-06-20T21:59:03-04:00",
        "issued": "2012-06-20T21:59:03-04:00",
        "valueQuantity": {
          "value": 13.013663194736667,
          "unit": "kg/m2",
          "system": "http://unitsofmeasure.org/",
          "code": "kg/m2"
        },
        "resourceType": "Observation"
      }
    },
    {
      "fullUrl": "urn:uuid:a7e5b98f-87c7-439e-88f7-cc6960986889",
      "resource": {
        "id": "a7e5b98f-87c7-439e-88f7-cc6960986889",
        "meta": {
          "profile": [
            "http://standardhealthrecord.org/fhir/StructureDefinition/shr-observation-Observation",
            "http://standardhealthrecord.org/fhir/StructureDefinition/shr-vital-BloodPressure"
          ]
        },
        "status": "final",
        "category": [
          {
            "coding": [
              {
                "system": "http://hl7.org/fhir/observation-category",
                "code": "vital-signs"
              }
            ]
          }
        ],
        "code": {
          "coding": [
            {
              "system": "http://loinc.org",
              "code": "55284-4",
              "display": "Blood Pressure"
            }
          ]
        },
        "subject": {
          "reference": "urn:uuid:9efef561-7810-4184-81bc-f5a1de62a782"
        },
        "context": {
          "reference": "urn:uuid:04b3b1ff-f5b4-46a8-aacf-dcb7f766d464"
        },
        "effectiveDateTime": "2012-06-20T21:59:03-04:00",
        "issued": "2012-06-20T21:59:03-04:00",
        "component": [
          {
            "code": {
              "coding": [
                {
                  "system": "http://loinc.org",
                  "code": "8480-6",
                  "display": "Systolic Blood Pressure"
                }
              ],
              "text": "Systolic Blood Pressure"
            },
            "valueQuantity": {
              "value": 138,
              "unit": "mmHg",
              "system": "http://unitsofmeasure.org/",
              "code": "mmHg"
            }
          },
          {
            "code": {
              "coding": [
                {
                  "system": "http://loinc.org",
                  "code": "8462-4",
                  "display": "Diastolic Blood Pressure"
                }
              ],
              "text": "Diastolic Blood Pressure"
            },
            "valueQuantity": {
              "value": 76,
              "unit": "mmHg",
              "system": "http://unitsofmeasure.org/",
              "code": "mmHg"
            }
          }
        ],
        "resourceType": "Observation"
      }
    },
    {
      "resource": {
        "meta": {
          "profile": [
            "http://standardhealthrecord.org/fhir/StructureDefinition/shr-procedure-Procedure"
          ]
        },
        "extension": [
          {
            "url": "http://standardhealthrecord.org/fhir/StructureDefinition/shr-core-CodeableConcept-extension",
            "valueCodeableConcept": {
              "coding": [
                {
                  "system": "http://snomed.info/sct",
                  "code": "428191000124101",
                  "display": "Documentation of current medications"
                }
              ],
              "text": "Documentation of current medications"
            }
          }
        ],
        "status": "completed",
        "code": {
          "coding": [
            {
              "system": "http://snomed.info/sct",
              "code": "428191000124101",
              "display": "Documentation of current medications"
            }
          ],
          "text": "Documentation of current medications"
        },
        "subject": {
          "reference": "urn:uuid:9efef561-7810-4184-81bc-f5a1de62a782"
        },
        "context": {
          "reference": "urn:uuid:04b3b1ff-f5b4-46a8-aacf-dcb7f766d464"
        },
        "performedDateTime": "2012-06-20T21:59:03-04:00",
        "resourceType": "Procedure"
      }
    },
    {
      "resource": {
        "meta": {
          "profile": [
            "http://standardhealthrecord.org/fhir/StructureDefinition/shr-immunization-Immunization"
          ]
        },
        "status": "completed",
        "notGiven": false,
        "vaccineCode": {
          "coding": [
            {
              "system": "http://hl7.org/fhir/sid/cvx",
              "code": "140",
              "display": "Influenza, seasonal, injectable, preservative free"
            }
          ],
          "text": "Influenza, seasonal, injectable, preservative free"
        },
        "patient": {
          "reference": "urn:uuid:9efef561-7810-4184-81bc-f5a1de62a782"
        },
        "encounter": {
          "reference": "urn:uuid:04b3b1ff-f5b4-46a8-aacf-dcb7f766d464"
        },
        "date": "2012-06-20T21:59:03-04:00",
        "primarySource": true,
        "resourceType": "Immunization"
      }
    },
    {
      "fullUrl": "urn:uuid:8f0245cc-bf19-47be-a28f-d51ded7f1c63",
      "resource": {
        "id": "8f0245cc-bf19-47be-a28f-d51ded7f1c63",
        "meta": {
          "profile": [
            "http://standardhealthrecord.org/fhir/StructureDefinition/shr-encounter-Encounter"
          ]
        },
        "status": "finished",
        "class": {
          "code": "outpatient"
        },
        "type": [
          {
            "coding": [
              {
                "system": "http://snomed.info/sct",
                "code": "170258001"
              }
            ],
            "text": "Outpatient Encounter"
          }
        ],
        "subject": {
          "reference": "urn:uuid:9efef561-7810-4184-81bc-f5a1de62a782"
        },
        "period": {
          "start": "2013-07-18T01:40:03-04:00",
          "end": "2013-07-18T02:40:03-04:00"
        },
        "serviceProvider": {
          "reference": "urn:uuid:ef036589-2584-4feb-91dc-8689eef227c9"
        },
        "resourceType": "Encounter"
      }
    },
    {
      "fullUrl": "urn:uuid:25de634e-97e8-4c7f-953f-9fc1edcd2fcc",
      "resource": {
        "id": "25de634e-97e8-4c7f-953f-9fc1edcd2fcc",
        "meta": {
          "profile": [
            "http://standardhealthrecord.org/fhir/StructureDefinition/shr-observation-Observation",
            "http://standardhealthrecord.org/fhir/StructureDefinition/shr-vital-VitalSign",
            "http://standardhealthrecord.org/fhir/StructureDefinition/shr-vital-BodyHeight"
          ]
        },
        "status": "final",
        "category": [
          {
            "coding": [
              {
                "system": "http://hl7.org/fhir/observation-category",
                "code": "vital-signs"
              }
            ]
          }
        ],
        "code": {
          "coding": [
            {
              "system": "http://loinc.org",
              "code": "8302-2",
              "display": "Body Height"
            }
          ],
          "text": "Body Height"
        },
        "subject": {
          "reference": "urn:uuid:9efef561-7810-4184-81bc-f5a1de62a782"
        },
        "context": {
          "reference": "urn:uuid:8f0245cc-bf19-47be-a28f-d51ded7f1c63"
        },
        "effectiveDateTime": "2013-07-18T01:40:03-04:00",
        "issued": "2013-07-18T01:40:03-04:00",
        "valueQuantity": {
          "value": 139.90864876048246,
          "unit": "cm",
          "system": "http://unitsofmeasure.org/",
          "code": "cm"
        },
        "resourceType": "Observation"
      }
    },
    {
      "fullUrl": "urn:uuid:9183fffb-8d87-4d8d-a674-75d1ca963b02",
      "resource": {
        "id": "9183fffb-8d87-4d8d-a674-75d1ca963b02",
        "meta": {
          "profile": [
            "http://standardhealthrecord.org/fhir/StructureDefinition/shr-observation-Observation",
            "http://standardhealthrecord.org/fhir/StructureDefinition/shr-vital-VitalSign",
            "http://standardhealthrecord.org/fhir/StructureDefinition/shr-vital-BodyWeight"
          ]
        },
        "status": "final",
        "category": [
          {
            "coding": [
              {
                "system": "http://hl7.org/fhir/observation-category",
                "code": "vital-signs"
              }
            ]
          }
        ],
        "code": {
          "coding": [
            {
              "system": "http://loinc.org",
              "code": "29463-7",
              "display": "Body Weight"
            }
          ],
          "text": "Body Weight"
        },
        "subject": {
          "reference": "urn:uuid:9efef561-7810-4184-81bc-f5a1de62a782"
        },
        "context": {
          "reference": "urn:uuid:8f0245cc-bf19-47be-a28f-d51ded7f1c63"
        },
        "effectiveDateTime": "2013-07-18T01:40:03-04:00",
        "issued": "2013-07-18T01:40:03-04:00",
        "valueQuantity": {
          "value": 26.32068242594558,
          "unit": "kg",
          "system": "http://unitsofmeasure.org/",
          "code": "kg"
        },
        "resourceType": "Observation"
      }
    },
    {
      "fullUrl": "urn:uuid:58f7dd63-6f86-44f7-a090-bcb59ccc4e89",
      "resource": {
        "id": "58f7dd63-6f86-44f7-a090-bcb59ccc4e89",
        "meta": {
          "profile": [
            "http://standardhealthrecord.org/fhir/StructureDefinition/shr-observation-Observation",
            "http://standardhealthrecord.org/fhir/StructureDefinition/shr-vital-VitalSign",
            "http://standardhealthrecord.org/fhir/StructureDefinition/shr-vital-BodyMassIndex"
          ]
        },
        "status": "final",
        "category": [
          {
            "coding": [
              {
                "system": "http://hl7.org/fhir/observation-category",
                "code": "vital-signs"
              }
            ]
          }
        ],
        "code": {
          "coding": [
            {
              "system": "http://loinc.org",
              "code": "39156-5",
              "display": "Body Mass Index"
            }
          ],
          "text": "Body Mass Index"
        },
        "subject": {
          "reference": "urn:uuid:9efef561-7810-4184-81bc-f5a1de62a782"
        },
        "context": {
          "reference": "urn:uuid:8f0245cc-bf19-47be-a28f-d51ded7f1c63"
        },
        "effectiveDateTime": "2013-07-18T01:40:03-04:00",
        "issued": "2013-07-18T01:40:03-04:00",
        "valueQuantity": {
          "value": 13.446461750690222,
          "unit": "kg/m2",
          "system": "http://unitsofmeasure.org/",
          "code": "kg/m2"
        },
        "resourceType": "Observation"
      }
    },
    {
      "fullUrl": "urn:uuid:59344d70-3598-43bb-ab3d-3a322f05c011",
      "resource": {
        "id": "59344d70-3598-43bb-ab3d-3a322f05c011",
        "meta": {
          "profile": [
            "http://standardhealthrecord.org/fhir/StructureDefinition/shr-observation-Observation",
            "http://standardhealthrecord.org/fhir/StructureDefinition/shr-vital-BloodPressure"
          ]
        },
        "status": "final",
        "category": [
          {
            "coding": [
              {
                "system": "http://hl7.org/fhir/observation-category",
                "code": "vital-signs"
              }
            ]
          }
        ],
        "code": {
          "coding": [
            {
              "system": "http://loinc.org",
              "code": "55284-4",
              "display": "Blood Pressure"
            }
          ]
        },
        "subject": {
          "reference": "urn:uuid:9efef561-7810-4184-81bc-f5a1de62a782"
        },
        "context": {
          "reference": "urn:uuid:8f0245cc-bf19-47be-a28f-d51ded7f1c63"
        },
        "effectiveDateTime": "2013-07-18T01:40:03-04:00",
        "issued": "2013-07-18T01:40:03-04:00",
        "component": [
          {
            "code": {
              "coding": [
                {
                  "system": "http://loinc.org",
                  "code": "8480-6",
                  "display": "Systolic Blood Pressure"
                }
              ],
              "text": "Systolic Blood Pressure"
            },
            "valueQuantity": {
              "value": 124,
              "unit": "mmHg",
              "system": "http://unitsofmeasure.org/",
              "code": "mmHg"
            }
          },
          {
            "code": {
              "coding": [
                {
                  "system": "http://loinc.org",
                  "code": "8462-4",
                  "display": "Diastolic Blood Pressure"
                }
              ],
              "text": "Diastolic Blood Pressure"
            },
            "valueQuantity": {
              "value": 86,
              "unit": "mmHg",
              "system": "http://unitsofmeasure.org/",
              "code": "mmHg"
            }
          }
        ],
        "resourceType": "Observation"
      }
    },
    {
      "resource": {
        "meta": {
          "profile": [
            "http://standardhealthrecord.org/fhir/StructureDefinition/shr-procedure-Procedure"
          ]
        },
        "extension": [
          {
            "url": "http://standardhealthrecord.org/fhir/StructureDefinition/shr-core-CodeableConcept-extension",
            "valueCodeableConcept": {
              "coding": [
                {
                  "system": "http://snomed.info/sct",
                  "code": "428191000124101",
                  "display": "Documentation of current medications"
                }
              ],
              "text": "Documentation of current medications"
            }
          }
        ],
        "status": "completed",
        "code": {
          "coding": [
            {
              "system": "http://snomed.info/sct",
              "code": "428191000124101",
              "display": "Documentation of current medications"
            }
          ],
          "text": "Documentation of current medications"
        },
        "subject": {
          "reference": "urn:uuid:9efef561-7810-4184-81bc-f5a1de62a782"
        },
        "context": {
          "reference": "urn:uuid:8f0245cc-bf19-47be-a28f-d51ded7f1c63"
        },
        "performedDateTime": "2013-07-18T01:40:03-04:00",
        "resourceType": "Procedure"
      }
    },
    {
      "resource": {
        "meta": {
          "profile": [
            "http://standardhealthrecord.org/fhir/StructureDefinition/shr-immunization-Immunization"
          ]
        },
        "status": "completed",
        "notGiven": false,
        "vaccineCode": {
          "coding": [
            {
              "system": "http://hl7.org/fhir/sid/cvx",
              "code": "140",
              "display": "Influenza, seasonal, injectable, preservative free"
            }
          ],
          "text": "Influenza, seasonal, injectable, preservative free"
        },
        "patient": {
          "reference": "urn:uuid:9efef561-7810-4184-81bc-f5a1de62a782"
        },
        "encounter": {
          "reference": "urn:uuid:8f0245cc-bf19-47be-a28f-d51ded7f1c63"
        },
        "date": "2013-07-18T01:40:03-04:00",
        "primarySource": true,
        "resourceType": "Immunization"
      }
    },
    {
      "fullUrl": "urn:uuid:b6047994-de4c-4293-80bb-24ecc600960b",
      "resource": {
        "id": "b6047994-de4c-4293-80bb-24ecc600960b",
        "meta": {
          "profile": [
            "http://standardhealthrecord.org/fhir/StructureDefinition/shr-encounter-Encounter"
          ]
        },
        "status": "finished",
        "class": {
          "code": "outpatient"
        },
        "type": [
          {
            "coding": [
              {
                "system": "http://snomed.info/sct",
                "code": "170258001"
              }
            ],
            "text": "Outpatient Encounter"
          }
        ],
        "subject": {
          "reference": "urn:uuid:9efef561-7810-4184-81bc-f5a1de62a782"
        },
        "period": {
          "start": "2014-08-13T03:33:52-04:00",
          "end": "2014-08-13T04:33:52-04:00"
        },
        "serviceProvider": {
          "reference": "urn:uuid:ef036589-2584-4feb-91dc-8689eef227c9"
        },
        "resourceType": "Encounter"
      }
    },
    {
      "fullUrl": "urn:uuid:1826f321-91d1-4604-8df5-8e4ea23af7fb",
      "resource": {
        "id": "1826f321-91d1-4604-8df5-8e4ea23af7fb",
        "meta": {
          "profile": [
            "http://standardhealthrecord.org/fhir/StructureDefinition/shr-observation-Observation",
            "http://standardhealthrecord.org/fhir/StructureDefinition/shr-vital-VitalSign",
            "http://standardhealthrecord.org/fhir/StructureDefinition/shr-vital-BodyHeight"
          ]
        },
        "status": "final",
        "category": [
          {
            "coding": [
              {
                "system": "http://hl7.org/fhir/observation-category",
                "code": "vital-signs"
              }
            ]
          }
        ],
        "code": {
          "coding": [
            {
              "system": "http://loinc.org",
              "code": "8302-2",
              "display": "Body Height"
            }
          ],
          "text": "Body Height"
        },
        "subject": {
          "reference": "urn:uuid:9efef561-7810-4184-81bc-f5a1de62a782"
        },
        "context": {
          "reference": "urn:uuid:b6047994-de4c-4293-80bb-24ecc600960b"
        },
        "effectiveDateTime": "2014-08-13T03:33:52-04:00",
        "issued": "2014-08-13T03:33:52-04:00",
        "valueQuantity": {
          "value": 147.5597720931974,
          "unit": "cm",
          "system": "http://unitsofmeasure.org/",
          "code": "cm"
        },
        "resourceType": "Observation"
      }
    },
    {
      "fullUrl": "urn:uuid:706acb13-8941-432d-a994-d57c834626f2",
      "resource": {
        "id": "706acb13-8941-432d-a994-d57c834626f2",
        "meta": {
          "profile": [
            "http://standardhealthrecord.org/fhir/StructureDefinition/shr-observation-Observation",
            "http://standardhealthrecord.org/fhir/StructureDefinition/shr-vital-VitalSign",
            "http://standardhealthrecord.org/fhir/StructureDefinition/shr-vital-BodyWeight"
          ]
        },
        "status": "final",
        "category": [
          {
            "coding": [
              {
                "system": "http://hl7.org/fhir/observation-category",
                "code": "vital-signs"
              }
            ]
          }
        ],
        "code": {
          "coding": [
            {
              "system": "http://loinc.org",
              "code": "29463-7",
              "display": "Body Weight"
            }
          ],
          "text": "Body Weight"
        },
        "subject": {
          "reference": "urn:uuid:9efef561-7810-4184-81bc-f5a1de62a782"
        },
        "context": {
          "reference": "urn:uuid:b6047994-de4c-4293-80bb-24ecc600960b"
        },
        "effectiveDateTime": "2014-08-13T03:33:52-04:00",
        "issued": "2014-08-13T03:33:52-04:00",
        "valueQuantity": {
          "value": 29.742906381787815,
          "unit": "kg",
          "system": "http://unitsofmeasure.org/",
          "code": "kg"
        },
        "resourceType": "Observation"
      }
    },
    {
      "fullUrl": "urn:uuid:60c4b237-aa78-438c-a76a-794a91ee7a38",
      "resource": {
        "id": "60c4b237-aa78-438c-a76a-794a91ee7a38",
        "meta": {
          "profile": [
            "http://standardhealthrecord.org/fhir/StructureDefinition/shr-observation-Observation",
            "http://standardhealthrecord.org/fhir/StructureDefinition/shr-vital-VitalSign",
            "http://standardhealthrecord.org/fhir/StructureDefinition/shr-vital-BodyMassIndex"
          ]
        },
        "status": "final",
        "category": [
          {
            "coding": [
              {
                "system": "http://hl7.org/fhir/observation-category",
                "code": "vital-signs"
              }
            ]
          }
        ],
        "code": {
          "coding": [
            {
              "system": "http://loinc.org",
              "code": "39156-5",
              "display": "Body Mass Index"
            }
          ],
          "text": "Body Mass Index"
        },
        "subject": {
          "reference": "urn:uuid:9efef561-7810-4184-81bc-f5a1de62a782"
        },
        "context": {
          "reference": "urn:uuid:b6047994-de4c-4293-80bb-24ecc600960b"
        },
        "effectiveDateTime": "2014-08-13T03:33:52-04:00",
        "issued": "2014-08-13T03:33:52-04:00",
        "valueQuantity": {
          "value": 13.6598978781661,
          "unit": "kg/m2",
          "system": "http://unitsofmeasure.org/",
          "code": "kg/m2"
        },
        "resourceType": "Observation"
      }
    },
    {
      "fullUrl": "urn:uuid:7eb15a58-4157-408d-a278-ed34acc34b2c",
      "resource": {
        "id": "7eb15a58-4157-408d-a278-ed34acc34b2c",
        "meta": {
          "profile": [
            "http://standardhealthrecord.org/fhir/StructureDefinition/shr-observation-Observation",
            "http://standardhealthrecord.org/fhir/StructureDefinition/shr-vital-BloodPressure"
          ]
        },
        "status": "final",
        "category": [
          {
            "coding": [
              {
                "system": "http://hl7.org/fhir/observation-category",
                "code": "vital-signs"
              }
            ]
          }
        ],
        "code": {
          "coding": [
            {
              "system": "http://loinc.org",
              "code": "55284-4",
              "display": "Blood Pressure"
            }
          ]
        },
        "subject": {
          "reference": "urn:uuid:9efef561-7810-4184-81bc-f5a1de62a782"
        },
        "context": {
          "reference": "urn:uuid:b6047994-de4c-4293-80bb-24ecc600960b"
        },
        "effectiveDateTime": "2014-08-13T03:33:52-04:00",
        "issued": "2014-08-13T03:33:52-04:00",
        "component": [
          {
            "code": {
              "coding": [
                {
                  "system": "http://loinc.org",
                  "code": "8480-6",
                  "display": "Systolic Blood Pressure"
                }
              ],
              "text": "Systolic Blood Pressure"
            },
            "valueQuantity": {
              "value": 113,
              "unit": "mmHg",
              "system": "http://unitsofmeasure.org/",
              "code": "mmHg"
            }
          },
          {
            "code": {
              "coding": [
                {
                  "system": "http://loinc.org",
                  "code": "8462-4",
                  "display": "Diastolic Blood Pressure"
                }
              ],
              "text": "Diastolic Blood Pressure"
            },
            "valueQuantity": {
              "value": 71,
              "unit": "mmHg",
              "system": "http://unitsofmeasure.org/",
              "code": "mmHg"
            }
          }
        ],
        "resourceType": "Observation"
      }
    },
    {
      "resource": {
        "meta": {
          "profile": [
            "http://standardhealthrecord.org/fhir/StructureDefinition/shr-immunization-Immunization"
          ]
        },
        "status": "completed",
        "notGiven": false,
        "vaccineCode": {
          "coding": [
            {
              "system": "http://hl7.org/fhir/sid/cvx",
              "code": "140",
              "display": "Influenza, seasonal, injectable, preservative free"
            }
          ],
          "text": "Influenza, seasonal, injectable, preservative free"
        },
        "patient": {
          "reference": "urn:uuid:9efef561-7810-4184-81bc-f5a1de62a782"
        },
        "encounter": {
          "reference": "urn:uuid:b6047994-de4c-4293-80bb-24ecc600960b"
        },
        "date": "2014-08-13T03:33:52-04:00",
        "primarySource": true,
        "resourceType": "Immunization"
      }
    },
    {
      "resource": {
        "meta": {
          "profile": [
            "http://standardhealthrecord.org/fhir/StructureDefinition/shr-immunization-Immunization"
          ]
        },
        "status": "completed",
        "notGiven": false,
        "vaccineCode": {
          "coding": [
            {
              "system": "http://hl7.org/fhir/sid/cvx",
              "code": "114",
              "display": "meningococcal MCV4P"
            }
          ],
          "text": "meningococcal MCV4P"
        },
        "patient": {
          "reference": "urn:uuid:9efef561-7810-4184-81bc-f5a1de62a782"
        },
        "encounter": {
          "reference": "urn:uuid:b6047994-de4c-4293-80bb-24ecc600960b"
        },
        "date": "2014-08-13T03:33:52-04:00",
        "primarySource": true,
        "resourceType": "Immunization"
      }
    },
    {
      "resource": {
        "meta": {
          "profile": [
            "http://standardhealthrecord.org/fhir/StructureDefinition/shr-immunization-Immunization"
          ]
        },
        "status": "completed",
        "notGiven": false,
        "vaccineCode": {
          "coding": [
            {
              "system": "http://hl7.org/fhir/sid/cvx",
              "code": "115",
              "display": "Tdap"
            }
          ],
          "text": "Tdap"
        },
        "patient": {
          "reference": "urn:uuid:9efef561-7810-4184-81bc-f5a1de62a782"
        },
        "encounter": {
          "reference": "urn:uuid:b6047994-de4c-4293-80bb-24ecc600960b"
        },
        "date": "2014-08-13T03:33:52-04:00",
        "primarySource": true,
        "resourceType": "Immunization"
      }
    },
    {
      "resource": {
        "meta": {
          "profile": [
            "http://standardhealthrecord.org/fhir/StructureDefinition/shr-immunization-Immunization"
          ]
        },
        "status": "completed",
        "notGiven": false,
        "vaccineCode": {
          "coding": [
            {
              "system": "http://hl7.org/fhir/sid/cvx",
              "code": "62",
              "display": "HPV, quadrivalent"
            }
          ],
          "text": "HPV, quadrivalent"
        },
        "patient": {
          "reference": "urn:uuid:9efef561-7810-4184-81bc-f5a1de62a782"
        },
        "encounter": {
          "reference": "urn:uuid:b6047994-de4c-4293-80bb-24ecc600960b"
        },
        "date": "2014-08-13T03:33:52-04:00",
        "primarySource": true,
        "resourceType": "Immunization"
      }
    },
    {
      "fullUrl": "urn:uuid:87243c07-7a43-4ea7-9282-3b99a6b9200f",
      "resource": {
        "id": "87243c07-7a43-4ea7-9282-3b99a6b9200f",
        "meta": {
          "profile": [
            "http://standardhealthrecord.org/fhir/StructureDefinition/shr-encounter-Encounter"
          ]
        },
        "status": "finished",
        "class": {
          "code": "outpatient"
        },
        "type": [
          {
            "coding": [
              {
                "system": "http://snomed.info/sct",
                "code": "170258001"
              }
            ],
            "text": "Outpatient Encounter"
          }
        ],
        "subject": {
          "reference": "urn:uuid:9efef561-7810-4184-81bc-f5a1de62a782"
        },
        "period": {
          "start": "2015-09-10T20:11:39-04:00",
          "end": "2015-09-10T21:11:39-04:00"
        },
        "serviceProvider": {
          "reference": "urn:uuid:ef036589-2584-4feb-91dc-8689eef227c9"
        },
        "resourceType": "Encounter"
      }
    },
    {
      "fullUrl": "urn:uuid:760b1498-7ed9-4a74-929a-c7f2d5d07b7b",
      "resource": {
        "id": "760b1498-7ed9-4a74-929a-c7f2d5d07b7b",
        "meta": {
          "profile": [
            "http://standardhealthrecord.org/fhir/StructureDefinition/shr-observation-Observation",
            "http://standardhealthrecord.org/fhir/StructureDefinition/shr-vital-VitalSign",
            "http://standardhealthrecord.org/fhir/StructureDefinition/shr-vital-BodyHeight"
          ]
        },
        "status": "final",
        "category": [
          {
            "coding": [
              {
                "system": "http://hl7.org/fhir/observation-category",
                "code": "vital-signs"
              }
            ]
          }
        ],
        "code": {
          "coding": [
            {
              "system": "http://loinc.org",
              "code": "8302-2",
              "display": "Body Height"
            }
          ],
          "text": "Body Height"
        },
        "subject": {
          "reference": "urn:uuid:9efef561-7810-4184-81bc-f5a1de62a782"
        },
        "context": {
          "reference": "urn:uuid:87243c07-7a43-4ea7-9282-3b99a6b9200f"
        },
        "effectiveDateTime": "2015-09-10T20:11:39-04:00",
        "issued": "2015-09-10T20:11:39-04:00",
        "valueQuantity": {
          "value": 154.2304741908561,
          "unit": "cm",
          "system": "http://unitsofmeasure.org/",
          "code": "cm"
        },
        "resourceType": "Observation"
      }
    },
    {
      "fullUrl": "urn:uuid:5af5de4a-d400-462d-8bb2-c538d11135e1",
      "resource": {
        "id": "5af5de4a-d400-462d-8bb2-c538d11135e1",
        "meta": {
          "profile": [
            "http://standardhealthrecord.org/fhir/StructureDefinition/shr-observation-Observation",
            "http://standardhealthrecord.org/fhir/StructureDefinition/shr-vital-VitalSign",
            "http://standardhealthrecord.org/fhir/StructureDefinition/shr-vital-BodyWeight"
          ]
        },
        "status": "final",
        "category": [
          {
            "coding": [
              {
                "system": "http://hl7.org/fhir/observation-category",
                "code": "vital-signs"
              }
            ]
          }
        ],
        "code": {
          "coding": [
            {
              "system": "http://loinc.org",
              "code": "29463-7",
              "display": "Body Weight"
            }
          ],
          "text": "Body Weight"
        },
        "subject": {
          "reference": "urn:uuid:9efef561-7810-4184-81bc-f5a1de62a782"
        },
        "context": {
          "reference": "urn:uuid:87243c07-7a43-4ea7-9282-3b99a6b9200f"
        },
        "effectiveDateTime": "2015-09-10T20:11:39-04:00",
        "issued": "2015-09-10T20:11:39-04:00",
        "valueQuantity": {
          "value": 33.40877803612228,
          "unit": "kg",
          "system": "http://unitsofmeasure.org/",
          "code": "kg"
        },
        "resourceType": "Observation"
      }
    },
    {
      "fullUrl": "urn:uuid:4edc18d2-8688-499c-8e42-7cdb786c0e4d",
      "resource": {
        "id": "4edc18d2-8688-499c-8e42-7cdb786c0e4d",
        "meta": {
          "profile": [
            "http://standardhealthrecord.org/fhir/StructureDefinition/shr-observation-Observation",
            "http://standardhealthrecord.org/fhir/StructureDefinition/shr-vital-VitalSign",
            "http://standardhealthrecord.org/fhir/StructureDefinition/shr-vital-BodyMassIndex"
          ]
        },
        "status": "final",
        "category": [
          {
            "coding": [
              {
                "system": "http://hl7.org/fhir/observation-category",
                "code": "vital-signs"
              }
            ]
          }
        ],
        "code": {
          "coding": [
            {
              "system": "http://loinc.org",
              "code": "39156-5",
              "display": "Body Mass Index"
            }
          ],
          "text": "Body Mass Index"
        },
        "subject": {
          "reference": "urn:uuid:9efef561-7810-4184-81bc-f5a1de62a782"
        },
        "context": {
          "reference": "urn:uuid:87243c07-7a43-4ea7-9282-3b99a6b9200f"
        },
        "effectiveDateTime": "2015-09-10T20:11:39-04:00",
        "issued": "2015-09-10T20:11:39-04:00",
        "valueQuantity": {
          "value": 14.044950192653715,
          "unit": "kg/m2",
          "system": "http://unitsofmeasure.org/",
          "code": "kg/m2"
        },
        "resourceType": "Observation"
      }
    },
    {
      "fullUrl": "urn:uuid:f00b3503-5a55-4cd0-8241-d52ca3e01441",
      "resource": {
        "id": "f00b3503-5a55-4cd0-8241-d52ca3e01441",
        "meta": {
          "profile": [
            "http://standardhealthrecord.org/fhir/StructureDefinition/shr-observation-Observation",
            "http://standardhealthrecord.org/fhir/StructureDefinition/shr-vital-BloodPressure"
          ]
        },
        "status": "final",
        "category": [
          {
            "coding": [
              {
                "system": "http://hl7.org/fhir/observation-category",
                "code": "vital-signs"
              }
            ]
          }
        ],
        "code": {
          "coding": [
            {
              "system": "http://loinc.org",
              "code": "55284-4",
              "display": "Blood Pressure"
            }
          ]
        },
        "subject": {
          "reference": "urn:uuid:9efef561-7810-4184-81bc-f5a1de62a782"
        },
        "context": {
          "reference": "urn:uuid:87243c07-7a43-4ea7-9282-3b99a6b9200f"
        },
        "effectiveDateTime": "2015-09-10T20:11:39-04:00",
        "issued": "2015-09-10T20:11:39-04:00",
        "component": [
          {
            "code": {
              "coding": [
                {
                  "system": "http://loinc.org",
                  "code": "8480-6",
                  "display": "Systolic Blood Pressure"
                }
              ],
              "text": "Systolic Blood Pressure"
            },
            "valueQuantity": {
              "value": 129,
              "unit": "mmHg",
              "system": "http://unitsofmeasure.org/",
              "code": "mmHg"
            }
          },
          {
            "code": {
              "coding": [
                {
                  "system": "http://loinc.org",
                  "code": "8462-4",
                  "display": "Diastolic Blood Pressure"
                }
              ],
              "text": "Diastolic Blood Pressure"
            },
            "valueQuantity": {
              "value": 72,
              "unit": "mmHg",
              "system": "http://unitsofmeasure.org/",
              "code": "mmHg"
            }
          }
        ],
        "resourceType": "Observation"
      }
    },
    {
      "resource": {
        "meta": {
          "profile": [
            "http://standardhealthrecord.org/fhir/StructureDefinition/shr-immunization-Immunization"
          ]
        },
        "status": "completed",
        "notGiven": false,
        "vaccineCode": {
          "coding": [
            {
              "system": "http://hl7.org/fhir/sid/cvx",
              "code": "140",
              "display": "Influenza, seasonal, injectable, preservative free"
            }
          ],
          "text": "Influenza, seasonal, injectable, preservative free"
        },
        "patient": {
          "reference": "urn:uuid:9efef561-7810-4184-81bc-f5a1de62a782"
        },
        "encounter": {
          "reference": "urn:uuid:87243c07-7a43-4ea7-9282-3b99a6b9200f"
        },
        "date": "2015-09-10T20:11:39-04:00",
        "primarySource": true,
        "resourceType": "Immunization"
      }
    },
    {
      "resource": {
        "meta": {
          "profile": [
            "http://standardhealthrecord.org/fhir/StructureDefinition/shr-immunization-Immunization"
          ]
        },
        "status": "completed",
        "notGiven": false,
        "vaccineCode": {
          "coding": [
            {
              "system": "http://hl7.org/fhir/sid/cvx",
              "code": "62",
              "display": "HPV, quadrivalent"
            }
          ],
          "text": "HPV, quadrivalent"
        },
        "patient": {
          "reference": "urn:uuid:9efef561-7810-4184-81bc-f5a1de62a782"
        },
        "encounter": {
          "reference": "urn:uuid:87243c07-7a43-4ea7-9282-3b99a6b9200f"
        },
        "date": "2015-09-10T20:11:39-04:00",
        "primarySource": true,
        "resourceType": "Immunization"
      }
    },
    {
      "fullUrl": "urn:uuid:386f333d-aef5-43f2-ae6e-4ddd86ec4b7e",
      "resource": {
        "id": "386f333d-aef5-43f2-ae6e-4ddd86ec4b7e",
        "meta": {
          "profile": [
            "http://standardhealthrecord.org/fhir/StructureDefinition/shr-encounter-Encounter"
          ]
        },
        "status": "finished",
        "class": {
          "code": "emergency"
        },
        "type": [
          {
            "coding": [
              {
                "system": "http://snomed.info/sct",
                "code": "50849002"
              }
            ],
            "text": "Emergency room admission"
          }
        ],
        "subject": {
          "reference": "urn:uuid:9efef561-7810-4184-81bc-f5a1de62a782"
        },
        "period": {
          "start": "2015-11-26T06:01:15-05:00",
          "end": "2015-11-26T06:27:55-05:00"
        },
        "serviceProvider": {
          "reference": "urn:uuid:ef036589-2584-4feb-91dc-8689eef227c9"
        },
        "resourceType": "Encounter"
      }
    },
    {
      "fullUrl": "urn:uuid:d763f905-802a-4d07-923b-b10539d8a465",
      "resource": {
        "id": "d763f905-802a-4d07-923b-b10539d8a465",
        "meta": {
          "profile": [
            "http://standardhealthrecord.org/fhir/StructureDefinition/shr-problem-Problem"
          ]
        },
        "clinicalStatus": "active",
        "verificationStatus": "confirmed",
        "code": {
          "coding": [
            {
              "system": "http://snomed.info/sct",
              "code": "283371005",
              "display": "Laceration of forearm"
            }
          ],
          "text": "Laceration of forearm"
        },
        "subject": {
          "reference": "urn:uuid:9efef561-7810-4184-81bc-f5a1de62a782"
        },
        "context": {
          "reference": "urn:uuid:386f333d-aef5-43f2-ae6e-4ddd86ec4b7e"
        },
        "onsetDateTime": "2015-11-26T06:01:15-05:00",
        "abatementDateTime": "2015-12-21T00:37:56-05:00",
        "assertedDate": "2015-11-26",
        "resourceType": "Condition"
      }
    },
    {
      "resource": {
        "meta": {
          "profile": [
            "http://standardhealthrecord.org/fhir/StructureDefinition/shr-procedure-Procedure"
          ]
        },
        "extension": [
          {
            "url": "http://standardhealthrecord.org/fhir/StructureDefinition/shr-core-CodeableConcept-extension",
            "valueCodeableConcept": {
              "coding": [
                {
                  "system": "http://snomed.info/sct",
                  "code": "288086009",
                  "display": "Suture open wound"
                }
              ],
              "text": "Suture open wound"
            }
          }
        ],
        "status": "completed",
        "code": {
          "coding": [
            {
              "system": "http://snomed.info/sct",
              "code": "288086009",
              "display": "Suture open wound"
            }
          ],
          "text": "Suture open wound"
        },
        "subject": {
          "reference": "urn:uuid:9efef561-7810-4184-81bc-f5a1de62a782"
        },
        "context": {
          "reference": "urn:uuid:386f333d-aef5-43f2-ae6e-4ddd86ec4b7e"
        },
        "performedPeriod": {
          "start": "2015-11-26T06:01:15-05:00",
          "end": "2015-11-26T06:21:36-05:00"
        },
        "reasonReference": {
          "reference": "urn:uuid:d763f905-802a-4d07-923b-b10539d8a465",
          "display": "Laceration of forearm"
        },
        "resourceType": "Procedure"
      }
    },
    {
      "resource": {
        "status": "completed",
        "category": [
          {
            "coding": [
              {
                "system": "http://snomed.info/sct",
                "code": "225358003",
                "display": "Wound care"
              }
            ]
          }
        ],
        "subject": {
          "reference": "urn:uuid:9efef561-7810-4184-81bc-f5a1de62a782"
        },
        "context": {
          "reference": "urn:uuid:386f333d-aef5-43f2-ae6e-4ddd86ec4b7e"
        },
        "period": {
          "start": "2015-11-26",
          "end": "2015-12-21"
        },
        "addresses": [
          {
            "reference": "urn:uuid:d763f905-802a-4d07-923b-b10539d8a465"
          }
        ],
        "activity": [
          {
            "detail": {
              "code": {
                "coding": [
                  {
                    "system": "http://snomed.info/sct",
                    "code": "385949008",
                    "display": "Dressing change management"
                  }
                ]
              },
              "status": "completed"
            }
          },
          {
            "detail": {
              "code": {
                "coding": [
                  {
                    "system": "http://snomed.info/sct",
                    "code": "439830001",
                    "display": "Behavior to prevent infection"
                  }
                ]
              },
              "status": "completed"
            }
          }
        ],
        "resourceType": "CarePlan"
      }
    },
    {
      "resource": {
        "meta": {
          "profile": [
            "http://standardhealthrecord.org/fhir/StructureDefinition/shr-medication-Medication"
          ]
        },
        "code": {
          "coding": [
            {
              "system": "http://www.nlm.nih.gov/research/umls/rxnorm",
              "code": "310965",
              "display": "Ibuprofen 200 MG Oral Tablet"
            }
          ],
          "text": "Ibuprofen 200 MG Oral Tablet"
        },
        "resourceType": "Medication"
      }
    },
    {
      "resource": {
        "meta": {
          "profile": [
            "http://standardhealthrecord.org/fhir/StructureDefinition/shr-medication-MedicationPrescription"
          ]
        },
        "extension": [
          {
            "url": "http://standardhealthrecord.org/fhir/StructureDefinition/shr-base-ActionCode-extension",
            "valueCodeableConcept": {
              "coding": [
                {
                  "system": "http://snomed.info/sct",
                  "code": "33633005",
                  "display": "Prescription of drug (procedure)"
                }
              ],
              "text": "Prescription of drug (procedure)"
            }
          }
        ],
        "status": "stopped",
        "medicationReference": {
          "reference": ""
        },
        "subject": {
          "reference": "urn:uuid:9efef561-7810-4184-81bc-f5a1de62a782"
        },
        "context": {
          "reference": "urn:uuid:386f333d-aef5-43f2-ae6e-4ddd86ec4b7e"
        },
        "authoredOn": "2015-11-26",
        "dosageInstruction": [
          {
            "sequence": 1,
            "asNeededBoolean": true
          }
        ],
        "resourceType": "MedicationRequest"
      }
    },
    {
      "fullUrl": "urn:uuid:7e0c69c5-be5a-4f34-9478-e25649687b66",
      "resource": {
        "id": "7e0c69c5-be5a-4f34-9478-e25649687b66",
        "meta": {
          "profile": [
            "http://standardhealthrecord.org/fhir/StructureDefinition/shr-encounter-Encounter"
          ]
        },
        "status": "finished",
        "class": {
          "code": "outpatient"
        },
        "type": [
          {
            "coding": [
              {
                "system": "http://snomed.info/sct",
                "code": "170258001"
              }
            ],
            "text": "Outpatient Encounter"
          }
        ],
        "subject": {
          "reference": "urn:uuid:9efef561-7810-4184-81bc-f5a1de62a782"
        },
        "period": {
          "start": "2016-08-10T00:15:49-04:00",
          "end": "2016-08-10T01:15:49-04:00"
        },
        "serviceProvider": {
          "reference": "urn:uuid:ef036589-2584-4feb-91dc-8689eef227c9"
        },
        "resourceType": "Encounter"
      }
    },
    {
      "fullUrl": "urn:uuid:12d5d51f-35ed-42c6-b978-72f080e12cd6",
      "resource": {
        "id": "12d5d51f-35ed-42c6-b978-72f080e12cd6",
        "meta": {
          "profile": [
            "http://standardhealthrecord.org/fhir/StructureDefinition/shr-observation-Observation",
            "http://standardhealthrecord.org/fhir/StructureDefinition/shr-vital-VitalSign",
            "http://standardhealthrecord.org/fhir/StructureDefinition/shr-vital-BodyHeight"
          ]
        },
        "status": "final",
        "category": [
          {
            "coding": [
              {
                "system": "http://hl7.org/fhir/observation-category",
                "code": "vital-signs"
              }
            ]
          }
        ],
        "code": {
          "coding": [
            {
              "system": "http://loinc.org",
              "code": "8302-2",
              "display": "Body Height"
            }
          ],
          "text": "Body Height"
        },
        "subject": {
          "reference": "urn:uuid:9efef561-7810-4184-81bc-f5a1de62a782"
        },
        "context": {
          "reference": "urn:uuid:7e0c69c5-be5a-4f34-9478-e25649687b66"
        },
        "effectiveDateTime": "2016-08-10T00:15:49-04:00",
        "issued": "2016-08-10T00:15:49-04:00",
        "valueQuantity": {
          "value": 157.33078736154405,
          "unit": "cm",
          "system": "http://unitsofmeasure.org/",
          "code": "cm"
        },
        "resourceType": "Observation"
      }
    },
    {
      "fullUrl": "urn:uuid:6627fb3a-c940-41fd-8046-87cab4495a7a",
      "resource": {
        "id": "6627fb3a-c940-41fd-8046-87cab4495a7a",
        "meta": {
          "profile": [
            "http://standardhealthrecord.org/fhir/StructureDefinition/shr-observation-Observation",
            "http://standardhealthrecord.org/fhir/StructureDefinition/shr-vital-VitalSign",
            "http://standardhealthrecord.org/fhir/StructureDefinition/shr-vital-BodyWeight"
          ]
        },
        "status": "final",
        "category": [
          {
            "coding": [
              {
                "system": "http://hl7.org/fhir/observation-category",
                "code": "vital-signs"
              }
            ]
          }
        ],
        "code": {
          "coding": [
            {
              "system": "http://loinc.org",
              "code": "29463-7",
              "display": "Body Weight"
            }
          ],
          "text": "Body Weight"
        },
        "subject": {
          "reference": "urn:uuid:9efef561-7810-4184-81bc-f5a1de62a782"
        },
        "context": {
          "reference": "urn:uuid:7e0c69c5-be5a-4f34-9478-e25649687b66"
        },
        "effectiveDateTime": "2016-08-10T00:15:49-04:00",
        "issued": "2016-08-10T00:15:49-04:00",
        "valueQuantity": {
          "value": 36.4408302887455,
          "unit": "kg",
          "system": "http://unitsofmeasure.org/",
          "code": "kg"
        },
        "resourceType": "Observation"
      }
    },
    {
      "fullUrl": "urn:uuid:2bf0d549-c4ec-4ca3-8ea8-7ef3a511c6ec",
      "resource": {
        "id": "2bf0d549-c4ec-4ca3-8ea8-7ef3a511c6ec",
        "meta": {
          "profile": [
            "http://standardhealthrecord.org/fhir/StructureDefinition/shr-observation-Observation",
            "http://standardhealthrecord.org/fhir/StructureDefinition/shr-vital-VitalSign",
            "http://standardhealthrecord.org/fhir/StructureDefinition/shr-vital-BodyMassIndex"
          ]
        },
        "status": "final",
        "category": [
          {
            "coding": [
              {
                "system": "http://hl7.org/fhir/observation-category",
                "code": "vital-signs"
              }
            ]
          }
        ],
        "code": {
          "coding": [
            {
              "system": "http://loinc.org",
              "code": "39156-5",
              "display": "Body Mass Index"
            }
          ],
          "text": "Body Mass Index"
        },
        "subject": {
          "reference": "urn:uuid:9efef561-7810-4184-81bc-f5a1de62a782"
        },
        "context": {
          "reference": "urn:uuid:7e0c69c5-be5a-4f34-9478-e25649687b66"
        },
        "effectiveDateTime": "2016-08-10T00:15:49-04:00",
        "issued": "2016-08-10T00:15:49-04:00",
        "valueQuantity": {
          "value": 14.721797221139703,
          "unit": "kg/m2",
          "system": "http://unitsofmeasure.org/",
          "code": "kg/m2"
        },
        "resourceType": "Observation"
      }
    },
    {
      "fullUrl": "urn:uuid:c8cf27ad-c2a2-48c6-870c-c49dabd30135",
      "resource": {
        "id": "c8cf27ad-c2a2-48c6-870c-c49dabd30135",
        "meta": {
          "profile": [
            "http://standardhealthrecord.org/fhir/StructureDefinition/shr-observation-Observation",
            "http://standardhealthrecord.org/fhir/StructureDefinition/shr-vital-BloodPressure"
          ]
        },
        "status": "final",
        "category": [
          {
            "coding": [
              {
                "system": "http://hl7.org/fhir/observation-category",
                "code": "vital-signs"
              }
            ]
          }
        ],
        "code": {
          "coding": [
            {
              "system": "http://loinc.org",
              "code": "55284-4",
              "display": "Blood Pressure"
            }
          ]
        },
        "subject": {
          "reference": "urn:uuid:9efef561-7810-4184-81bc-f5a1de62a782"
        },
        "context": {
          "reference": "urn:uuid:7e0c69c5-be5a-4f34-9478-e25649687b66"
        },
        "effectiveDateTime": "2016-08-10T00:15:49-04:00",
        "issued": "2016-08-10T00:15:49-04:00",
        "component": [
          {
            "code": {
              "coding": [
                {
                  "system": "http://loinc.org",
                  "code": "8480-6",
                  "display": "Systolic Blood Pressure"
                }
              ],
              "text": "Systolic Blood Pressure"
            },
            "valueQuantity": {
              "value": 121,
              "unit": "mmHg",
              "system": "http://unitsofmeasure.org/",
              "code": "mmHg"
            }
          },
          {
            "code": {
              "coding": [
                {
                  "system": "http://loinc.org",
                  "code": "8462-4",
                  "display": "Diastolic Blood Pressure"
                }
              ],
              "text": "Diastolic Blood Pressure"
            },
            "valueQuantity": {
              "value": 74,
              "unit": "mmHg",
              "system": "http://unitsofmeasure.org/",
              "code": "mmHg"
            }
          }
        ],
        "resourceType": "Observation"
      }
    },
    {
      "resource": {
        "meta": {
          "profile": [
            "http://standardhealthrecord.org/fhir/StructureDefinition/shr-procedure-Procedure"
          ]
        },
        "extension": [
          {
            "url": "http://standardhealthrecord.org/fhir/StructureDefinition/shr-core-CodeableConcept-extension",
            "valueCodeableConcept": {
              "coding": [
                {
                  "system": "http://snomed.info/sct",
                  "code": "428191000124101",
                  "display": "Documentation of current medications"
                }
              ],
              "text": "Documentation of current medications"
            }
          }
        ],
        "status": "completed",
        "code": {
          "coding": [
            {
              "system": "http://snomed.info/sct",
              "code": "428191000124101",
              "display": "Documentation of current medications"
            }
          ],
          "text": "Documentation of current medications"
        },
        "subject": {
          "reference": "urn:uuid:9efef561-7810-4184-81bc-f5a1de62a782"
        },
        "context": {
          "reference": "urn:uuid:7e0c69c5-be5a-4f34-9478-e25649687b66"
        },
        "performedDateTime": "2016-08-10T00:15:49-04:00",
        "resourceType": "Procedure"
      }
    },
    {
      "resource": {
        "meta": {
          "profile": [
            "http://standardhealthrecord.org/fhir/StructureDefinition/shr-immunization-Immunization"
          ]
        },
        "status": "completed",
        "notGiven": false,
        "vaccineCode": {
          "coding": [
            {
              "system": "http://hl7.org/fhir/sid/cvx",
              "code": "140",
              "display": "Influenza, seasonal, injectable, preservative free"
            }
          ],
          "text": "Influenza, seasonal, injectable, preservative free"
        },
        "patient": {
          "reference": "urn:uuid:9efef561-7810-4184-81bc-f5a1de62a782"
        },
        "encounter": {
          "reference": "urn:uuid:7e0c69c5-be5a-4f34-9478-e25649687b66"
        },
        "date": "2016-08-10T00:15:49-04:00",
        "primarySource": true,
        "resourceType": "Immunization"
      }
    },
    {
      "resource": {
        "meta": {
          "profile": [
            "http://standardhealthrecord.org/fhir/StructureDefinition/shr-immunization-Immunization"
          ]
        },
        "status": "completed",
        "notGiven": false,
        "vaccineCode": {
          "coding": [
            {
              "system": "http://hl7.org/fhir/sid/cvx",
              "code": "62",
              "display": "HPV, quadrivalent"
            }
          ],
          "text": "HPV, quadrivalent"
        },
        "patient": {
          "reference": "urn:uuid:9efef561-7810-4184-81bc-f5a1de62a782"
        },
        "encounter": {
          "reference": "urn:uuid:7e0c69c5-be5a-4f34-9478-e25649687b66"
        },
        "date": "2016-08-10T00:15:49-04:00",
        "primarySource": true,
        "resourceType": "Immunization"
      }
    }
  ],
  "resourceType": "Bundle"
}