{
  "type": "collection",
  "entry": [
    {
      "fullUrl": "urn:uuid:c067fa6c-b435-4929-83ec-74ec9b23aae7",
      "resource": {
        "id": "c067fa6c-b435-4929-83ec-74ec9b23aae7",
        "meta": {
          "profile": [
            "http://standardhealthrecord.org/fhir/StructureDefinition/shr-demographics-PersonOfRecord"
          ]
        },
        "text": {
          "status": "generated",
          "div": "<div>Generated by <a href=\"https://github.com/synthetichealth/synthea\">Synthea</a>. Version identifier: 4d02400401b9fab839e47bf5b2f1f6a8c683ab55</div>"
        },
        "extension": [
          {
            "url": "http://hl7.org/fhir/us/core/StructureDefinition/us-core-race",
            "valueCodeableConcept": {
              "coding": [
                {
                  "system": "http://hl7.org/fhir/v3/Race",
                  "code": "2106-3",
                  "display": "White"
                }
              ],
              "text": "race"
            }
          },
          {
            "url": "http://hl7.org/fhir/us/core/StructureDefinition/us-core-ethnicity",
            "valueCodeableConcept": {
              "coding": [
                {
                  "system": "http://hl7.org/fhir/v3/Ethnicity",
                  "code": "2186-5",
                  "display": "Nonhispanic"
                }
              ],
              "text": "ethnicity"
            }
          },
          {
            "url": "http://hl7.org/fhir/StructureDefinition/birthPlace",
            "valueAddress": {
              "city": "Framingham",
              "state": "MA",
              "country": "US"
            }
          },
          {
            "url": "http://hl7.org/fhir/StructureDefinition/patient-mothersMaidenName",
            "valueString": "Charlie85 McCullough104"
          },
          {
            "url": "http://hl7.org/fhir/us/core/StructureDefinition/us-core-birthsex",
            "valueCode": "M"
          },
          {
            "url": "http://hl7.org/fhir/StructureDefinition/patient-interpreterRequired",
            "valueBoolean": false
          },
          {
            "url": "http://standardhealthrecord.org/fhir/StructureDefinition/shr-actor-FictionalPerson-extension",
            "valueBoolean": true
          },
          {
            "url": "http://standardhealthrecord.org/fhir/StructureDefinition/shr-demographics-FathersName-extension",
            "valueHumanName": {
              "text": "Mollie640 Abbott992"
            }
          },
          {
            "url": "http://standardhealthrecord.org/fhir/StructureDefinition/shr-demographics-SocialSecurityNumber-extension",
            "valueString": "999-43-5422"
          }
        ],
        "identifier": [
          {
            "system": "https://github.com/synthetichealth/synthea",
            "value": "25c08e04-9052-4725-8151-edfdf448bc64"
          },
          {
            "type": {
              "coding": [
                {
                  "system": "http://hl7.org/fhir/identifier-type",
                  "code": "SB"
                }
              ]
            },
            "system": "http://hl7.org/fhir/sid/us-ssn",
            "value": "999435422"
          },
          {
            "type": {
              "coding": [
                {
                  "system": "http://hl7.org/fhir/v2/0203",
                  "code": "DL"
                }
              ]
            },
            "system": "urn:oid:2.16.840.1.113883.4.3.25",
            "value": "S99977002"
          },
          {
            "type": {
              "coding": [
                {
                  "system": "http://hl7.org/fhir/v2/0203",
                  "code": "PPN"
                }
              ]
            },
            "system": "http://standardhealthrecord.org/fhir/StructureDefinition/passportNumber",
            "value": "X46315276X"
          }
        ],
        "name": [
          {
            "use": "official",
            "family": "Abbott992",
            "given": [
              "Treva11"
            ],
            "prefix": [
              "Mr."
            ]
          }
        ],
        "telecom": [
          {
            "system": "phone",
            "value": "665-566-5058 x3270",
            "use": "home"
          }
        ],
        "gender": "male",
        "birthDate": "1974-01-07",
        "address": [
          {
            "extension": [
              {
                "extension": [
                  {
                    "url": "latitude",
                    "valueDecimal": 42.04191647996647
                  },
                  {
                    "url": "longitude",
                    "valueDecimal": -71.1844331492547
                  }
                ],
                "url": "http://hl7.org/fhir/StructureDefinition/geolocation"
              }
            ],
            "line": [
              "9901 Cole Corners",
              "Suite 743"
            ],
            "city": "Mansfield",
            "state": "MA",
            "postalCode": "02048",
            "country": "US"
          }
        ],
        "maritalStatus": {
          "coding": [
            {
              "system": "http://hl7.org/fhir/v3/MaritalStatus",
              "code": "M"
            }
          ],
          "text": "M"
        },
        "multipleBirthBoolean": false,
        "communication": [
          {
            "language": {
              "coding": [
                {
                  "system": "http://hl7.org/fhir/ValueSet/languages",
                  "code": "en-US",
                  "display": "English (United States)"
                }
              ]
            }
          }
        ],
        "resourceType": "Patient"
      }
    },
    {
      "fullUrl": "urn:uuid:7acc028b-2f95-4c61-a8a6-12a153204ec1",
      "resource": {
        "id": "7acc028b-2f95-4c61-a8a6-12a153204ec1",
        "meta": {
          "profile": [
            "http://standardhealthrecord.org/fhir/StructureDefinition/shr-actor-Organization"
          ]
        },
        "type": [
          {
            "coding": [
              {
                "system": "http://hl7.org/fhir/ValueSet/organization-type",
                "code": "prov",
                "display": "Healthcare Provider"
              }
            ],
            "text": "Healthcare Provider"
          }
        ],
        "name": "Synthetic Provider",
        "resourceType": "Organization"
      }
    },
    {
      "fullUrl": "urn:uuid:0b793a61-cd2c-408a-998b-0238e5715928",
      "resource": {
        "id": "0b793a61-cd2c-408a-998b-0238e5715928",
        "meta": {
          "profile": [
            "http://standardhealthrecord.org/fhir/StructureDefinition/shr-encounter-Encounter"
          ]
        },
        "status": "finished",
        "class": {
          "code": "outpatient"
        },
        "type": [
          {
            "coding": [
              {
                "system": "http://snomed.info/sct",
                "code": "185349003"
              }
            ],
            "text": "Outpatient Encounter"
          }
        ],
        "subject": {
          "reference": "urn:uuid:c067fa6c-b435-4929-83ec-74ec9b23aae7"
        },
        "period": {
          "start": "2012-11-07T08:02:28-05:00",
          "end": "2012-11-07T09:02:28-05:00"
        },
        "serviceProvider": {
          "reference": "urn:uuid:7acc028b-2f95-4c61-a8a6-12a153204ec1"
        },
        "resourceType": "Encounter"
      }
    },
    {
      "fullUrl": "urn:uuid:0d8e88ed-a8ee-4fb9-9c9d-282eebc36f2a",
      "resource": {
        "id": "0d8e88ed-a8ee-4fb9-9c9d-282eebc36f2a",
        "meta": {
          "profile": [
            "http://standardhealthrecord.org/fhir/StructureDefinition/shr-observation-Observation",
            "http://standardhealthrecord.org/fhir/StructureDefinition/shr-vital-VitalSign",
            "http://standardhealthrecord.org/fhir/StructureDefinition/shr-vital-BodyHeight"
          ]
        },
        "status": "final",
        "category": [
          {
            "coding": [
              {
                "system": "http://hl7.org/fhir/observation-category",
                "code": "vital-signs"
              }
            ]
          }
        ],
        "code": {
          "coding": [
            {
              "system": "http://loinc.org",
              "code": "8302-2",
              "display": "Body Height"
            }
          ],
          "text": "Body Height"
        },
        "subject": {
          "reference": "urn:uuid:c067fa6c-b435-4929-83ec-74ec9b23aae7"
        },
        "context": {
          "reference": "urn:uuid:0b793a61-cd2c-408a-998b-0238e5715928"
        },
        "effectiveDateTime": "2012-11-07T08:02:28-05:00",
        "issued": "2012-11-07T08:02:28-05:00",
        "valueQuantity": {
          "value": 185.20294815771769,
          "unit": "cm",
          "system": "http://unitsofmeasure.org/",
          "code": "cm"
        },
        "resourceType": "Observation"
      }
    },
    {
      "fullUrl": "urn:uuid:ca7edfdc-0bf3-4b3d-bc43-19731b034aeb",
      "resource": {
        "id": "ca7edfdc-0bf3-4b3d-bc43-19731b034aeb",
        "meta": {
          "profile": [
            "http://standardhealthrecord.org/fhir/StructureDefinition/shr-observation-Observation",
            "http://standardhealthrecord.org/fhir/StructureDefinition/shr-vital-VitalSign",
            "http://standardhealthrecord.org/fhir/StructureDefinition/shr-vital-BodyWeight"
          ]
        },
        "status": "final",
        "category": [
          {
            "coding": [
              {
                "system": "http://hl7.org/fhir/observation-category",
                "code": "vital-signs"
              }
            ]
          }
        ],
        "code": {
          "coding": [
            {
              "system": "http://loinc.org",
              "code": "29463-7",
              "display": "Body Weight"
            }
          ],
          "text": "Body Weight"
        },
        "subject": {
          "reference": "urn:uuid:c067fa6c-b435-4929-83ec-74ec9b23aae7"
        },
        "context": {
          "reference": "urn:uuid:0b793a61-cd2c-408a-998b-0238e5715928"
        },
        "effectiveDateTime": "2012-11-07T08:02:28-05:00",
        "issued": "2012-11-07T08:02:28-05:00",
        "valueQuantity": {
          "value": 98.47168111974389,
          "unit": "kg",
          "system": "http://unitsofmeasure.org/",
          "code": "kg"
        },
        "resourceType": "Observation"
      }
    },
    {
      "fullUrl": "urn:uuid:d304e0a4-c811-40b1-bb53-989ee2d9a6db",
      "resource": {
        "id": "d304e0a4-c811-40b1-bb53-989ee2d9a6db",
        "meta": {
          "profile": [
            "http://standardhealthrecord.org/fhir/StructureDefinition/shr-observation-Observation",
            "http://standardhealthrecord.org/fhir/StructureDefinition/shr-vital-VitalSign",
            "http://standardhealthrecord.org/fhir/StructureDefinition/shr-vital-BodyMassIndex"
          ]
        },
        "status": "final",
        "category": [
          {
            "coding": [
              {
                "system": "http://hl7.org/fhir/observation-category",
                "code": "vital-signs"
              }
            ]
          }
        ],
        "code": {
          "coding": [
            {
              "system": "http://loinc.org",
              "code": "39156-5",
              "display": "Body Mass Index"
            }
          ],
          "text": "Body Mass Index"
        },
        "subject": {
          "reference": "urn:uuid:c067fa6c-b435-4929-83ec-74ec9b23aae7"
        },
        "context": {
          "reference": "urn:uuid:0b793a61-cd2c-408a-998b-0238e5715928"
        },
        "effectiveDateTime": "2012-11-07T08:02:28-05:00",
        "issued": "2012-11-07T08:02:28-05:00",
        "valueQuantity": {
          "value": 28.708834444610257,
          "unit": "kg/m2",
          "system": "http://unitsofmeasure.org/",
          "code": "kg/m2"
        },
        "resourceType": "Observation"
      }
    },
    {
      "fullUrl": "urn:uuid:f7ae7491-31bc-4257-bb46-dd84b947bf6d",
      "resource": {
        "id": "f7ae7491-31bc-4257-bb46-dd84b947bf6d",
        "meta": {
          "profile": [
            "http://standardhealthrecord.org/fhir/StructureDefinition/shr-observation-Observation",
            "http://standardhealthrecord.org/fhir/StructureDefinition/shr-vital-BloodPressure"
          ]
        },
        "status": "final",
        "category": [
          {
            "coding": [
              {
                "system": "http://hl7.org/fhir/observation-category",
                "code": "vital-signs"
              }
            ]
          }
        ],
        "code": {
          "coding": [
            {
              "system": "http://loinc.org",
              "code": "55284-4",
              "display": "Blood Pressure"
            }
          ]
        },
        "subject": {
          "reference": "urn:uuid:c067fa6c-b435-4929-83ec-74ec9b23aae7"
        },
        "context": {
          "reference": "urn:uuid:0b793a61-cd2c-408a-998b-0238e5715928"
        },
        "effectiveDateTime": "2012-11-07T08:02:28-05:00",
        "issued": "2012-11-07T08:02:28-05:00",
        "component": [
          {
            "code": {
              "coding": [
                {
                  "system": "http://loinc.org",
                  "code": "8480-6",
                  "display": "Systolic Blood Pressure"
                }
              ],
              "text": "Systolic Blood Pressure"
            },
            "valueQuantity": {
              "value": 119,
              "unit": "mmHg",
              "system": "http://unitsofmeasure.org/",
              "code": "mmHg"
            }
          },
          {
            "code": {
              "coding": [
                {
                  "system": "http://loinc.org",
                  "code": "8462-4",
                  "display": "Diastolic Blood Pressure"
                }
              ],
              "text": "Diastolic Blood Pressure"
            },
            "valueQuantity": {
              "value": 84,
              "unit": "mmHg",
              "system": "http://unitsofmeasure.org/",
              "code": "mmHg"
            }
          }
        ],
        "resourceType": "Observation"
      }
    },
    {
      "resource": {
        "meta": {
          "profile": [
            "http://standardhealthrecord.org/fhir/StructureDefinition/shr-immunization-Immunization"
          ]
        },
        "status": "completed",
        "notGiven": false,
        "vaccineCode": {
          "coding": [
            {
              "system": "http://hl7.org/fhir/sid/cvx",
              "code": "140",
              "display": "Influenza, seasonal, injectable, preservative free"
            }
          ],
          "text": "Influenza, seasonal, injectable, preservative free"
        },
        "patient": {
          "reference": "urn:uuid:c067fa6c-b435-4929-83ec-74ec9b23aae7"
        },
        "encounter": {
          "reference": "urn:uuid:0b793a61-cd2c-408a-998b-0238e5715928"
        },
        "date": "2012-11-07T08:02:28-05:00",
        "primarySource": true,
        "resourceType": "Immunization"
      }
    },
    {
      "fullUrl": "urn:uuid:f647108e-adc8-49c8-bd7a-f5b542a6655e",
      "resource": {
        "id": "f647108e-adc8-49c8-bd7a-f5b542a6655e",
        "meta": {
          "profile": [
            "http://standardhealthrecord.org/fhir/StructureDefinition/shr-encounter-Encounter"
          ]
        },
        "status": "finished",
        "class": {
          "code": "outpatient"
        },
        "type": [
          {
            "coding": [
              {
                "system": "http://snomed.info/sct",
                "code": "185349003"
              }
            ],
            "text": "Outpatient Encounter"
          }
        ],
        "subject": {
          "reference": "urn:uuid:c067fa6c-b435-4929-83ec-74ec9b23aae7"
        },
        "period": {
          "start": "2015-09-14T17:36:08-04:00",
          "end": "2015-09-14T18:36:08-04:00"
        },
        "serviceProvider": {
          "reference": "urn:uuid:7acc028b-2f95-4c61-a8a6-12a153204ec1"
        },
        "resourceType": "Encounter"
      }
    },
    {
      "fullUrl": "urn:uuid:2873d144-f06b-4f24-ac5e-08e6f36586a8",
      "resource": {
        "id": "2873d144-f06b-4f24-ac5e-08e6f36586a8",
        "meta": {
          "profile": [
            "http://standardhealthrecord.org/fhir/StructureDefinition/shr-problem-Problem"
          ]
        },
        "clinicalStatus": "active",
        "verificationStatus": "confirmed",
        "code": {
          "coding": [
            {
              "system": "http://snomed.info/sct",
              "code": "15777000",
              "display": "Prediabetes"
            }
          ],
          "text": "Prediabetes"
        },
        "subject": {
          "reference": "urn:uuid:c067fa6c-b435-4929-83ec-74ec9b23aae7"
        },
        "context": {
          "reference": "urn:uuid:f647108e-adc8-49c8-bd7a-f5b542a6655e"
        },
        "onsetDateTime": "2015-09-14T17:36:08-04:00",
        "assertedDate": "2015-09-14",
        "resourceType": "Condition"
      }
    },
    {
      "fullUrl": "urn:uuid:8eb80c72-5e13-47d7-a309-8fb358d4e041",
      "resource": {
        "id": "8eb80c72-5e13-47d7-a309-8fb358d4e041",
        "meta": {
          "profile": [
            "http://standardhealthrecord.org/fhir/StructureDefinition/shr-observation-Observation"
          ]
        },
        "status": "final",
        "category": [
          {
            "coding": [
              {
                "system": "http://hl7.org/fhir/observation-category",
                "code": "laboratory"
              }
            ]
          }
        ],
        "code": {
          "coding": [
            {
              "system": "http://loinc.org",
              "code": "4548-4",
              "display": "Hemoglobin A1c/Hemoglobin.total in Blood"
            }
          ],
          "text": "Hemoglobin A1c/Hemoglobin.total in Blood"
        },
        "subject": {
          "reference": "urn:uuid:c067fa6c-b435-4929-83ec-74ec9b23aae7"
        },
        "context": {
          "reference": "urn:uuid:f647108e-adc8-49c8-bd7a-f5b542a6655e"
        },
        "effectiveDateTime": "2015-09-14T17:36:08-04:00",
        "issued": "2015-09-14T17:36:08-04:00",
        "valueQuantity": {
          "value": 6.0,
          "unit": "%",
          "system": "http://unitsofmeasure.org/",
          "code": "%"
        },
        "resourceType": "Observation"
      }
    },
    {
      "fullUrl": "urn:uuid:b3927c03-f250-4cca-9556-b663dfe3d9fe",
      "resource": {
        "id": "b3927c03-f250-4cca-9556-b663dfe3d9fe",
        "meta": {
          "profile": [
            "http://standardhealthrecord.org/fhir/StructureDefinition/shr-observation-Observation",
            "http://standardhealthrecord.org/fhir/StructureDefinition/shr-vital-VitalSign",
            "http://standardhealthrecord.org/fhir/StructureDefinition/shr-vital-BodyHeight"
          ]
        },
        "status": "final",
        "category": [
          {
            "coding": [
              {
                "system": "http://hl7.org/fhir/observation-category",
                "code": "vital-signs"
              }
            ]
          }
        ],
        "code": {
          "coding": [
            {
              "system": "http://loinc.org",
              "code": "8302-2",
              "display": "Body Height"
            }
          ],
          "text": "Body Height"
        },
        "subject": {
          "reference": "urn:uuid:c067fa6c-b435-4929-83ec-74ec9b23aae7"
        },
        "context": {
          "reference": "urn:uuid:f647108e-adc8-49c8-bd7a-f5b542a6655e"
        },
        "effectiveDateTime": "2015-09-14T17:36:08-04:00",
        "issued": "2015-09-14T17:36:08-04:00",
        "valueQuantity": {
          "value": 185.20294815771769,
          "unit": "cm",
          "system": "http://unitsofmeasure.org/",
          "code": "cm"
        },
        "resourceType": "Observation"
      }
    },
    {
      "fullUrl": "urn:uuid:1e211a97-2bd5-46ce-934c-0c74a7c65da1",
      "resource": {
        "id": "1e211a97-2bd5-46ce-934c-0c74a7c65da1",
        "meta": {
          "profile": [
            "http://standardhealthrecord.org/fhir/StructureDefinition/shr-observation-Observation",
            "http://standardhealthrecord.org/fhir/StructureDefinition/shr-vital-VitalSign",
            "http://standardhealthrecord.org/fhir/StructureDefinition/shr-vital-BodyWeight"
          ]
        },
        "status": "final",
        "category": [
          {
            "coding": [
              {
                "system": "http://hl7.org/fhir/observation-category",
                "code": "vital-signs"
              }
            ]
          }
        ],
        "code": {
          "coding": [
            {
              "system": "http://loinc.org",
              "code": "29463-7",
              "display": "Body Weight"
            }
          ],
          "text": "Body Weight"
        },
        "subject": {
          "reference": "urn:uuid:c067fa6c-b435-4929-83ec-74ec9b23aae7"
        },
        "context": {
          "reference": "urn:uuid:f647108e-adc8-49c8-bd7a-f5b542a6655e"
        },
        "effectiveDateTime": "2015-09-14T17:36:08-04:00",
        "issued": "2015-09-14T17:36:08-04:00",
        "valueQuantity": {
          "value": 103.15207360438605,
          "unit": "kg",
          "system": "http://unitsofmeasure.org/",
          "code": "kg"
        },
        "resourceType": "Observation"
      }
    },
    {
      "fullUrl": "urn:uuid:7f94af72-942b-42a4-8a4d-9bbec8f68a02",
      "resource": {
        "id": "7f94af72-942b-42a4-8a4d-9bbec8f68a02",
        "meta": {
          "profile": [
            "http://standardhealthrecord.org/fhir/StructureDefinition/shr-observation-Observation",
            "http://standardhealthrecord.org/fhir/StructureDefinition/shr-vital-VitalSign",
            "http://standardhealthrecord.org/fhir/StructureDefinition/shr-vital-BodyMassIndex"
          ]
        },
        "status": "final",
        "category": [
          {
            "coding": [
              {
                "system": "http://hl7.org/fhir/observation-category",
                "code": "vital-signs"
              }
            ]
          }
        ],
        "code": {
          "coding": [
            {
              "system": "http://loinc.org",
              "code": "39156-5",
              "display": "Body Mass Index"
            }
          ],
          "text": "Body Mass Index"
        },
        "subject": {
          "reference": "urn:uuid:c067fa6c-b435-4929-83ec-74ec9b23aae7"
        },
        "context": {
          "reference": "urn:uuid:f647108e-adc8-49c8-bd7a-f5b542a6655e"
        },
        "effectiveDateTime": "2015-09-14T17:36:08-04:00",
        "issued": "2015-09-14T17:36:08-04:00",
        "valueQuantity": {
          "value": 30.07337510695555,
          "unit": "kg/m2",
          "system": "http://unitsofmeasure.org/",
          "code": "kg/m2"
        },
        "resourceType": "Observation"
      }
    },
    {
      "fullUrl": "urn:uuid:b1c749e1-a266-45b9-9db1-0e17780151df",
      "resource": {
        "id": "b1c749e1-a266-45b9-9db1-0e17780151df",
        "meta": {
          "profile": [
            "http://standardhealthrecord.org/fhir/StructureDefinition/shr-observation-Observation",
            "http://standardhealthrecord.org/fhir/StructureDefinition/shr-vital-BloodPressure"
          ]
        },
        "status": "final",
        "category": [
          {
            "coding": [
              {
                "system": "http://hl7.org/fhir/observation-category",
                "code": "vital-signs"
              }
            ]
          }
        ],
        "code": {
          "coding": [
            {
              "system": "http://loinc.org",
              "code": "55284-4",
              "display": "Blood Pressure"
            }
          ]
        },
        "subject": {
          "reference": "urn:uuid:c067fa6c-b435-4929-83ec-74ec9b23aae7"
        },
        "context": {
          "reference": "urn:uuid:f647108e-adc8-49c8-bd7a-f5b542a6655e"
        },
        "effectiveDateTime": "2015-09-14T17:36:08-04:00",
        "issued": "2015-09-14T17:36:08-04:00",
        "component": [
          {
            "code": {
              "coding": [
                {
                  "system": "http://loinc.org",
                  "code": "8480-6",
                  "display": "Systolic Blood Pressure"
                }
              ],
              "text": "Systolic Blood Pressure"
            },
            "valueQuantity": {
              "value": 132,
              "unit": "mmHg",
              "system": "http://unitsofmeasure.org/",
              "code": "mmHg"
            }
          },
          {
            "code": {
              "coding": [
                {
                  "system": "http://loinc.org",
                  "code": "8462-4",
                  "display": "Diastolic Blood Pressure"
                }
              ],
              "text": "Diastolic Blood Pressure"
            },
            "valueQuantity": {
              "value": 76,
              "unit": "mmHg",
              "system": "http://unitsofmeasure.org/",
              "code": "mmHg"
            }
          }
        ],
        "resourceType": "Observation"
      }
    },
    {
      "fullUrl": "urn:uuid:1de1aec1-f3fd-4c9b-b9a8-2d06f805d8d2",
      "resource": {
        "id": "1de1aec1-f3fd-4c9b-b9a8-2d06f805d8d2",
        "meta": {
          "profile": [
            "http://standardhealthrecord.org/fhir/StructureDefinition/shr-observation-Observation"
          ]
        },
        "status": "final",
        "category": [
          {
            "coding": [
              {
                "system": "http://hl7.org/fhir/observation-category",
                "code": "laboratory"
              }
            ]
          }
        ],
        "code": {
          "coding": [
            {
              "system": "http://loinc.org",
              "code": "4548-4",
              "display": "Hemoglobin A1c/Hemoglobin.total in Blood"
            }
          ],
          "text": "Hemoglobin A1c/Hemoglobin.total in Blood"
        },
        "subject": {
          "reference": "urn:uuid:c067fa6c-b435-4929-83ec-74ec9b23aae7"
        },
        "context": {
          "reference": "urn:uuid:f647108e-adc8-49c8-bd7a-f5b542a6655e"
        },
        "effectiveDateTime": "2015-09-14T17:36:08-04:00",
        "issued": "2015-09-14T17:36:08-04:00",
        "valueQuantity": {
          "value": 6.0,
          "unit": "%",
          "system": "http://unitsofmeasure.org/",
          "code": "%"
        },
        "resourceType": "Observation"
      }
    },
    {
      "fullUrl": "urn:uuid:38d7b62e-a729-4700-a6dd-b575d67a1418",
      "resource": {
        "id": "38d7b62e-a729-4700-a6dd-b575d67a1418",
        "meta": {
          "profile": [
            "http://standardhealthrecord.org/fhir/StructureDefinition/shr-observation-Observation"
          ]
        },
        "status": "final",
        "category": [
          {
            "coding": [
              {
                "system": "http://hl7.org/fhir/observation-category",
                "code": "laboratory"
              }
            ]
          }
        ],
        "code": {
          "coding": [
            {
              "system": "http://loinc.org",
              "code": "2339-0",
              "display": "Glucose"
            }
          ],
          "text": "Glucose"
        },
        "subject": {
          "reference": "urn:uuid:c067fa6c-b435-4929-83ec-74ec9b23aae7"
        },
        "context": {
          "reference": "urn:uuid:f647108e-adc8-49c8-bd7a-f5b542a6655e"
        },
        "effectiveDateTime": "2015-09-14T17:36:08-04:00",
        "issued": "2015-09-14T17:36:08-04:00",
        "valueQuantity": {
          "value": 73,
          "unit": "mg/dL",
          "system": "http://unitsofmeasure.org/",
          "code": "mg/dL"
        },
        "resourceType": "Observation"
      }
    },
    {
      "fullUrl": "urn:uuid:bd5d42aa-0c23-4920-a2e1-b98100ff0d48",
      "resource": {
        "id": "bd5d42aa-0c23-4920-a2e1-b98100ff0d48",
        "meta": {
          "profile": [
            "http://standardhealthrecord.org/fhir/StructureDefinition/shr-observation-Observation"
          ]
        },
        "status": "final",
        "category": [
          {
            "coding": [
              {
                "system": "http://hl7.org/fhir/observation-category",
                "code": "laboratory"
              }
            ]
          }
        ],
        "code": {
          "coding": [
            {
              "system": "http://loinc.org",
              "code": "6299-2",
              "display": "Urea Nitrogen"
            }
          ],
          "text": "Urea Nitrogen"
        },
        "subject": {
          "reference": "urn:uuid:c067fa6c-b435-4929-83ec-74ec9b23aae7"
        },
        "context": {
          "reference": "urn:uuid:f647108e-adc8-49c8-bd7a-f5b542a6655e"
        },
        "effectiveDateTime": "2015-09-14T17:36:08-04:00",
        "issued": "2015-09-14T17:36:08-04:00",
        "valueQuantity": {
          "value": 20,
          "unit": "mg/dL",
          "system": "http://unitsofmeasure.org/",
          "code": "mg/dL"
        },
        "resourceType": "Observation"
      }
    },
    {
      "fullUrl": "urn:uuid:bba93cc6-5b00-466e-bfb2-1e7d6dc4e29d",
      "resource": {
        "id": "bba93cc6-5b00-466e-bfb2-1e7d6dc4e29d",
        "meta": {
          "profile": [
            "http://standardhealthrecord.org/fhir/StructureDefinition/shr-observation-Observation"
          ]
        },
        "status": "final",
        "category": [
          {
            "coding": [
              {
                "system": "http://hl7.org/fhir/observation-category",
                "code": "laboratory"
              }
            ]
          }
        ],
        "code": {
          "coding": [
            {
              "system": "http://loinc.org",
              "code": "38483-4",
              "display": "Creatinine"
            }
          ],
          "text": "Creatinine"
        },
        "subject": {
          "reference": "urn:uuid:c067fa6c-b435-4929-83ec-74ec9b23aae7"
        },
        "context": {
          "reference": "urn:uuid:f647108e-adc8-49c8-bd7a-f5b542a6655e"
        },
        "effectiveDateTime": "2015-09-14T17:36:08-04:00",
        "issued": "2015-09-14T17:36:08-04:00",
        "valueQuantity": {
          "value": 1.0,
          "unit": "mg/dL",
          "system": "http://unitsofmeasure.org/",
          "code": "mg/dL"
        },
        "resourceType": "Observation"
      }
    },
    {
      "fullUrl": "urn:uuid:e495a985-f4bf-4bb6-9e4d-5933e22afee6",
      "resource": {
        "id": "e495a985-f4bf-4bb6-9e4d-5933e22afee6",
        "meta": {
          "profile": [
            "http://standardhealthrecord.org/fhir/StructureDefinition/shr-observation-Observation"
          ]
        },
        "status": "final",
        "category": [
          {
            "coding": [
              {
                "system": "http://hl7.org/fhir/observation-category",
                "code": "laboratory"
              }
            ]
          }
        ],
        "code": {
          "coding": [
            {
              "system": "http://loinc.org",
              "code": "49765-1",
              "display": "Calcium"
            }
          ],
          "text": "Calcium"
        },
        "subject": {
          "reference": "urn:uuid:c067fa6c-b435-4929-83ec-74ec9b23aae7"
        },
        "context": {
          "reference": "urn:uuid:f647108e-adc8-49c8-bd7a-f5b542a6655e"
        },
        "effectiveDateTime": "2015-09-14T17:36:08-04:00",
        "issued": "2015-09-14T17:36:08-04:00",
        "valueQuantity": {
          "value": 9.020238600744023,
          "unit": "mg/dL",
          "system": "http://unitsofmeasure.org/",
          "code": "mg/dL"
        },
        "resourceType": "Observation"
      }
    },
    {
      "fullUrl": "urn:uuid:e9b243b6-14e9-4905-b4f0-3f9f5e23ca4c",
      "resource": {
        "id": "e9b243b6-14e9-4905-b4f0-3f9f5e23ca4c",
        "meta": {
          "profile": [
            "http://standardhealthrecord.org/fhir/StructureDefinition/shr-observation-Observation"
          ]
        },
        "status": "final",
        "category": [
          {
            "coding": [
              {
                "system": "http://hl7.org/fhir/observation-category",
                "code": "laboratory"
              }
            ]
          }
        ],
        "code": {
          "coding": [
            {
              "system": "http://loinc.org",
              "code": "2947-0",
              "display": "Sodium"
            }
          ],
          "text": "Sodium"
        },
        "subject": {
          "reference": "urn:uuid:c067fa6c-b435-4929-83ec-74ec9b23aae7"
        },
        "context": {
          "reference": "urn:uuid:f647108e-adc8-49c8-bd7a-f5b542a6655e"
        },
        "effectiveDateTime": "2015-09-14T17:36:08-04:00",
        "issued": "2015-09-14T17:36:08-04:00",
        "valueQuantity": {
          "value": 138,
          "unit": "mmol/L",
          "system": "http://unitsofmeasure.org/",
          "code": "mmol/L"
        },
        "resourceType": "Observation"
      }
    },
    {
      "fullUrl": "urn:uuid:c3a036f4-9864-4915-b586-16ebab2ad18f",
      "resource": {
        "id": "c3a036f4-9864-4915-b586-16ebab2ad18f",
        "meta": {
          "profile": [
            "http://standardhealthrecord.org/fhir/StructureDefinition/shr-observation-Observation"
          ]
        },
        "status": "final",
        "category": [
          {
            "coding": [
              {
                "system": "http://hl7.org/fhir/observation-category",
                "code": "laboratory"
              }
            ]
          }
        ],
        "code": {
          "coding": [
            {
              "system": "http://loinc.org",
              "code": "6298-4",
              "display": "Potassium"
            }
          ],
          "text": "Potassium"
        },
        "subject": {
          "reference": "urn:uuid:c067fa6c-b435-4929-83ec-74ec9b23aae7"
        },
        "context": {
          "reference": "urn:uuid:f647108e-adc8-49c8-bd7a-f5b542a6655e"
        },
        "effectiveDateTime": "2015-09-14T17:36:08-04:00",
        "issued": "2015-09-14T17:36:08-04:00",
        "valueQuantity": {
          "value": 3.9933620191746435,
          "unit": "mmol/L",
          "system": "http://unitsofmeasure.org/",
          "code": "mmol/L"
        },
        "resourceType": "Observation"
      }
    },
    {
      "fullUrl": "urn:uuid:8198bfac-8775-4718-b162-a51750456e20",
      "resource": {
        "id": "8198bfac-8775-4718-b162-a51750456e20",
        "meta": {
          "profile": [
            "http://standardhealthrecord.org/fhir/StructureDefinition/shr-observation-Observation"
          ]
        },
        "status": "final",
        "category": [
          {
            "coding": [
              {
                "system": "http://hl7.org/fhir/observation-category",
                "code": "laboratory"
              }
            ]
          }
        ],
        "code": {
          "coding": [
            {
              "system": "http://loinc.org",
              "code": "2069-3",
              "display": "Chloride"
            }
          ],
          "text": "Chloride"
        },
        "subject": {
          "reference": "urn:uuid:c067fa6c-b435-4929-83ec-74ec9b23aae7"
        },
        "context": {
          "reference": "urn:uuid:f647108e-adc8-49c8-bd7a-f5b542a6655e"
        },
        "effectiveDateTime": "2015-09-14T17:36:08-04:00",
        "issued": "2015-09-14T17:36:08-04:00",
        "valueQuantity": {
          "value": 101,
          "unit": "mmol/L",
          "system": "http://unitsofmeasure.org/",
          "code": "mmol/L"
        },
        "resourceType": "Observation"
      }
    },
    {
      "fullUrl": "urn:uuid:bf052b4a-60bf-4036-bc54-ff937641c684",
      "resource": {
        "id": "bf052b4a-60bf-4036-bc54-ff937641c684",
        "meta": {
          "profile": [
            "http://standardhealthrecord.org/fhir/StructureDefinition/shr-observation-Observation"
          ]
        },
        "status": "final",
        "category": [
          {
            "coding": [
              {
                "system": "http://hl7.org/fhir/observation-category",
                "code": "laboratory"
              }
            ]
          }
        ],
        "code": {
          "coding": [
            {
              "system": "http://loinc.org",
              "code": "20565-8",
              "display": "Carbon Dioxide"
            }
          ],
          "text": "Carbon Dioxide"
        },
        "subject": {
          "reference": "urn:uuid:c067fa6c-b435-4929-83ec-74ec9b23aae7"
        },
        "context": {
          "reference": "urn:uuid:f647108e-adc8-49c8-bd7a-f5b542a6655e"
        },
        "effectiveDateTime": "2015-09-14T17:36:08-04:00",
        "issued": "2015-09-14T17:36:08-04:00",
        "valueQuantity": {
          "value": 29,
          "unit": "mmol/L",
          "system": "http://unitsofmeasure.org/",
          "code": "mmol/L"
        },
        "resourceType": "Observation"
      }
    },
    {
      "fullUrl": "urn:uuid:ae3f7d65-b991-4716-86e2-10b9889c2b02",
      "resource": {
        "id": "ae3f7d65-b991-4716-86e2-10b9889c2b02",
        "meta": {
          "profile": [
            "http://standardhealthrecord.org/fhir/StructureDefinition/shr-observation-Panel"
          ]
        },
        "status": "final",
        "code": {
          "coding": [
            {
              "system": "http://loinc.org",
              "code": "51990-0",
              "display": "Basic Metabolic Panel"
            }
          ]
        },
        "subject": {
          "reference": "urn:uuid:c067fa6c-b435-4929-83ec-74ec9b23aae7"
        },
        "context": {
          "reference": "urn:uuid:f647108e-adc8-49c8-bd7a-f5b542a6655e"
        },
        "effectiveDateTime": "2015-09-14T17:36:08-04:00",
        "issued": "2015-09-14T17:36:08-04:00",
        "result": [
          {
            "reference": "urn:uuid:38d7b62e-a729-4700-a6dd-b575d67a1418",
            "display": "Glucose"
          },
          {
            "reference": "urn:uuid:bd5d42aa-0c23-4920-a2e1-b98100ff0d48",
            "display": "Urea Nitrogen"
          },
          {
            "reference": "urn:uuid:bba93cc6-5b00-466e-bfb2-1e7d6dc4e29d",
            "display": "Creatinine"
          },
          {
            "reference": "urn:uuid:e495a985-f4bf-4bb6-9e4d-5933e22afee6",
            "display": "Calcium"
          },
          {
            "reference": "urn:uuid:e9b243b6-14e9-4905-b4f0-3f9f5e23ca4c",
            "display": "Sodium"
          },
          {
            "reference": "urn:uuid:c3a036f4-9864-4915-b586-16ebab2ad18f",
            "display": "Potassium"
          },
          {
            "reference": "urn:uuid:8198bfac-8775-4718-b162-a51750456e20",
            "display": "Chloride"
          },
          {
            "reference": "urn:uuid:bf052b4a-60bf-4036-bc54-ff937641c684",
            "display": "Carbon Dioxide"
          }
        ],
        "resourceType": "DiagnosticReport"
      }
    },
    {
      "fullUrl": "urn:uuid:625063d1-ff98-4ba5-81fd-56b17b2a85d7",
      "resource": {
        "id": "625063d1-ff98-4ba5-81fd-56b17b2a85d7",
        "meta": {
          "profile": [
            "http://standardhealthrecord.org/fhir/StructureDefinition/shr-observation-Observation"
          ]
        },
        "status": "final",
        "category": [
          {
            "coding": [
              {
                "system": "http://hl7.org/fhir/observation-category",
                "code": "laboratory"
              }
            ]
          }
        ],
        "code": {
          "coding": [
            {
              "system": "http://loinc.org",
              "code": "2093-3",
              "display": "Total Cholesterol"
            }
          ],
          "text": "Total Cholesterol"
        },
        "subject": {
          "reference": "urn:uuid:c067fa6c-b435-4929-83ec-74ec9b23aae7"
        },
        "context": {
          "reference": "urn:uuid:f647108e-adc8-49c8-bd7a-f5b542a6655e"
        },
        "effectiveDateTime": "2015-09-14T17:36:08-04:00",
        "issued": "2015-09-14T17:36:08-04:00",
        "valueQuantity": {
          "value": 192,
          "unit": "mg/dL",
          "system": "http://unitsofmeasure.org/",
          "code": "mg/dL"
        },
        "resourceType": "Observation"
      }
    },
    {
      "fullUrl": "urn:uuid:08309248-a531-43fc-b753-7c6c5cdb759d",
      "resource": {
        "id": "08309248-a531-43fc-b753-7c6c5cdb759d",
        "meta": {
          "profile": [
            "http://standardhealthrecord.org/fhir/StructureDefinition/shr-observation-Observation"
          ]
        },
        "status": "final",
        "category": [
          {
            "coding": [
              {
                "system": "http://hl7.org/fhir/observation-category",
                "code": "laboratory"
              }
            ]
          }
        ],
        "code": {
          "coding": [
            {
              "system": "http://loinc.org",
              "code": "2571-8",
              "display": "Triglycerides"
            }
          ],
          "text": "Triglycerides"
        },
        "subject": {
          "reference": "urn:uuid:c067fa6c-b435-4929-83ec-74ec9b23aae7"
        },
        "context": {
          "reference": "urn:uuid:f647108e-adc8-49c8-bd7a-f5b542a6655e"
        },
        "effectiveDateTime": "2015-09-14T17:36:08-04:00",
        "issued": "2015-09-14T17:36:08-04:00",
        "valueQuantity": {
          "value": 120,
          "unit": "mg/dL",
          "system": "http://unitsofmeasure.org/",
          "code": "mg/dL"
        },
        "resourceType": "Observation"
      }
    },
    {
      "fullUrl": "urn:uuid:100b7e23-8eff-4e86-a041-73971aa3b16c",
      "resource": {
        "id": "100b7e23-8eff-4e86-a041-73971aa3b16c",
        "meta": {
          "profile": [
            "http://standardhealthrecord.org/fhir/StructureDefinition/shr-observation-Observation"
          ]
        },
        "status": "final",
        "category": [
          {
            "coding": [
              {
                "system": "http://hl7.org/fhir/observation-category",
                "code": "laboratory"
              }
            ]
          }
        ],
        "code": {
          "coding": [
            {
              "system": "http://loinc.org",
              "code": "18262-6",
              "display": "Low Density Lipoprotein Cholesterol"
            }
          ],
          "text": "Low Density Lipoprotein Cholesterol"
        },
        "subject": {
          "reference": "urn:uuid:c067fa6c-b435-4929-83ec-74ec9b23aae7"
        },
        "context": {
          "reference": "urn:uuid:f647108e-adc8-49c8-bd7a-f5b542a6655e"
        },
        "effectiveDateTime": "2015-09-14T17:36:08-04:00",
        "issued": "2015-09-14T17:36:08-04:00",
        "valueQuantity": {
          "value": 109,
          "unit": "mg/dL",
          "system": "http://unitsofmeasure.org/",
          "code": "mg/dL"
        },
        "resourceType": "Observation"
      }
    },
    {
      "fullUrl": "urn:uuid:e9a974df-f9e4-4768-8239-2be28cdcb833",
      "resource": {
        "id": "e9a974df-f9e4-4768-8239-2be28cdcb833",
        "meta": {
          "profile": [
            "http://standardhealthrecord.org/fhir/StructureDefinition/shr-observation-Observation"
          ]
        },
        "status": "final",
        "category": [
          {
            "coding": [
              {
                "system": "http://hl7.org/fhir/observation-category",
                "code": "laboratory"
              }
            ]
          }
        ],
        "code": {
          "coding": [
            {
              "system": "http://loinc.org",
              "code": "2085-9",
              "display": "High Density Lipoprotein Cholesterol"
            }
          ],
          "text": "High Density Lipoprotein Cholesterol"
        },
        "subject": {
          "reference": "urn:uuid:c067fa6c-b435-4929-83ec-74ec9b23aae7"
        },
        "context": {
          "reference": "urn:uuid:f647108e-adc8-49c8-bd7a-f5b542a6655e"
        },
        "effectiveDateTime": "2015-09-14T17:36:08-04:00",
        "issued": "2015-09-14T17:36:08-04:00",
        "valueQuantity": {
          "value": 59,
          "unit": "mg/dL",
          "system": "http://unitsofmeasure.org/",
          "code": "mg/dL"
        },
        "resourceType": "Observation"
      }
    },
    {
      "fullUrl": "urn:uuid:6459cf23-34a9-4bac-afe5-6b953cbcd987",
      "resource": {
        "id": "6459cf23-34a9-4bac-afe5-6b953cbcd987",
        "meta": {
          "profile": [
            "http://standardhealthrecord.org/fhir/StructureDefinition/shr-observation-Panel"
          ]
        },
        "status": "final",
        "code": {
          "coding": [
            {
              "system": "http://loinc.org",
              "code": "57698-3",
              "display": "Lipid Panel"
            }
          ]
        },
        "subject": {
          "reference": "urn:uuid:c067fa6c-b435-4929-83ec-74ec9b23aae7"
        },
        "context": {
          "reference": "urn:uuid:f647108e-adc8-49c8-bd7a-f5b542a6655e"
        },
        "effectiveDateTime": "2015-09-14T17:36:08-04:00",
        "issued": "2015-09-14T17:36:08-04:00",
        "result": [
          {
            "reference": "urn:uuid:625063d1-ff98-4ba5-81fd-56b17b2a85d7",
            "display": "Total Cholesterol"
          },
          {
            "reference": "urn:uuid:08309248-a531-43fc-b753-7c6c5cdb759d",
            "display": "Triglycerides"
          },
          {
            "reference": "urn:uuid:100b7e23-8eff-4e86-a041-73971aa3b16c",
            "display": "Low Density Lipoprotein Cholesterol"
          },
          {
            "reference": "urn:uuid:e9a974df-f9e4-4768-8239-2be28cdcb833",
            "display": "High Density Lipoprotein Cholesterol"
          }
        ],
        "resourceType": "DiagnosticReport"
      }
    },
    {
      "resource": {
        "meta": {
          "profile": [
            "http://standardhealthrecord.org/fhir/StructureDefinition/shr-procedure-Procedure"
          ]
        },
        "extension": [
          {
            "url": "http://standardhealthrecord.org/fhir/StructureDefinition/shr-core-CodeableConcept-extension",
            "valueCodeableConcept": {
              "coding": [
                {
                  "system": "http://snomed.info/sct",
                  "code": "428191000124101",
                  "display": "Documentation of current medications"
                }
              ],
              "text": "Documentation of current medications"
            }
          }
        ],
        "status": "completed",
        "code": {
          "coding": [
            {
              "system": "http://snomed.info/sct",
              "code": "428191000124101",
              "display": "Documentation of current medications"
            }
          ],
          "text": "Documentation of current medications"
        },
        "subject": {
          "reference": "urn:uuid:c067fa6c-b435-4929-83ec-74ec9b23aae7"
        },
        "context": {
          "reference": "urn:uuid:f647108e-adc8-49c8-bd7a-f5b542a6655e"
        },
        "performedDateTime": "2015-09-14T17:36:08-04:00",
        "resourceType": "Procedure"
      }
    },
    {
      "resource": {
        "meta": {
          "profile": [
            "http://standardhealthrecord.org/fhir/StructureDefinition/shr-immunization-Immunization"
          ]
        },
        "status": "completed",
        "notGiven": false,
        "vaccineCode": {
          "coding": [
            {
              "system": "http://hl7.org/fhir/sid/cvx",
              "code": "140",
              "display": "Influenza, seasonal, injectable, preservative free"
            }
          ],
          "text": "Influenza, seasonal, injectable, preservative free"
        },
        "patient": {
          "reference": "urn:uuid:c067fa6c-b435-4929-83ec-74ec9b23aae7"
        },
        "encounter": {
          "reference": "urn:uuid:f647108e-adc8-49c8-bd7a-f5b542a6655e"
        },
        "date": "2015-09-14T17:36:08-04:00",
        "primarySource": true,
        "resourceType": "Immunization"
      }
    },
    {
      "resource": {
        "meta": {
          "profile": [
            "http://standardhealthrecord.org/fhir/StructureDefinition/shr-immunization-Immunization"
          ]
        },
        "status": "completed",
        "notGiven": false,
        "vaccineCode": {
          "coding": [
            {
              "system": "http://hl7.org/fhir/sid/cvx",
              "code": "113",
              "display": "Td (adult) preservative free"
            }
          ],
          "text": "Td (adult) preservative free"
        },
        "patient": {
          "reference": "urn:uuid:c067fa6c-b435-4929-83ec-74ec9b23aae7"
        },
        "encounter": {
          "reference": "urn:uuid:f647108e-adc8-49c8-bd7a-f5b542a6655e"
        },
        "date": "2015-09-14T17:36:08-04:00",
        "primarySource": true,
        "resourceType": "Immunization"
      }
    },
    {
      "resource": {
        "status": "in-progress",
        "description": {
          "text": "Hemoglobin A1c total in Blood < 7.0"
        },
        "addresses": [
          {
            "reference": "urn:uuid:2873d144-f06b-4f24-ac5e-08e6f36586a8"
          }
        ],
        "resourceType": "Goal"
      }
    },
    {
      "resource": {
        "status": "in-progress",
        "description": {
          "text": "Glucose [Mass/volume] in Blood < 108"
        },
        "addresses": [
          {
            "reference": "urn:uuid:2873d144-f06b-4f24-ac5e-08e6f36586a8"
          }
        ],
        "resourceType": "Goal"
      }
    },
    {
      "resource": {
        "status": "in-progress",
        "description": {
          "text": "Maintain blood pressure below 140/90 mmHg"
        },
        "addresses": [
          {
            "reference": "urn:uuid:2873d144-f06b-4f24-ac5e-08e6f36586a8"
          }
        ],
        "resourceType": "Goal"
      }
    },
    {
      "resource": {
        "status": "in-progress",
        "description": {
          "text": "Improve and maintenance of optimal foot health: aim at early detection of peripheral vascular problems and neuropathy presumed due to diabetes; and prevention of diabetic foot ulcer, gangrene"
        },
        "addresses": [
          {
            "reference": "urn:uuid:2873d144-f06b-4f24-ac5e-08e6f36586a8"
          }
        ],
        "resourceType": "Goal"
      }
    },
    {
      "resource": {
        "status": "in-progress",
        "description": {
          "text": "Address patient knowledge deficit on diabetic self-care"
        },
        "addresses": [
          {
            "reference": "urn:uuid:2873d144-f06b-4f24-ac5e-08e6f36586a8"
          }
        ],
        "resourceType": "Goal"
      }
    },
    {
      "resource": {
        "status": "active",
        "category": [
          {
            "coding": [
              {
                "system": "http://snomed.info/sct",
                "code": "698360004",
                "display": "Diabetes self management plan"
              }
            ]
          }
        ],
        "subject": {
          "reference": "urn:uuid:c067fa6c-b435-4929-83ec-74ec9b23aae7"
        },
        "context": {
          "reference": "urn:uuid:f647108e-adc8-49c8-bd7a-f5b542a6655e"
        },
        "period": {
          "start": "2015-09-14"
        },
        "addresses": [
          {
            "reference": "urn:uuid:2873d144-f06b-4f24-ac5e-08e6f36586a8"
          }
        ],
        "goal": [
          {
            "reference": ""
          },
          {
            "reference": ""
          },
          {
            "reference": ""
          },
          {
            "reference": ""
          },
          {
            "reference": ""
          }
        ],
        "activity": [
          {
            "detail": {
              "code": {
                "coding": [
                  {
                    "system": "http://snomed.info/sct",
                    "code": "160670007",
                    "display": "Diabetic diet"
                  }
                ]
              },
              "status": "in-progress"
            }
          },
          {
            "detail": {
              "code": {
                "coding": [
                  {
                    "system": "http://snomed.info/sct",
                    "code": "229065009",
                    "display": "Exercise therapy"
                  }
                ]
              },
              "status": "in-progress"
            }
          }
        ],
        "resourceType": "CarePlan"
      }
    },
    {
      "fullUrl": "urn:uuid:335a8b1f-ea14-4a4b-9aea-1dbdd4225f07",
      "resource": {
        "id": "335a8b1f-ea14-4a4b-9aea-1dbdd4225f07",
        "meta": {
          "profile": [
            "http://standardhealthrecord.org/fhir/StructureDefinition/shr-encounter-Encounter"
          ]
        },
        "status": "finished",
        "class": {
          "code": "emergency"
        },
        "type": [
          {
            "coding": [
              {
                "system": "http://snomed.info/sct",
                "code": "50849002"
              }
            ],
            "text": "Emergency Room Admission"
          }
        ],
        "subject": {
          "reference": "urn:uuid:c067fa6c-b435-4929-83ec-74ec9b23aae7"
        },
        "period": {
          "start": "2015-12-30T05:50:57-05:00",
          "end": "2015-12-30T05:50:57-05:00"
        },
        "serviceProvider": {
          "reference": "urn:uuid:7acc028b-2f95-4c61-a8a6-12a153204ec1"
        },
        "resourceType": "Encounter"
      }
    },
    {
      "fullUrl": "urn:uuid:c0e13b8c-4eaf-4f1b-8a4d-7d750167db70",
      "resource": {
        "id": "c0e13b8c-4eaf-4f1b-8a4d-7d750167db70",
        "meta": {
          "profile": [
            "http://standardhealthrecord.org/fhir/StructureDefinition/shr-problem-Problem"
          ]
        },
        "clinicalStatus": "active",
        "verificationStatus": "confirmed",
        "code": {
          "coding": [
            {
              "system": "http://snomed.info/sct",
              "code": "62564004",
              "display": "Concussion with loss of consciousness"
            }
          ],
          "text": "Concussion with loss of consciousness"
        },
        "subject": {
          "reference": "urn:uuid:c067fa6c-b435-4929-83ec-74ec9b23aae7"
        },
        "context": {
          "reference": "urn:uuid:335a8b1f-ea14-4a4b-9aea-1dbdd4225f07"
        },
        "onsetDateTime": "2015-12-30T05:50:57-05:00",
        "abatementDateTime": "2016-03-19T04:46:41-04:00",
        "assertedDate": "2015-12-30",
        "resourceType": "Condition"
      }
    },
    {
      "resource": {
        "status": "completed",
        "category": [
          {
            "coding": [
              {
                "system": "http://snomed.info/sct",
                "code": "47387005",
                "display": "Head injury rehabilitation"
              }
            ]
          }
        ],
        "subject": {
          "reference": "urn:uuid:c067fa6c-b435-4929-83ec-74ec9b23aae7"
        },
        "context": {
          "reference": "urn:uuid:335a8b1f-ea14-4a4b-9aea-1dbdd4225f07"
        },
        "period": {
          "start": "2015-12-30",
          "end": "2016-03-19"
        },
        "addresses": [
          {
            "reference": "urn:uuid:c0e13b8c-4eaf-4f1b-8a4d-7d750167db70"
          }
        ],
        "activity": [
          {
            "detail": {
              "code": {
                "coding": [
                  {
                    "system": "http://snomed.info/sct",
                    "code": "183051005",
                    "display": "Recommendation to rest"
                  }
                ]
              },
              "status": "completed"
            }
          },
          {
            "detail": {
              "code": {
                "coding": [
                  {
                    "system": "http://snomed.info/sct",
                    "code": "226138001",
                    "display": "Alcohol-free diet"
                  }
                ]
              },
              "status": "completed"
            }
          }
        ],
        "resourceType": "CarePlan"
      }
    },
    {
      "fullUrl": "urn:uuid:45d252d4-4ba0-4f66-8040-74b08ee1874e",
      "resource": {
        "id": "45d252d4-4ba0-4f66-8040-74b08ee1874e",
        "meta": {
          "profile": [
            "http://standardhealthrecord.org/fhir/StructureDefinition/shr-encounter-Encounter"
          ]
        },
        "status": "finished",
        "class": {
          "code": "ambulatory"
        },
        "type": [
          {
            "coding": [
              {
                "system": "http://snomed.info/sct",
                "code": "185349003"
              }
            ],
            "text": "Encounter for 'check-up'"
          }
        ],
        "subject": {
          "reference": "urn:uuid:c067fa6c-b435-4929-83ec-74ec9b23aae7"
        },
        "period": {
          "start": "2016-03-19T04:46:41-04:00",
          "end": "2016-03-19T04:46:41-04:00"
        },
        "reason": {
          "coding": [
            {
              "system": "http://snomed.info/sct",
              "code": "62564004",
              "display": "Concussion with loss of consciousness"
            }
          ]
        },
        "serviceProvider": {
          "reference": "urn:uuid:7acc028b-2f95-4c61-a8a6-12a153204ec1"
        },
        "resourceType": "Encounter"
      }
    }
  ],
  "resourceType": "Bundle"
}