{
  "type": "collection",
  "entry": [
    {
      "fullUrl": "urn:uuid:71737db3-3121-48bd-81b9-5c55a5cdb55f",
      "resource": {
        "id": "71737db3-3121-48bd-81b9-5c55a5cdb55f",
        "meta": {
          "profile": [
            "http://standardhealthrecord.org/fhir/StructureDefinition/shr-demographics-PersonOfRecord"
          ]
        },
        "text": {
          "status": "generated",
          "div": "<div>Generated by <a href=\"https://github.com/synthetichealth/synthea\">Synthea</a>. Version identifier: 4d02400401b9fab839e47bf5b2f1f6a8c683ab55</div>"
        },
        "extension": [
          {
            "url": "http://hl7.org/fhir/us/core/StructureDefinition/us-core-race",
            "valueCodeableConcept": {
              "coding": [
                {
                  "system": "http://hl7.org/fhir/v3/Race",
                  "code": "2106-3",
                  "display": "White"
                }
              ],
              "text": "race"
            }
          },
          {
            "url": "http://hl7.org/fhir/us/core/StructureDefinition/us-core-ethnicity",
            "valueCodeableConcept": {
              "coding": [
                {
                  "system": "http://hl7.org/fhir/v3/Ethnicity",
                  "code": "2186-5",
                  "display": "Nonhispanic"
                }
              ],
              "text": "ethnicity"
            }
          },
          {
            "url": "http://hl7.org/fhir/StructureDefinition/birthPlace",
            "valueAddress": {
              "city": "Easthampton Town",
              "state": "MA",
              "country": "US"
            }
          },
          {
            "url": "http://hl7.org/fhir/StructureDefinition/patient-mothersMaidenName",
            "valueString": "Francesca522 Conn543"
          },
          {
            "url": "http://hl7.org/fhir/us/core/StructureDefinition/us-core-birthsex",
            "valueCode": "F"
          },
          {
            "url": "http://hl7.org/fhir/StructureDefinition/patient-interpreterRequired",
            "valueBoolean": false
          },
          {
            "url": "http://standardhealthrecord.org/fhir/StructureDefinition/shr-actor-FictionalPerson-extension",
            "valueBoolean": true
          },
          {
            "url": "http://standardhealthrecord.org/fhir/StructureDefinition/shr-demographics-FathersName-extension",
            "valueHumanName": {
              "text": "Merritt268 Abbott992"
            }
          },
          {
            "url": "http://standardhealthrecord.org/fhir/StructureDefinition/shr-demographics-SocialSecurityNumber-extension",
            "valueString": "999-42-3897"
          }
        ],
        "identifier": [
          {
            "system": "https://github.com/synthetichealth/synthea",
            "value": "81c5fab4-6225-4490-bdbb-2b5fe643d679"
          },
          {
            "type": {
              "coding": [
                {
                  "system": "http://hl7.org/fhir/identifier-type",
                  "code": "SB"
                }
              ]
            },
            "system": "http://hl7.org/fhir/sid/us-ssn",
            "value": "999423897"
          }
        ],
        "name": [
          {
            "use": "official",
            "family": "Abbott992",
            "given": [
              "Alexandre277"
            ]
          }
        ],
        "telecom": [
          {
            "system": "phone",
            "value": "581.501.7883 x5303",
            "use": "home"
          }
        ],
        "gender": "female",
        "birthDate": "2006-03-10",
        "address": [
          {
            "extension": [
              {
                "extension": [
                  {
                    "url": "latitude",
                    "valueDecimal": 42.64639228593183
                  },
                  {
                    "url": "longitude",
                    "valueDecimal": -72.44598894203875
                  }
                ],
                "url": "http://hl7.org/fhir/StructureDefinition/geolocation"
              }
            ],
            "line": [
              "69599 Kessler Harbor"
            ],
            "city": "Northfield",
            "state": "MA",
            "postalCode": "01360",
            "country": "US"
          }
        ],
        "maritalStatus": {
          "coding": [
            {
              "system": "http://hl7.org/fhir/v3/MaritalStatus",
              "code": "S"
            }
          ],
          "text": "Never Married"
        },
        "multipleBirthBoolean": false,
        "communication": [
          {
            "language": {
              "coding": [
                {
                  "system": "http://hl7.org/fhir/ValueSet/languages",
                  "code": "en-US",
                  "display": "English (United States)"
                }
              ]
            }
          }
        ],
        "resourceType": "Patient"
      }
    },
    {
      "fullUrl": "urn:uuid:992d53d5-c926-4708-b1cf-48057195bf7b",
      "resource": {
        "id": "992d53d5-c926-4708-b1cf-48057195bf7b",
        "meta": {
          "profile": [
            "http://standardhealthrecord.org/fhir/StructureDefinition/shr-actor-Organization"
          ]
        },
        "type": [
          {
            "coding": [
              {
                "system": "http://hl7.org/fhir/ValueSet/organization-type",
                "code": "prov",
                "display": "Healthcare Provider"
              }
            ],
            "text": "Healthcare Provider"
          }
        ],
        "name": "Synthetic Provider",
        "resourceType": "Organization"
      }
    },
    {
      "fullUrl": "urn:uuid:7489981d-4168-4a05-bf1b-25bd73143327",
      "resource": {
        "id": "7489981d-4168-4a05-bf1b-25bd73143327",
        "meta": {
          "profile": [
            "http://standardhealthrecord.org/fhir/StructureDefinition/shr-encounter-Encounter"
          ]
        },
        "status": "finished",
        "class": {
          "code": "outpatient"
        },
        "type": [
          {
            "coding": [
              {
                "system": "http://snomed.info/sct",
                "code": "170258001"
              }
            ],
            "text": "Outpatient Encounter"
          }
        ],
        "subject": {
          "reference": "urn:uuid:71737db3-3121-48bd-81b9-5c55a5cdb55f"
        },
        "period": {
          "start": "2010-06-21T02:16:50-04:00",
          "end": "2010-06-21T03:16:50-04:00"
        },
        "serviceProvider": {
          "reference": "urn:uuid:992d53d5-c926-4708-b1cf-48057195bf7b"
        },
        "resourceType": "Encounter"
      }
    },
    {
      "fullUrl": "urn:uuid:e8178740-8253-4944-bda1-144ae758ba19",
      "resource": {
        "id": "e8178740-8253-4944-bda1-144ae758ba19",
        "meta": {
          "profile": [
            "http://standardhealthrecord.org/fhir/StructureDefinition/shr-observation-Observation",
            "http://standardhealthrecord.org/fhir/StructureDefinition/shr-vital-VitalSign",
            "http://standardhealthrecord.org/fhir/StructureDefinition/shr-vital-BodyHeight"
          ]
        },
        "status": "final",
        "category": [
          {
            "coding": [
              {
                "system": "http://hl7.org/fhir/observation-category",
                "code": "vital-signs"
              }
            ]
          }
        ],
        "code": {
          "coding": [
            {
              "system": "http://loinc.org",
              "code": "8302-2",
              "display": "Body Height"
            }
          ],
          "text": "Body Height"
        },
        "subject": {
          "reference": "urn:uuid:71737db3-3121-48bd-81b9-5c55a5cdb55f"
        },
        "context": {
          "reference": "urn:uuid:7489981d-4168-4a05-bf1b-25bd73143327"
        },
        "effectiveDateTime": "2010-06-21T02:16:50-04:00",
        "issued": "2010-06-21T02:16:50-04:00",
        "valueQuantity": {
          "value": 104.55485138975565,
          "unit": "cm",
          "system": "http://unitsofmeasure.org/",
          "code": "cm"
        },
        "resourceType": "Observation"
      }
    },
    {
      "fullUrl": "urn:uuid:baa74531-5eb9-4c06-bcdf-db35f8e90792",
      "resource": {
        "id": "baa74531-5eb9-4c06-bcdf-db35f8e90792",
        "meta": {
          "profile": [
            "http://standardhealthrecord.org/fhir/StructureDefinition/shr-observation-Observation",
            "http://standardhealthrecord.org/fhir/StructureDefinition/shr-vital-VitalSign",
            "http://standardhealthrecord.org/fhir/StructureDefinition/shr-vital-BodyWeight"
          ]
        },
        "status": "final",
        "category": [
          {
            "coding": [
              {
                "system": "http://hl7.org/fhir/observation-category",
                "code": "vital-signs"
              }
            ]
          }
        ],
        "code": {
          "coding": [
            {
              "system": "http://loinc.org",
              "code": "29463-7",
              "display": "Body Weight"
            }
          ],
          "text": "Body Weight"
        },
        "subject": {
          "reference": "urn:uuid:71737db3-3121-48bd-81b9-5c55a5cdb55f"
        },
        "context": {
          "reference": "urn:uuid:7489981d-4168-4a05-bf1b-25bd73143327"
        },
        "effectiveDateTime": "2010-06-21T02:16:50-04:00",
        "issued": "2010-06-21T02:16:50-04:00",
        "valueQuantity": {
          "value": 14.02611807448247,
          "unit": "kg",
          "system": "http://unitsofmeasure.org/",
          "code": "kg"
        },
        "resourceType": "Observation"
      }
    },
    {
      "fullUrl": "urn:uuid:db82ede1-2034-4f75-be55-e5057fbd5b4b",
      "resource": {
        "id": "db82ede1-2034-4f75-be55-e5057fbd5b4b",
        "meta": {
          "profile": [
            "http://standardhealthrecord.org/fhir/StructureDefinition/shr-observation-Observation",
            "http://standardhealthrecord.org/fhir/StructureDefinition/shr-vital-VitalSign",
            "http://standardhealthrecord.org/fhir/StructureDefinition/shr-vital-BodyMassIndex"
          ]
        },
        "status": "final",
        "category": [
          {
            "coding": [
              {
                "system": "http://hl7.org/fhir/observation-category",
                "code": "vital-signs"
              }
            ]
          }
        ],
        "code": {
          "coding": [
            {
              "system": "http://loinc.org",
              "code": "39156-5",
              "display": "Body Mass Index"
            }
          ],
          "text": "Body Mass Index"
        },
        "subject": {
          "reference": "urn:uuid:71737db3-3121-48bd-81b9-5c55a5cdb55f"
        },
        "context": {
          "reference": "urn:uuid:7489981d-4168-4a05-bf1b-25bd73143327"
        },
        "effectiveDateTime": "2010-06-21T02:16:50-04:00",
        "issued": "2010-06-21T02:16:50-04:00",
        "valueQuantity": {
          "value": 12.830663417052474,
          "unit": "kg/m2",
          "system": "http://unitsofmeasure.org/",
          "code": "kg/m2"
        },
        "resourceType": "Observation"
      }
    },
    {
      "fullUrl": "urn:uuid:203be66e-1b80-47be-809d-92f36119c369",
      "resource": {
        "id": "203be66e-1b80-47be-809d-92f36119c369",
        "meta": {
          "profile": [
            "http://standardhealthrecord.org/fhir/StructureDefinition/shr-observation-Observation",
            "http://standardhealthrecord.org/fhir/StructureDefinition/shr-vital-BloodPressure"
          ]
        },
        "status": "final",
        "category": [
          {
            "coding": [
              {
                "system": "http://hl7.org/fhir/observation-category",
                "code": "vital-signs"
              }
            ]
          }
        ],
        "code": {
          "coding": [
            {
              "system": "http://loinc.org",
              "code": "55284-4",
              "display": "Blood Pressure"
            }
          ]
        },
        "subject": {
          "reference": "urn:uuid:71737db3-3121-48bd-81b9-5c55a5cdb55f"
        },
        "context": {
          "reference": "urn:uuid:7489981d-4168-4a05-bf1b-25bd73143327"
        },
        "effectiveDateTime": "2010-06-21T02:16:50-04:00",
        "issued": "2010-06-21T02:16:50-04:00",
        "component": [
          {
            "code": {
              "coding": [
                {
                  "system": "http://loinc.org",
                  "code": "8480-6",
                  "display": "Systolic Blood Pressure"
                }
              ],
              "text": "Systolic Blood Pressure"
            },
            "valueQuantity": {
              "value": 133,
              "unit": "mmHg",
              "system": "http://unitsofmeasure.org/",
              "code": "mmHg"
            }
          },
          {
            "code": {
              "coding": [
                {
                  "system": "http://loinc.org",
                  "code": "8462-4",
                  "display": "Diastolic Blood Pressure"
                }
              ],
              "text": "Diastolic Blood Pressure"
            },
            "valueQuantity": {
              "value": 72,
              "unit": "mmHg",
              "system": "http://unitsofmeasure.org/",
              "code": "mmHg"
            }
          }
        ],
        "resourceType": "Observation"
      }
    },
    {
      "resource": {
        "meta": {
          "profile": [
            "http://standardhealthrecord.org/fhir/StructureDefinition/shr-procedure-Procedure"
          ]
        },
        "extension": [
          {
            "url": "http://standardhealthrecord.org/fhir/StructureDefinition/shr-core-CodeableConcept-extension",
            "valueCodeableConcept": {
              "coding": [
                {
                  "system": "http://snomed.info/sct",
                  "code": "428191000124101",
                  "display": "Documentation of current medications"
                }
              ],
              "text": "Documentation of current medications"
            }
          }
        ],
        "status": "completed",
        "code": {
          "coding": [
            {
              "system": "http://snomed.info/sct",
              "code": "428191000124101",
              "display": "Documentation of current medications"
            }
          ],
          "text": "Documentation of current medications"
        },
        "subject": {
          "reference": "urn:uuid:71737db3-3121-48bd-81b9-5c55a5cdb55f"
        },
        "context": {
          "reference": "urn:uuid:7489981d-4168-4a05-bf1b-25bd73143327"
        },
        "performedDateTime": "2010-06-21T02:16:50-04:00",
        "resourceType": "Procedure"
      }
    },
    {
      "resource": {
        "meta": {
          "profile": [
            "http://standardhealthrecord.org/fhir/StructureDefinition/shr-immunization-Immunization"
          ]
        },
        "status": "completed",
        "notGiven": false,
        "vaccineCode": {
          "coding": [
            {
              "system": "http://hl7.org/fhir/sid/cvx",
              "code": "20",
              "display": "DTaP"
            }
          ],
          "text": "DTaP"
        },
        "patient": {
          "reference": "urn:uuid:71737db3-3121-48bd-81b9-5c55a5cdb55f"
        },
        "encounter": {
          "reference": "urn:uuid:7489981d-4168-4a05-bf1b-25bd73143327"
        },
        "date": "2010-06-21T02:16:50-04:00",
        "primarySource": true,
        "resourceType": "Immunization"
      }
    },
    {
      "resource": {
        "meta": {
          "profile": [
            "http://standardhealthrecord.org/fhir/StructureDefinition/shr-immunization-Immunization"
          ]
        },
        "status": "completed",
        "notGiven": false,
        "vaccineCode": {
          "coding": [
            {
              "system": "http://hl7.org/fhir/sid/cvx",
              "code": "133",
              "display": "Pneumococcal conjugate PCV 13"
            }
          ],
          "text": "Pneumococcal conjugate PCV 13"
        },
        "patient": {
          "reference": "urn:uuid:71737db3-3121-48bd-81b9-5c55a5cdb55f"
        },
        "encounter": {
          "reference": "urn:uuid:7489981d-4168-4a05-bf1b-25bd73143327"
        },
        "date": "2010-06-21T02:16:50-04:00",
        "primarySource": true,
        "resourceType": "Immunization"
      }
    },
    {
      "resource": {
        "meta": {
          "profile": [
            "http://standardhealthrecord.org/fhir/StructureDefinition/shr-immunization-Immunization"
          ]
        },
        "status": "completed",
        "notGiven": false,
        "vaccineCode": {
          "coding": [
            {
              "system": "http://hl7.org/fhir/sid/cvx",
              "code": "10",
              "display": "IPV"
            }
          ],
          "text": "IPV"
        },
        "patient": {
          "reference": "urn:uuid:71737db3-3121-48bd-81b9-5c55a5cdb55f"
        },
        "encounter": {
          "reference": "urn:uuid:7489981d-4168-4a05-bf1b-25bd73143327"
        },
        "date": "2010-06-21T02:16:50-04:00",
        "primarySource": true,
        "resourceType": "Immunization"
      }
    },
    {
      "resource": {
        "meta": {
          "profile": [
            "http://standardhealthrecord.org/fhir/StructureDefinition/shr-immunization-Immunization"
          ]
        },
        "status": "completed",
        "notGiven": false,
        "vaccineCode": {
          "coding": [
            {
              "system": "http://hl7.org/fhir/sid/cvx",
              "code": "140",
              "display": "Influenza, seasonal, injectable, preservative free"
            }
          ],
          "text": "Influenza, seasonal, injectable, preservative free"
        },
        "patient": {
          "reference": "urn:uuid:71737db3-3121-48bd-81b9-5c55a5cdb55f"
        },
        "encounter": {
          "reference": "urn:uuid:7489981d-4168-4a05-bf1b-25bd73143327"
        },
        "date": "2010-06-21T02:16:50-04:00",
        "primarySource": true,
        "resourceType": "Immunization"
      }
    },
    {
      "resource": {
        "meta": {
          "profile": [
            "http://standardhealthrecord.org/fhir/StructureDefinition/shr-immunization-Immunization"
          ]
        },
        "status": "completed",
        "notGiven": false,
        "vaccineCode": {
          "coding": [
            {
              "system": "http://hl7.org/fhir/sid/cvx",
              "code": "03",
              "display": "MMR"
            }
          ],
          "text": "MMR"
        },
        "patient": {
          "reference": "urn:uuid:71737db3-3121-48bd-81b9-5c55a5cdb55f"
        },
        "encounter": {
          "reference": "urn:uuid:7489981d-4168-4a05-bf1b-25bd73143327"
        },
        "date": "2010-06-21T02:16:50-04:00",
        "primarySource": true,
        "resourceType": "Immunization"
      }
    },
    {
      "resource": {
        "meta": {
          "profile": [
            "http://standardhealthrecord.org/fhir/StructureDefinition/shr-immunization-Immunization"
          ]
        },
        "status": "completed",
        "notGiven": false,
        "vaccineCode": {
          "coding": [
            {
              "system": "http://hl7.org/fhir/sid/cvx",
              "code": "21",
              "display": "varicella"
            }
          ],
          "text": "varicella"
        },
        "patient": {
          "reference": "urn:uuid:71737db3-3121-48bd-81b9-5c55a5cdb55f"
        },
        "encounter": {
          "reference": "urn:uuid:7489981d-4168-4a05-bf1b-25bd73143327"
        },
        "date": "2010-06-21T02:16:50-04:00",
        "primarySource": true,
        "resourceType": "Immunization"
      }
    },
    {
      "fullUrl": "urn:uuid:473fb139-d39b-41ec-8872-b623bf681ee9",
      "resource": {
        "id": "473fb139-d39b-41ec-8872-b623bf681ee9",
        "meta": {
          "profile": [
            "http://standardhealthrecord.org/fhir/StructureDefinition/shr-encounter-Encounter"
          ]
        },
        "status": "finished",
        "class": {
          "code": "outpatient"
        },
        "type": [
          {
            "coding": [
              {
                "system": "http://snomed.info/sct",
                "code": "170258001"
              }
            ],
            "text": "Outpatient Encounter"
          }
        ],
        "subject": {
          "reference": "urn:uuid:71737db3-3121-48bd-81b9-5c55a5cdb55f"
        },
        "period": {
          "start": "2011-07-03T10:50:22-04:00",
          "end": "2011-07-03T11:50:22-04:00"
        },
        "serviceProvider": {
          "reference": "urn:uuid:992d53d5-c926-4708-b1cf-48057195bf7b"
        },
        "resourceType": "Encounter"
      }
    },
    {
      "fullUrl": "urn:uuid:80ed4d44-0cc8-45c5-97cc-ef015a8a3e6d",
      "resource": {
        "id": "80ed4d44-0cc8-45c5-97cc-ef015a8a3e6d",
        "meta": {
          "profile": [
            "http://standardhealthrecord.org/fhir/StructureDefinition/shr-observation-Observation",
            "http://standardhealthrecord.org/fhir/StructureDefinition/shr-vital-VitalSign",
            "http://standardhealthrecord.org/fhir/StructureDefinition/shr-vital-BodyHeight"
          ]
        },
        "status": "final",
        "category": [
          {
            "coding": [
              {
                "system": "http://hl7.org/fhir/observation-category",
                "code": "vital-signs"
              }
            ]
          }
        ],
        "code": {
          "coding": [
            {
              "system": "http://loinc.org",
              "code": "8302-2",
              "display": "Body Height"
            }
          ],
          "text": "Body Height"
        },
        "subject": {
          "reference": "urn:uuid:71737db3-3121-48bd-81b9-5c55a5cdb55f"
        },
        "context": {
          "reference": "urn:uuid:473fb139-d39b-41ec-8872-b623bf681ee9"
        },
        "effectiveDateTime": "2011-07-03T10:50:22-04:00",
        "issued": "2011-07-03T10:50:22-04:00",
        "valueQuantity": {
          "value": 111.70374100366608,
          "unit": "cm",
          "system": "http://unitsofmeasure.org/",
          "code": "cm"
        },
        "resourceType": "Observation"
      }
    },
    {
      "fullUrl": "urn:uuid:959580f4-6946-443b-b24b-f0399f01a2e6",
      "resource": {
        "id": "959580f4-6946-443b-b24b-f0399f01a2e6",
        "meta": {
          "profile": [
            "http://standardhealthrecord.org/fhir/StructureDefinition/shr-observation-Observation",
            "http://standardhealthrecord.org/fhir/StructureDefinition/shr-vital-VitalSign",
            "http://standardhealthrecord.org/fhir/StructureDefinition/shr-vital-BodyWeight"
          ]
        },
        "status": "final",
        "category": [
          {
            "coding": [
              {
                "system": "http://hl7.org/fhir/observation-category",
                "code": "vital-signs"
              }
            ]
          }
        ],
        "code": {
          "coding": [
            {
              "system": "http://loinc.org",
              "code": "29463-7",
              "display": "Body Weight"
            }
          ],
          "text": "Body Weight"
        },
        "subject": {
          "reference": "urn:uuid:71737db3-3121-48bd-81b9-5c55a5cdb55f"
        },
        "context": {
          "reference": "urn:uuid:473fb139-d39b-41ec-8872-b623bf681ee9"
        },
        "effectiveDateTime": "2011-07-03T10:50:22-04:00",
        "issued": "2011-07-03T10:50:22-04:00",
        "valueQuantity": {
          "value": 15.770082819150646,
          "unit": "kg",
          "system": "http://unitsofmeasure.org/",
          "code": "kg"
        },
        "resourceType": "Observation"
      }
    },
    {
      "fullUrl": "urn:uuid:dfed9c60-9b0a-434d-84a3-47c92093b121",
      "resource": {
        "id": "dfed9c60-9b0a-434d-84a3-47c92093b121",
        "meta": {
          "profile": [
            "http://standardhealthrecord.org/fhir/StructureDefinition/shr-observation-Observation",
            "http://standardhealthrecord.org/fhir/StructureDefinition/shr-vital-VitalSign",
            "http://standardhealthrecord.org/fhir/StructureDefinition/shr-vital-BodyMassIndex"
          ]
        },
        "status": "final",
        "category": [
          {
            "coding": [
              {
                "system": "http://hl7.org/fhir/observation-category",
                "code": "vital-signs"
              }
            ]
          }
        ],
        "code": {
          "coding": [
            {
              "system": "http://loinc.org",
              "code": "39156-5",
              "display": "Body Mass Index"
            }
          ],
          "text": "Body Mass Index"
        },
        "subject": {
          "reference": "urn:uuid:71737db3-3121-48bd-81b9-5c55a5cdb55f"
        },
        "context": {
          "reference": "urn:uuid:473fb139-d39b-41ec-8872-b623bf681ee9"
        },
        "effectiveDateTime": "2011-07-03T10:50:22-04:00",
        "issued": "2011-07-03T10:50:22-04:00",
        "valueQuantity": {
          "value": 12.638587455590297,
          "unit": "kg/m2",
          "system": "http://unitsofmeasure.org/",
          "code": "kg/m2"
        },
        "resourceType": "Observation"
      }
    },
    {
      "fullUrl": "urn:uuid:956c55f4-6400-4e6b-9695-fc4b8e7a7b18",
      "resource": {
        "id": "956c55f4-6400-4e6b-9695-fc4b8e7a7b18",
        "meta": {
          "profile": [
            "http://standardhealthrecord.org/fhir/StructureDefinition/shr-observation-Observation",
            "http://standardhealthrecord.org/fhir/StructureDefinition/shr-vital-BloodPressure"
          ]
        },
        "status": "final",
        "category": [
          {
            "coding": [
              {
                "system": "http://hl7.org/fhir/observation-category",
                "code": "vital-signs"
              }
            ]
          }
        ],
        "code": {
          "coding": [
            {
              "system": "http://loinc.org",
              "code": "55284-4",
              "display": "Blood Pressure"
            }
          ]
        },
        "subject": {
          "reference": "urn:uuid:71737db3-3121-48bd-81b9-5c55a5cdb55f"
        },
        "context": {
          "reference": "urn:uuid:473fb139-d39b-41ec-8872-b623bf681ee9"
        },
        "effectiveDateTime": "2011-07-03T10:50:22-04:00",
        "issued": "2011-07-03T10:50:22-04:00",
        "component": [
          {
            "code": {
              "coding": [
                {
                  "system": "http://loinc.org",
                  "code": "8480-6",
                  "display": "Systolic Blood Pressure"
                }
              ],
              "text": "Systolic Blood Pressure"
            },
            "valueQuantity": {
              "value": 135,
              "unit": "mmHg",
              "system": "http://unitsofmeasure.org/",
              "code": "mmHg"
            }
          },
          {
            "code": {
              "coding": [
                {
                  "system": "http://loinc.org",
                  "code": "8462-4",
                  "display": "Diastolic Blood Pressure"
                }
              ],
              "text": "Diastolic Blood Pressure"
            },
            "valueQuantity": {
              "value": 80,
              "unit": "mmHg",
              "system": "http://unitsofmeasure.org/",
              "code": "mmHg"
            }
          }
        ],
        "resourceType": "Observation"
      }
    },
    {
      "resource": {
        "meta": {
          "profile": [
            "http://standardhealthrecord.org/fhir/StructureDefinition/shr-immunization-Immunization"
          ]
        },
        "status": "completed",
        "notGiven": false,
        "vaccineCode": {
          "coding": [
            {
              "system": "http://hl7.org/fhir/sid/cvx",
              "code": "140",
              "display": "Influenza, seasonal, injectable, preservative free"
            }
          ],
          "text": "Influenza, seasonal, injectable, preservative free"
        },
        "patient": {
          "reference": "urn:uuid:71737db3-3121-48bd-81b9-5c55a5cdb55f"
        },
        "encounter": {
          "reference": "urn:uuid:473fb139-d39b-41ec-8872-b623bf681ee9"
        },
        "date": "2011-07-03T10:50:22-04:00",
        "primarySource": true,
        "resourceType": "Immunization"
      }
    },
    {
      "fullUrl": "urn:uuid:9df62c1b-bb12-41d0-b2e6-5d47db3c0484",
      "resource": {
        "id": "9df62c1b-bb12-41d0-b2e6-5d47db3c0484",
        "meta": {
          "profile": [
            "http://standardhealthrecord.org/fhir/StructureDefinition/shr-encounter-Encounter"
          ]
        },
        "status": "finished",
        "class": {
          "code": "outpatient"
        },
        "type": [
          {
            "coding": [
              {
                "system": "http://snomed.info/sct",
                "code": "170258001"
              }
            ],
            "text": "Outpatient Encounter"
          }
        ],
        "subject": {
          "reference": "urn:uuid:71737db3-3121-48bd-81b9-5c55a5cdb55f"
        },
        "period": {
          "start": "2012-07-19T22:02:22-04:00",
          "end": "2012-07-19T23:02:22-04:00"
        },
        "serviceProvider": {
          "reference": "urn:uuid:992d53d5-c926-4708-b1cf-48057195bf7b"
        },
        "resourceType": "Encounter"
      }
    },
    {
      "fullUrl": "urn:uuid:372e14e4-ce57-4c5e-b979-77afe8c13fbc",
      "resource": {
        "id": "372e14e4-ce57-4c5e-b979-77afe8c13fbc",
        "meta": {
          "profile": [
            "http://standardhealthrecord.org/fhir/StructureDefinition/shr-observation-Observation",
            "http://standardhealthrecord.org/fhir/StructureDefinition/shr-vital-VitalSign",
            "http://standardhealthrecord.org/fhir/StructureDefinition/shr-vital-BodyHeight"
          ]
        },
        "status": "final",
        "category": [
          {
            "coding": [
              {
                "system": "http://hl7.org/fhir/observation-category",
                "code": "vital-signs"
              }
            ]
          }
        ],
        "code": {
          "coding": [
            {
              "system": "http://loinc.org",
              "code": "8302-2",
              "display": "Body Height"
            }
          ],
          "text": "Body Height"
        },
        "subject": {
          "reference": "urn:uuid:71737db3-3121-48bd-81b9-5c55a5cdb55f"
        },
        "context": {
          "reference": "urn:uuid:9df62c1b-bb12-41d0-b2e6-5d47db3c0484"
        },
        "effectiveDateTime": "2012-07-19T22:02:22-04:00",
        "issued": "2012-07-19T22:02:22-04:00",
        "valueQuantity": {
          "value": 119.46904573028468,
          "unit": "cm",
          "system": "http://unitsofmeasure.org/",
          "code": "cm"
        },
        "resourceType": "Observation"
      }
    },
    {
      "fullUrl": "urn:uuid:8f743454-5b67-4cb5-9e33-b31bda306940",
      "resource": {
        "id": "8f743454-5b67-4cb5-9e33-b31bda306940",
        "meta": {
          "profile": [
            "http://standardhealthrecord.org/fhir/StructureDefinition/shr-observation-Observation",
            "http://standardhealthrecord.org/fhir/StructureDefinition/shr-vital-VitalSign",
            "http://standardhealthrecord.org/fhir/StructureDefinition/shr-vital-BodyWeight"
          ]
        },
        "status": "final",
        "category": [
          {
            "coding": [
              {
                "system": "http://hl7.org/fhir/observation-category",
                "code": "vital-signs"
              }
            ]
          }
        ],
        "code": {
          "coding": [
            {
              "system": "http://loinc.org",
              "code": "29463-7",
              "display": "Body Weight"
            }
          ],
          "text": "Body Weight"
        },
        "subject": {
          "reference": "urn:uuid:71737db3-3121-48bd-81b9-5c55a5cdb55f"
        },
        "context": {
          "reference": "urn:uuid:9df62c1b-bb12-41d0-b2e6-5d47db3c0484"
        },
        "effectiveDateTime": "2012-07-19T22:02:22-04:00",
        "issued": "2012-07-19T22:02:22-04:00",
        "valueQuantity": {
          "value": 17.7764368899496,
          "unit": "kg",
          "system": "http://unitsofmeasure.org/",
          "code": "kg"
        },
        "resourceType": "Observation"
      }
    },
    {
      "fullUrl": "urn:uuid:9b9b1441-642c-472a-a749-ade1140b1984",
      "resource": {
        "id": "9b9b1441-642c-472a-a749-ade1140b1984",
        "meta": {
          "profile": [
            "http://standardhealthrecord.org/fhir/StructureDefinition/shr-observation-Observation",
            "http://standardhealthrecord.org/fhir/StructureDefinition/shr-vital-VitalSign",
            "http://standardhealthrecord.org/fhir/StructureDefinition/shr-vital-BodyMassIndex"
          ]
        },
        "status": "final",
        "category": [
          {
            "coding": [
              {
                "system": "http://hl7.org/fhir/observation-category",
                "code": "vital-signs"
              }
            ]
          }
        ],
        "code": {
          "coding": [
            {
              "system": "http://loinc.org",
              "code": "39156-5",
              "display": "Body Mass Index"
            }
          ],
          "text": "Body Mass Index"
        },
        "subject": {
          "reference": "urn:uuid:71737db3-3121-48bd-81b9-5c55a5cdb55f"
        },
        "context": {
          "reference": "urn:uuid:9df62c1b-bb12-41d0-b2e6-5d47db3c0484"
        },
        "effectiveDateTime": "2012-07-19T22:02:22-04:00",
        "issued": "2012-07-19T22:02:22-04:00",
        "valueQuantity": {
          "value": 12.454718779637156,
          "unit": "kg/m2",
          "system": "http://unitsofmeasure.org/",
          "code": "kg/m2"
        },
        "resourceType": "Observation"
      }
    },
    {
      "fullUrl": "urn:uuid:9d6e2abf-8405-4729-bf4f-8229d46cd2b2",
      "resource": {
        "id": "9d6e2abf-8405-4729-bf4f-8229d46cd2b2",
        "meta": {
          "profile": [
            "http://standardhealthrecord.org/fhir/StructureDefinition/shr-observation-Observation",
            "http://standardhealthrecord.org/fhir/StructureDefinition/shr-vital-BloodPressure"
          ]
        },
        "status": "final",
        "category": [
          {
            "coding": [
              {
                "system": "http://hl7.org/fhir/observation-category",
                "code": "vital-signs"
              }
            ]
          }
        ],
        "code": {
          "coding": [
            {
              "system": "http://loinc.org",
              "code": "55284-4",
              "display": "Blood Pressure"
            }
          ]
        },
        "subject": {
          "reference": "urn:uuid:71737db3-3121-48bd-81b9-5c55a5cdb55f"
        },
        "context": {
          "reference": "urn:uuid:9df62c1b-bb12-41d0-b2e6-5d47db3c0484"
        },
        "effectiveDateTime": "2012-07-19T22:02:22-04:00",
        "issued": "2012-07-19T22:02:22-04:00",
        "component": [
          {
            "code": {
              "coding": [
                {
                  "system": "http://loinc.org",
                  "code": "8480-6",
                  "display": "Systolic Blood Pressure"
                }
              ],
              "text": "Systolic Blood Pressure"
            },
            "valueQuantity": {
              "value": 131,
              "unit": "mmHg",
              "system": "http://unitsofmeasure.org/",
              "code": "mmHg"
            }
          },
          {
            "code": {
              "coding": [
                {
                  "system": "http://loinc.org",
                  "code": "8462-4",
                  "display": "Diastolic Blood Pressure"
                }
              ],
              "text": "Diastolic Blood Pressure"
            },
            "valueQuantity": {
              "value": 76,
              "unit": "mmHg",
              "system": "http://unitsofmeasure.org/",
              "code": "mmHg"
            }
          }
        ],
        "resourceType": "Observation"
      }
    },
    {
      "resource": {
        "meta": {
          "profile": [
            "http://standardhealthrecord.org/fhir/StructureDefinition/shr-immunization-Immunization"
          ]
        },
        "status": "completed",
        "notGiven": false,
        "vaccineCode": {
          "coding": [
            {
              "system": "http://hl7.org/fhir/sid/cvx",
              "code": "140",
              "display": "Influenza, seasonal, injectable, preservative free"
            }
          ],
          "text": "Influenza, seasonal, injectable, preservative free"
        },
        "patient": {
          "reference": "urn:uuid:71737db3-3121-48bd-81b9-5c55a5cdb55f"
        },
        "encounter": {
          "reference": "urn:uuid:9df62c1b-bb12-41d0-b2e6-5d47db3c0484"
        },
        "date": "2012-07-19T22:02:22-04:00",
        "primarySource": true,
        "resourceType": "Immunization"
      }
    },
    {
      "fullUrl": "urn:uuid:47d602f7-b078-4a47-a223-46f53a5931f9",
      "resource": {
        "id": "47d602f7-b078-4a47-a223-46f53a5931f9",
        "meta": {
          "profile": [
            "http://standardhealthrecord.org/fhir/StructureDefinition/shr-encounter-Encounter"
          ]
        },
        "status": "finished",
        "class": {
          "code": "outpatient"
        },
        "type": [
          {
            "coding": [
              {
                "system": "http://snomed.info/sct",
                "code": "170258001"
              }
            ],
            "text": "Outpatient Encounter"
          }
        ],
        "subject": {
          "reference": "urn:uuid:71737db3-3121-48bd-81b9-5c55a5cdb55f"
        },
        "period": {
          "start": "2013-09-07T11:12:02-04:00",
          "end": "2013-09-07T12:12:02-04:00"
        },
        "serviceProvider": {
          "reference": "urn:uuid:992d53d5-c926-4708-b1cf-48057195bf7b"
        },
        "resourceType": "Encounter"
      }
    },
    {
      "fullUrl": "urn:uuid:99383bc1-a238-4b34-bb96-3cc08525ffb4",
      "resource": {
        "id": "99383bc1-a238-4b34-bb96-3cc08525ffb4",
        "meta": {
          "profile": [
            "http://standardhealthrecord.org/fhir/StructureDefinition/shr-observation-Observation",
            "http://standardhealthrecord.org/fhir/StructureDefinition/shr-vital-VitalSign",
            "http://standardhealthrecord.org/fhir/StructureDefinition/shr-vital-BodyHeight"
          ]
        },
        "status": "final",
        "category": [
          {
            "coding": [
              {
                "system": "http://hl7.org/fhir/observation-category",
                "code": "vital-signs"
              }
            ]
          }
        ],
        "code": {
          "coding": [
            {
              "system": "http://loinc.org",
              "code": "8302-2",
              "display": "Body Height"
            }
          ],
          "text": "Body Height"
        },
        "subject": {
          "reference": "urn:uuid:71737db3-3121-48bd-81b9-5c55a5cdb55f"
        },
        "context": {
          "reference": "urn:uuid:47d602f7-b078-4a47-a223-46f53a5931f9"
        },
        "effectiveDateTime": "2013-09-07T11:12:02-04:00",
        "issued": "2013-09-07T11:12:02-04:00",
        "valueQuantity": {
          "value": 126.69717746020618,
          "unit": "cm",
          "system": "http://unitsofmeasure.org/",
          "code": "cm"
        },
        "resourceType": "Observation"
      }
    },
    {
      "fullUrl": "urn:uuid:f10565d1-eedd-4303-a92a-34a29200f768",
      "resource": {
        "id": "f10565d1-eedd-4303-a92a-34a29200f768",
        "meta": {
          "profile": [
            "http://standardhealthrecord.org/fhir/StructureDefinition/shr-observation-Observation",
            "http://standardhealthrecord.org/fhir/StructureDefinition/shr-vital-VitalSign",
            "http://standardhealthrecord.org/fhir/StructureDefinition/shr-vital-BodyWeight"
          ]
        },
        "status": "final",
        "category": [
          {
            "coding": [
              {
                "system": "http://hl7.org/fhir/observation-category",
                "code": "vital-signs"
              }
            ]
          }
        ],
        "code": {
          "coding": [
            {
              "system": "http://loinc.org",
              "code": "29463-7",
              "display": "Body Weight"
            }
          ],
          "text": "Body Weight"
        },
        "subject": {
          "reference": "urn:uuid:71737db3-3121-48bd-81b9-5c55a5cdb55f"
        },
        "context": {
          "reference": "urn:uuid:47d602f7-b078-4a47-a223-46f53a5931f9"
        },
        "effectiveDateTime": "2013-09-07T11:12:02-04:00",
        "issued": "2013-09-07T11:12:02-04:00",
        "valueQuantity": {
          "value": 19.912151477211697,
          "unit": "kg",
          "system": "http://unitsofmeasure.org/",
          "code": "kg"
        },
        "resourceType": "Observation"
      }
    },
    {
      "fullUrl": "urn:uuid:ca2a8c18-545a-46e0-afb0-b3a8ce6a1baa",
      "resource": {
        "id": "ca2a8c18-545a-46e0-afb0-b3a8ce6a1baa",
        "meta": {
          "profile": [
            "http://standardhealthrecord.org/fhir/StructureDefinition/shr-observation-Observation",
            "http://standardhealthrecord.org/fhir/StructureDefinition/shr-vital-VitalSign",
            "http://standardhealthrecord.org/fhir/StructureDefinition/shr-vital-BodyMassIndex"
          ]
        },
        "status": "final",
        "category": [
          {
            "coding": [
              {
                "system": "http://hl7.org/fhir/observation-category",
                "code": "vital-signs"
              }
            ]
          }
        ],
        "code": {
          "coding": [
            {
              "system": "http://loinc.org",
              "code": "39156-5",
              "display": "Body Mass Index"
            }
          ],
          "text": "Body Mass Index"
        },
        "subject": {
          "reference": "urn:uuid:71737db3-3121-48bd-81b9-5c55a5cdb55f"
        },
        "context": {
          "reference": "urn:uuid:47d602f7-b078-4a47-a223-46f53a5931f9"
        },
        "effectiveDateTime": "2013-09-07T11:12:02-04:00",
        "issued": "2013-09-07T11:12:02-04:00",
        "valueQuantity": {
          "value": 12.404644077578682,
          "unit": "kg/m2",
          "system": "http://unitsofmeasure.org/",
          "code": "kg/m2"
        },
        "resourceType": "Observation"
      }
    },
    {
      "fullUrl": "urn:uuid:ed15eba0-5fe5-412b-8bd0-9ee2a8cf7436",
      "resource": {
        "id": "ed15eba0-5fe5-412b-8bd0-9ee2a8cf7436",
        "meta": {
          "profile": [
            "http://standardhealthrecord.org/fhir/StructureDefinition/shr-observation-Observation",
            "http://standardhealthrecord.org/fhir/StructureDefinition/shr-vital-BloodPressure"
          ]
        },
        "status": "final",
        "category": [
          {
            "coding": [
              {
                "system": "http://hl7.org/fhir/observation-category",
                "code": "vital-signs"
              }
            ]
          }
        ],
        "code": {
          "coding": [
            {
              "system": "http://loinc.org",
              "code": "55284-4",
              "display": "Blood Pressure"
            }
          ]
        },
        "subject": {
          "reference": "urn:uuid:71737db3-3121-48bd-81b9-5c55a5cdb55f"
        },
        "context": {
          "reference": "urn:uuid:47d602f7-b078-4a47-a223-46f53a5931f9"
        },
        "effectiveDateTime": "2013-09-07T11:12:02-04:00",
        "issued": "2013-09-07T11:12:02-04:00",
        "component": [
          {
            "code": {
              "coding": [
                {
                  "system": "http://loinc.org",
                  "code": "8480-6",
                  "display": "Systolic Blood Pressure"
                }
              ],
              "text": "Systolic Blood Pressure"
            },
            "valueQuantity": {
              "value": 139,
              "unit": "mmHg",
              "system": "http://unitsofmeasure.org/",
              "code": "mmHg"
            }
          },
          {
            "code": {
              "coding": [
                {
                  "system": "http://loinc.org",
                  "code": "8462-4",
                  "display": "Diastolic Blood Pressure"
                }
              ],
              "text": "Diastolic Blood Pressure"
            },
            "valueQuantity": {
              "value": 81,
              "unit": "mmHg",
              "system": "http://unitsofmeasure.org/",
              "code": "mmHg"
            }
          }
        ],
        "resourceType": "Observation"
      }
    },
    {
      "resource": {
        "meta": {
          "profile": [
            "http://standardhealthrecord.org/fhir/StructureDefinition/shr-immunization-Immunization"
          ]
        },
        "status": "completed",
        "notGiven": false,
        "vaccineCode": {
          "coding": [
            {
              "system": "http://hl7.org/fhir/sid/cvx",
              "code": "140",
              "display": "Influenza, seasonal, injectable, preservative free"
            }
          ],
          "text": "Influenza, seasonal, injectable, preservative free"
        },
        "patient": {
          "reference": "urn:uuid:71737db3-3121-48bd-81b9-5c55a5cdb55f"
        },
        "encounter": {
          "reference": "urn:uuid:47d602f7-b078-4a47-a223-46f53a5931f9"
        },
        "date": "2013-09-07T11:12:02-04:00",
        "primarySource": true,
        "resourceType": "Immunization"
      }
    },
    {
      "fullUrl": "urn:uuid:f4f319b3-c10f-46c8-a3b8-0c98f1379e1e",
      "resource": {
        "id": "f4f319b3-c10f-46c8-a3b8-0c98f1379e1e",
        "meta": {
          "profile": [
            "http://standardhealthrecord.org/fhir/StructureDefinition/shr-encounter-Encounter"
          ]
        },
        "status": "finished",
        "class": {
          "code": "outpatient"
        },
        "type": [
          {
            "coding": [
              {
                "system": "http://snomed.info/sct",
                "code": "170258001"
              }
            ],
            "text": "Outpatient Encounter"
          }
        ],
        "subject": {
          "reference": "urn:uuid:71737db3-3121-48bd-81b9-5c55a5cdb55f"
        },
        "period": {
          "start": "2014-11-21T12:27:31-05:00",
          "end": "2014-11-21T13:27:31-05:00"
        },
        "serviceProvider": {
          "reference": "urn:uuid:992d53d5-c926-4708-b1cf-48057195bf7b"
        },
        "resourceType": "Encounter"
      }
    },
    {
      "fullUrl": "urn:uuid:53050365-8a38-4cbb-8e31-5cb89977d244",
      "resource": {
        "id": "53050365-8a38-4cbb-8e31-5cb89977d244",
        "meta": {
          "profile": [
            "http://standardhealthrecord.org/fhir/StructureDefinition/shr-observation-Observation",
            "http://standardhealthrecord.org/fhir/StructureDefinition/shr-vital-VitalSign",
            "http://standardhealthrecord.org/fhir/StructureDefinition/shr-vital-BodyHeight"
          ]
        },
        "status": "final",
        "category": [
          {
            "coding": [
              {
                "system": "http://hl7.org/fhir/observation-category",
                "code": "vital-signs"
              }
            ]
          }
        ],
        "code": {
          "coding": [
            {
              "system": "http://loinc.org",
              "code": "8302-2",
              "display": "Body Height"
            }
          ],
          "text": "Body Height"
        },
        "subject": {
          "reference": "urn:uuid:71737db3-3121-48bd-81b9-5c55a5cdb55f"
        },
        "context": {
          "reference": "urn:uuid:f4f319b3-c10f-46c8-a3b8-0c98f1379e1e"
        },
        "effectiveDateTime": "2014-11-21T12:27:31-05:00",
        "issued": "2014-11-21T12:27:31-05:00",
        "valueQuantity": {
          "value": 133.91126508118398,
          "unit": "cm",
          "system": "http://unitsofmeasure.org/",
          "code": "cm"
        },
        "resourceType": "Observation"
      }
    },
    {
      "fullUrl": "urn:uuid:9472c571-d920-479a-9d91-7785fa337846",
      "resource": {
        "id": "9472c571-d920-479a-9d91-7785fa337846",
        "meta": {
          "profile": [
            "http://standardhealthrecord.org/fhir/StructureDefinition/shr-observation-Observation",
            "http://standardhealthrecord.org/fhir/StructureDefinition/shr-vital-VitalSign",
            "http://standardhealthrecord.org/fhir/StructureDefinition/shr-vital-BodyWeight"
          ]
        },
        "status": "final",
        "category": [
          {
            "coding": [
              {
                "system": "http://hl7.org/fhir/observation-category",
                "code": "vital-signs"
              }
            ]
          }
        ],
        "code": {
          "coding": [
            {
              "system": "http://loinc.org",
              "code": "29463-7",
              "display": "Body Weight"
            }
          ],
          "text": "Body Weight"
        },
        "subject": {
          "reference": "urn:uuid:71737db3-3121-48bd-81b9-5c55a5cdb55f"
        },
        "context": {
          "reference": "urn:uuid:f4f319b3-c10f-46c8-a3b8-0c98f1379e1e"
        },
        "effectiveDateTime": "2014-11-21T12:27:31-05:00",
        "issued": "2014-11-21T12:27:31-05:00",
        "valueQuantity": {
          "value": 22.709661626618672,
          "unit": "kg",
          "system": "http://unitsofmeasure.org/",
          "code": "kg"
        },
        "resourceType": "Observation"
      }
    },
    {
      "fullUrl": "urn:uuid:0614561a-29ca-4c4d-b11e-c570ff7c90a1",
      "resource": {
        "id": "0614561a-29ca-4c4d-b11e-c570ff7c90a1",
        "meta": {
          "profile": [
            "http://standardhealthrecord.org/fhir/StructureDefinition/shr-observation-Observation",
            "http://standardhealthrecord.org/fhir/StructureDefinition/shr-vital-VitalSign",
            "http://standardhealthrecord.org/fhir/StructureDefinition/shr-vital-BodyMassIndex"
          ]
        },
        "status": "final",
        "category": [
          {
            "coding": [
              {
                "system": "http://hl7.org/fhir/observation-category",
                "code": "vital-signs"
              }
            ]
          }
        ],
        "code": {
          "coding": [
            {
              "system": "http://loinc.org",
              "code": "39156-5",
              "display": "Body Mass Index"
            }
          ],
          "text": "Body Mass Index"
        },
        "subject": {
          "reference": "urn:uuid:71737db3-3121-48bd-81b9-5c55a5cdb55f"
        },
        "context": {
          "reference": "urn:uuid:f4f319b3-c10f-46c8-a3b8-0c98f1379e1e"
        },
        "effectiveDateTime": "2014-11-21T12:27:31-05:00",
        "issued": "2014-11-21T12:27:31-05:00",
        "valueQuantity": {
          "value": 12.664161419242339,
          "unit": "kg/m2",
          "system": "http://unitsofmeasure.org/",
          "code": "kg/m2"
        },
        "resourceType": "Observation"
      }
    },
    {
      "fullUrl": "urn:uuid:ab737c11-283d-478b-8f0b-dbd4fbf03b2f",
      "resource": {
        "id": "ab737c11-283d-478b-8f0b-dbd4fbf03b2f",
        "meta": {
          "profile": [
            "http://standardhealthrecord.org/fhir/StructureDefinition/shr-observation-Observation",
            "http://standardhealthrecord.org/fhir/StructureDefinition/shr-vital-BloodPressure"
          ]
        },
        "status": "final",
        "category": [
          {
            "coding": [
              {
                "system": "http://hl7.org/fhir/observation-category",
                "code": "vital-signs"
              }
            ]
          }
        ],
        "code": {
          "coding": [
            {
              "system": "http://loinc.org",
              "code": "55284-4",
              "display": "Blood Pressure"
            }
          ]
        },
        "subject": {
          "reference": "urn:uuid:71737db3-3121-48bd-81b9-5c55a5cdb55f"
        },
        "context": {
          "reference": "urn:uuid:f4f319b3-c10f-46c8-a3b8-0c98f1379e1e"
        },
        "effectiveDateTime": "2014-11-21T12:27:31-05:00",
        "issued": "2014-11-21T12:27:31-05:00",
        "component": [
          {
            "code": {
              "coding": [
                {
                  "system": "http://loinc.org",
                  "code": "8480-6",
                  "display": "Systolic Blood Pressure"
                }
              ],
              "text": "Systolic Blood Pressure"
            },
            "valueQuantity": {
              "value": 121,
              "unit": "mmHg",
              "system": "http://unitsofmeasure.org/",
              "code": "mmHg"
            }
          },
          {
            "code": {
              "coding": [
                {
                  "system": "http://loinc.org",
                  "code": "8462-4",
                  "display": "Diastolic Blood Pressure"
                }
              ],
              "text": "Diastolic Blood Pressure"
            },
            "valueQuantity": {
              "value": 80,
              "unit": "mmHg",
              "system": "http://unitsofmeasure.org/",
              "code": "mmHg"
            }
          }
        ],
        "resourceType": "Observation"
      }
    },
    {
      "resource": {
        "meta": {
          "profile": [
            "http://standardhealthrecord.org/fhir/StructureDefinition/shr-procedure-Procedure"
          ]
        },
        "extension": [
          {
            "url": "http://standardhealthrecord.org/fhir/StructureDefinition/shr-core-CodeableConcept-extension",
            "valueCodeableConcept": {
              "coding": [
                {
                  "system": "http://snomed.info/sct",
                  "code": "428191000124101",
                  "display": "Documentation of current medications"
                }
              ],
              "text": "Documentation of current medications"
            }
          }
        ],
        "status": "completed",
        "code": {
          "coding": [
            {
              "system": "http://snomed.info/sct",
              "code": "428191000124101",
              "display": "Documentation of current medications"
            }
          ],
          "text": "Documentation of current medications"
        },
        "subject": {
          "reference": "urn:uuid:71737db3-3121-48bd-81b9-5c55a5cdb55f"
        },
        "context": {
          "reference": "urn:uuid:f4f319b3-c10f-46c8-a3b8-0c98f1379e1e"
        },
        "performedDateTime": "2014-11-21T12:27:31-05:00",
        "resourceType": "Procedure"
      }
    },
    {
      "resource": {
        "meta": {
          "profile": [
            "http://standardhealthrecord.org/fhir/StructureDefinition/shr-immunization-Immunization"
          ]
        },
        "status": "completed",
        "notGiven": false,
        "vaccineCode": {
          "coding": [
            {
              "system": "http://hl7.org/fhir/sid/cvx",
              "code": "140",
              "display": "Influenza, seasonal, injectable, preservative free"
            }
          ],
          "text": "Influenza, seasonal, injectable, preservative free"
        },
        "patient": {
          "reference": "urn:uuid:71737db3-3121-48bd-81b9-5c55a5cdb55f"
        },
        "encounter": {
          "reference": "urn:uuid:f4f319b3-c10f-46c8-a3b8-0c98f1379e1e"
        },
        "date": "2014-11-21T12:27:31-05:00",
        "primarySource": true,
        "resourceType": "Immunization"
      }
    },
    {
      "fullUrl": "urn:uuid:840eacbe-a5b2-4715-a892-05d316320ceb",
      "resource": {
        "id": "840eacbe-a5b2-4715-a892-05d316320ceb",
        "meta": {
          "profile": [
            "http://standardhealthrecord.org/fhir/StructureDefinition/shr-encounter-Encounter"
          ]
        },
        "status": "finished",
        "class": {
          "code": "outpatient"
        },
        "type": [
          {
            "coding": [
              {
                "system": "http://snomed.info/sct",
                "code": "170258001"
              }
            ],
            "text": "Outpatient Encounter"
          }
        ],
        "subject": {
          "reference": "urn:uuid:71737db3-3121-48bd-81b9-5c55a5cdb55f"
        },
        "period": {
          "start": "2015-11-24T21:47:21-05:00",
          "end": "2015-11-24T22:47:21-05:00"
        },
        "serviceProvider": {
          "reference": "urn:uuid:992d53d5-c926-4708-b1cf-48057195bf7b"
        },
        "resourceType": "Encounter"
      }
    },
    {
      "fullUrl": "urn:uuid:5966aa59-6091-4e0d-b6fe-cca81573291e",
      "resource": {
        "id": "5966aa59-6091-4e0d-b6fe-cca81573291e",
        "meta": {
          "profile": [
            "http://standardhealthrecord.org/fhir/StructureDefinition/shr-observation-Observation",
            "http://standardhealthrecord.org/fhir/StructureDefinition/shr-vital-VitalSign",
            "http://standardhealthrecord.org/fhir/StructureDefinition/shr-vital-BodyHeight"
          ]
        },
        "status": "final",
        "category": [
          {
            "coding": [
              {
                "system": "http://hl7.org/fhir/observation-category",
                "code": "vital-signs"
              }
            ]
          }
        ],
        "code": {
          "coding": [
            {
              "system": "http://loinc.org",
              "code": "8302-2",
              "display": "Body Height"
            }
          ],
          "text": "Body Height"
        },
        "subject": {
          "reference": "urn:uuid:71737db3-3121-48bd-81b9-5c55a5cdb55f"
        },
        "context": {
          "reference": "urn:uuid:840eacbe-a5b2-4715-a892-05d316320ceb"
        },
        "effectiveDateTime": "2015-11-24T21:47:21-05:00",
        "issued": "2015-11-24T21:47:21-05:00",
        "valueQuantity": {
          "value": 139.13290947588317,
          "unit": "cm",
          "system": "http://unitsofmeasure.org/",
          "code": "cm"
        },
        "resourceType": "Observation"
      }
    },
    {
      "fullUrl": "urn:uuid:fa4f11ab-886a-467c-ae83-f46378274a13",
      "resource": {
        "id": "fa4f11ab-886a-467c-ae83-f46378274a13",
        "meta": {
          "profile": [
            "http://standardhealthrecord.org/fhir/StructureDefinition/shr-observation-Observation",
            "http://standardhealthrecord.org/fhir/StructureDefinition/shr-vital-VitalSign",
            "http://standardhealthrecord.org/fhir/StructureDefinition/shr-vital-BodyWeight"
          ]
        },
        "status": "final",
        "category": [
          {
            "coding": [
              {
                "system": "http://hl7.org/fhir/observation-category",
                "code": "vital-signs"
              }
            ]
          }
        ],
        "code": {
          "coding": [
            {
              "system": "http://loinc.org",
              "code": "29463-7",
              "display": "Body Weight"
            }
          ],
          "text": "Body Weight"
        },
        "subject": {
          "reference": "urn:uuid:71737db3-3121-48bd-81b9-5c55a5cdb55f"
        },
        "context": {
          "reference": "urn:uuid:840eacbe-a5b2-4715-a892-05d316320ceb"
        },
        "effectiveDateTime": "2015-11-24T21:47:21-05:00",
        "issued": "2015-11-24T21:47:21-05:00",
        "valueQuantity": {
          "value": 25.361976302406212,
          "unit": "kg",
          "system": "http://unitsofmeasure.org/",
          "code": "kg"
        },
        "resourceType": "Observation"
      }
    },
    {
      "fullUrl": "urn:uuid:cd9505bb-b87e-45d7-942b-99f6edf7424a",
      "resource": {
        "id": "cd9505bb-b87e-45d7-942b-99f6edf7424a",
        "meta": {
          "profile": [
            "http://standardhealthrecord.org/fhir/StructureDefinition/shr-observation-Observation",
            "http://standardhealthrecord.org/fhir/StructureDefinition/shr-vital-VitalSign",
            "http://standardhealthrecord.org/fhir/StructureDefinition/shr-vital-BodyMassIndex"
          ]
        },
        "status": "final",
        "category": [
          {
            "coding": [
              {
                "system": "http://hl7.org/fhir/observation-category",
                "code": "vital-signs"
              }
            ]
          }
        ],
        "code": {
          "coding": [
            {
              "system": "http://loinc.org",
              "code": "39156-5",
              "display": "Body Mass Index"
            }
          ],
          "text": "Body Mass Index"
        },
        "subject": {
          "reference": "urn:uuid:71737db3-3121-48bd-81b9-5c55a5cdb55f"
        },
        "context": {
          "reference": "urn:uuid:840eacbe-a5b2-4715-a892-05d316320ceb"
        },
        "effectiveDateTime": "2015-11-24T21:47:21-05:00",
        "issued": "2015-11-24T21:47:21-05:00",
        "valueQuantity": {
          "value": 13.101570510219913,
          "unit": "kg/m2",
          "system": "http://unitsofmeasure.org/",
          "code": "kg/m2"
        },
        "resourceType": "Observation"
      }
    },
    {
      "fullUrl": "urn:uuid:b31fbe5c-4424-480e-b717-7c9de4537b7c",
      "resource": {
        "id": "b31fbe5c-4424-480e-b717-7c9de4537b7c",
        "meta": {
          "profile": [
            "http://standardhealthrecord.org/fhir/StructureDefinition/shr-observation-Observation",
            "http://standardhealthrecord.org/fhir/StructureDefinition/shr-vital-BloodPressure"
          ]
        },
        "status": "final",
        "category": [
          {
            "coding": [
              {
                "system": "http://hl7.org/fhir/observation-category",
                "code": "vital-signs"
              }
            ]
          }
        ],
        "code": {
          "coding": [
            {
              "system": "http://loinc.org",
              "code": "55284-4",
              "display": "Blood Pressure"
            }
          ]
        },
        "subject": {
          "reference": "urn:uuid:71737db3-3121-48bd-81b9-5c55a5cdb55f"
        },
        "context": {
          "reference": "urn:uuid:840eacbe-a5b2-4715-a892-05d316320ceb"
        },
        "effectiveDateTime": "2015-11-24T21:47:21-05:00",
        "issued": "2015-11-24T21:47:21-05:00",
        "component": [
          {
            "code": {
              "coding": [
                {
                  "system": "http://loinc.org",
                  "code": "8480-6",
                  "display": "Systolic Blood Pressure"
                }
              ],
              "text": "Systolic Blood Pressure"
            },
            "valueQuantity": {
              "value": 111,
              "unit": "mmHg",
              "system": "http://unitsofmeasure.org/",
              "code": "mmHg"
            }
          },
          {
            "code": {
              "coding": [
                {
                  "system": "http://loinc.org",
                  "code": "8462-4",
                  "display": "Diastolic Blood Pressure"
                }
              ],
              "text": "Diastolic Blood Pressure"
            },
            "valueQuantity": {
              "value": 82,
              "unit": "mmHg",
              "system": "http://unitsofmeasure.org/",
              "code": "mmHg"
            }
          }
        ],
        "resourceType": "Observation"
      }
    },
    {
      "resource": {
        "meta": {
          "profile": [
            "http://standardhealthrecord.org/fhir/StructureDefinition/shr-procedure-Procedure"
          ]
        },
        "extension": [
          {
            "url": "http://standardhealthrecord.org/fhir/StructureDefinition/shr-core-CodeableConcept-extension",
            "valueCodeableConcept": {
              "coding": [
                {
                  "system": "http://snomed.info/sct",
                  "code": "428191000124101",
                  "display": "Documentation of current medications"
                }
              ],
              "text": "Documentation of current medications"
            }
          }
        ],
        "status": "completed",
        "code": {
          "coding": [
            {
              "system": "http://snomed.info/sct",
              "code": "428191000124101",
              "display": "Documentation of current medications"
            }
          ],
          "text": "Documentation of current medications"
        },
        "subject": {
          "reference": "urn:uuid:71737db3-3121-48bd-81b9-5c55a5cdb55f"
        },
        "context": {
          "reference": "urn:uuid:840eacbe-a5b2-4715-a892-05d316320ceb"
        },
        "performedDateTime": "2015-11-24T21:47:21-05:00",
        "resourceType": "Procedure"
      }
    },
    {
      "resource": {
        "meta": {
          "profile": [
            "http://standardhealthrecord.org/fhir/StructureDefinition/shr-immunization-Immunization"
          ]
        },
        "status": "completed",
        "notGiven": false,
        "vaccineCode": {
          "coding": [
            {
              "system": "http://hl7.org/fhir/sid/cvx",
              "code": "140",
              "display": "Influenza, seasonal, injectable, preservative free"
            }
          ],
          "text": "Influenza, seasonal, injectable, preservative free"
        },
        "patient": {
          "reference": "urn:uuid:71737db3-3121-48bd-81b9-5c55a5cdb55f"
        },
        "encounter": {
          "reference": "urn:uuid:840eacbe-a5b2-4715-a892-05d316320ceb"
        },
        "date": "2015-11-24T21:47:21-05:00",
        "primarySource": true,
        "resourceType": "Immunization"
      }
    },
    {
      "fullUrl": "urn:uuid:4a497fae-c31f-4953-9e75-ff58f8496ea6",
      "resource": {
        "id": "4a497fae-c31f-4953-9e75-ff58f8496ea6",
        "meta": {
          "profile": [
            "http://standardhealthrecord.org/fhir/StructureDefinition/shr-encounter-Encounter"
          ]
        },
        "status": "finished",
        "class": {
          "code": "outpatient"
        },
        "type": [
          {
            "coding": [
              {
                "system": "http://snomed.info/sct",
                "code": "170258001"
              }
            ],
            "text": "Outpatient Encounter"
          }
        ],
        "subject": {
          "reference": "urn:uuid:71737db3-3121-48bd-81b9-5c55a5cdb55f"
        },
        "period": {
          "start": "2016-12-04T01:29:16-05:00",
          "end": "2016-12-04T02:29:16-05:00"
        },
        "serviceProvider": {
          "reference": "urn:uuid:992d53d5-c926-4708-b1cf-48057195bf7b"
        },
        "resourceType": "Encounter"
      }
    },
    {
      "fullUrl": "urn:uuid:d48c0346-e99b-43fb-8e68-b18796882cb8",
      "resource": {
        "id": "d48c0346-e99b-43fb-8e68-b18796882cb8",
        "meta": {
          "profile": [
            "http://standardhealthrecord.org/fhir/StructureDefinition/shr-observation-Observation",
            "http://standardhealthrecord.org/fhir/StructureDefinition/shr-vital-VitalSign",
            "http://standardhealthrecord.org/fhir/StructureDefinition/shr-vital-BodyHeight"
          ]
        },
        "status": "final",
        "category": [
          {
            "coding": [
              {
                "system": "http://hl7.org/fhir/observation-category",
                "code": "vital-signs"
              }
            ]
          }
        ],
        "code": {
          "coding": [
            {
              "system": "http://loinc.org",
              "code": "8302-2",
              "display": "Body Height"
            }
          ],
          "text": "Body Height"
        },
        "subject": {
          "reference": "urn:uuid:71737db3-3121-48bd-81b9-5c55a5cdb55f"
        },
        "context": {
          "reference": "urn:uuid:4a497fae-c31f-4953-9e75-ff58f8496ea6"
        },
        "effectiveDateTime": "2016-12-04T01:29:16-05:00",
        "issued": "2016-12-04T01:29:16-05:00",
        "valueQuantity": {
          "value": 144.9452722161359,
          "unit": "cm",
          "system": "http://unitsofmeasure.org/",
          "code": "cm"
        },
        "resourceType": "Observation"
      }
    },
    {
      "fullUrl": "urn:uuid:ab101751-debb-44aa-a88d-c8222a622f99",
      "resource": {
        "id": "ab101751-debb-44aa-a88d-c8222a622f99",
        "meta": {
          "profile": [
            "http://standardhealthrecord.org/fhir/StructureDefinition/shr-observation-Observation",
            "http://standardhealthrecord.org/fhir/StructureDefinition/shr-vital-VitalSign",
            "http://standardhealthrecord.org/fhir/StructureDefinition/shr-vital-BodyWeight"
          ]
        },
        "status": "final",
        "category": [
          {
            "coding": [
              {
                "system": "http://hl7.org/fhir/observation-category",
                "code": "vital-signs"
              }
            ]
          }
        ],
        "code": {
          "coding": [
            {
              "system": "http://loinc.org",
              "code": "29463-7",
              "display": "Body Weight"
            }
          ],
          "text": "Body Weight"
        },
        "subject": {
          "reference": "urn:uuid:71737db3-3121-48bd-81b9-5c55a5cdb55f"
        },
        "context": {
          "reference": "urn:uuid:4a497fae-c31f-4953-9e75-ff58f8496ea6"
        },
        "effectiveDateTime": "2016-12-04T01:29:16-05:00",
        "issued": "2016-12-04T01:29:16-05:00",
        "valueQuantity": {
          "value": 28.442571679763095,
          "unit": "kg",
          "system": "http://unitsofmeasure.org/",
          "code": "kg"
        },
        "resourceType": "Observation"
      }
    },
    {
      "fullUrl": "urn:uuid:ff98d919-eb8b-4f84-8168-c51b8b8f180d",
      "resource": {
        "id": "ff98d919-eb8b-4f84-8168-c51b8b8f180d",
        "meta": {
          "profile": [
            "http://standardhealthrecord.org/fhir/StructureDefinition/shr-observation-Observation",
            "http://standardhealthrecord.org/fhir/StructureDefinition/shr-vital-VitalSign",
            "http://standardhealthrecord.org/fhir/StructureDefinition/shr-vital-BodyMassIndex"
          ]
        },
        "status": "final",
        "category": [
          {
            "coding": [
              {
                "system": "http://hl7.org/fhir/observation-category",
                "code": "vital-signs"
              }
            ]
          }
        ],
        "code": {
          "coding": [
            {
              "system": "http://loinc.org",
              "code": "39156-5",
              "display": "Body Mass Index"
            }
          ],
          "text": "Body Mass Index"
        },
        "subject": {
          "reference": "urn:uuid:71737db3-3121-48bd-81b9-5c55a5cdb55f"
        },
        "context": {
          "reference": "urn:uuid:4a497fae-c31f-4953-9e75-ff58f8496ea6"
        },
        "effectiveDateTime": "2016-12-04T01:29:16-05:00",
        "issued": "2016-12-04T01:29:16-05:00",
        "valueQuantity": {
          "value": 13.538194611732408,
          "unit": "kg/m2",
          "system": "http://unitsofmeasure.org/",
          "code": "kg/m2"
        },
        "resourceType": "Observation"
      }
    },
    {
      "fullUrl": "urn:uuid:50382822-3434-4e42-865f-7e69c5406d95",
      "resource": {
        "id": "50382822-3434-4e42-865f-7e69c5406d95",
        "meta": {
          "profile": [
            "http://standardhealthrecord.org/fhir/StructureDefinition/shr-observation-Observation",
            "http://standardhealthrecord.org/fhir/StructureDefinition/shr-vital-BloodPressure"
          ]
        },
        "status": "final",
        "category": [
          {
            "coding": [
              {
                "system": "http://hl7.org/fhir/observation-category",
                "code": "vital-signs"
              }
            ]
          }
        ],
        "code": {
          "coding": [
            {
              "system": "http://loinc.org",
              "code": "55284-4",
              "display": "Blood Pressure"
            }
          ]
        },
        "subject": {
          "reference": "urn:uuid:71737db3-3121-48bd-81b9-5c55a5cdb55f"
        },
        "context": {
          "reference": "urn:uuid:4a497fae-c31f-4953-9e75-ff58f8496ea6"
        },
        "effectiveDateTime": "2016-12-04T01:29:16-05:00",
        "issued": "2016-12-04T01:29:16-05:00",
        "component": [
          {
            "code": {
              "coding": [
                {
                  "system": "http://loinc.org",
                  "code": "8480-6",
                  "display": "Systolic Blood Pressure"
                }
              ],
              "text": "Systolic Blood Pressure"
            },
            "valueQuantity": {
              "value": 112,
              "unit": "mmHg",
              "system": "http://unitsofmeasure.org/",
              "code": "mmHg"
            }
          },
          {
            "code": {
              "coding": [
                {
                  "system": "http://loinc.org",
                  "code": "8462-4",
                  "display": "Diastolic Blood Pressure"
                }
              ],
              "text": "Diastolic Blood Pressure"
            },
            "valueQuantity": {
              "value": 86,
              "unit": "mmHg",
              "system": "http://unitsofmeasure.org/",
              "code": "mmHg"
            }
          }
        ],
        "resourceType": "Observation"
      }
    },
    {
      "resource": {
        "meta": {
          "profile": [
            "http://standardhealthrecord.org/fhir/StructureDefinition/shr-procedure-Procedure"
          ]
        },
        "extension": [
          {
            "url": "http://standardhealthrecord.org/fhir/StructureDefinition/shr-core-CodeableConcept-extension",
            "valueCodeableConcept": {
              "coding": [
                {
                  "system": "http://snomed.info/sct",
                  "code": "428191000124101",
                  "display": "Documentation of current medications"
                }
              ],
              "text": "Documentation of current medications"
            }
          }
        ],
        "status": "completed",
        "code": {
          "coding": [
            {
              "system": "http://snomed.info/sct",
              "code": "428191000124101",
              "display": "Documentation of current medications"
            }
          ],
          "text": "Documentation of current medications"
        },
        "subject": {
          "reference": "urn:uuid:71737db3-3121-48bd-81b9-5c55a5cdb55f"
        },
        "context": {
          "reference": "urn:uuid:4a497fae-c31f-4953-9e75-ff58f8496ea6"
        },
        "performedDateTime": "2016-12-04T01:29:16-05:00",
        "resourceType": "Procedure"
      }
    },
    {
      "resource": {
        "meta": {
          "profile": [
            "http://standardhealthrecord.org/fhir/StructureDefinition/shr-immunization-Immunization"
          ]
        },
        "status": "completed",
        "notGiven": false,
        "vaccineCode": {
          "coding": [
            {
              "system": "http://hl7.org/fhir/sid/cvx",
              "code": "140",
              "display": "Influenza, seasonal, injectable, preservative free"
            }
          ],
          "text": "Influenza, seasonal, injectable, preservative free"
        },
        "patient": {
          "reference": "urn:uuid:71737db3-3121-48bd-81b9-5c55a5cdb55f"
        },
        "encounter": {
          "reference": "urn:uuid:4a497fae-c31f-4953-9e75-ff58f8496ea6"
        },
        "date": "2016-12-04T01:29:16-05:00",
        "primarySource": true,
        "resourceType": "Immunization"
      }
    }
  ],
  "resourceType": "Bundle"
}