{
  "type": "collection",
  "entry": [
    {
      "fullUrl": "urn:uuid:8f03ec13-c4d6-443e-ace5-5686a5e74a1e",
      "resource": {
        "id": "8f03ec13-c4d6-443e-ace5-5686a5e74a1e",
        "meta": {
          "profile": [
            "http://standardhealthrecord.org/fhir/StructureDefinition/shr-demographics-PersonOfRecord"
          ]
        },
        "text": {
          "status": "generated",
          "div": "<div>Generated by <a href=\"https://github.com/synthetichealth/synthea\">Synthea</a>. Version identifier: 4d02400401b9fab839e47bf5b2f1f6a8c683ab55</div>"
        },
        "extension": [
          {
            "url": "http://hl7.org/fhir/us/core/StructureDefinition/us-core-race",
            "valueCodeableConcept": {
              "coding": [
                {
                  "system": "http://hl7.org/fhir/v3/Race",
                  "code": "2106-3",
                  "display": "White"
                }
              ],
              "text": "race"
            }
          },
          {
            "url": "http://hl7.org/fhir/us/core/StructureDefinition/us-core-ethnicity",
            "valueCodeableConcept": {
              "coding": [
                {
                  "system": "http://hl7.org/fhir/v3/Ethnicity",
                  "code": "2186-5",
                  "display": "Nonhispanic"
                }
              ],
              "text": "ethnicity"
            }
          },
          {
            "url": "http://hl7.org/fhir/StructureDefinition/birthPlace",
            "valueAddress": {
              "city": "Winchester",
              "state": "MA",
              "country": "US"
            }
          },
          {
            "url": "http://hl7.org/fhir/StructureDefinition/patient-mothersMaidenName",
            "valueString": "Timmy275 Russel998"
          },
          {
            "url": "http://hl7.org/fhir/us/core/StructureDefinition/us-core-birthsex",
            "valueCode": "F"
          },
          {
            "url": "http://hl7.org/fhir/StructureDefinition/patient-interpreterRequired",
            "valueBoolean": false
          },
          {
            "url": "http://standardhealthrecord.org/fhir/StructureDefinition/shr-actor-FictionalPerson-extension",
            "valueBoolean": true
          },
          {
            "url": "http://standardhealthrecord.org/fhir/StructureDefinition/shr-demographics-FathersName-extension",
            "valueHumanName": {
              "text": "Luisa920 Abbott992"
            }
          },
          {
            "url": "http://standardhealthrecord.org/fhir/StructureDefinition/shr-demographics-SocialSecurityNumber-extension",
            "valueString": "999-38-9462"
          }
        ],
        "identifier": [
          {
            "system": "https://github.com/synthetichealth/synthea",
            "value": "d0f66dea-42a3-47db-b058-f03bfc9324b7"
          },
          {
            "type": {
              "coding": [
                {
                  "system": "http://hl7.org/fhir/identifier-type",
                  "code": "SB"
                }
              ]
            },
            "system": "http://hl7.org/fhir/sid/us-ssn",
            "value": "999389462"
          },
          {
            "type": {
              "coding": [
                {
                  "system": "http://hl7.org/fhir/v2/0203",
                  "code": "DL"
                }
              ]
            },
            "system": "urn:oid:2.16.840.1.113883.4.3.25",
            "value": "S99987921"
          },
          {
            "type": {
              "coding": [
                {
                  "system": "http://hl7.org/fhir/v2/0203",
                  "code": "PPN"
                }
              ]
            },
            "system": "http://standardhealthrecord.org/fhir/StructureDefinition/passportNumber",
            "value": "X73811932X"
          }
        ],
        "name": [
          {
            "use": "official",
            "family": "Abbott992",
            "given": [
              "Forest641"
            ],
            "prefix": [
              "Ms."
            ]
          }
        ],
        "telecom": [
          {
            "system": "phone",
            "value": "315.601.6688 x7705",
            "use": "home"
          }
        ],
        "gender": "female",
        "birthDate": "1991-10-30",
        "address": [
          {
            "extension": [
              {
                "extension": [
                  {
                    "url": "latitude",
                    "valueDecimal": 42.6114854154205
                  },
                  {
                    "url": "longitude",
                    "valueDecimal": -71.19875351519254
                  }
                ],
                "url": "http://hl7.org/fhir/StructureDefinition/geolocation"
              }
            ],
            "line": [
              "56858 Farrell Fords"
            ],
            "city": "Tewksbury",
            "state": "MA",
            "postalCode": "01876",
            "country": "US"
          }
        ],
        "maritalStatus": {
          "coding": [
            {
              "system": "http://hl7.org/fhir/v3/MaritalStatus",
              "code": "S"
            }
          ],
          "text": "Never Married"
        },
        "multipleBirthBoolean": false,
        "communication": [
          {
            "language": {
              "coding": [
                {
                  "system": "http://hl7.org/fhir/ValueSet/languages",
                  "code": "en-US",
                  "display": "English (United States)"
                }
              ]
            }
          }
        ],
        "resourceType": "Patient"
      }
    },
    {
      "fullUrl": "urn:uuid:3da55eee-087c-43bc-bff4-9c6ce75bbb72",
      "resource": {
        "id": "3da55eee-087c-43bc-bff4-9c6ce75bbb72",
        "meta": {
          "profile": [
            "http://standardhealthrecord.org/fhir/StructureDefinition/shr-actor-Organization"
          ]
        },
        "type": [
          {
            "coding": [
              {
                "system": "http://hl7.org/fhir/ValueSet/organization-type",
                "code": "prov",
                "display": "Healthcare Provider"
              }
            ],
            "text": "Healthcare Provider"
          }
        ],
        "name": "Synthetic Provider",
        "resourceType": "Organization"
      }
    },
    {
      "fullUrl": "urn:uuid:bf922c0a-839e-4fc5-8e96-bcdaf068ff57",
      "resource": {
        "id": "bf922c0a-839e-4fc5-8e96-bcdaf068ff57",
        "meta": {
          "profile": [
            "http://standardhealthrecord.org/fhir/StructureDefinition/shr-encounter-Encounter"
          ]
        },
        "status": "finished",
        "class": {
          "code": "outpatient"
        },
        "type": [
          {
            "coding": [
              {
                "system": "http://snomed.info/sct",
                "code": "185349003"
              }
            ],
            "text": "Outpatient Encounter"
          }
        ],
        "subject": {
          "reference": "urn:uuid:8f03ec13-c4d6-443e-ace5-5686a5e74a1e"
        },
        "period": {
          "start": "2010-09-27T12:19:58-04:00",
          "end": "2010-09-27T13:19:58-04:00"
        },
        "serviceProvider": {
          "reference": "urn:uuid:3da55eee-087c-43bc-bff4-9c6ce75bbb72"
        },
        "resourceType": "Encounter"
      }
    },
    {
      "resource": {
        "meta": {
          "profile": [
            "http://standardhealthrecord.org/fhir/StructureDefinition/shr-allergy-AllergyIntolerance"
          ]
        },
        "modifierExtension": [
          {
            "extension": [
              {
                "url": "http://standardhealthrecord.org/fhir/StructureDefinition/primitive-boolean-extension",
                "valueBoolean": false
              }
            ],
            "url": "http://standardhealthrecord.org/fhir/StructureDefinition/shr-base-NonOccurrenceModifier-extension"
          }
        ],
        "clinicalStatus": "active",
        "verificationStatus": "confirmed",
        "type": "allergy",
        "category": [
          "food"
        ],
        "criticality": "high",
        "code": {
          "coding": [
            {
              "system": "http://snomed.info/sct",
              "code": "419474003",
              "display": "Allergy to mould"
            }
          ]
        },
        "patient": {
          "reference": "urn:uuid:8f03ec13-c4d6-443e-ace5-5686a5e74a1e"
        },
        "assertedDate": "1992-12-28T12:27:40-05:00",
        "resourceType": "AllergyIntolerance"
      }
    },
    {
      "resource": {
        "meta": {
          "profile": [
            "http://standardhealthrecord.org/fhir/StructureDefinition/shr-allergy-AllergyIntolerance"
          ]
        },
        "modifierExtension": [
          {
            "extension": [
              {
                "url": "http://standardhealthrecord.org/fhir/StructureDefinition/primitive-boolean-extension",
                "valueBoolean": false
              }
            ],
            "url": "http://standardhealthrecord.org/fhir/StructureDefinition/shr-base-NonOccurrenceModifier-extension"
          }
        ],
        "clinicalStatus": "active",
        "verificationStatus": "confirmed",
        "type": "allergy",
        "category": [
          "food"
        ],
        "criticality": "high",
        "code": {
          "coding": [
            {
              "system": "http://snomed.info/sct",
              "code": "424213003",
              "display": "Allergy to bee venom"
            }
          ]
        },
        "patient": {
          "reference": "urn:uuid:8f03ec13-c4d6-443e-ace5-5686a5e74a1e"
        },
        "assertedDate": "1992-12-28T12:27:40-05:00",
        "resourceType": "AllergyIntolerance"
      }
    },
    {
      "fullUrl": "urn:uuid:50b2b1fb-fd74-43ea-a9b5-23361f22eb0b",
      "resource": {
        "id": "50b2b1fb-fd74-43ea-a9b5-23361f22eb0b",
        "meta": {
          "profile": [
            "http://standardhealthrecord.org/fhir/StructureDefinition/shr-observation-Observation",
            "http://standardhealthrecord.org/fhir/StructureDefinition/shr-vital-VitalSign",
            "http://standardhealthrecord.org/fhir/StructureDefinition/shr-vital-BodyHeight"
          ]
        },
        "status": "final",
        "category": [
          {
            "coding": [
              {
                "system": "http://hl7.org/fhir/observation-category",
                "code": "vital-signs"
              }
            ]
          }
        ],
        "code": {
          "coding": [
            {
              "system": "http://loinc.org",
              "code": "8302-2",
              "display": "Body Height"
            }
          ],
          "text": "Body Height"
        },
        "subject": {
          "reference": "urn:uuid:8f03ec13-c4d6-443e-ace5-5686a5e74a1e"
        },
        "context": {
          "reference": "urn:uuid:bf922c0a-839e-4fc5-8e96-bcdaf068ff57"
        },
        "effectiveDateTime": "2010-09-27T12:19:58-04:00",
        "issued": "2010-09-27T12:19:58-04:00",
        "valueQuantity": {
          "value": 175.38403430218204,
          "unit": "cm",
          "system": "http://unitsofmeasure.org/",
          "code": "cm"
        },
        "resourceType": "Observation"
      }
    },
    {
      "fullUrl": "urn:uuid:5ad3d6c7-2014-4808-a42d-3a6ce1d879e5",
      "resource": {
        "id": "5ad3d6c7-2014-4808-a42d-3a6ce1d879e5",
        "meta": {
          "profile": [
            "http://standardhealthrecord.org/fhir/StructureDefinition/shr-observation-Observation",
            "http://standardhealthrecord.org/fhir/StructureDefinition/shr-vital-VitalSign",
            "http://standardhealthrecord.org/fhir/StructureDefinition/shr-vital-BodyWeight"
          ]
        },
        "status": "final",
        "category": [
          {
            "coding": [
              {
                "system": "http://hl7.org/fhir/observation-category",
                "code": "vital-signs"
              }
            ]
          }
        ],
        "code": {
          "coding": [
            {
              "system": "http://loinc.org",
              "code": "29463-7",
              "display": "Body Weight"
            }
          ],
          "text": "Body Weight"
        },
        "subject": {
          "reference": "urn:uuid:8f03ec13-c4d6-443e-ace5-5686a5e74a1e"
        },
        "context": {
          "reference": "urn:uuid:bf922c0a-839e-4fc5-8e96-bcdaf068ff57"
        },
        "effectiveDateTime": "2010-09-27T12:19:58-04:00",
        "issued": "2010-09-27T12:19:58-04:00",
        "valueQuantity": {
          "value": 44.72126017399803,
          "unit": "kg",
          "system": "http://unitsofmeasure.org/",
          "code": "kg"
        },
        "resourceType": "Observation"
      }
    },
    {
      "fullUrl": "urn:uuid:94ab38ff-cc27-4b53-8183-15b407e735d4",
      "resource": {
        "id": "94ab38ff-cc27-4b53-8183-15b407e735d4",
        "meta": {
          "profile": [
            "http://standardhealthrecord.org/fhir/StructureDefinition/shr-observation-Observation",
            "http://standardhealthrecord.org/fhir/StructureDefinition/shr-vital-VitalSign",
            "http://standardhealthrecord.org/fhir/StructureDefinition/shr-vital-BodyMassIndex"
          ]
        },
        "status": "final",
        "category": [
          {
            "coding": [
              {
                "system": "http://hl7.org/fhir/observation-category",
                "code": "vital-signs"
              }
            ]
          }
        ],
        "code": {
          "coding": [
            {
              "system": "http://loinc.org",
              "code": "39156-5",
              "display": "Body Mass Index"
            }
          ],
          "text": "Body Mass Index"
        },
        "subject": {
          "reference": "urn:uuid:8f03ec13-c4d6-443e-ace5-5686a5e74a1e"
        },
        "context": {
          "reference": "urn:uuid:bf922c0a-839e-4fc5-8e96-bcdaf068ff57"
        },
        "effectiveDateTime": "2010-09-27T12:19:58-04:00",
        "issued": "2010-09-27T12:19:58-04:00",
        "valueQuantity": {
          "value": 14.5389793996518,
          "unit": "kg/m2",
          "system": "http://unitsofmeasure.org/",
          "code": "kg/m2"
        },
        "resourceType": "Observation"
      }
    },
    {
      "fullUrl": "urn:uuid:33993794-a41a-414a-a9b5-a2f36a6d32bd",
      "resource": {
        "id": "33993794-a41a-414a-a9b5-a2f36a6d32bd",
        "meta": {
          "profile": [
            "http://standardhealthrecord.org/fhir/StructureDefinition/shr-observation-Observation",
            "http://standardhealthrecord.org/fhir/StructureDefinition/shr-vital-BloodPressure"
          ]
        },
        "status": "final",
        "category": [
          {
            "coding": [
              {
                "system": "http://hl7.org/fhir/observation-category",
                "code": "vital-signs"
              }
            ]
          }
        ],
        "code": {
          "coding": [
            {
              "system": "http://loinc.org",
              "code": "55284-4",
              "display": "Blood Pressure"
            }
          ]
        },
        "subject": {
          "reference": "urn:uuid:8f03ec13-c4d6-443e-ace5-5686a5e74a1e"
        },
        "context": {
          "reference": "urn:uuid:bf922c0a-839e-4fc5-8e96-bcdaf068ff57"
        },
        "effectiveDateTime": "2010-09-27T12:19:58-04:00",
        "issued": "2010-09-27T12:19:58-04:00",
        "component": [
          {
            "code": {
              "coding": [
                {
                  "system": "http://loinc.org",
                  "code": "8480-6",
                  "display": "Systolic Blood Pressure"
                }
              ],
              "text": "Systolic Blood Pressure"
            },
            "valueQuantity": {
              "value": 107,
              "unit": "mmHg",
              "system": "http://unitsofmeasure.org/",
              "code": "mmHg"
            }
          },
          {
            "code": {
              "coding": [
                {
                  "system": "http://loinc.org",
                  "code": "8462-4",
                  "display": "Diastolic Blood Pressure"
                }
              ],
              "text": "Diastolic Blood Pressure"
            },
            "valueQuantity": {
              "value": 79,
              "unit": "mmHg",
              "system": "http://unitsofmeasure.org/",
              "code": "mmHg"
            }
          }
        ],
        "resourceType": "Observation"
      }
    },
    {
      "resource": {
        "meta": {
          "profile": [
            "http://standardhealthrecord.org/fhir/StructureDefinition/shr-procedure-Procedure"
          ]
        },
        "extension": [
          {
            "url": "http://standardhealthrecord.org/fhir/StructureDefinition/shr-core-CodeableConcept-extension",
            "valueCodeableConcept": {
              "coding": [
                {
                  "system": "http://snomed.info/sct",
                  "code": "428191000124101",
                  "display": "Documentation of current medications"
                }
              ],
              "text": "Documentation of current medications"
            }
          }
        ],
        "status": "completed",
        "code": {
          "coding": [
            {
              "system": "http://snomed.info/sct",
              "code": "428191000124101",
              "display": "Documentation of current medications"
            }
          ],
          "text": "Documentation of current medications"
        },
        "subject": {
          "reference": "urn:uuid:8f03ec13-c4d6-443e-ace5-5686a5e74a1e"
        },
        "context": {
          "reference": "urn:uuid:bf922c0a-839e-4fc5-8e96-bcdaf068ff57"
        },
        "performedDateTime": "2010-09-27T12:19:58-04:00",
        "resourceType": "Procedure"
      }
    },
    {
      "resource": {
        "meta": {
          "profile": [
            "http://standardhealthrecord.org/fhir/StructureDefinition/shr-immunization-Immunization"
          ]
        },
        "status": "completed",
        "notGiven": false,
        "vaccineCode": {
          "coding": [
            {
              "system": "http://hl7.org/fhir/sid/cvx",
              "code": "140",
              "display": "Influenza, seasonal, injectable, preservative free"
            }
          ],
          "text": "Influenza, seasonal, injectable, preservative free"
        },
        "patient": {
          "reference": "urn:uuid:8f03ec13-c4d6-443e-ace5-5686a5e74a1e"
        },
        "encounter": {
          "reference": "urn:uuid:bf922c0a-839e-4fc5-8e96-bcdaf068ff57"
        },
        "date": "2010-09-27T12:19:58-04:00",
        "primarySource": true,
        "resourceType": "Immunization"
      }
    },
    {
      "resource": {
        "status": "active",
        "category": [
          {
            "coding": [
              {
                "system": "http://snomed.info/sct",
                "code": "326051000000105",
                "display": "Self care"
              }
            ]
          }
        ],
        "subject": {
          "reference": "urn:uuid:8f03ec13-c4d6-443e-ace5-5686a5e74a1e"
        },
        "context": {
          "reference": "urn:uuid:bf922c0a-839e-4fc5-8e96-bcdaf068ff57"
        },
        "period": {
          "start": "1992-12-10"
        },
        "activity": [
          {
            "detail": {
              "code": {
                "coding": [
                  {
                    "system": "http://snomed.info/sct",
                    "code": "409002",
                    "display": "Food allergy diet"
                  }
                ]
              },
              "status": "in-progress"
            }
          },
          {
            "detail": {
              "code": {
                "coding": [
                  {
                    "system": "http://snomed.info/sct",
                    "code": "58332002",
                    "display": "Allergy education"
                  }
                ]
              },
              "status": "in-progress"
            }
          }
        ],
        "resourceType": "CarePlan"
      }
    },
    {
      "resource": {
        "status": "active",
        "category": [
          {
            "coding": [
              {
                "system": "http://snomed.info/sct",
                "code": "326051000000105",
                "display": "Self care"
              }
            ]
          }
        ],
        "subject": {
          "reference": "urn:uuid:8f03ec13-c4d6-443e-ace5-5686a5e74a1e"
        },
        "context": {
          "reference": "urn:uuid:bf922c0a-839e-4fc5-8e96-bcdaf068ff57"
        },
        "period": {
          "start": "1992-12-28"
        },
        "activity": [
          {
            "detail": {
              "code": {
                "coding": [
                  {
                    "system": "http://snomed.info/sct",
                    "code": "58332002",
                    "display": "Allergy education"
                  }
                ]
              },
              "status": "in-progress"
            }
          }
        ],
        "resourceType": "CarePlan"
      }
    },
    {
      "resource": {
        "meta": {
          "profile": [
            "http://standardhealthrecord.org/fhir/StructureDefinition/shr-medication-Medication"
          ]
        },
        "code": {
          "coding": [
            {
              "system": "http://www.nlm.nih.gov/research/umls/rxnorm",
              "code": "1049630",
              "display": "diphenhydrAMINE Hydrochloride 25 MG Oral Tablet"
            }
          ],
          "text": "diphenhydrAMINE Hydrochloride 25 MG Oral Tablet"
        },
        "resourceType": "Medication"
      }
    },
    {
      "resource": {
        "meta": {
          "profile": [
            "http://standardhealthrecord.org/fhir/StructureDefinition/shr-medication-MedicationPrescription"
          ]
        },
        "extension": [
          {
            "url": "http://standardhealthrecord.org/fhir/StructureDefinition/shr-base-ActionCode-extension",
            "valueCodeableConcept": {
              "coding": [
                {
                  "system": "http://snomed.info/sct",
                  "code": "33633005",
                  "display": "Prescription of drug (procedure)"
                }
              ],
              "text": "Prescription of drug (procedure)"
            }
          }
        ],
        "status": "active",
        "medicationReference": {
          "reference": ""
        },
        "subject": {
          "reference": "urn:uuid:8f03ec13-c4d6-443e-ace5-5686a5e74a1e"
        },
        "context": {
          "reference": "urn:uuid:bf922c0a-839e-4fc5-8e96-bcdaf068ff57"
        },
        "authoredOn": "1992-12-28",
        "dosageInstruction": [
          {
            "sequence": 1,
            "asNeededBoolean": true
          }
        ],
        "resourceType": "MedicationRequest"
      }
    },
    {
      "resource": {
        "meta": {
          "profile": [
            "http://standardhealthrecord.org/fhir/StructureDefinition/shr-medication-Medication"
          ]
        },
        "code": {
          "coding": [
            {
              "system": "http://www.nlm.nih.gov/research/umls/rxnorm",
              "code": "727316",
              "display": "0.3 ML EPINEPHrine 0.5 MG/ML Auto-Injector"
            }
          ],
          "text": "0.3 ML EPINEPHrine 0.5 MG/ML Auto-Injector"
        },
        "resourceType": "Medication"
      }
    },
    {
      "resource": {
        "meta": {
          "profile": [
            "http://standardhealthrecord.org/fhir/StructureDefinition/shr-medication-MedicationPrescription"
          ]
        },
        "extension": [
          {
            "url": "http://standardhealthrecord.org/fhir/StructureDefinition/shr-base-ActionCode-extension",
            "valueCodeableConcept": {
              "coding": [
                {
                  "system": "http://snomed.info/sct",
                  "code": "33633005",
                  "display": "Prescription of drug (procedure)"
                }
              ],
              "text": "Prescription of drug (procedure)"
            }
          }
        ],
        "status": "active",
        "medicationReference": {
          "reference": ""
        },
        "subject": {
          "reference": "urn:uuid:8f03ec13-c4d6-443e-ace5-5686a5e74a1e"
        },
        "context": {
          "reference": "urn:uuid:bf922c0a-839e-4fc5-8e96-bcdaf068ff57"
        },
        "authoredOn": "1992-12-28",
        "dosageInstruction": [
          {
            "sequence": 1,
            "asNeededBoolean": true
          }
        ],
        "resourceType": "MedicationRequest"
      }
    },
    {
      "fullUrl": "urn:uuid:4992d0c4-d7fa-447a-8be7-af4d4b0428c7",
      "resource": {
        "id": "4992d0c4-d7fa-447a-8be7-af4d4b0428c7",
        "meta": {
          "profile": [
            "http://standardhealthrecord.org/fhir/StructureDefinition/shr-encounter-Encounter"
          ]
        },
        "status": "finished",
        "class": {
          "code": "ambulatory"
        },
        "type": [
          {
            "coding": [
              {
                "system": "http://snomed.info/sct",
                "code": "185345009"
              }
            ],
            "text": "Encounter for symptom"
          }
        ],
        "subject": {
          "reference": "urn:uuid:8f03ec13-c4d6-443e-ace5-5686a5e74a1e"
        },
        "period": {
          "start": "2011-05-22T13:03:10-04:00",
          "end": "2011-05-22T13:19:56-04:00"
        },
        "reason": {
          "coding": [
            {
              "system": "http://snomed.info/sct",
              "code": "10509002",
              "display": "Acute bronchitis (disorder)"
            }
          ]
        },
        "serviceProvider": {
          "reference": "urn:uuid:3da55eee-087c-43bc-bff4-9c6ce75bbb72"
        },
        "resourceType": "Encounter"
      }
    },
    {
      "fullUrl": "urn:uuid:1be87be0-92ad-4636-aea1-6ba2096eb664",
      "resource": {
        "id": "1be87be0-92ad-4636-aea1-6ba2096eb664",
        "meta": {
          "profile": [
            "http://standardhealthrecord.org/fhir/StructureDefinition/shr-problem-Problem"
          ]
        },
        "clinicalStatus": "active",
        "verificationStatus": "confirmed",
        "code": {
          "coding": [
            {
              "system": "http://snomed.info/sct",
              "code": "10509002",
              "display": "Acute bronchitis (disorder)"
            }
          ],
          "text": "Acute bronchitis (disorder)"
        },
        "subject": {
          "reference": "urn:uuid:8f03ec13-c4d6-443e-ace5-5686a5e74a1e"
        },
        "context": {
          "reference": "urn:uuid:4992d0c4-d7fa-447a-8be7-af4d4b0428c7"
        },
        "onsetDateTime": "2011-05-20T09:09:38-04:00",
        "abatementDateTime": "2011-06-07T21:49:33-04:00",
        "assertedDate": "2011-05-20",
        "resourceType": "Condition"
      }
    },
    {
      "resource": {
        "meta": {
          "profile": [
            "http://standardhealthrecord.org/fhir/StructureDefinition/shr-procedure-Procedure"
          ]
        },
        "extension": [
          {
            "url": "http://standardhealthrecord.org/fhir/StructureDefinition/shr-core-CodeableConcept-extension",
            "valueCodeableConcept": {
              "coding": [
                {
                  "system": "http://snomed.info/sct",
                  "code": "23426006",
                  "display": "Measurement of respiratory function (procedure)"
                }
              ],
              "text": "Measurement of respiratory function (procedure)"
            }
          }
        ],
        "status": "completed",
        "code": {
          "coding": [
            {
              "system": "http://snomed.info/sct",
              "code": "23426006",
              "display": "Measurement of respiratory function (procedure)"
            }
          ],
          "text": "Measurement of respiratory function (procedure)"
        },
        "subject": {
          "reference": "urn:uuid:8f03ec13-c4d6-443e-ace5-5686a5e74a1e"
        },
        "context": {
          "reference": "urn:uuid:4992d0c4-d7fa-447a-8be7-af4d4b0428c7"
        },
        "performedPeriod": {
          "start": "2011-05-22T13:03:10-04:00",
          "end": "2011-05-22T13:21:36-04:00"
        },
        "reasonReference": {
          "reference": "urn:uuid:1be87be0-92ad-4636-aea1-6ba2096eb664",
          "display": "Acute bronchitis (disorder)"
        },
        "resourceType": "Procedure"
      }
    },
    {
      "resource": {
        "status": "completed",
        "category": [
          {
            "coding": [
              {
                "system": "http://snomed.info/sct",
                "code": "53950000",
                "display": "Respiratory therapy"
              }
            ]
          }
        ],
        "subject": {
          "reference": "urn:uuid:8f03ec13-c4d6-443e-ace5-5686a5e74a1e"
        },
        "context": {
          "reference": "urn:uuid:4992d0c4-d7fa-447a-8be7-af4d4b0428c7"
        },
        "period": {
          "start": "2011-05-22",
          "end": "2011-09-09"
        },
        "addresses": [
          {
            "reference": "urn:uuid:1be87be0-92ad-4636-aea1-6ba2096eb664"
          }
        ],
        "activity": [
          {
            "detail": {
              "code": {
                "coding": [
                  {
                    "system": "http://snomed.info/sct",
                    "code": "304510005",
                    "display": "Recommendation to avoid exercise"
                  }
                ]
              },
              "status": "completed"
            }
          },
          {
            "detail": {
              "code": {
                "coding": [
                  {
                    "system": "http://snomed.info/sct",
                    "code": "371605008",
                    "display": "Deep breathing and coughing exercises"
                  }
                ]
              },
              "status": "completed"
            }
          }
        ],
        "resourceType": "CarePlan"
      }
    },
    {
      "resource": {
        "meta": {
          "profile": [
            "http://standardhealthrecord.org/fhir/StructureDefinition/shr-medication-Medication"
          ]
        },
        "code": {
          "coding": [
            {
              "system": "http://www.nlm.nih.gov/research/umls/rxnorm",
              "code": "608680",
              "display": "Acetaminophen 160 MG"
            }
          ],
          "text": "Acetaminophen 160 MG"
        },
        "resourceType": "Medication"
      }
    },
    {
      "resource": {
        "meta": {
          "profile": [
            "http://standardhealthrecord.org/fhir/StructureDefinition/shr-medication-MedicationPrescription"
          ]
        },
        "extension": [
          {
            "url": "http://standardhealthrecord.org/fhir/StructureDefinition/shr-base-ActionCode-extension",
            "valueCodeableConcept": {
              "coding": [
                {
                  "system": "http://snomed.info/sct",
                  "code": "33633005",
                  "display": "Prescription of drug (procedure)"
                }
              ],
              "text": "Prescription of drug (procedure)"
            }
          }
        ],
        "status": "stopped",
        "medicationReference": {
          "reference": ""
        },
        "subject": {
          "reference": "urn:uuid:8f03ec13-c4d6-443e-ace5-5686a5e74a1e"
        },
        "context": {
          "reference": "urn:uuid:4992d0c4-d7fa-447a-8be7-af4d4b0428c7"
        },
        "authoredOn": "2011-05-22",
        "reasonReference": [
          {
            "reference": "urn:uuid:1be87be0-92ad-4636-aea1-6ba2096eb664"
          }
        ],
        "dosageInstruction": [
          {

          }
        ],
        "resourceType": "MedicationRequest"
      }
    },
    {
      "fullUrl": "urn:uuid:7dcbfaf4-3415-4c97-892a-aec6d27c59e6",
      "resource": {
        "id": "7dcbfaf4-3415-4c97-892a-aec6d27c59e6",
        "meta": {
          "profile": [
            "http://standardhealthrecord.org/fhir/StructureDefinition/shr-encounter-Encounter"
          ]
        },
        "status": "finished",
        "class": {
          "code": "outpatient"
        },
        "type": [
          {
            "coding": [
              {
                "system": "http://snomed.info/sct",
                "code": "185349003"
              }
            ],
            "text": "Outpatient Encounter"
          }
        ],
        "subject": {
          "reference": "urn:uuid:8f03ec13-c4d6-443e-ace5-5686a5e74a1e"
        },
        "period": {
          "start": "2011-09-09T06:09:40-04:00",
          "end": "2011-09-09T07:09:40-04:00"
        },
        "serviceProvider": {
          "reference": "urn:uuid:3da55eee-087c-43bc-bff4-9c6ce75bbb72"
        },
        "resourceType": "Encounter"
      }
    },
    {
      "fullUrl": "urn:uuid:9935d82a-29da-485c-9160-d320ee3c6e38",
      "resource": {
        "id": "9935d82a-29da-485c-9160-d320ee3c6e38",
        "meta": {
          "profile": [
            "http://standardhealthrecord.org/fhir/StructureDefinition/shr-observation-Observation",
            "http://standardhealthrecord.org/fhir/StructureDefinition/shr-vital-VitalSign",
            "http://standardhealthrecord.org/fhir/StructureDefinition/shr-vital-BodyHeight"
          ]
        },
        "status": "final",
        "category": [
          {
            "coding": [
              {
                "system": "http://hl7.org/fhir/observation-category",
                "code": "vital-signs"
              }
            ]
          }
        ],
        "code": {
          "coding": [
            {
              "system": "http://loinc.org",
              "code": "8302-2",
              "display": "Body Height"
            }
          ],
          "text": "Body Height"
        },
        "subject": {
          "reference": "urn:uuid:8f03ec13-c4d6-443e-ace5-5686a5e74a1e"
        },
        "context": {
          "reference": "urn:uuid:7dcbfaf4-3415-4c97-892a-aec6d27c59e6"
        },
        "effectiveDateTime": "2011-09-09T06:09:40-04:00",
        "issued": "2011-09-09T06:09:40-04:00",
        "valueQuantity": {
          "value": 175.4598854318125,
          "unit": "cm",
          "system": "http://unitsofmeasure.org/",
          "code": "cm"
        },
        "resourceType": "Observation"
      }
    },
    {
      "fullUrl": "urn:uuid:ea41fd66-38d8-42a6-b480-403f05ff9a58",
      "resource": {
        "id": "ea41fd66-38d8-42a6-b480-403f05ff9a58",
        "meta": {
          "profile": [
            "http://standardhealthrecord.org/fhir/StructureDefinition/shr-observation-Observation",
            "http://standardhealthrecord.org/fhir/StructureDefinition/shr-vital-VitalSign",
            "http://standardhealthrecord.org/fhir/StructureDefinition/shr-vital-BodyWeight"
          ]
        },
        "status": "final",
        "category": [
          {
            "coding": [
              {
                "system": "http://hl7.org/fhir/observation-category",
                "code": "vital-signs"
              }
            ]
          }
        ],
        "code": {
          "coding": [
            {
              "system": "http://loinc.org",
              "code": "29463-7",
              "display": "Body Weight"
            }
          ],
          "text": "Body Weight"
        },
        "subject": {
          "reference": "urn:uuid:8f03ec13-c4d6-443e-ace5-5686a5e74a1e"
        },
        "context": {
          "reference": "urn:uuid:7dcbfaf4-3415-4c97-892a-aec6d27c59e6"
        },
        "effectiveDateTime": "2011-09-09T06:09:40-04:00",
        "issued": "2011-09-09T06:09:40-04:00",
        "valueQuantity": {
          "value": 45.03852094529263,
          "unit": "kg",
          "system": "http://unitsofmeasure.org/",
          "code": "kg"
        },
        "resourceType": "Observation"
      }
    },
    {
      "fullUrl": "urn:uuid:50f7e9e3-5005-403c-a7b3-a33095c1287e",
      "resource": {
        "id": "50f7e9e3-5005-403c-a7b3-a33095c1287e",
        "meta": {
          "profile": [
            "http://standardhealthrecord.org/fhir/StructureDefinition/shr-observation-Observation",
            "http://standardhealthrecord.org/fhir/StructureDefinition/shr-vital-VitalSign",
            "http://standardhealthrecord.org/fhir/StructureDefinition/shr-vital-BodyMassIndex"
          ]
        },
        "status": "final",
        "category": [
          {
            "coding": [
              {
                "system": "http://hl7.org/fhir/observation-category",
                "code": "vital-signs"
              }
            ]
          }
        ],
        "code": {
          "coding": [
            {
              "system": "http://loinc.org",
              "code": "39156-5",
              "display": "Body Mass Index"
            }
          ],
          "text": "Body Mass Index"
        },
        "subject": {
          "reference": "urn:uuid:8f03ec13-c4d6-443e-ace5-5686a5e74a1e"
        },
        "context": {
          "reference": "urn:uuid:7dcbfaf4-3415-4c97-892a-aec6d27c59e6"
        },
        "effectiveDateTime": "2011-09-09T06:09:40-04:00",
        "issued": "2011-09-09T06:09:40-04:00",
        "valueQuantity": {
          "value": 14.62946475751701,
          "unit": "kg/m2",
          "system": "http://unitsofmeasure.org/",
          "code": "kg/m2"
        },
        "resourceType": "Observation"
      }
    },
    {
      "fullUrl": "urn:uuid:e99d92b5-e5cd-4f32-b762-606c533196f5",
      "resource": {
        "id": "e99d92b5-e5cd-4f32-b762-606c533196f5",
        "meta": {
          "profile": [
            "http://standardhealthrecord.org/fhir/StructureDefinition/shr-observation-Observation",
            "http://standardhealthrecord.org/fhir/StructureDefinition/shr-vital-BloodPressure"
          ]
        },
        "status": "final",
        "category": [
          {
            "coding": [
              {
                "system": "http://hl7.org/fhir/observation-category",
                "code": "vital-signs"
              }
            ]
          }
        ],
        "code": {
          "coding": [
            {
              "system": "http://loinc.org",
              "code": "55284-4",
              "display": "Blood Pressure"
            }
          ]
        },
        "subject": {
          "reference": "urn:uuid:8f03ec13-c4d6-443e-ace5-5686a5e74a1e"
        },
        "context": {
          "reference": "urn:uuid:7dcbfaf4-3415-4c97-892a-aec6d27c59e6"
        },
        "effectiveDateTime": "2011-09-09T06:09:40-04:00",
        "issued": "2011-09-09T06:09:40-04:00",
        "component": [
          {
            "code": {
              "coding": [
                {
                  "system": "http://loinc.org",
                  "code": "8480-6",
                  "display": "Systolic Blood Pressure"
                }
              ],
              "text": "Systolic Blood Pressure"
            },
            "valueQuantity": {
              "value": 100,
              "unit": "mmHg",
              "system": "http://unitsofmeasure.org/",
              "code": "mmHg"
            }
          },
          {
            "code": {
              "coding": [
                {
                  "system": "http://loinc.org",
                  "code": "8462-4",
                  "display": "Diastolic Blood Pressure"
                }
              ],
              "text": "Diastolic Blood Pressure"
            },
            "valueQuantity": {
              "value": 80,
              "unit": "mmHg",
              "system": "http://unitsofmeasure.org/",
              "code": "mmHg"
            }
          }
        ],
        "resourceType": "Observation"
      }
    },
    {
      "resource": {
        "meta": {
          "profile": [
            "http://standardhealthrecord.org/fhir/StructureDefinition/shr-procedure-Procedure"
          ]
        },
        "extension": [
          {
            "url": "http://standardhealthrecord.org/fhir/StructureDefinition/shr-core-CodeableConcept-extension",
            "valueCodeableConcept": {
              "coding": [
                {
                  "system": "http://snomed.info/sct",
                  "code": "428191000124101",
                  "display": "Documentation of current medications"
                }
              ],
              "text": "Documentation of current medications"
            }
          }
        ],
        "status": "completed",
        "code": {
          "coding": [
            {
              "system": "http://snomed.info/sct",
              "code": "428191000124101",
              "display": "Documentation of current medications"
            }
          ],
          "text": "Documentation of current medications"
        },
        "subject": {
          "reference": "urn:uuid:8f03ec13-c4d6-443e-ace5-5686a5e74a1e"
        },
        "context": {
          "reference": "urn:uuid:7dcbfaf4-3415-4c97-892a-aec6d27c59e6"
        },
        "performedDateTime": "2011-09-09T06:09:40-04:00",
        "resourceType": "Procedure"
      }
    },
    {
      "resource": {
        "meta": {
          "profile": [
            "http://standardhealthrecord.org/fhir/StructureDefinition/shr-immunization-Immunization"
          ]
        },
        "status": "completed",
        "notGiven": false,
        "vaccineCode": {
          "coding": [
            {
              "system": "http://hl7.org/fhir/sid/cvx",
              "code": "140",
              "display": "Influenza, seasonal, injectable, preservative free"
            }
          ],
          "text": "Influenza, seasonal, injectable, preservative free"
        },
        "patient": {
          "reference": "urn:uuid:8f03ec13-c4d6-443e-ace5-5686a5e74a1e"
        },
        "encounter": {
          "reference": "urn:uuid:7dcbfaf4-3415-4c97-892a-aec6d27c59e6"
        },
        "date": "2011-09-09T06:09:40-04:00",
        "primarySource": true,
        "resourceType": "Immunization"
      }
    },
    {
      "fullUrl": "urn:uuid:e8a1d205-7f21-4ff3-a93b-daf05ca2751d",
      "resource": {
        "id": "e8a1d205-7f21-4ff3-a93b-daf05ca2751d",
        "meta": {
          "profile": [
            "http://standardhealthrecord.org/fhir/StructureDefinition/shr-encounter-Encounter"
          ]
        },
        "status": "finished",
        "class": {
          "code": "emergency"
        },
        "type": [
          {
            "coding": [
              {
                "system": "http://snomed.info/sct",
                "code": "50849002"
              }
            ],
            "text": "Emergency room admission"
          }
        ],
        "subject": {
          "reference": "urn:uuid:8f03ec13-c4d6-443e-ace5-5686a5e74a1e"
        },
        "period": {
          "start": "2012-01-23T00:21:40-05:00",
          "end": "2012-01-23T00:21:40-05:00"
        },
        "serviceProvider": {
          "reference": "urn:uuid:3da55eee-087c-43bc-bff4-9c6ce75bbb72"
        },
        "resourceType": "Encounter"
      }
    },
    {
      "fullUrl": "urn:uuid:2b7135a5-b28c-4652-98fa-fba20a5f86ad",
      "resource": {
        "id": "2b7135a5-b28c-4652-98fa-fba20a5f86ad",
        "meta": {
          "profile": [
            "http://standardhealthrecord.org/fhir/StructureDefinition/shr-problem-Problem"
          ]
        },
        "clinicalStatus": "active",
        "verificationStatus": "confirmed",
        "code": {
          "coding": [
            {
              "system": "http://snomed.info/sct",
              "code": "62106007",
              "display": "Concussion with no loss of consciousness"
            }
          ],
          "text": "Concussion with no loss of consciousness"
        },
        "subject": {
          "reference": "urn:uuid:8f03ec13-c4d6-443e-ace5-5686a5e74a1e"
        },
        "context": {
          "reference": "urn:uuid:e8a1d205-7f21-4ff3-a93b-daf05ca2751d"
        },
        "onsetDateTime": "2012-01-23T00:21:40-05:00",
        "abatementDateTime": "2012-02-24T15:16:10-05:00",
        "assertedDate": "2012-01-23",
        "resourceType": "Condition"
      }
    },
    {
      "resource": {
        "status": "completed",
        "category": [
          {
            "coding": [
              {
                "system": "http://snomed.info/sct",
                "code": "47387005",
                "display": "Head injury rehabilitation"
              }
            ]
          }
        ],
        "subject": {
          "reference": "urn:uuid:8f03ec13-c4d6-443e-ace5-5686a5e74a1e"
        },
        "context": {
          "reference": "urn:uuid:e8a1d205-7f21-4ff3-a93b-daf05ca2751d"
        },
        "period": {
          "start": "2012-01-23",
          "end": "2012-02-24"
        },
        "addresses": [
          {
            "reference": "urn:uuid:2b7135a5-b28c-4652-98fa-fba20a5f86ad"
          }
        ],
        "activity": [
          {
            "detail": {
              "code": {
                "coding": [
                  {
                    "system": "http://snomed.info/sct",
                    "code": "183051005",
                    "display": "Recommendation to rest"
                  }
                ]
              },
              "status": "completed"
            }
          },
          {
            "detail": {
              "code": {
                "coding": [
                  {
                    "system": "http://snomed.info/sct",
                    "code": "226138001",
                    "display": "Alcohol-free diet"
                  }
                ]
              },
              "status": "completed"
            }
          }
        ],
        "resourceType": "CarePlan"
      }
    },
    {
      "fullUrl": "urn:uuid:36943029-348f-43e5-b8de-b171dda9bc0e",
      "resource": {
        "id": "36943029-348f-43e5-b8de-b171dda9bc0e",
        "meta": {
          "profile": [
            "http://standardhealthrecord.org/fhir/StructureDefinition/shr-encounter-Encounter"
          ]
        },
        "status": "finished",
        "class": {
          "code": "ambulatory"
        },
        "type": [
          {
            "coding": [
              {
                "system": "http://snomed.info/sct",
                "code": "185349003"
              }
            ],
            "text": "Encounter for 'check-up'"
          }
        ],
        "subject": {
          "reference": "urn:uuid:8f03ec13-c4d6-443e-ace5-5686a5e74a1e"
        },
        "period": {
          "start": "2012-02-24T15:16:10-05:00",
          "end": "2012-02-24T15:16:10-05:00"
        },
        "reason": {
          "coding": [
            {
              "system": "http://snomed.info/sct",
              "code": "62106007",
              "display": "Concussion with no loss of consciousness"
            }
          ]
        },
        "serviceProvider": {
          "reference": "urn:uuid:3da55eee-087c-43bc-bff4-9c6ce75bbb72"
        },
        "resourceType": "Encounter"
      }
    },
    {
      "fullUrl": "urn:uuid:b9dd1917-a393-4b0d-b157-d8ad1adfa564",
      "resource": {
        "id": "b9dd1917-a393-4b0d-b157-d8ad1adfa564",
        "meta": {
          "profile": [
            "http://standardhealthrecord.org/fhir/StructureDefinition/shr-encounter-Encounter"
          ]
        },
        "status": "finished",
        "class": {
          "code": "outpatient"
        },
        "type": [
          {
            "coding": [
              {
                "system": "http://snomed.info/sct",
                "code": "185349003"
              }
            ],
            "text": "Outpatient Encounter"
          }
        ],
        "subject": {
          "reference": "urn:uuid:8f03ec13-c4d6-443e-ace5-5686a5e74a1e"
        },
        "period": {
          "start": "2012-08-21T00:50:35-04:00",
          "end": "2012-08-21T01:50:35-04:00"
        },
        "serviceProvider": {
          "reference": "urn:uuid:3da55eee-087c-43bc-bff4-9c6ce75bbb72"
        },
        "resourceType": "Encounter"
      }
    },
    {
      "fullUrl": "urn:uuid:21ed75f8-93a5-4f7b-be18-223ef2b84218",
      "resource": {
        "id": "21ed75f8-93a5-4f7b-be18-223ef2b84218",
        "meta": {
          "profile": [
            "http://standardhealthrecord.org/fhir/StructureDefinition/shr-observation-Observation",
            "http://standardhealthrecord.org/fhir/StructureDefinition/shr-vital-VitalSign",
            "http://standardhealthrecord.org/fhir/StructureDefinition/shr-vital-BodyHeight"
          ]
        },
        "status": "final",
        "category": [
          {
            "coding": [
              {
                "system": "http://hl7.org/fhir/observation-category",
                "code": "vital-signs"
              }
            ]
          }
        ],
        "code": {
          "coding": [
            {
              "system": "http://loinc.org",
              "code": "8302-2",
              "display": "Body Height"
            }
          ],
          "text": "Body Height"
        },
        "subject": {
          "reference": "urn:uuid:8f03ec13-c4d6-443e-ace5-5686a5e74a1e"
        },
        "context": {
          "reference": "urn:uuid:b9dd1917-a393-4b0d-b157-d8ad1adfa564"
        },
        "effectiveDateTime": "2012-08-21T00:50:35-04:00",
        "issued": "2012-08-21T00:50:35-04:00",
        "valueQuantity": {
          "value": 175.4647603839801,
          "unit": "cm",
          "system": "http://unitsofmeasure.org/",
          "code": "cm"
        },
        "resourceType": "Observation"
      }
    },
    {
      "fullUrl": "urn:uuid:9919962f-73f8-48a0-9352-e7acb7254d47",
      "resource": {
        "id": "9919962f-73f8-48a0-9352-e7acb7254d47",
        "meta": {
          "profile": [
            "http://standardhealthrecord.org/fhir/StructureDefinition/shr-observation-Observation",
            "http://standardhealthrecord.org/fhir/StructureDefinition/shr-vital-VitalSign",
            "http://standardhealthrecord.org/fhir/StructureDefinition/shr-vital-BodyWeight"
          ]
        },
        "status": "final",
        "category": [
          {
            "coding": [
              {
                "system": "http://hl7.org/fhir/observation-category",
                "code": "vital-signs"
              }
            ]
          }
        ],
        "code": {
          "coding": [
            {
              "system": "http://loinc.org",
              "code": "29463-7",
              "display": "Body Weight"
            }
          ],
          "text": "Body Weight"
        },
        "subject": {
          "reference": "urn:uuid:8f03ec13-c4d6-443e-ace5-5686a5e74a1e"
        },
        "context": {
          "reference": "urn:uuid:b9dd1917-a393-4b0d-b157-d8ad1adfa564"
        },
        "effectiveDateTime": "2012-08-21T00:50:35-04:00",
        "issued": "2012-08-21T00:50:35-04:00",
        "valueQuantity": {
          "value": 46.34193772129835,
          "unit": "kg",
          "system": "http://unitsofmeasure.org/",
          "code": "kg"
        },
        "resourceType": "Observation"
      }
    },
    {
      "fullUrl": "urn:uuid:5904b136-1a79-4b39-87a9-da7149fb10be",
      "resource": {
        "id": "5904b136-1a79-4b39-87a9-da7149fb10be",
        "meta": {
          "profile": [
            "http://standardhealthrecord.org/fhir/StructureDefinition/shr-observation-Observation",
            "http://standardhealthrecord.org/fhir/StructureDefinition/shr-vital-VitalSign",
            "http://standardhealthrecord.org/fhir/StructureDefinition/shr-vital-BodyMassIndex"
          ]
        },
        "status": "final",
        "category": [
          {
            "coding": [
              {
                "system": "http://hl7.org/fhir/observation-category",
                "code": "vital-signs"
              }
            ]
          }
        ],
        "code": {
          "coding": [
            {
              "system": "http://loinc.org",
              "code": "39156-5",
              "display": "Body Mass Index"
            }
          ],
          "text": "Body Mass Index"
        },
        "subject": {
          "reference": "urn:uuid:8f03ec13-c4d6-443e-ace5-5686a5e74a1e"
        },
        "context": {
          "reference": "urn:uuid:b9dd1917-a393-4b0d-b157-d8ad1adfa564"
        },
        "effectiveDateTime": "2012-08-21T00:50:35-04:00",
        "issued": "2012-08-21T00:50:35-04:00",
        "valueQuantity": {
          "value": 15.052005693563654,
          "unit": "kg/m2",
          "system": "http://unitsofmeasure.org/",
          "code": "kg/m2"
        },
        "resourceType": "Observation"
      }
    },
    {
      "fullUrl": "urn:uuid:cfbb980d-3da1-4963-ac7b-314b2b8d609c",
      "resource": {
        "id": "cfbb980d-3da1-4963-ac7b-314b2b8d609c",
        "meta": {
          "profile": [
            "http://standardhealthrecord.org/fhir/StructureDefinition/shr-observation-Observation",
            "http://standardhealthrecord.org/fhir/StructureDefinition/shr-vital-BloodPressure"
          ]
        },
        "status": "final",
        "category": [
          {
            "coding": [
              {
                "system": "http://hl7.org/fhir/observation-category",
                "code": "vital-signs"
              }
            ]
          }
        ],
        "code": {
          "coding": [
            {
              "system": "http://loinc.org",
              "code": "55284-4",
              "display": "Blood Pressure"
            }
          ]
        },
        "subject": {
          "reference": "urn:uuid:8f03ec13-c4d6-443e-ace5-5686a5e74a1e"
        },
        "context": {
          "reference": "urn:uuid:b9dd1917-a393-4b0d-b157-d8ad1adfa564"
        },
        "effectiveDateTime": "2012-08-21T00:50:35-04:00",
        "issued": "2012-08-21T00:50:35-04:00",
        "component": [
          {
            "code": {
              "coding": [
                {
                  "system": "http://loinc.org",
                  "code": "8480-6",
                  "display": "Systolic Blood Pressure"
                }
              ],
              "text": "Systolic Blood Pressure"
            },
            "valueQuantity": {
              "value": 110,
              "unit": "mmHg",
              "system": "http://unitsofmeasure.org/",
              "code": "mmHg"
            }
          },
          {
            "code": {
              "coding": [
                {
                  "system": "http://loinc.org",
                  "code": "8462-4",
                  "display": "Diastolic Blood Pressure"
                }
              ],
              "text": "Diastolic Blood Pressure"
            },
            "valueQuantity": {
              "value": 86,
              "unit": "mmHg",
              "system": "http://unitsofmeasure.org/",
              "code": "mmHg"
            }
          }
        ],
        "resourceType": "Observation"
      }
    },
    {
      "resource": {
        "meta": {
          "profile": [
            "http://standardhealthrecord.org/fhir/StructureDefinition/shr-immunization-Immunization"
          ]
        },
        "status": "completed",
        "notGiven": false,
        "vaccineCode": {
          "coding": [
            {
              "system": "http://hl7.org/fhir/sid/cvx",
              "code": "140",
              "display": "Influenza, seasonal, injectable, preservative free"
            }
          ],
          "text": "Influenza, seasonal, injectable, preservative free"
        },
        "patient": {
          "reference": "urn:uuid:8f03ec13-c4d6-443e-ace5-5686a5e74a1e"
        },
        "encounter": {
          "reference": "urn:uuid:b9dd1917-a393-4b0d-b157-d8ad1adfa564"
        },
        "date": "2012-08-21T00:50:35-04:00",
        "primarySource": true,
        "resourceType": "Immunization"
      }
    },
    {
      "fullUrl": "urn:uuid:8509de56-bd94-459d-862c-1b8bb82b59df",
      "resource": {
        "id": "8509de56-bd94-459d-862c-1b8bb82b59df",
        "meta": {
          "profile": [
            "http://standardhealthrecord.org/fhir/StructureDefinition/shr-encounter-Encounter"
          ]
        },
        "status": "finished",
        "class": {
          "code": "ambulatory"
        },
        "type": [
          {
            "coding": [
              {
                "system": "http://snomed.info/sct",
                "code": "185345009"
              }
            ],
            "text": "Encounter for symptom"
          }
        ],
        "subject": {
          "reference": "urn:uuid:8f03ec13-c4d6-443e-ace5-5686a5e74a1e"
        },
        "period": {
          "start": "2014-07-03T09:12:51-04:00",
          "end": "2014-07-03T09:12:51-04:00"
        },
        "reason": {
          "coding": [
            {
              "system": "http://snomed.info/sct",
              "code": "38822007",
              "display": "Cystitis"
            }
          ]
        },
        "serviceProvider": {
          "reference": "urn:uuid:3da55eee-087c-43bc-bff4-9c6ce75bbb72"
        },
        "resourceType": "Encounter"
      }
    },
    {
      "fullUrl": "urn:uuid:211acc80-5102-40e1-86ee-aa8bfc79df25",
      "resource": {
        "id": "211acc80-5102-40e1-86ee-aa8bfc79df25",
        "meta": {
          "profile": [
            "http://standardhealthrecord.org/fhir/StructureDefinition/shr-problem-Problem"
          ]
        },
        "clinicalStatus": "active",
        "verificationStatus": "confirmed",
        "code": {
          "coding": [
            {
              "system": "http://snomed.info/sct",
              "code": "38822007",
              "display": "Cystitis"
            }
          ],
          "text": "Cystitis"
        },
        "subject": {
          "reference": "urn:uuid:8f03ec13-c4d6-443e-ace5-5686a5e74a1e"
        },
        "context": {
          "reference": "urn:uuid:8509de56-bd94-459d-862c-1b8bb82b59df"
        },
        "onsetDateTime": "2014-07-03T09:12:51-04:00",
        "abatementDateTime": "2014-07-17T09:12:51-04:00",
        "assertedDate": "2014-07-03",
        "resourceType": "Condition"
      }
    },
    {
      "resource": {
        "status": "completed",
        "category": [
          {
            "coding": [
              {
                "system": "http://snomed.info/sct",
                "code": "869761000000107",
                "display": "Urinary tract infection care"
              }
            ]
          }
        ],
        "subject": {
          "reference": "urn:uuid:8f03ec13-c4d6-443e-ace5-5686a5e74a1e"
        },
        "context": {
          "reference": "urn:uuid:8509de56-bd94-459d-862c-1b8bb82b59df"
        },
        "period": {
          "start": "2014-07-03",
          "end": "2014-07-17"
        },
        "addresses": [
          {
            "reference": "urn:uuid:211acc80-5102-40e1-86ee-aa8bfc79df25"
          }
        ],
        "activity": [
          {
            "detail": {
              "code": {
                "coding": [
                  {
                    "system": "http://snomed.info/sct",
                    "code": "223472008",
                    "display": "Discussion about hygiene"
                  }
                ]
              },
              "status": "completed"
            }
          },
          {
            "detail": {
              "code": {
                "coding": [
                  {
                    "system": "http://snomed.info/sct",
                    "code": "171245007",
                    "display": "Urine screening"
                  }
                ]
              },
              "status": "completed"
            }
          }
        ],
        "resourceType": "CarePlan"
      }
    },
    {
      "resource": {
        "meta": {
          "profile": [
            "http://standardhealthrecord.org/fhir/StructureDefinition/shr-medication-Medication"
          ]
        },
        "code": {
          "coding": [
            {
              "system": "http://www.nlm.nih.gov/research/umls/rxnorm",
              "code": "568530",
              "display": "Nitrofurantoin 5 MG/ML [Furadantin]"
            }
          ],
          "text": "Nitrofurantoin 5 MG/ML [Furadantin]"
        },
        "resourceType": "Medication"
      }
    },
    {
      "resource": {
        "meta": {
          "profile": [
            "http://standardhealthrecord.org/fhir/StructureDefinition/shr-medication-MedicationPrescription"
          ]
        },
        "extension": [
          {
            "url": "http://standardhealthrecord.org/fhir/StructureDefinition/shr-base-ActionCode-extension",
            "valueCodeableConcept": {
              "coding": [
                {
                  "system": "http://snomed.info/sct",
                  "code": "33633005",
                  "display": "Prescription of drug (procedure)"
                }
              ],
              "text": "Prescription of drug (procedure)"
            }
          }
        ],
        "status": "stopped",
        "medicationReference": {
          "reference": ""
        },
        "subject": {
          "reference": "urn:uuid:8f03ec13-c4d6-443e-ace5-5686a5e74a1e"
        },
        "context": {
          "reference": "urn:uuid:8509de56-bd94-459d-862c-1b8bb82b59df"
        },
        "authoredOn": "2014-07-03",
        "reasonReference": [
          {
            "reference": "urn:uuid:211acc80-5102-40e1-86ee-aa8bfc79df25"
          }
        ],
        "dosageInstruction": [
          {

          }
        ],
        "resourceType": "MedicationRequest"
      }
    },
    {
      "resource": {
        "meta": {
          "profile": [
            "http://standardhealthrecord.org/fhir/StructureDefinition/shr-medication-Medication"
          ]
        },
        "code": {
          "coding": [
            {
              "system": "http://www.nlm.nih.gov/research/umls/rxnorm",
              "code": "1094108",
              "display": "Phenazopyridine hydrochloride 100 MG [Pyridium]"
            }
          ],
          "text": "Phenazopyridine hydrochloride 100 MG [Pyridium]"
        },
        "resourceType": "Medication"
      }
    },
    {
      "resource": {
        "meta": {
          "profile": [
            "http://standardhealthrecord.org/fhir/StructureDefinition/shr-medication-MedicationPrescription"
          ]
        },
        "extension": [
          {
            "url": "http://standardhealthrecord.org/fhir/StructureDefinition/shr-base-ActionCode-extension",
            "valueCodeableConcept": {
              "coding": [
                {
                  "system": "http://snomed.info/sct",
                  "code": "33633005",
                  "display": "Prescription of drug (procedure)"
                }
              ],
              "text": "Prescription of drug (procedure)"
            }
          }
        ],
        "status": "stopped",
        "medicationReference": {
          "reference": ""
        },
        "subject": {
          "reference": "urn:uuid:8f03ec13-c4d6-443e-ace5-5686a5e74a1e"
        },
        "context": {
          "reference": "urn:uuid:8509de56-bd94-459d-862c-1b8bb82b59df"
        },
        "authoredOn": "2014-07-03",
        "reasonReference": [
          {
            "reference": "urn:uuid:211acc80-5102-40e1-86ee-aa8bfc79df25"
          }
        ],
        "dosageInstruction": [
          {

          }
        ],
        "resourceType": "MedicationRequest"
      }
    },
    {
      "fullUrl": "urn:uuid:740a8a55-1c8b-4763-a73f-a9d3f0f9f625",
      "resource": {
        "id": "740a8a55-1c8b-4763-a73f-a9d3f0f9f625",
        "meta": {
          "profile": [
            "http://standardhealthrecord.org/fhir/StructureDefinition/shr-encounter-Encounter"
          ]
        },
        "status": "finished",
        "class": {
          "code": "ambulatory"
        },
        "type": [
          {
            "coding": [
              {
                "system": "http://snomed.info/sct",
                "code": "185345009"
              }
            ],
            "text": "Encounter for symptom"
          }
        ],
        "subject": {
          "reference": "urn:uuid:8f03ec13-c4d6-443e-ace5-5686a5e74a1e"
        },
        "period": {
          "start": "2014-07-10T09:12:51-04:00",
          "end": "2014-07-10T09:12:51-04:00"
        },
        "reason": {
          "coding": [
            {
              "system": "http://snomed.info/sct",
              "code": "38822007",
              "display": "Cystitis"
            }
          ]
        },
        "serviceProvider": {
          "reference": "urn:uuid:3da55eee-087c-43bc-bff4-9c6ce75bbb72"
        },
        "resourceType": "Encounter"
      }
    },
    {
      "resource": {
        "meta": {
          "profile": [
            "http://standardhealthrecord.org/fhir/StructureDefinition/shr-medication-Medication"
          ]
        },
        "code": {
          "coding": [
            {
              "system": "http://www.nlm.nih.gov/research/umls/rxnorm",
              "code": "1648767",
              "display": "NITROFURANTOIN, MACROCRYSTALS 50 MG [Macrodantin]"
            }
          ],
          "text": "NITROFURANTOIN, MACROCRYSTALS 50 MG [Macrodantin]"
        },
        "resourceType": "Medication"
      }
    },
    {
      "resource": {
        "meta": {
          "profile": [
            "http://standardhealthrecord.org/fhir/StructureDefinition/shr-medication-MedicationPrescription"
          ]
        },
        "extension": [
          {
            "url": "http://standardhealthrecord.org/fhir/StructureDefinition/shr-base-ActionCode-extension",
            "valueCodeableConcept": {
              "coding": [
                {
                  "system": "http://snomed.info/sct",
                  "code": "33633005",
                  "display": "Prescription of drug (procedure)"
                }
              ],
              "text": "Prescription of drug (procedure)"
            }
          }
        ],
        "status": "stopped",
        "medicationReference": {
          "reference": ""
        },
        "subject": {
          "reference": "urn:uuid:8f03ec13-c4d6-443e-ace5-5686a5e74a1e"
        },
        "context": {
          "reference": "urn:uuid:740a8a55-1c8b-4763-a73f-a9d3f0f9f625"
        },
        "authoredOn": "2014-07-10",
        "reasonReference": [
          {
            "reference": "urn:uuid:211acc80-5102-40e1-86ee-aa8bfc79df25"
          }
        ],
        "dosageInstruction": [
          {

          }
        ],
        "resourceType": "MedicationRequest"
      }
    },
    {
      "fullUrl": "urn:uuid:551218f4-6159-4a74-96ad-6c474950c703",
      "resource": {
        "id": "551218f4-6159-4a74-96ad-6c474950c703",
        "meta": {
          "profile": [
            "http://standardhealthrecord.org/fhir/StructureDefinition/shr-encounter-Encounter"
          ]
        },
        "status": "finished",
        "class": {
          "code": "outpatient"
        },
        "type": [
          {
            "coding": [
              {
                "system": "http://snomed.info/sct",
                "code": "185349003"
              }
            ],
            "text": "Outpatient Encounter"
          }
        ],
        "subject": {
          "reference": "urn:uuid:8f03ec13-c4d6-443e-ace5-5686a5e74a1e"
        },
        "period": {
          "start": "2015-04-15T13:29:24-04:00",
          "end": "2015-04-15T14:29:24-04:00"
        },
        "serviceProvider": {
          "reference": "urn:uuid:3da55eee-087c-43bc-bff4-9c6ce75bbb72"
        },
        "resourceType": "Encounter"
      }
    },
    {
      "fullUrl": "urn:uuid:97df953f-fd8f-4af4-9d3d-9dd2e3b50d00",
      "resource": {
        "id": "97df953f-fd8f-4af4-9d3d-9dd2e3b50d00",
        "meta": {
          "profile": [
            "http://standardhealthrecord.org/fhir/StructureDefinition/shr-observation-Observation",
            "http://standardhealthrecord.org/fhir/StructureDefinition/shr-vital-VitalSign",
            "http://standardhealthrecord.org/fhir/StructureDefinition/shr-vital-BodyHeight"
          ]
        },
        "status": "final",
        "category": [
          {
            "coding": [
              {
                "system": "http://hl7.org/fhir/observation-category",
                "code": "vital-signs"
              }
            ]
          }
        ],
        "code": {
          "coding": [
            {
              "system": "http://loinc.org",
              "code": "8302-2",
              "display": "Body Height"
            }
          ],
          "text": "Body Height"
        },
        "subject": {
          "reference": "urn:uuid:8f03ec13-c4d6-443e-ace5-5686a5e74a1e"
        },
        "context": {
          "reference": "urn:uuid:551218f4-6159-4a74-96ad-6c474950c703"
        },
        "effectiveDateTime": "2015-04-15T13:29:24-04:00",
        "issued": "2015-04-15T13:29:24-04:00",
        "valueQuantity": {
          "value": 175.4647603839801,
          "unit": "cm",
          "system": "http://unitsofmeasure.org/",
          "code": "cm"
        },
        "resourceType": "Observation"
      }
    },
    {
      "fullUrl": "urn:uuid:b462cc39-ec0e-40e9-8561-e6b18027c5aa",
      "resource": {
        "id": "b462cc39-ec0e-40e9-8561-e6b18027c5aa",
        "meta": {
          "profile": [
            "http://standardhealthrecord.org/fhir/StructureDefinition/shr-observation-Observation",
            "http://standardhealthrecord.org/fhir/StructureDefinition/shr-vital-VitalSign",
            "http://standardhealthrecord.org/fhir/StructureDefinition/shr-vital-BodyWeight"
          ]
        },
        "status": "final",
        "category": [
          {
            "coding": [
              {
                "system": "http://hl7.org/fhir/observation-category",
                "code": "vital-signs"
              }
            ]
          }
        ],
        "code": {
          "coding": [
            {
              "system": "http://loinc.org",
              "code": "29463-7",
              "display": "Body Weight"
            }
          ],
          "text": "Body Weight"
        },
        "subject": {
          "reference": "urn:uuid:8f03ec13-c4d6-443e-ace5-5686a5e74a1e"
        },
        "context": {
          "reference": "urn:uuid:551218f4-6159-4a74-96ad-6c474950c703"
        },
        "effectiveDateTime": "2015-04-15T13:29:24-04:00",
        "issued": "2015-04-15T13:29:24-04:00",
        "valueQuantity": {
          "value": 51.12782037097506,
          "unit": "kg",
          "system": "http://unitsofmeasure.org/",
          "code": "kg"
        },
        "resourceType": "Observation"
      }
    },
    {
      "fullUrl": "urn:uuid:a30919da-de70-47b1-8b61-2edb981d609e",
      "resource": {
        "id": "a30919da-de70-47b1-8b61-2edb981d609e",
        "meta": {
          "profile": [
            "http://standardhealthrecord.org/fhir/StructureDefinition/shr-observation-Observation",
            "http://standardhealthrecord.org/fhir/StructureDefinition/shr-vital-VitalSign",
            "http://standardhealthrecord.org/fhir/StructureDefinition/shr-vital-BodyMassIndex"
          ]
        },
        "status": "final",
        "category": [
          {
            "coding": [
              {
                "system": "http://hl7.org/fhir/observation-category",
                "code": "vital-signs"
              }
            ]
          }
        ],
        "code": {
          "coding": [
            {
              "system": "http://loinc.org",
              "code": "39156-5",
              "display": "Body Mass Index"
            }
          ],
          "text": "Body Mass Index"
        },
        "subject": {
          "reference": "urn:uuid:8f03ec13-c4d6-443e-ace5-5686a5e74a1e"
        },
        "context": {
          "reference": "urn:uuid:551218f4-6159-4a74-96ad-6c474950c703"
        },
        "effectiveDateTime": "2015-04-15T13:29:24-04:00",
        "issued": "2015-04-15T13:29:24-04:00",
        "valueQuantity": {
          "value": 16.606475282748605,
          "unit": "kg/m2",
          "system": "http://unitsofmeasure.org/",
          "code": "kg/m2"
        },
        "resourceType": "Observation"
      }
    },
    {
      "fullUrl": "urn:uuid:ddfc80e4-8c12-4e58-ace1-d264757c006b",
      "resource": {
        "id": "ddfc80e4-8c12-4e58-ace1-d264757c006b",
        "meta": {
          "profile": [
            "http://standardhealthrecord.org/fhir/StructureDefinition/shr-observation-Observation",
            "http://standardhealthrecord.org/fhir/StructureDefinition/shr-vital-BloodPressure"
          ]
        },
        "status": "final",
        "category": [
          {
            "coding": [
              {
                "system": "http://hl7.org/fhir/observation-category",
                "code": "vital-signs"
              }
            ]
          }
        ],
        "code": {
          "coding": [
            {
              "system": "http://loinc.org",
              "code": "55284-4",
              "display": "Blood Pressure"
            }
          ]
        },
        "subject": {
          "reference": "urn:uuid:8f03ec13-c4d6-443e-ace5-5686a5e74a1e"
        },
        "context": {
          "reference": "urn:uuid:551218f4-6159-4a74-96ad-6c474950c703"
        },
        "effectiveDateTime": "2015-04-15T13:29:24-04:00",
        "issued": "2015-04-15T13:29:24-04:00",
        "component": [
          {
            "code": {
              "coding": [
                {
                  "system": "http://loinc.org",
                  "code": "8480-6",
                  "display": "Systolic Blood Pressure"
                }
              ],
              "text": "Systolic Blood Pressure"
            },
            "valueQuantity": {
              "value": 112,
              "unit": "mmHg",
              "system": "http://unitsofmeasure.org/",
              "code": "mmHg"
            }
          },
          {
            "code": {
              "coding": [
                {
                  "system": "http://loinc.org",
                  "code": "8462-4",
                  "display": "Diastolic Blood Pressure"
                }
              ],
              "text": "Diastolic Blood Pressure"
            },
            "valueQuantity": {
              "value": 80,
              "unit": "mmHg",
              "system": "http://unitsofmeasure.org/",
              "code": "mmHg"
            }
          }
        ],
        "resourceType": "Observation"
      }
    },
    {
      "resource": {
        "meta": {
          "profile": [
            "http://standardhealthrecord.org/fhir/StructureDefinition/shr-procedure-Procedure"
          ]
        },
        "extension": [
          {
            "url": "http://standardhealthrecord.org/fhir/StructureDefinition/shr-core-CodeableConcept-extension",
            "valueCodeableConcept": {
              "coding": [
                {
                  "system": "http://snomed.info/sct",
                  "code": "428191000124101",
                  "display": "Documentation of current medications"
                }
              ],
              "text": "Documentation of current medications"
            }
          }
        ],
        "status": "completed",
        "code": {
          "coding": [
            {
              "system": "http://snomed.info/sct",
              "code": "428191000124101",
              "display": "Documentation of current medications"
            }
          ],
          "text": "Documentation of current medications"
        },
        "subject": {
          "reference": "urn:uuid:8f03ec13-c4d6-443e-ace5-5686a5e74a1e"
        },
        "context": {
          "reference": "urn:uuid:551218f4-6159-4a74-96ad-6c474950c703"
        },
        "performedDateTime": "2015-04-15T13:29:24-04:00",
        "resourceType": "Procedure"
      }
    },
    {
      "resource": {
        "meta": {
          "profile": [
            "http://standardhealthrecord.org/fhir/StructureDefinition/shr-immunization-Immunization"
          ]
        },
        "status": "completed",
        "notGiven": false,
        "vaccineCode": {
          "coding": [
            {
              "system": "http://hl7.org/fhir/sid/cvx",
              "code": "140",
              "display": "Influenza, seasonal, injectable, preservative free"
            }
          ],
          "text": "Influenza, seasonal, injectable, preservative free"
        },
        "patient": {
          "reference": "urn:uuid:8f03ec13-c4d6-443e-ace5-5686a5e74a1e"
        },
        "encounter": {
          "reference": "urn:uuid:551218f4-6159-4a74-96ad-6c474950c703"
        },
        "date": "2015-04-15T13:29:24-04:00",
        "primarySource": true,
        "resourceType": "Immunization"
      }
    },
    {
      "resource": {
        "meta": {
          "profile": [
            "http://standardhealthrecord.org/fhir/StructureDefinition/shr-immunization-Immunization"
          ]
        },
        "status": "completed",
        "notGiven": false,
        "vaccineCode": {
          "coding": [
            {
              "system": "http://hl7.org/fhir/sid/cvx",
              "code": "113",
              "display": "Td (adult) preservative free"
            }
          ],
          "text": "Td (adult) preservative free"
        },
        "patient": {
          "reference": "urn:uuid:8f03ec13-c4d6-443e-ace5-5686a5e74a1e"
        },
        "encounter": {
          "reference": "urn:uuid:551218f4-6159-4a74-96ad-6c474950c703"
        },
        "date": "2015-04-15T13:29:24-04:00",
        "primarySource": true,
        "resourceType": "Immunization"
      }
    },
    {
      "fullUrl": "urn:uuid:281ad4d2-31b5-426d-a863-9797d0d382f9",
      "resource": {
        "id": "281ad4d2-31b5-426d-a863-9797d0d382f9",
        "meta": {
          "profile": [
            "http://standardhealthrecord.org/fhir/StructureDefinition/shr-encounter-Encounter"
          ]
        },
        "status": "finished",
        "class": {
          "code": "ambulatory"
        },
        "type": [
          {
            "coding": [
              {
                "system": "http://snomed.info/sct",
                "code": "424441002"
              }
            ],
            "text": "Prenatal initial visit"
          }
        ],
        "subject": {
          "reference": "urn:uuid:8f03ec13-c4d6-443e-ace5-5686a5e74a1e"
        },
        "period": {
          "start": "2015-04-29T01:01:35-04:00",
          "end": "2015-04-29T01:01:35-04:00"
        },
        "reason": {
          "coding": [
            {
              "system": "http://snomed.info/sct",
              "code": "72892002",
              "display": "Normal pregnancy"
            }
          ]
        },
        "serviceProvider": {
          "reference": "urn:uuid:3da55eee-087c-43bc-bff4-9c6ce75bbb72"
        },
        "resourceType": "Encounter"
      }
    },
    {
      "fullUrl": "urn:uuid:47b445fe-ce39-43fc-9370-b4fe005f05fe",
      "resource": {
        "id": "47b445fe-ce39-43fc-9370-b4fe005f05fe",
        "meta": {
          "profile": [
            "http://standardhealthrecord.org/fhir/StructureDefinition/shr-problem-Problem"
          ]
        },
        "clinicalStatus": "active",
        "verificationStatus": "confirmed",
        "code": {
          "coding": [
            {
              "system": "http://snomed.info/sct",
              "code": "72892002",
              "display": "Normal pregnancy"
            }
          ],
          "text": "Normal pregnancy"
        },
        "subject": {
          "reference": "urn:uuid:8f03ec13-c4d6-443e-ace5-5686a5e74a1e"
        },
        "context": {
          "reference": "urn:uuid:281ad4d2-31b5-426d-a863-9797d0d382f9"
        },
        "onsetDateTime": "2015-04-29T01:01:35-04:00",
        "abatementDateTime": "2015-05-08T16:29:05-04:00",
        "assertedDate": "2015-04-29",
        "resourceType": "Condition"
      }
    },
    {
      "resource": {
        "meta": {
          "profile": [
            "http://standardhealthrecord.org/fhir/StructureDefinition/shr-procedure-Procedure"
          ]
        },
        "extension": [
          {
            "url": "http://standardhealthrecord.org/fhir/StructureDefinition/shr-core-CodeableConcept-extension",
            "valueCodeableConcept": {
              "coding": [
                {
                  "system": "http://snomed.info/sct",
                  "code": "252160004",
                  "display": "Standard pregnancy test"
                }
              ],
              "text": "Standard pregnancy test"
            }
          }
        ],
        "status": "completed",
        "code": {
          "coding": [
            {
              "system": "http://snomed.info/sct",
              "code": "252160004",
              "display": "Standard pregnancy test"
            }
          ],
          "text": "Standard pregnancy test"
        },
        "subject": {
          "reference": "urn:uuid:8f03ec13-c4d6-443e-ace5-5686a5e74a1e"
        },
        "context": {
          "reference": "urn:uuid:281ad4d2-31b5-426d-a863-9797d0d382f9"
        },
        "performedDateTime": "2015-04-29T01:01:35-04:00",
        "reasonReference": {
          "reference": "urn:uuid:47b445fe-ce39-43fc-9370-b4fe005f05fe",
          "display": "Normal pregnancy"
        },
        "resourceType": "Procedure"
      }
    },
    {
      "fullUrl": "urn:uuid:a70bbbd9-fe34-405e-9c4d-11fd4b649692",
      "resource": {
        "id": "a70bbbd9-fe34-405e-9c4d-11fd4b649692",
        "meta": {
          "profile": [
            "http://standardhealthrecord.org/fhir/StructureDefinition/shr-encounter-Encounter"
          ]
        },
        "status": "finished",
        "class": {
          "code": "ambulatory"
        },
        "type": [
          {
            "coding": [
              {
                "system": "http://snomed.info/sct",
                "code": "270427003"
              }
            ],
            "text": "Patient-initiated encounter"
          }
        ],
        "subject": {
          "reference": "urn:uuid:8f03ec13-c4d6-443e-ace5-5686a5e74a1e"
        },
        "period": {
          "start": "2015-05-08T16:29:05-04:00",
          "end": "2015-05-08T16:29:05-04:00"
        },
        "reason": {
          "coding": [
            {
              "system": "http://snomed.info/sct",
              "code": "72892002",
              "display": "Normal pregnancy"
            }
          ]
        },
        "serviceProvider": {
          "reference": "urn:uuid:3da55eee-087c-43bc-bff4-9c6ce75bbb72"
        },
        "resourceType": "Encounter"
      }
    },
    {
      "resource": {
        "meta": {
          "profile": [
            "http://standardhealthrecord.org/fhir/StructureDefinition/shr-procedure-Procedure"
          ]
        },
        "extension": [
          {
            "url": "http://standardhealthrecord.org/fhir/StructureDefinition/shr-core-CodeableConcept-extension",
            "valueCodeableConcept": {
              "coding": [
                {
                  "system": "http://snomed.info/sct",
                  "code": "714812005",
                  "display": "Induced termination of pregnancy"
                }
              ],
              "text": "Induced termination of pregnancy"
            }
          }
        ],
        "status": "completed",
        "code": {
          "coding": [
            {
              "system": "http://snomed.info/sct",
              "code": "714812005",
              "display": "Induced termination of pregnancy"
            }
          ],
          "text": "Induced termination of pregnancy"
        },
        "subject": {
          "reference": "urn:uuid:8f03ec13-c4d6-443e-ace5-5686a5e74a1e"
        },
        "context": {
          "reference": "urn:uuid:a70bbbd9-fe34-405e-9c4d-11fd4b649692"
        },
        "performedDateTime": "2015-05-08T16:29:05-04:00",
        "reasonReference": {
          "reference": "urn:uuid:47b445fe-ce39-43fc-9370-b4fe005f05fe",
          "display": "Normal pregnancy"
        },
        "resourceType": "Procedure"
      }
    },
    {
      "fullUrl": "urn:uuid:daff853d-f6e3-4aec-9da9-e0d7b7814491",
      "resource": {
        "id": "daff853d-f6e3-4aec-9da9-e0d7b7814491",
        "meta": {
          "profile": [
            "http://standardhealthrecord.org/fhir/StructureDefinition/shr-encounter-Encounter"
          ]
        },
        "status": "finished",
        "class": {
          "code": "ambulatory"
        },
        "type": [
          {
            "coding": [
              {
                "system": "http://snomed.info/sct",
                "code": "424441002"
              }
            ],
            "text": "Prenatal initial visit"
          }
        ],
        "subject": {
          "reference": "urn:uuid:8f03ec13-c4d6-443e-ace5-5686a5e74a1e"
        },
        "period": {
          "start": "2017-02-15T01:01:35-05:00",
          "end": "2017-02-15T01:01:35-05:00"
        },
        "reason": {
          "coding": [
            {
              "system": "http://snomed.info/sct",
              "code": "72892002",
              "display": "Normal pregnancy"
            }
          ]
        },
        "serviceProvider": {
          "reference": "urn:uuid:3da55eee-087c-43bc-bff4-9c6ce75bbb72"
        },
        "resourceType": "Encounter"
      }
    },
    {
      "fullUrl": "urn:uuid:b17a655b-2a6d-41db-9066-3ea4eff62252",
      "resource": {
        "id": "b17a655b-2a6d-41db-9066-3ea4eff62252",
        "meta": {
          "profile": [
            "http://standardhealthrecord.org/fhir/StructureDefinition/shr-problem-Problem"
          ]
        },
        "clinicalStatus": "active",
        "verificationStatus": "confirmed",
        "code": {
          "coding": [
            {
              "system": "http://snomed.info/sct",
              "code": "72892002",
              "display": "Normal pregnancy"
            }
          ],
          "text": "Normal pregnancy"
        },
        "subject": {
          "reference": "urn:uuid:8f03ec13-c4d6-443e-ace5-5686a5e74a1e"
        },
        "context": {
          "reference": "urn:uuid:daff853d-f6e3-4aec-9da9-e0d7b7814491"
        },
        "onsetDateTime": "2016-12-07T01:01:35-05:00",
        "abatementDateTime": "2017-03-03T07:07:04-05:00",
        "assertedDate": "2016-12-07",
        "resourceType": "Condition"
      }
    },
    {
      "resource": {
        "meta": {
          "profile": [
            "http://standardhealthrecord.org/fhir/StructureDefinition/shr-procedure-Procedure"
          ]
        },
        "extension": [
          {
            "url": "http://standardhealthrecord.org/fhir/StructureDefinition/shr-core-CodeableConcept-extension",
            "valueCodeableConcept": {
              "coding": [
                {
                  "system": "http://snomed.info/sct",
                  "code": "252160004",
                  "display": "Standard pregnancy test"
                }
              ],
              "text": "Standard pregnancy test"
            }
          }
        ],
        "status": "completed",
        "code": {
          "coding": [
            {
              "system": "http://snomed.info/sct",
              "code": "252160004",
              "display": "Standard pregnancy test"
            }
          ],
          "text": "Standard pregnancy test"
        },
        "subject": {
          "reference": "urn:uuid:8f03ec13-c4d6-443e-ace5-5686a5e74a1e"
        },
        "context": {
          "reference": "urn:uuid:daff853d-f6e3-4aec-9da9-e0d7b7814491"
        },
        "performedDateTime": "2017-02-15T01:01:35-05:00",
        "reasonReference": {
          "reference": "urn:uuid:47b445fe-ce39-43fc-9370-b4fe005f05fe",
          "display": "Normal pregnancy"
        },
        "resourceType": "Procedure"
      }
    },
    {
      "fullUrl": "urn:uuid:d87fd108-aa85-4926-b97d-f6bdd7176bd5",
      "resource": {
        "id": "d87fd108-aa85-4926-b97d-f6bdd7176bd5",
        "meta": {
          "profile": [
            "http://standardhealthrecord.org/fhir/StructureDefinition/shr-encounter-Encounter"
          ]
        },
        "status": "finished",
        "class": {
          "code": "ambulatory"
        },
        "type": [
          {
            "coding": [
              {
                "system": "http://snomed.info/sct",
                "code": "270427003"
              }
            ],
            "text": "Patient-initiated encounter"
          }
        ],
        "subject": {
          "reference": "urn:uuid:8f03ec13-c4d6-443e-ace5-5686a5e74a1e"
        },
        "period": {
          "start": "2017-03-03T07:07:04-05:00",
          "end": "2017-03-03T07:07:04-05:00"
        },
        "reason": {
          "coding": [
            {
              "system": "http://snomed.info/sct",
              "code": "72892002",
              "display": "Normal pregnancy"
            }
          ]
        },
        "serviceProvider": {
          "reference": "urn:uuid:3da55eee-087c-43bc-bff4-9c6ce75bbb72"
        },
        "resourceType": "Encounter"
      }
    },
    {
      "resource": {
        "meta": {
          "profile": [
            "http://standardhealthrecord.org/fhir/StructureDefinition/shr-procedure-Procedure"
          ]
        },
        "extension": [
          {
            "url": "http://standardhealthrecord.org/fhir/StructureDefinition/shr-core-CodeableConcept-extension",
            "valueCodeableConcept": {
              "coding": [
                {
                  "system": "http://snomed.info/sct",
                  "code": "714812005",
                  "display": "Induced termination of pregnancy"
                }
              ],
              "text": "Induced termination of pregnancy"
            }
          }
        ],
        "status": "completed",
        "code": {
          "coding": [
            {
              "system": "http://snomed.info/sct",
              "code": "714812005",
              "display": "Induced termination of pregnancy"
            }
          ],
          "text": "Induced termination of pregnancy"
        },
        "subject": {
          "reference": "urn:uuid:8f03ec13-c4d6-443e-ace5-5686a5e74a1e"
        },
        "context": {
          "reference": "urn:uuid:d87fd108-aa85-4926-b97d-f6bdd7176bd5"
        },
        "performedDateTime": "2017-03-03T07:07:04-05:00",
        "reasonReference": {
          "reference": "urn:uuid:47b445fe-ce39-43fc-9370-b4fe005f05fe",
          "display": "Normal pregnancy"
        },
        "resourceType": "Procedure"
      }
    }
  ],
  "resourceType": "Bundle"
}