{
  "type": "collection",
  "entry": [
    {
      "fullUrl": "urn:uuid:397d6a6b-6c44-4408-aa63-7f3181e30830",
      "resource": {
        "id": "397d6a6b-6c44-4408-aa63-7f3181e30830",
        "meta": {
          "profile": [
            "http://standardhealthrecord.org/fhir/StructureDefinition/shr-demographics-PersonOfRecord"
          ]
        },
        "text": {
          "status": "generated",
          "div": "<div>Generated by <a href=\"https://github.com/synthetichealth/synthea\">Synthea</a>. Version identifier: 4d02400401b9fab839e47bf5b2f1f6a8c683ab55</div>"
        },
        "extension": [
          {
            "url": "http://hl7.org/fhir/us/core/StructureDefinition/us-core-race",
            "valueCodeableConcept": {
              "coding": [
                {
                  "system": "http://hl7.org/fhir/v3/Race",
                  "code": "2106-3",
                  "display": "White"
                }
              ],
              "text": "race"
            }
          },
          {
            "url": "http://hl7.org/fhir/us/core/StructureDefinition/us-core-ethnicity",
            "valueCodeableConcept": {
              "coding": [
                {
                  "system": "http://hl7.org/fhir/v3/Ethnicity",
                  "code": "2186-5",
                  "display": "Nonhispanic"
                }
              ],
              "text": "ethnicity"
            }
          },
          {
            "url": "http://hl7.org/fhir/StructureDefinition/birthPlace",
            "valueAddress": {
              "city": "Haverhill",
              "state": "MA",
              "country": "US"
            }
          },
          {
            "url": "http://hl7.org/fhir/StructureDefinition/patient-mothersMaidenName",
            "valueString": "Garett289 Dach491"
          },
          {
            "url": "http://hl7.org/fhir/us/core/StructureDefinition/us-core-birthsex",
            "valueCode": "F"
          },
          {
            "url": "http://hl7.org/fhir/StructureDefinition/patient-interpreterRequired",
            "valueBoolean": false
          },
          {
            "url": "http://standardhealthrecord.org/fhir/StructureDefinition/shr-actor-FictionalPerson-extension",
            "valueBoolean": true
          },
          {
            "url": "http://standardhealthrecord.org/fhir/StructureDefinition/shr-demographics-FathersName-extension",
            "valueHumanName": {
              "text": "Mylene392 Gutmann48"
            }
          },
          {
            "url": "http://standardhealthrecord.org/fhir/StructureDefinition/shr-demographics-SocialSecurityNumber-extension",
            "valueString": "999-91-6076"
          }
        ],
        "identifier": [
          {
            "system": "https://github.com/synthetichealth/synthea",
            "value": "afe2f489-7137-4b8f-8102-642c5278749a"
          },
          {
            "type": {
              "coding": [
                {
                  "system": "http://hl7.org/fhir/identifier-type",
                  "code": "SB"
                }
              ]
            },
            "system": "http://hl7.org/fhir/sid/us-ssn",
            "value": "999916076"
          },
          {
            "type": {
              "coding": [
                {
                  "system": "http://hl7.org/fhir/v2/0203",
                  "code": "DL"
                }
              ]
            },
            "system": "urn:oid:2.16.840.1.113883.4.3.25",
            "value": "S99952704"
          }
        ],
        "name": [
          {
            "use": "official",
            "family": "Abbott992",
            "given": [
              "Junior372"
            ],
            "prefix": [
              "Mrs."
            ]
          },
          {
            "use": "maiden",
            "family": "Gutmann48",
            "given": [
              "Junior372"
            ]
          }
        ],
        "telecom": [
          {
            "system": "phone",
            "value": "761.804.0162 x144",
            "use": "home"
          }
        ],
        "gender": "female",
        "birthDate": "1977-06-16",
        "address": [
          {
            "extension": [
              {
                "extension": [
                  {
                    "url": "latitude",
                    "valueDecimal": 42.376127299739764
                  },
                  {
                    "url": "longitude",
                    "valueDecimal": -71.11439257250268
                  }
                ],
                "url": "http://hl7.org/fhir/StructureDefinition/geolocation"
              }
            ],
            "line": [
              "130 Clair Hill",
              "Apt. 287"
            ],
            "city": "Cambridge",
            "state": "MA",
            "postalCode": "02139",
            "country": "US"
          }
        ],
        "maritalStatus": {
          "coding": [
            {
              "system": "http://hl7.org/fhir/v3/MaritalStatus",
              "code": "M"
            }
          ],
          "text": "M"
        },
        "multipleBirthBoolean": false,
        "communication": [
          {
            "language": {
              "coding": [
                {
                  "system": "http://hl7.org/fhir/ValueSet/languages",
                  "code": "en-US",
                  "display": "English (United States)"
                }
              ]
            }
          }
        ],
        "resourceType": "Patient"
      }
    },
    {
      "fullUrl": "urn:uuid:6413352f-c6be-429e-b331-9b5ef5b3b51f",
      "resource": {
        "id": "6413352f-c6be-429e-b331-9b5ef5b3b51f",
        "meta": {
          "profile": [
            "http://standardhealthrecord.org/fhir/StructureDefinition/shr-actor-Organization"
          ]
        },
        "type": [
          {
            "coding": [
              {
                "system": "http://hl7.org/fhir/ValueSet/organization-type",
                "code": "prov",
                "display": "Healthcare Provider"
              }
            ],
            "text": "Healthcare Provider"
          }
        ],
        "name": "Synthetic Provider",
        "resourceType": "Organization"
      }
    },
    {
      "fullUrl": "urn:uuid:816cec7f-01f2-4b12-bc16-71b4b48efb2a",
      "resource": {
        "id": "816cec7f-01f2-4b12-bc16-71b4b48efb2a",
        "meta": {
          "profile": [
            "http://standardhealthrecord.org/fhir/StructureDefinition/shr-encounter-Encounter"
          ]
        },
        "status": "finished",
        "class": {
          "code": "outpatient"
        },
        "type": [
          {
            "coding": [
              {
                "system": "http://snomed.info/sct",
                "code": "185349003"
              }
            ],
            "text": "Outpatient Encounter"
          }
        ],
        "subject": {
          "reference": "urn:uuid:397d6a6b-6c44-4408-aa63-7f3181e30830"
        },
        "period": {
          "start": "2012-01-14T09:59:00-05:00",
          "end": "2012-01-14T10:59:00-05:00"
        },
        "serviceProvider": {
          "reference": "urn:uuid:6413352f-c6be-429e-b331-9b5ef5b3b51f"
        },
        "resourceType": "Encounter"
      }
    },
    {
      "fullUrl": "urn:uuid:e22e8e3d-a44d-4176-b8d2-2575ca708df4",
      "resource": {
        "id": "e22e8e3d-a44d-4176-b8d2-2575ca708df4",
        "meta": {
          "profile": [
            "http://standardhealthrecord.org/fhir/StructureDefinition/shr-problem-Problem"
          ]
        },
        "clinicalStatus": "active",
        "verificationStatus": "confirmed",
        "code": {
          "coding": [
            {
              "system": "http://snomed.info/sct",
              "code": "15777000",
              "display": "Prediabetes"
            }
          ],
          "text": "Prediabetes"
        },
        "subject": {
          "reference": "urn:uuid:397d6a6b-6c44-4408-aa63-7f3181e30830"
        },
        "context": {
          "reference": "urn:uuid:816cec7f-01f2-4b12-bc16-71b4b48efb2a"
        },
        "onsetDateTime": "2001-07-15T07:41:59-04:00",
        "assertedDate": "2001-07-15",
        "resourceType": "Condition"
      }
    },
    {
      "fullUrl": "urn:uuid:e012c350-cef8-417a-b02e-dc192e0e85d9",
      "resource": {
        "id": "e012c350-cef8-417a-b02e-dc192e0e85d9",
        "meta": {
          "profile": [
            "http://standardhealthrecord.org/fhir/StructureDefinition/shr-observation-Observation"
          ]
        },
        "status": "final",
        "category": [
          {
            "coding": [
              {
                "system": "http://hl7.org/fhir/observation-category",
                "code": "laboratory"
              }
            ]
          }
        ],
        "code": {
          "coding": [
            {
              "system": "http://loinc.org",
              "code": "4548-4",
              "display": "Hemoglobin A1c/Hemoglobin.total in Blood"
            }
          ],
          "text": "Hemoglobin A1c/Hemoglobin.total in Blood"
        },
        "subject": {
          "reference": "urn:uuid:397d6a6b-6c44-4408-aa63-7f3181e30830"
        },
        "context": {
          "reference": "urn:uuid:816cec7f-01f2-4b12-bc16-71b4b48efb2a"
        },
        "effectiveDateTime": "2012-01-14T09:59:00-05:00",
        "issued": "2012-01-14T09:59:00-05:00",
        "valueQuantity": {
          "value": 6.1,
          "unit": "%",
          "system": "http://unitsofmeasure.org/",
          "code": "%"
        },
        "resourceType": "Observation"
      }
    },
    {
      "fullUrl": "urn:uuid:0dc6320c-761e-4840-9bd0-56afd5a51d6f",
      "resource": {
        "id": "0dc6320c-761e-4840-9bd0-56afd5a51d6f",
        "meta": {
          "profile": [
            "http://standardhealthrecord.org/fhir/StructureDefinition/shr-observation-Observation",
            "http://standardhealthrecord.org/fhir/StructureDefinition/shr-vital-VitalSign",
            "http://standardhealthrecord.org/fhir/StructureDefinition/shr-vital-BodyHeight"
          ]
        },
        "status": "final",
        "category": [
          {
            "coding": [
              {
                "system": "http://hl7.org/fhir/observation-category",
                "code": "vital-signs"
              }
            ]
          }
        ],
        "code": {
          "coding": [
            {
              "system": "http://loinc.org",
              "code": "8302-2",
              "display": "Body Height"
            }
          ],
          "text": "Body Height"
        },
        "subject": {
          "reference": "urn:uuid:397d6a6b-6c44-4408-aa63-7f3181e30830"
        },
        "context": {
          "reference": "urn:uuid:816cec7f-01f2-4b12-bc16-71b4b48efb2a"
        },
        "effectiveDateTime": "2012-01-14T09:59:00-05:00",
        "issued": "2012-01-14T09:59:00-05:00",
        "valueQuantity": {
          "value": 152.42082505567018,
          "unit": "cm",
          "system": "http://unitsofmeasure.org/",
          "code": "cm"
        },
        "resourceType": "Observation"
      }
    },
    {
      "fullUrl": "urn:uuid:9fc77149-c61c-4817-8439-72e32d32841d",
      "resource": {
        "id": "9fc77149-c61c-4817-8439-72e32d32841d",
        "meta": {
          "profile": [
            "http://standardhealthrecord.org/fhir/StructureDefinition/shr-observation-Observation",
            "http://standardhealthrecord.org/fhir/StructureDefinition/shr-vital-VitalSign",
            "http://standardhealthrecord.org/fhir/StructureDefinition/shr-vital-BodyWeight"
          ]
        },
        "status": "final",
        "category": [
          {
            "coding": [
              {
                "system": "http://hl7.org/fhir/observation-category",
                "code": "vital-signs"
              }
            ]
          }
        ],
        "code": {
          "coding": [
            {
              "system": "http://loinc.org",
              "code": "29463-7",
              "display": "Body Weight"
            }
          ],
          "text": "Body Weight"
        },
        "subject": {
          "reference": "urn:uuid:397d6a6b-6c44-4408-aa63-7f3181e30830"
        },
        "context": {
          "reference": "urn:uuid:816cec7f-01f2-4b12-bc16-71b4b48efb2a"
        },
        "effectiveDateTime": "2012-01-14T09:59:00-05:00",
        "issued": "2012-01-14T09:59:00-05:00",
        "valueQuantity": {
          "value": 73.9999072552179,
          "unit": "kg",
          "system": "http://unitsofmeasure.org/",
          "code": "kg"
        },
        "resourceType": "Observation"
      }
    },
    {
      "fullUrl": "urn:uuid:ddacb667-5574-45f7-9582-f37858f81a53",
      "resource": {
        "id": "ddacb667-5574-45f7-9582-f37858f81a53",
        "meta": {
          "profile": [
            "http://standardhealthrecord.org/fhir/StructureDefinition/shr-observation-Observation",
            "http://standardhealthrecord.org/fhir/StructureDefinition/shr-vital-VitalSign",
            "http://standardhealthrecord.org/fhir/StructureDefinition/shr-vital-BodyMassIndex"
          ]
        },
        "status": "final",
        "category": [
          {
            "coding": [
              {
                "system": "http://hl7.org/fhir/observation-category",
                "code": "vital-signs"
              }
            ]
          }
        ],
        "code": {
          "coding": [
            {
              "system": "http://loinc.org",
              "code": "39156-5",
              "display": "Body Mass Index"
            }
          ],
          "text": "Body Mass Index"
        },
        "subject": {
          "reference": "urn:uuid:397d6a6b-6c44-4408-aa63-7f3181e30830"
        },
        "context": {
          "reference": "urn:uuid:816cec7f-01f2-4b12-bc16-71b4b48efb2a"
        },
        "effectiveDateTime": "2012-01-14T09:59:00-05:00",
        "issued": "2012-01-14T09:59:00-05:00",
        "valueQuantity": {
          "value": 31.85242920694734,
          "unit": "kg/m2",
          "system": "http://unitsofmeasure.org/",
          "code": "kg/m2"
        },
        "resourceType": "Observation"
      }
    },
    {
      "fullUrl": "urn:uuid:cc159aa5-d5bd-401e-a012-e5b43f06b289",
      "resource": {
        "id": "cc159aa5-d5bd-401e-a012-e5b43f06b289",
        "meta": {
          "profile": [
            "http://standardhealthrecord.org/fhir/StructureDefinition/shr-observation-Observation",
            "http://standardhealthrecord.org/fhir/StructureDefinition/shr-vital-BloodPressure"
          ]
        },
        "status": "final",
        "category": [
          {
            "coding": [
              {
                "system": "http://hl7.org/fhir/observation-category",
                "code": "vital-signs"
              }
            ]
          }
        ],
        "code": {
          "coding": [
            {
              "system": "http://loinc.org",
              "code": "55284-4",
              "display": "Blood Pressure"
            }
          ]
        },
        "subject": {
          "reference": "urn:uuid:397d6a6b-6c44-4408-aa63-7f3181e30830"
        },
        "context": {
          "reference": "urn:uuid:816cec7f-01f2-4b12-bc16-71b4b48efb2a"
        },
        "effectiveDateTime": "2012-01-14T09:59:00-05:00",
        "issued": "2012-01-14T09:59:00-05:00",
        "component": [
          {
            "code": {
              "coding": [
                {
                  "system": "http://loinc.org",
                  "code": "8480-6",
                  "display": "Systolic Blood Pressure"
                }
              ],
              "text": "Systolic Blood Pressure"
            },
            "valueQuantity": {
              "value": 116,
              "unit": "mmHg",
              "system": "http://unitsofmeasure.org/",
              "code": "mmHg"
            }
          },
          {
            "code": {
              "coding": [
                {
                  "system": "http://loinc.org",
                  "code": "8462-4",
                  "display": "Diastolic Blood Pressure"
                }
              ],
              "text": "Diastolic Blood Pressure"
            },
            "valueQuantity": {
              "value": 70,
              "unit": "mmHg",
              "system": "http://unitsofmeasure.org/",
              "code": "mmHg"
            }
          }
        ],
        "resourceType": "Observation"
      }
    },
    {
      "fullUrl": "urn:uuid:0557eba1-aafe-417a-8fac-2de5c947badb",
      "resource": {
        "id": "0557eba1-aafe-417a-8fac-2de5c947badb",
        "meta": {
          "profile": [
            "http://standardhealthrecord.org/fhir/StructureDefinition/shr-observation-Observation"
          ]
        },
        "status": "final",
        "category": [
          {
            "coding": [
              {
                "system": "http://hl7.org/fhir/observation-category",
                "code": "laboratory"
              }
            ]
          }
        ],
        "code": {
          "coding": [
            {
              "system": "http://loinc.org",
              "code": "4548-4",
              "display": "Hemoglobin A1c/Hemoglobin.total in Blood"
            }
          ],
          "text": "Hemoglobin A1c/Hemoglobin.total in Blood"
        },
        "subject": {
          "reference": "urn:uuid:397d6a6b-6c44-4408-aa63-7f3181e30830"
        },
        "context": {
          "reference": "urn:uuid:816cec7f-01f2-4b12-bc16-71b4b48efb2a"
        },
        "effectiveDateTime": "2012-01-14T09:59:00-05:00",
        "issued": "2012-01-14T09:59:00-05:00",
        "valueQuantity": {
          "value": 6.1,
          "unit": "%",
          "system": "http://unitsofmeasure.org/",
          "code": "%"
        },
        "resourceType": "Observation"
      }
    },
    {
      "fullUrl": "urn:uuid:bda7635e-cfec-46c5-a561-0c502f2cee65",
      "resource": {
        "id": "bda7635e-cfec-46c5-a561-0c502f2cee65",
        "meta": {
          "profile": [
            "http://standardhealthrecord.org/fhir/StructureDefinition/shr-observation-Observation"
          ]
        },
        "status": "final",
        "category": [
          {
            "coding": [
              {
                "system": "http://hl7.org/fhir/observation-category",
                "code": "laboratory"
              }
            ]
          }
        ],
        "code": {
          "coding": [
            {
              "system": "http://loinc.org",
              "code": "2339-0",
              "display": "Glucose"
            }
          ],
          "text": "Glucose"
        },
        "subject": {
          "reference": "urn:uuid:397d6a6b-6c44-4408-aa63-7f3181e30830"
        },
        "context": {
          "reference": "urn:uuid:816cec7f-01f2-4b12-bc16-71b4b48efb2a"
        },
        "effectiveDateTime": "2012-01-14T09:59:00-05:00",
        "issued": "2012-01-14T09:59:00-05:00",
        "valueQuantity": {
          "value": 77,
          "unit": "mg/dL",
          "system": "http://unitsofmeasure.org/",
          "code": "mg/dL"
        },
        "resourceType": "Observation"
      }
    },
    {
      "fullUrl": "urn:uuid:c78b553e-9ad2-47a6-87fd-c541bdabbe93",
      "resource": {
        "id": "c78b553e-9ad2-47a6-87fd-c541bdabbe93",
        "meta": {
          "profile": [
            "http://standardhealthrecord.org/fhir/StructureDefinition/shr-observation-Observation"
          ]
        },
        "status": "final",
        "category": [
          {
            "coding": [
              {
                "system": "http://hl7.org/fhir/observation-category",
                "code": "laboratory"
              }
            ]
          }
        ],
        "code": {
          "coding": [
            {
              "system": "http://loinc.org",
              "code": "6299-2",
              "display": "Urea Nitrogen"
            }
          ],
          "text": "Urea Nitrogen"
        },
        "subject": {
          "reference": "urn:uuid:397d6a6b-6c44-4408-aa63-7f3181e30830"
        },
        "context": {
          "reference": "urn:uuid:816cec7f-01f2-4b12-bc16-71b4b48efb2a"
        },
        "effectiveDateTime": "2012-01-14T09:59:00-05:00",
        "issued": "2012-01-14T09:59:00-05:00",
        "valueQuantity": {
          "value": 18,
          "unit": "mg/dL",
          "system": "http://unitsofmeasure.org/",
          "code": "mg/dL"
        },
        "resourceType": "Observation"
      }
    },
    {
      "fullUrl": "urn:uuid:a3b67d32-8e47-47f3-9950-741bcfee8c4d",
      "resource": {
        "id": "a3b67d32-8e47-47f3-9950-741bcfee8c4d",
        "meta": {
          "profile": [
            "http://standardhealthrecord.org/fhir/StructureDefinition/shr-observation-Observation"
          ]
        },
        "status": "final",
        "category": [
          {
            "coding": [
              {
                "system": "http://hl7.org/fhir/observation-category",
                "code": "laboratory"
              }
            ]
          }
        ],
        "code": {
          "coding": [
            {
              "system": "http://loinc.org",
              "code": "38483-4",
              "display": "Creatinine"
            }
          ],
          "text": "Creatinine"
        },
        "subject": {
          "reference": "urn:uuid:397d6a6b-6c44-4408-aa63-7f3181e30830"
        },
        "context": {
          "reference": "urn:uuid:816cec7f-01f2-4b12-bc16-71b4b48efb2a"
        },
        "effectiveDateTime": "2012-01-14T09:59:00-05:00",
        "issued": "2012-01-14T09:59:00-05:00",
        "valueQuantity": {
          "value": 1.0,
          "unit": "mg/dL",
          "system": "http://unitsofmeasure.org/",
          "code": "mg/dL"
        },
        "resourceType": "Observation"
      }
    },
    {
      "fullUrl": "urn:uuid:efbfb0cb-4854-46bd-b9a9-7076899a3d0f",
      "resource": {
        "id": "efbfb0cb-4854-46bd-b9a9-7076899a3d0f",
        "meta": {
          "profile": [
            "http://standardhealthrecord.org/fhir/StructureDefinition/shr-observation-Observation"
          ]
        },
        "status": "final",
        "category": [
          {
            "coding": [
              {
                "system": "http://hl7.org/fhir/observation-category",
                "code": "laboratory"
              }
            ]
          }
        ],
        "code": {
          "coding": [
            {
              "system": "http://loinc.org",
              "code": "49765-1",
              "display": "Calcium"
            }
          ],
          "text": "Calcium"
        },
        "subject": {
          "reference": "urn:uuid:397d6a6b-6c44-4408-aa63-7f3181e30830"
        },
        "context": {
          "reference": "urn:uuid:816cec7f-01f2-4b12-bc16-71b4b48efb2a"
        },
        "effectiveDateTime": "2012-01-14T09:59:00-05:00",
        "issued": "2012-01-14T09:59:00-05:00",
        "valueQuantity": {
          "value": 9.946318049829223,
          "unit": "mg/dL",
          "system": "http://unitsofmeasure.org/",
          "code": "mg/dL"
        },
        "resourceType": "Observation"
      }
    },
    {
      "fullUrl": "urn:uuid:d9ab4ad1-3034-45e9-a04d-2e1f9efb75de",
      "resource": {
        "id": "d9ab4ad1-3034-45e9-a04d-2e1f9efb75de",
        "meta": {
          "profile": [
            "http://standardhealthrecord.org/fhir/StructureDefinition/shr-observation-Observation"
          ]
        },
        "status": "final",
        "category": [
          {
            "coding": [
              {
                "system": "http://hl7.org/fhir/observation-category",
                "code": "laboratory"
              }
            ]
          }
        ],
        "code": {
          "coding": [
            {
              "system": "http://loinc.org",
              "code": "2947-0",
              "display": "Sodium"
            }
          ],
          "text": "Sodium"
        },
        "subject": {
          "reference": "urn:uuid:397d6a6b-6c44-4408-aa63-7f3181e30830"
        },
        "context": {
          "reference": "urn:uuid:816cec7f-01f2-4b12-bc16-71b4b48efb2a"
        },
        "effectiveDateTime": "2012-01-14T09:59:00-05:00",
        "issued": "2012-01-14T09:59:00-05:00",
        "valueQuantity": {
          "value": 136,
          "unit": "mmol/L",
          "system": "http://unitsofmeasure.org/",
          "code": "mmol/L"
        },
        "resourceType": "Observation"
      }
    },
    {
      "fullUrl": "urn:uuid:9bcd99cc-2fb4-4338-9d79-7f8d392f70ed",
      "resource": {
        "id": "9bcd99cc-2fb4-4338-9d79-7f8d392f70ed",
        "meta": {
          "profile": [
            "http://standardhealthrecord.org/fhir/StructureDefinition/shr-observation-Observation"
          ]
        },
        "status": "final",
        "category": [
          {
            "coding": [
              {
                "system": "http://hl7.org/fhir/observation-category",
                "code": "laboratory"
              }
            ]
          }
        ],
        "code": {
          "coding": [
            {
              "system": "http://loinc.org",
              "code": "6298-4",
              "display": "Potassium"
            }
          ],
          "text": "Potassium"
        },
        "subject": {
          "reference": "urn:uuid:397d6a6b-6c44-4408-aa63-7f3181e30830"
        },
        "context": {
          "reference": "urn:uuid:816cec7f-01f2-4b12-bc16-71b4b48efb2a"
        },
        "effectiveDateTime": "2012-01-14T09:59:00-05:00",
        "issued": "2012-01-14T09:59:00-05:00",
        "valueQuantity": {
          "value": 4.443568409965772,
          "unit": "mmol/L",
          "system": "http://unitsofmeasure.org/",
          "code": "mmol/L"
        },
        "resourceType": "Observation"
      }
    },
    {
      "fullUrl": "urn:uuid:4e4c4105-8215-44f1-b489-8b5e0ec4c945",
      "resource": {
        "id": "4e4c4105-8215-44f1-b489-8b5e0ec4c945",
        "meta": {
          "profile": [
            "http://standardhealthrecord.org/fhir/StructureDefinition/shr-observation-Observation"
          ]
        },
        "status": "final",
        "category": [
          {
            "coding": [
              {
                "system": "http://hl7.org/fhir/observation-category",
                "code": "laboratory"
              }
            ]
          }
        ],
        "code": {
          "coding": [
            {
              "system": "http://loinc.org",
              "code": "2069-3",
              "display": "Chloride"
            }
          ],
          "text": "Chloride"
        },
        "subject": {
          "reference": "urn:uuid:397d6a6b-6c44-4408-aa63-7f3181e30830"
        },
        "context": {
          "reference": "urn:uuid:816cec7f-01f2-4b12-bc16-71b4b48efb2a"
        },
        "effectiveDateTime": "2012-01-14T09:59:00-05:00",
        "issued": "2012-01-14T09:59:00-05:00",
        "valueQuantity": {
          "value": 111,
          "unit": "mmol/L",
          "system": "http://unitsofmeasure.org/",
          "code": "mmol/L"
        },
        "resourceType": "Observation"
      }
    },
    {
      "fullUrl": "urn:uuid:a88c7b06-efea-4c4f-a078-6338b263255e",
      "resource": {
        "id": "a88c7b06-efea-4c4f-a078-6338b263255e",
        "meta": {
          "profile": [
            "http://standardhealthrecord.org/fhir/StructureDefinition/shr-observation-Observation"
          ]
        },
        "status": "final",
        "category": [
          {
            "coding": [
              {
                "system": "http://hl7.org/fhir/observation-category",
                "code": "laboratory"
              }
            ]
          }
        ],
        "code": {
          "coding": [
            {
              "system": "http://loinc.org",
              "code": "20565-8",
              "display": "Carbon Dioxide"
            }
          ],
          "text": "Carbon Dioxide"
        },
        "subject": {
          "reference": "urn:uuid:397d6a6b-6c44-4408-aa63-7f3181e30830"
        },
        "context": {
          "reference": "urn:uuid:816cec7f-01f2-4b12-bc16-71b4b48efb2a"
        },
        "effectiveDateTime": "2012-01-14T09:59:00-05:00",
        "issued": "2012-01-14T09:59:00-05:00",
        "valueQuantity": {
          "value": 21,
          "unit": "mmol/L",
          "system": "http://unitsofmeasure.org/",
          "code": "mmol/L"
        },
        "resourceType": "Observation"
      }
    },
    {
      "fullUrl": "urn:uuid:e8b9cbcf-ef2c-4620-b7fd-3f6b016d435b",
      "resource": {
        "id": "e8b9cbcf-ef2c-4620-b7fd-3f6b016d435b",
        "meta": {
          "profile": [
            "http://standardhealthrecord.org/fhir/StructureDefinition/shr-observation-Panel"
          ]
        },
        "status": "final",
        "code": {
          "coding": [
            {
              "system": "http://loinc.org",
              "code": "51990-0",
              "display": "Basic Metabolic Panel"
            }
          ]
        },
        "subject": {
          "reference": "urn:uuid:397d6a6b-6c44-4408-aa63-7f3181e30830"
        },
        "context": {
          "reference": "urn:uuid:816cec7f-01f2-4b12-bc16-71b4b48efb2a"
        },
        "effectiveDateTime": "2012-01-14T09:59:00-05:00",
        "issued": "2012-01-14T09:59:00-05:00",
        "result": [
          {
            "reference": "urn:uuid:bda7635e-cfec-46c5-a561-0c502f2cee65",
            "display": "Glucose"
          },
          {
            "reference": "urn:uuid:c78b553e-9ad2-47a6-87fd-c541bdabbe93",
            "display": "Urea Nitrogen"
          },
          {
            "reference": "urn:uuid:a3b67d32-8e47-47f3-9950-741bcfee8c4d",
            "display": "Creatinine"
          },
          {
            "reference": "urn:uuid:efbfb0cb-4854-46bd-b9a9-7076899a3d0f",
            "display": "Calcium"
          },
          {
            "reference": "urn:uuid:d9ab4ad1-3034-45e9-a04d-2e1f9efb75de",
            "display": "Sodium"
          },
          {
            "reference": "urn:uuid:9bcd99cc-2fb4-4338-9d79-7f8d392f70ed",
            "display": "Potassium"
          },
          {
            "reference": "urn:uuid:4e4c4105-8215-44f1-b489-8b5e0ec4c945",
            "display": "Chloride"
          },
          {
            "reference": "urn:uuid:a88c7b06-efea-4c4f-a078-6338b263255e",
            "display": "Carbon Dioxide"
          }
        ],
        "resourceType": "DiagnosticReport"
      }
    },
    {
      "resource": {
        "meta": {
          "profile": [
            "http://standardhealthrecord.org/fhir/StructureDefinition/shr-immunization-Immunization"
          ]
        },
        "status": "completed",
        "notGiven": false,
        "vaccineCode": {
          "coding": [
            {
              "system": "http://hl7.org/fhir/sid/cvx",
              "code": "140",
              "display": "Influenza, seasonal, injectable, preservative free"
            }
          ],
          "text": "Influenza, seasonal, injectable, preservative free"
        },
        "patient": {
          "reference": "urn:uuid:397d6a6b-6c44-4408-aa63-7f3181e30830"
        },
        "encounter": {
          "reference": "urn:uuid:816cec7f-01f2-4b12-bc16-71b4b48efb2a"
        },
        "date": "2012-01-14T09:59:00-05:00",
        "primarySource": true,
        "resourceType": "Immunization"
      }
    },
    {
      "resource": {
        "status": "in-progress",
        "description": {
          "text": "Hemoglobin A1c total in Blood < 7.0"
        },
        "addresses": [
          {
            "reference": "urn:uuid:e22e8e3d-a44d-4176-b8d2-2575ca708df4"
          }
        ],
        "resourceType": "Goal"
      }
    },
    {
      "resource": {
        "status": "in-progress",
        "description": {
          "text": "Glucose [Mass/volume] in Blood < 108"
        },
        "addresses": [
          {
            "reference": "urn:uuid:e22e8e3d-a44d-4176-b8d2-2575ca708df4"
          }
        ],
        "resourceType": "Goal"
      }
    },
    {
      "resource": {
        "status": "in-progress",
        "description": {
          "text": "Maintain blood pressure below 140/90 mmHg"
        },
        "addresses": [
          {
            "reference": "urn:uuid:e22e8e3d-a44d-4176-b8d2-2575ca708df4"
          }
        ],
        "resourceType": "Goal"
      }
    },
    {
      "resource": {
        "status": "in-progress",
        "description": {
          "text": "Improve and maintenance of optimal foot health: aim at early detection of peripheral vascular problems and neuropathy presumed due to diabetes; and prevention of diabetic foot ulcer, gangrene"
        },
        "addresses": [
          {
            "reference": "urn:uuid:e22e8e3d-a44d-4176-b8d2-2575ca708df4"
          }
        ],
        "resourceType": "Goal"
      }
    },
    {
      "resource": {
        "status": "in-progress",
        "description": {
          "text": "Address patient knowledge deficit on diabetic self-care"
        },
        "addresses": [
          {
            "reference": "urn:uuid:e22e8e3d-a44d-4176-b8d2-2575ca708df4"
          }
        ],
        "resourceType": "Goal"
      }
    },
    {
      "resource": {
        "status": "active",
        "category": [
          {
            "coding": [
              {
                "system": "http://snomed.info/sct",
                "code": "698360004",
                "display": "Diabetes self management plan"
              }
            ]
          }
        ],
        "subject": {
          "reference": "urn:uuid:397d6a6b-6c44-4408-aa63-7f3181e30830"
        },
        "context": {
          "reference": "urn:uuid:816cec7f-01f2-4b12-bc16-71b4b48efb2a"
        },
        "period": {
          "start": "2001-07-15"
        },
        "addresses": [
          {
            "reference": "urn:uuid:e22e8e3d-a44d-4176-b8d2-2575ca708df4"
          }
        ],
        "goal": [
          {
            "reference": ""
          },
          {
            "reference": ""
          },
          {
            "reference": ""
          },
          {
            "reference": ""
          },
          {
            "reference": ""
          }
        ],
        "activity": [
          {
            "detail": {
              "code": {
                "coding": [
                  {
                    "system": "http://snomed.info/sct",
                    "code": "160670007",
                    "display": "Diabetic diet"
                  }
                ]
              },
              "status": "in-progress"
            }
          },
          {
            "detail": {
              "code": {
                "coding": [
                  {
                    "system": "http://snomed.info/sct",
                    "code": "229065009",
                    "display": "Exercise therapy"
                  }
                ]
              },
              "status": "in-progress"
            }
          }
        ],
        "resourceType": "CarePlan"
      }
    },
    {
      "resource": {
        "meta": {
          "profile": [
            "http://standardhealthrecord.org/fhir/StructureDefinition/shr-medication-Medication"
          ]
        },
        "code": {
          "coding": [
            {
              "system": "http://www.nlm.nih.gov/research/umls/rxnorm",
              "code": "748962",
              "display": "Camila 28 Day Pack"
            }
          ],
          "text": "Camila 28 Day Pack"
        },
        "resourceType": "Medication"
      }
    },
    {
      "resource": {
        "meta": {
          "profile": [
            "http://standardhealthrecord.org/fhir/StructureDefinition/shr-medication-MedicationPrescription"
          ]
        },
        "extension": [
          {
            "url": "http://standardhealthrecord.org/fhir/StructureDefinition/shr-base-ActionCode-extension",
            "valueCodeableConcept": {
              "coding": [
                {
                  "system": "http://snomed.info/sct",
                  "code": "33633005",
                  "display": "Prescription of drug (procedure)"
                }
              ],
              "text": "Prescription of drug (procedure)"
            }
          }
        ],
        "status": "stopped",
        "medicationReference": {
          "reference": ""
        },
        "subject": {
          "reference": "urn:uuid:397d6a6b-6c44-4408-aa63-7f3181e30830"
        },
        "context": {
          "reference": "urn:uuid:816cec7f-01f2-4b12-bc16-71b4b48efb2a"
        },
        "authoredOn": "2002-06-20",
        "dosageInstruction": [
          {

          }
        ],
        "resourceType": "MedicationRequest"
      }
    },
    {
      "fullUrl": "urn:uuid:d547e44b-d57c-4730-aeeb-3fe3072dae27",
      "resource": {
        "id": "d547e44b-d57c-4730-aeeb-3fe3072dae27",
        "meta": {
          "profile": [
            "http://standardhealthrecord.org/fhir/StructureDefinition/shr-encounter-Encounter"
          ]
        },
        "status": "finished",
        "class": {
          "code": "outpatient"
        },
        "type": [
          {
            "coding": [
              {
                "system": "http://snomed.info/sct",
                "code": "698314001"
              }
            ],
            "text": "Consultation for treatment"
          }
        ],
        "subject": {
          "reference": "urn:uuid:397d6a6b-6c44-4408-aa63-7f3181e30830"
        },
        "period": {
          "start": "2012-06-21T19:37:45-04:00",
          "end": "2012-06-21T19:37:45-04:00"
        },
        "serviceProvider": {
          "reference": "urn:uuid:6413352f-c6be-429e-b331-9b5ef5b3b51f"
        },
        "resourceType": "Encounter"
      }
    },
    {
      "fullUrl": "urn:uuid:200b4bd9-f425-4df5-8ddd-135bd109146d",
      "resource": {
        "id": "200b4bd9-f425-4df5-8ddd-135bd109146d",
        "meta": {
          "profile": [
            "http://standardhealthrecord.org/fhir/StructureDefinition/shr-encounter-Encounter"
          ]
        },
        "status": "finished",
        "class": {
          "code": "ambulatory"
        },
        "type": [
          {
            "coding": [
              {
                "system": "http://snomed.info/sct",
                "code": "185345009"
              }
            ],
            "text": "Encounter for symptom"
          }
        ],
        "subject": {
          "reference": "urn:uuid:397d6a6b-6c44-4408-aa63-7f3181e30830"
        },
        "period": {
          "start": "2012-06-30T23:01:07-04:00",
          "end": "2012-06-30T23:01:07-04:00"
        },
        "reason": {
          "coding": [
            {
              "system": "http://snomed.info/sct",
              "code": "10509002",
              "display": "Acute bronchitis (disorder)"
            }
          ]
        },
        "serviceProvider": {
          "reference": "urn:uuid:6413352f-c6be-429e-b331-9b5ef5b3b51f"
        },
        "resourceType": "Encounter"
      }
    },
    {
      "fullUrl": "urn:uuid:5b63f608-1f6a-40af-8fe5-d1699fcf693d",
      "resource": {
        "id": "5b63f608-1f6a-40af-8fe5-d1699fcf693d",
        "meta": {
          "profile": [
            "http://standardhealthrecord.org/fhir/StructureDefinition/shr-problem-Problem"
          ]
        },
        "clinicalStatus": "active",
        "verificationStatus": "confirmed",
        "code": {
          "coding": [
            {
              "system": "http://snomed.info/sct",
              "code": "10509002",
              "display": "Acute bronchitis (disorder)"
            }
          ],
          "text": "Acute bronchitis (disorder)"
        },
        "subject": {
          "reference": "urn:uuid:397d6a6b-6c44-4408-aa63-7f3181e30830"
        },
        "context": {
          "reference": "urn:uuid:200b4bd9-f425-4df5-8ddd-135bd109146d"
        },
        "onsetDateTime": "2012-06-28T10:23:55-04:00",
        "abatementDateTime": "2012-07-12T03:46:03-04:00",
        "assertedDate": "2012-06-28",
        "resourceType": "Condition"
      }
    },
    {
      "resource": {
        "status": "completed",
        "category": [
          {
            "coding": [
              {
                "system": "http://snomed.info/sct",
                "code": "53950000",
                "display": "Respiratory therapy"
              }
            ]
          }
        ],
        "subject": {
          "reference": "urn:uuid:397d6a6b-6c44-4408-aa63-7f3181e30830"
        },
        "context": {
          "reference": "urn:uuid:200b4bd9-f425-4df5-8ddd-135bd109146d"
        },
        "period": {
          "start": "2012-06-30",
          "end": "2014-12-14"
        },
        "addresses": [
          {
            "reference": "urn:uuid:5b63f608-1f6a-40af-8fe5-d1699fcf693d"
          }
        ],
        "activity": [
          {
            "detail": {
              "code": {
                "coding": [
                  {
                    "system": "http://snomed.info/sct",
                    "code": "710081004",
                    "display": "Smoking cessation therapy"
                  }
                ]
              },
              "status": "completed"
            }
          },
          {
            "detail": {
              "code": {
                "coding": [
                  {
                    "system": "http://snomed.info/sct",
                    "code": "304510005",
                    "display": "Recommendation to avoid exercise"
                  }
                ]
              },
              "status": "completed"
            }
          },
          {
            "detail": {
              "code": {
                "coding": [
                  {
                    "system": "http://snomed.info/sct",
                    "code": "371605008",
                    "display": "Deep breathing and coughing exercises"
                  }
                ]
              },
              "status": "completed"
            }
          }
        ],
        "resourceType": "CarePlan"
      }
    },
    {
      "resource": {
        "meta": {
          "profile": [
            "http://standardhealthrecord.org/fhir/StructureDefinition/shr-medication-Medication"
          ]
        },
        "code": {
          "coding": [
            {
              "system": "http://www.nlm.nih.gov/research/umls/rxnorm",
              "code": "608680",
              "display": "Acetaminophen 160 MG"
            }
          ],
          "text": "Acetaminophen 160 MG"
        },
        "resourceType": "Medication"
      }
    },
    {
      "resource": {
        "meta": {
          "profile": [
            "http://standardhealthrecord.org/fhir/StructureDefinition/shr-medication-MedicationPrescription"
          ]
        },
        "extension": [
          {
            "url": "http://standardhealthrecord.org/fhir/StructureDefinition/shr-base-ActionCode-extension",
            "valueCodeableConcept": {
              "coding": [
                {
                  "system": "http://snomed.info/sct",
                  "code": "33633005",
                  "display": "Prescription of drug (procedure)"
                }
              ],
              "text": "Prescription of drug (procedure)"
            }
          }
        ],
        "status": "stopped",
        "medicationReference": {
          "reference": ""
        },
        "subject": {
          "reference": "urn:uuid:397d6a6b-6c44-4408-aa63-7f3181e30830"
        },
        "context": {
          "reference": "urn:uuid:200b4bd9-f425-4df5-8ddd-135bd109146d"
        },
        "authoredOn": "2012-06-30",
        "reasonReference": [
          {
            "reference": "urn:uuid:5b63f608-1f6a-40af-8fe5-d1699fcf693d"
          }
        ],
        "dosageInstruction": [
          {

          }
        ],
        "resourceType": "MedicationRequest"
      }
    },
    {
      "fullUrl": "urn:uuid:0def3c3e-d213-47d1-827d-e77f159ba356",
      "resource": {
        "id": "0def3c3e-d213-47d1-827d-e77f159ba356",
        "meta": {
          "profile": [
            "http://standardhealthrecord.org/fhir/StructureDefinition/shr-encounter-Encounter"
          ]
        },
        "status": "finished",
        "class": {
          "code": "inpatient"
        },
        "type": [
          {
            "coding": [
              {
                "system": "http://snomed.info/sct",
                "code": "305408004"
              }
            ],
            "text": "Admission to surgical department"
          }
        ],
        "subject": {
          "reference": "urn:uuid:397d6a6b-6c44-4408-aa63-7f3181e30830"
        },
        "period": {
          "start": "2012-07-09T16:29:40-04:00",
          "end": "2012-07-09T18:55:14-04:00"
        },
        "serviceProvider": {
          "reference": "urn:uuid:6413352f-c6be-429e-b331-9b5ef5b3b51f"
        },
        "resourceType": "Encounter"
      }
    },
    {
      "resource": {
        "meta": {
          "profile": [
            "http://standardhealthrecord.org/fhir/StructureDefinition/shr-procedure-Procedure"
          ]
        },
        "extension": [
          {
            "url": "http://standardhealthrecord.org/fhir/StructureDefinition/shr-core-CodeableConcept-extension",
            "valueCodeableConcept": {
              "coding": [
                {
                  "system": "http://snomed.info/sct",
                  "code": "287664005",
                  "display": "Bilateral tubal ligation"
                }
              ],
              "text": "Bilateral tubal ligation"
            }
          }
        ],
        "status": "completed",
        "code": {
          "coding": [
            {
              "system": "http://snomed.info/sct",
              "code": "287664005",
              "display": "Bilateral tubal ligation"
            }
          ],
          "text": "Bilateral tubal ligation"
        },
        "subject": {
          "reference": "urn:uuid:397d6a6b-6c44-4408-aa63-7f3181e30830"
        },
        "context": {
          "reference": "urn:uuid:0def3c3e-d213-47d1-827d-e77f159ba356"
        },
        "performedPeriod": {
          "start": "2012-07-09T16:29:40-04:00",
          "end": "2012-07-09T18:41:10-04:00"
        },
        "resourceType": "Procedure"
      }
    },
    {
      "resource": {
        "status": "completed",
        "category": [
          {
            "coding": [
              {
                "system": "http://snomed.info/sct",
                "code": "787301000000101",
                "display": "Surgery care management"
              }
            ]
          }
        ],
        "subject": {
          "reference": "urn:uuid:397d6a6b-6c44-4408-aa63-7f3181e30830"
        },
        "context": {
          "reference": "urn:uuid:0def3c3e-d213-47d1-827d-e77f159ba356"
        },
        "period": {
          "start": "2012-07-09",
          "end": "2012-07-28"
        },
        "activity": [
          {
            "detail": {
              "code": {
                "coding": [
                  {
                    "system": "http://snomed.info/sct",
                    "code": "183051005",
                    "display": "Recommendation to rest"
                  }
                ]
              },
              "status": "completed"
            }
          },
          {
            "detail": {
              "code": {
                "coding": [
                  {
                    "system": "http://snomed.info/sct",
                    "code": "243077000",
                    "display": "Recommendation to limit sexual activity"
                  }
                ]
              },
              "status": "completed"
            }
          }
        ],
        "resourceType": "CarePlan"
      }
    },
    {
      "fullUrl": "urn:uuid:b4476d92-ac0d-4d12-812a-bab144ed5475",
      "resource": {
        "id": "b4476d92-ac0d-4d12-812a-bab144ed5475",
        "meta": {
          "profile": [
            "http://standardhealthrecord.org/fhir/StructureDefinition/shr-encounter-Encounter"
          ]
        },
        "status": "finished",
        "class": {
          "code": "outpatient"
        },
        "type": [
          {
            "coding": [
              {
                "system": "http://snomed.info/sct",
                "code": "185349003"
              }
            ],
            "text": "Outpatient Encounter"
          }
        ],
        "subject": {
          "reference": "urn:uuid:397d6a6b-6c44-4408-aa63-7f3181e30830"
        },
        "period": {
          "start": "2014-12-14T19:03:05-05:00",
          "end": "2014-12-14T20:03:05-05:00"
        },
        "serviceProvider": {
          "reference": "urn:uuid:6413352f-c6be-429e-b331-9b5ef5b3b51f"
        },
        "resourceType": "Encounter"
      }
    },
    {
      "fullUrl": "urn:uuid:54bc1dce-edc8-4269-9ffc-b05db7d8d7f2",
      "resource": {
        "id": "54bc1dce-edc8-4269-9ffc-b05db7d8d7f2",
        "meta": {
          "profile": [
            "http://standardhealthrecord.org/fhir/StructureDefinition/shr-observation-Observation"
          ]
        },
        "status": "final",
        "category": [
          {
            "coding": [
              {
                "system": "http://hl7.org/fhir/observation-category",
                "code": "laboratory"
              }
            ]
          }
        ],
        "code": {
          "coding": [
            {
              "system": "http://loinc.org",
              "code": "4548-4",
              "display": "Hemoglobin A1c/Hemoglobin.total in Blood"
            }
          ],
          "text": "Hemoglobin A1c/Hemoglobin.total in Blood"
        },
        "subject": {
          "reference": "urn:uuid:397d6a6b-6c44-4408-aa63-7f3181e30830"
        },
        "context": {
          "reference": "urn:uuid:b4476d92-ac0d-4d12-812a-bab144ed5475"
        },
        "effectiveDateTime": "2014-12-14T19:03:05-05:00",
        "issued": "2014-12-14T19:03:05-05:00",
        "valueQuantity": {
          "value": 6.2,
          "unit": "%",
          "system": "http://unitsofmeasure.org/",
          "code": "%"
        },
        "resourceType": "Observation"
      }
    },
    {
      "fullUrl": "urn:uuid:9bb67b78-082a-49e7-8c2b-7bab15ce0a7d",
      "resource": {
        "id": "9bb67b78-082a-49e7-8c2b-7bab15ce0a7d",
        "meta": {
          "profile": [
            "http://standardhealthrecord.org/fhir/StructureDefinition/shr-observation-Observation",
            "http://standardhealthrecord.org/fhir/StructureDefinition/shr-vital-VitalSign",
            "http://standardhealthrecord.org/fhir/StructureDefinition/shr-vital-BodyHeight"
          ]
        },
        "status": "final",
        "category": [
          {
            "coding": [
              {
                "system": "http://hl7.org/fhir/observation-category",
                "code": "vital-signs"
              }
            ]
          }
        ],
        "code": {
          "coding": [
            {
              "system": "http://loinc.org",
              "code": "8302-2",
              "display": "Body Height"
            }
          ],
          "text": "Body Height"
        },
        "subject": {
          "reference": "urn:uuid:397d6a6b-6c44-4408-aa63-7f3181e30830"
        },
        "context": {
          "reference": "urn:uuid:b4476d92-ac0d-4d12-812a-bab144ed5475"
        },
        "effectiveDateTime": "2014-12-14T19:03:05-05:00",
        "issued": "2014-12-14T19:03:05-05:00",
        "valueQuantity": {
          "value": 152.42082505567018,
          "unit": "cm",
          "system": "http://unitsofmeasure.org/",
          "code": "cm"
        },
        "resourceType": "Observation"
      }
    },
    {
      "fullUrl": "urn:uuid:14a1c7d1-9cb5-458c-bd81-a7b7bb976bf5",
      "resource": {
        "id": "14a1c7d1-9cb5-458c-bd81-a7b7bb976bf5",
        "meta": {
          "profile": [
            "http://standardhealthrecord.org/fhir/StructureDefinition/shr-observation-Observation",
            "http://standardhealthrecord.org/fhir/StructureDefinition/shr-vital-VitalSign",
            "http://standardhealthrecord.org/fhir/StructureDefinition/shr-vital-BodyWeight"
          ]
        },
        "status": "final",
        "category": [
          {
            "coding": [
              {
                "system": "http://hl7.org/fhir/observation-category",
                "code": "vital-signs"
              }
            ]
          }
        ],
        "code": {
          "coding": [
            {
              "system": "http://loinc.org",
              "code": "29463-7",
              "display": "Body Weight"
            }
          ],
          "text": "Body Weight"
        },
        "subject": {
          "reference": "urn:uuid:397d6a6b-6c44-4408-aa63-7f3181e30830"
        },
        "context": {
          "reference": "urn:uuid:b4476d92-ac0d-4d12-812a-bab144ed5475"
        },
        "effectiveDateTime": "2014-12-14T19:03:05-05:00",
        "issued": "2014-12-14T19:03:05-05:00",
        "valueQuantity": {
          "value": 78.03210909140815,
          "unit": "kg",
          "system": "http://unitsofmeasure.org/",
          "code": "kg"
        },
        "resourceType": "Observation"
      }
    },
    {
      "fullUrl": "urn:uuid:e9098945-7233-45d7-a85b-68befd49f4fd",
      "resource": {
        "id": "e9098945-7233-45d7-a85b-68befd49f4fd",
        "meta": {
          "profile": [
            "http://standardhealthrecord.org/fhir/StructureDefinition/shr-observation-Observation",
            "http://standardhealthrecord.org/fhir/StructureDefinition/shr-vital-VitalSign",
            "http://standardhealthrecord.org/fhir/StructureDefinition/shr-vital-BodyMassIndex"
          ]
        },
        "status": "final",
        "category": [
          {
            "coding": [
              {
                "system": "http://hl7.org/fhir/observation-category",
                "code": "vital-signs"
              }
            ]
          }
        ],
        "code": {
          "coding": [
            {
              "system": "http://loinc.org",
              "code": "39156-5",
              "display": "Body Mass Index"
            }
          ],
          "text": "Body Mass Index"
        },
        "subject": {
          "reference": "urn:uuid:397d6a6b-6c44-4408-aa63-7f3181e30830"
        },
        "context": {
          "reference": "urn:uuid:b4476d92-ac0d-4d12-812a-bab144ed5475"
        },
        "effectiveDateTime": "2014-12-14T19:03:05-05:00",
        "issued": "2014-12-14T19:03:05-05:00",
        "valueQuantity": {
          "value": 33.58804521376762,
          "unit": "kg/m2",
          "system": "http://unitsofmeasure.org/",
          "code": "kg/m2"
        },
        "resourceType": "Observation"
      }
    },
    {
      "fullUrl": "urn:uuid:25ef4c34-2a6d-4258-b34c-880933db3519",
      "resource": {
        "id": "25ef4c34-2a6d-4258-b34c-880933db3519",
        "meta": {
          "profile": [
            "http://standardhealthrecord.org/fhir/StructureDefinition/shr-observation-Observation",
            "http://standardhealthrecord.org/fhir/StructureDefinition/shr-vital-BloodPressure"
          ]
        },
        "status": "final",
        "category": [
          {
            "coding": [
              {
                "system": "http://hl7.org/fhir/observation-category",
                "code": "vital-signs"
              }
            ]
          }
        ],
        "code": {
          "coding": [
            {
              "system": "http://loinc.org",
              "code": "55284-4",
              "display": "Blood Pressure"
            }
          ]
        },
        "subject": {
          "reference": "urn:uuid:397d6a6b-6c44-4408-aa63-7f3181e30830"
        },
        "context": {
          "reference": "urn:uuid:b4476d92-ac0d-4d12-812a-bab144ed5475"
        },
        "effectiveDateTime": "2014-12-14T19:03:05-05:00",
        "issued": "2014-12-14T19:03:05-05:00",
        "component": [
          {
            "code": {
              "coding": [
                {
                  "system": "http://loinc.org",
                  "code": "8480-6",
                  "display": "Systolic Blood Pressure"
                }
              ],
              "text": "Systolic Blood Pressure"
            },
            "valueQuantity": {
              "value": 105,
              "unit": "mmHg",
              "system": "http://unitsofmeasure.org/",
              "code": "mmHg"
            }
          },
          {
            "code": {
              "coding": [
                {
                  "system": "http://loinc.org",
                  "code": "8462-4",
                  "display": "Diastolic Blood Pressure"
                }
              ],
              "text": "Diastolic Blood Pressure"
            },
            "valueQuantity": {
              "value": 84,
              "unit": "mmHg",
              "system": "http://unitsofmeasure.org/",
              "code": "mmHg"
            }
          }
        ],
        "resourceType": "Observation"
      }
    },
    {
      "fullUrl": "urn:uuid:d40328da-ab4e-41b3-9ef1-d5a95c8fb317",
      "resource": {
        "id": "d40328da-ab4e-41b3-9ef1-d5a95c8fb317",
        "meta": {
          "profile": [
            "http://standardhealthrecord.org/fhir/StructureDefinition/shr-observation-Observation"
          ]
        },
        "status": "final",
        "category": [
          {
            "coding": [
              {
                "system": "http://hl7.org/fhir/observation-category",
                "code": "laboratory"
              }
            ]
          }
        ],
        "code": {
          "coding": [
            {
              "system": "http://loinc.org",
              "code": "4548-4",
              "display": "Hemoglobin A1c/Hemoglobin.total in Blood"
            }
          ],
          "text": "Hemoglobin A1c/Hemoglobin.total in Blood"
        },
        "subject": {
          "reference": "urn:uuid:397d6a6b-6c44-4408-aa63-7f3181e30830"
        },
        "context": {
          "reference": "urn:uuid:b4476d92-ac0d-4d12-812a-bab144ed5475"
        },
        "effectiveDateTime": "2014-12-14T19:03:05-05:00",
        "issued": "2014-12-14T19:03:05-05:00",
        "valueQuantity": {
          "value": 6.2,
          "unit": "%",
          "system": "http://unitsofmeasure.org/",
          "code": "%"
        },
        "resourceType": "Observation"
      }
    },
    {
      "fullUrl": "urn:uuid:b5eeb56e-27a8-40b4-8727-9f4841380178",
      "resource": {
        "id": "b5eeb56e-27a8-40b4-8727-9f4841380178",
        "meta": {
          "profile": [
            "http://standardhealthrecord.org/fhir/StructureDefinition/shr-observation-Observation"
          ]
        },
        "status": "final",
        "category": [
          {
            "coding": [
              {
                "system": "http://hl7.org/fhir/observation-category",
                "code": "laboratory"
              }
            ]
          }
        ],
        "code": {
          "coding": [
            {
              "system": "http://loinc.org",
              "code": "2339-0",
              "display": "Glucose"
            }
          ],
          "text": "Glucose"
        },
        "subject": {
          "reference": "urn:uuid:397d6a6b-6c44-4408-aa63-7f3181e30830"
        },
        "context": {
          "reference": "urn:uuid:b4476d92-ac0d-4d12-812a-bab144ed5475"
        },
        "effectiveDateTime": "2014-12-14T19:03:05-05:00",
        "issued": "2014-12-14T19:03:05-05:00",
        "valueQuantity": {
          "value": 77,
          "unit": "mg/dL",
          "system": "http://unitsofmeasure.org/",
          "code": "mg/dL"
        },
        "resourceType": "Observation"
      }
    },
    {
      "fullUrl": "urn:uuid:4e279a3d-ed24-402b-923a-3004ca22dc6a",
      "resource": {
        "id": "4e279a3d-ed24-402b-923a-3004ca22dc6a",
        "meta": {
          "profile": [
            "http://standardhealthrecord.org/fhir/StructureDefinition/shr-observation-Observation"
          ]
        },
        "status": "final",
        "category": [
          {
            "coding": [
              {
                "system": "http://hl7.org/fhir/observation-category",
                "code": "laboratory"
              }
            ]
          }
        ],
        "code": {
          "coding": [
            {
              "system": "http://loinc.org",
              "code": "6299-2",
              "display": "Urea Nitrogen"
            }
          ],
          "text": "Urea Nitrogen"
        },
        "subject": {
          "reference": "urn:uuid:397d6a6b-6c44-4408-aa63-7f3181e30830"
        },
        "context": {
          "reference": "urn:uuid:b4476d92-ac0d-4d12-812a-bab144ed5475"
        },
        "effectiveDateTime": "2014-12-14T19:03:05-05:00",
        "issued": "2014-12-14T19:03:05-05:00",
        "valueQuantity": {
          "value": 7,
          "unit": "mg/dL",
          "system": "http://unitsofmeasure.org/",
          "code": "mg/dL"
        },
        "resourceType": "Observation"
      }
    },
    {
      "fullUrl": "urn:uuid:87617fea-dccd-4ab2-adaa-526a03ca26b0",
      "resource": {
        "id": "87617fea-dccd-4ab2-adaa-526a03ca26b0",
        "meta": {
          "profile": [
            "http://standardhealthrecord.org/fhir/StructureDefinition/shr-observation-Observation"
          ]
        },
        "status": "final",
        "category": [
          {
            "coding": [
              {
                "system": "http://hl7.org/fhir/observation-category",
                "code": "laboratory"
              }
            ]
          }
        ],
        "code": {
          "coding": [
            {
              "system": "http://loinc.org",
              "code": "38483-4",
              "display": "Creatinine"
            }
          ],
          "text": "Creatinine"
        },
        "subject": {
          "reference": "urn:uuid:397d6a6b-6c44-4408-aa63-7f3181e30830"
        },
        "context": {
          "reference": "urn:uuid:b4476d92-ac0d-4d12-812a-bab144ed5475"
        },
        "effectiveDateTime": "2014-12-14T19:03:05-05:00",
        "issued": "2014-12-14T19:03:05-05:00",
        "valueQuantity": {
          "value": 1.0,
          "unit": "mg/dL",
          "system": "http://unitsofmeasure.org/",
          "code": "mg/dL"
        },
        "resourceType": "Observation"
      }
    },
    {
      "fullUrl": "urn:uuid:35d8c6e4-c1e6-419b-b8a2-b51b2ca0930d",
      "resource": {
        "id": "35d8c6e4-c1e6-419b-b8a2-b51b2ca0930d",
        "meta": {
          "profile": [
            "http://standardhealthrecord.org/fhir/StructureDefinition/shr-observation-Observation"
          ]
        },
        "status": "final",
        "category": [
          {
            "coding": [
              {
                "system": "http://hl7.org/fhir/observation-category",
                "code": "laboratory"
              }
            ]
          }
        ],
        "code": {
          "coding": [
            {
              "system": "http://loinc.org",
              "code": "49765-1",
              "display": "Calcium"
            }
          ],
          "text": "Calcium"
        },
        "subject": {
          "reference": "urn:uuid:397d6a6b-6c44-4408-aa63-7f3181e30830"
        },
        "context": {
          "reference": "urn:uuid:b4476d92-ac0d-4d12-812a-bab144ed5475"
        },
        "effectiveDateTime": "2014-12-14T19:03:05-05:00",
        "issued": "2014-12-14T19:03:05-05:00",
        "valueQuantity": {
          "value": 8.673807879987582,
          "unit": "mg/dL",
          "system": "http://unitsofmeasure.org/",
          "code": "mg/dL"
        },
        "resourceType": "Observation"
      }
    },
    {
      "fullUrl": "urn:uuid:25dc3adf-719b-4dfd-be7f-668cf0ec6239",
      "resource": {
        "id": "25dc3adf-719b-4dfd-be7f-668cf0ec6239",
        "meta": {
          "profile": [
            "http://standardhealthrecord.org/fhir/StructureDefinition/shr-observation-Observation"
          ]
        },
        "status": "final",
        "category": [
          {
            "coding": [
              {
                "system": "http://hl7.org/fhir/observation-category",
                "code": "laboratory"
              }
            ]
          }
        ],
        "code": {
          "coding": [
            {
              "system": "http://loinc.org",
              "code": "2947-0",
              "display": "Sodium"
            }
          ],
          "text": "Sodium"
        },
        "subject": {
          "reference": "urn:uuid:397d6a6b-6c44-4408-aa63-7f3181e30830"
        },
        "context": {
          "reference": "urn:uuid:b4476d92-ac0d-4d12-812a-bab144ed5475"
        },
        "effectiveDateTime": "2014-12-14T19:03:05-05:00",
        "issued": "2014-12-14T19:03:05-05:00",
        "valueQuantity": {
          "value": 142,
          "unit": "mmol/L",
          "system": "http://unitsofmeasure.org/",
          "code": "mmol/L"
        },
        "resourceType": "Observation"
      }
    },
    {
      "fullUrl": "urn:uuid:20820fb6-043d-4548-b5b8-576d06c0d899",
      "resource": {
        "id": "20820fb6-043d-4548-b5b8-576d06c0d899",
        "meta": {
          "profile": [
            "http://standardhealthrecord.org/fhir/StructureDefinition/shr-observation-Observation"
          ]
        },
        "status": "final",
        "category": [
          {
            "coding": [
              {
                "system": "http://hl7.org/fhir/observation-category",
                "code": "laboratory"
              }
            ]
          }
        ],
        "code": {
          "coding": [
            {
              "system": "http://loinc.org",
              "code": "6298-4",
              "display": "Potassium"
            }
          ],
          "text": "Potassium"
        },
        "subject": {
          "reference": "urn:uuid:397d6a6b-6c44-4408-aa63-7f3181e30830"
        },
        "context": {
          "reference": "urn:uuid:b4476d92-ac0d-4d12-812a-bab144ed5475"
        },
        "effectiveDateTime": "2014-12-14T19:03:05-05:00",
        "issued": "2014-12-14T19:03:05-05:00",
        "valueQuantity": {
          "value": 4.855022026318835,
          "unit": "mmol/L",
          "system": "http://unitsofmeasure.org/",
          "code": "mmol/L"
        },
        "resourceType": "Observation"
      }
    },
    {
      "fullUrl": "urn:uuid:27490e22-5a0d-4333-90b6-2e2208eaac95",
      "resource": {
        "id": "27490e22-5a0d-4333-90b6-2e2208eaac95",
        "meta": {
          "profile": [
            "http://standardhealthrecord.org/fhir/StructureDefinition/shr-observation-Observation"
          ]
        },
        "status": "final",
        "category": [
          {
            "coding": [
              {
                "system": "http://hl7.org/fhir/observation-category",
                "code": "laboratory"
              }
            ]
          }
        ],
        "code": {
          "coding": [
            {
              "system": "http://loinc.org",
              "code": "2069-3",
              "display": "Chloride"
            }
          ],
          "text": "Chloride"
        },
        "subject": {
          "reference": "urn:uuid:397d6a6b-6c44-4408-aa63-7f3181e30830"
        },
        "context": {
          "reference": "urn:uuid:b4476d92-ac0d-4d12-812a-bab144ed5475"
        },
        "effectiveDateTime": "2014-12-14T19:03:05-05:00",
        "issued": "2014-12-14T19:03:05-05:00",
        "valueQuantity": {
          "value": 110,
          "unit": "mmol/L",
          "system": "http://unitsofmeasure.org/",
          "code": "mmol/L"
        },
        "resourceType": "Observation"
      }
    },
    {
      "fullUrl": "urn:uuid:f0c44212-10e6-4fd2-8eb6-c7daf1e742fe",
      "resource": {
        "id": "f0c44212-10e6-4fd2-8eb6-c7daf1e742fe",
        "meta": {
          "profile": [
            "http://standardhealthrecord.org/fhir/StructureDefinition/shr-observation-Observation"
          ]
        },
        "status": "final",
        "category": [
          {
            "coding": [
              {
                "system": "http://hl7.org/fhir/observation-category",
                "code": "laboratory"
              }
            ]
          }
        ],
        "code": {
          "coding": [
            {
              "system": "http://loinc.org",
              "code": "20565-8",
              "display": "Carbon Dioxide"
            }
          ],
          "text": "Carbon Dioxide"
        },
        "subject": {
          "reference": "urn:uuid:397d6a6b-6c44-4408-aa63-7f3181e30830"
        },
        "context": {
          "reference": "urn:uuid:b4476d92-ac0d-4d12-812a-bab144ed5475"
        },
        "effectiveDateTime": "2014-12-14T19:03:05-05:00",
        "issued": "2014-12-14T19:03:05-05:00",
        "valueQuantity": {
          "value": 21,
          "unit": "mmol/L",
          "system": "http://unitsofmeasure.org/",
          "code": "mmol/L"
        },
        "resourceType": "Observation"
      }
    },
    {
      "fullUrl": "urn:uuid:78735428-f325-46b6-b7ca-5a0faa21c464",
      "resource": {
        "id": "78735428-f325-46b6-b7ca-5a0faa21c464",
        "meta": {
          "profile": [
            "http://standardhealthrecord.org/fhir/StructureDefinition/shr-observation-Panel"
          ]
        },
        "status": "final",
        "code": {
          "coding": [
            {
              "system": "http://loinc.org",
              "code": "51990-0",
              "display": "Basic Metabolic Panel"
            }
          ]
        },
        "subject": {
          "reference": "urn:uuid:397d6a6b-6c44-4408-aa63-7f3181e30830"
        },
        "context": {
          "reference": "urn:uuid:b4476d92-ac0d-4d12-812a-bab144ed5475"
        },
        "effectiveDateTime": "2014-12-14T19:03:05-05:00",
        "issued": "2014-12-14T19:03:05-05:00",
        "result": [
          {
            "reference": "urn:uuid:b5eeb56e-27a8-40b4-8727-9f4841380178",
            "display": "Glucose"
          },
          {
            "reference": "urn:uuid:4e279a3d-ed24-402b-923a-3004ca22dc6a",
            "display": "Urea Nitrogen"
          },
          {
            "reference": "urn:uuid:87617fea-dccd-4ab2-adaa-526a03ca26b0",
            "display": "Creatinine"
          },
          {
            "reference": "urn:uuid:35d8c6e4-c1e6-419b-b8a2-b51b2ca0930d",
            "display": "Calcium"
          },
          {
            "reference": "urn:uuid:25dc3adf-719b-4dfd-be7f-668cf0ec6239",
            "display": "Sodium"
          },
          {
            "reference": "urn:uuid:20820fb6-043d-4548-b5b8-576d06c0d899",
            "display": "Potassium"
          },
          {
            "reference": "urn:uuid:27490e22-5a0d-4333-90b6-2e2208eaac95",
            "display": "Chloride"
          },
          {
            "reference": "urn:uuid:f0c44212-10e6-4fd2-8eb6-c7daf1e742fe",
            "display": "Carbon Dioxide"
          }
        ],
        "resourceType": "DiagnosticReport"
      }
    },
    {
      "fullUrl": "urn:uuid:189623ac-552b-4dd4-86d5-68fe9cd111e1",
      "resource": {
        "id": "189623ac-552b-4dd4-86d5-68fe9cd111e1",
        "meta": {
          "profile": [
            "http://standardhealthrecord.org/fhir/StructureDefinition/shr-observation-Observation"
          ]
        },
        "status": "final",
        "category": [
          {
            "coding": [
              {
                "system": "http://hl7.org/fhir/observation-category",
                "code": "laboratory"
              }
            ]
          }
        ],
        "code": {
          "coding": [
            {
              "system": "http://loinc.org",
              "code": "2093-3",
              "display": "Total Cholesterol"
            }
          ],
          "text": "Total Cholesterol"
        },
        "subject": {
          "reference": "urn:uuid:397d6a6b-6c44-4408-aa63-7f3181e30830"
        },
        "context": {
          "reference": "urn:uuid:b4476d92-ac0d-4d12-812a-bab144ed5475"
        },
        "effectiveDateTime": "2014-12-14T19:03:05-05:00",
        "issued": "2014-12-14T19:03:05-05:00",
        "valueQuantity": {
          "value": 161,
          "unit": "mg/dL",
          "system": "http://unitsofmeasure.org/",
          "code": "mg/dL"
        },
        "resourceType": "Observation"
      }
    },
    {
      "fullUrl": "urn:uuid:103f2959-e1e8-470b-a13d-7374490efcd2",
      "resource": {
        "id": "103f2959-e1e8-470b-a13d-7374490efcd2",
        "meta": {
          "profile": [
            "http://standardhealthrecord.org/fhir/StructureDefinition/shr-observation-Observation"
          ]
        },
        "status": "final",
        "category": [
          {
            "coding": [
              {
                "system": "http://hl7.org/fhir/observation-category",
                "code": "laboratory"
              }
            ]
          }
        ],
        "code": {
          "coding": [
            {
              "system": "http://loinc.org",
              "code": "2571-8",
              "display": "Triglycerides"
            }
          ],
          "text": "Triglycerides"
        },
        "subject": {
          "reference": "urn:uuid:397d6a6b-6c44-4408-aa63-7f3181e30830"
        },
        "context": {
          "reference": "urn:uuid:b4476d92-ac0d-4d12-812a-bab144ed5475"
        },
        "effectiveDateTime": "2014-12-14T19:03:05-05:00",
        "issued": "2014-12-14T19:03:05-05:00",
        "valueQuantity": {
          "value": 149,
          "unit": "mg/dL",
          "system": "http://unitsofmeasure.org/",
          "code": "mg/dL"
        },
        "resourceType": "Observation"
      }
    },
    {
      "fullUrl": "urn:uuid:da70d23e-df78-4b61-9bf4-d92169755700",
      "resource": {
        "id": "da70d23e-df78-4b61-9bf4-d92169755700",
        "meta": {
          "profile": [
            "http://standardhealthrecord.org/fhir/StructureDefinition/shr-observation-Observation"
          ]
        },
        "status": "final",
        "category": [
          {
            "coding": [
              {
                "system": "http://hl7.org/fhir/observation-category",
                "code": "laboratory"
              }
            ]
          }
        ],
        "code": {
          "coding": [
            {
              "system": "http://loinc.org",
              "code": "18262-6",
              "display": "Low Density Lipoprotein Cholesterol"
            }
          ],
          "text": "Low Density Lipoprotein Cholesterol"
        },
        "subject": {
          "reference": "urn:uuid:397d6a6b-6c44-4408-aa63-7f3181e30830"
        },
        "context": {
          "reference": "urn:uuid:b4476d92-ac0d-4d12-812a-bab144ed5475"
        },
        "effectiveDateTime": "2014-12-14T19:03:05-05:00",
        "issued": "2014-12-14T19:03:05-05:00",
        "valueQuantity": {
          "value": 70,
          "unit": "mg/dL",
          "system": "http://unitsofmeasure.org/",
          "code": "mg/dL"
        },
        "resourceType": "Observation"
      }
    },
    {
      "fullUrl": "urn:uuid:62b6cef2-7b5c-47b1-a438-e2528d4aec28",
      "resource": {
        "id": "62b6cef2-7b5c-47b1-a438-e2528d4aec28",
        "meta": {
          "profile": [
            "http://standardhealthrecord.org/fhir/StructureDefinition/shr-observation-Observation"
          ]
        },
        "status": "final",
        "category": [
          {
            "coding": [
              {
                "system": "http://hl7.org/fhir/observation-category",
                "code": "laboratory"
              }
            ]
          }
        ],
        "code": {
          "coding": [
            {
              "system": "http://loinc.org",
              "code": "2085-9",
              "display": "High Density Lipoprotein Cholesterol"
            }
          ],
          "text": "High Density Lipoprotein Cholesterol"
        },
        "subject": {
          "reference": "urn:uuid:397d6a6b-6c44-4408-aa63-7f3181e30830"
        },
        "context": {
          "reference": "urn:uuid:b4476d92-ac0d-4d12-812a-bab144ed5475"
        },
        "effectiveDateTime": "2014-12-14T19:03:05-05:00",
        "issued": "2014-12-14T19:03:05-05:00",
        "valueQuantity": {
          "value": 61,
          "unit": "mg/dL",
          "system": "http://unitsofmeasure.org/",
          "code": "mg/dL"
        },
        "resourceType": "Observation"
      }
    },
    {
      "fullUrl": "urn:uuid:a87e712e-3de0-489d-875c-7596f65eaa2b",
      "resource": {
        "id": "a87e712e-3de0-489d-875c-7596f65eaa2b",
        "meta": {
          "profile": [
            "http://standardhealthrecord.org/fhir/StructureDefinition/shr-observation-Panel"
          ]
        },
        "status": "final",
        "code": {
          "coding": [
            {
              "system": "http://loinc.org",
              "code": "57698-3",
              "display": "Lipid Panel"
            }
          ]
        },
        "subject": {
          "reference": "urn:uuid:397d6a6b-6c44-4408-aa63-7f3181e30830"
        },
        "context": {
          "reference": "urn:uuid:b4476d92-ac0d-4d12-812a-bab144ed5475"
        },
        "effectiveDateTime": "2014-12-14T19:03:05-05:00",
        "issued": "2014-12-14T19:03:05-05:00",
        "result": [
          {
            "reference": "urn:uuid:189623ac-552b-4dd4-86d5-68fe9cd111e1",
            "display": "Total Cholesterol"
          },
          {
            "reference": "urn:uuid:103f2959-e1e8-470b-a13d-7374490efcd2",
            "display": "Triglycerides"
          },
          {
            "reference": "urn:uuid:da70d23e-df78-4b61-9bf4-d92169755700",
            "display": "Low Density Lipoprotein Cholesterol"
          },
          {
            "reference": "urn:uuid:62b6cef2-7b5c-47b1-a438-e2528d4aec28",
            "display": "High Density Lipoprotein Cholesterol"
          }
        ],
        "resourceType": "DiagnosticReport"
      }
    },
    {
      "resource": {
        "meta": {
          "profile": [
            "http://standardhealthrecord.org/fhir/StructureDefinition/shr-procedure-Procedure"
          ]
        },
        "extension": [
          {
            "url": "http://standardhealthrecord.org/fhir/StructureDefinition/shr-core-CodeableConcept-extension",
            "valueCodeableConcept": {
              "coding": [
                {
                  "system": "http://snomed.info/sct",
                  "code": "428191000124101",
                  "display": "Documentation of current medications"
                }
              ],
              "text": "Documentation of current medications"
            }
          }
        ],
        "status": "completed",
        "code": {
          "coding": [
            {
              "system": "http://snomed.info/sct",
              "code": "428191000124101",
              "display": "Documentation of current medications"
            }
          ],
          "text": "Documentation of current medications"
        },
        "subject": {
          "reference": "urn:uuid:397d6a6b-6c44-4408-aa63-7f3181e30830"
        },
        "context": {
          "reference": "urn:uuid:b4476d92-ac0d-4d12-812a-bab144ed5475"
        },
        "performedDateTime": "2014-12-14T19:03:05-05:00",
        "resourceType": "Procedure"
      }
    },
    {
      "resource": {
        "meta": {
          "profile": [
            "http://standardhealthrecord.org/fhir/StructureDefinition/shr-immunization-Immunization"
          ]
        },
        "status": "completed",
        "notGiven": false,
        "vaccineCode": {
          "coding": [
            {
              "system": "http://hl7.org/fhir/sid/cvx",
              "code": "140",
              "display": "Influenza, seasonal, injectable, preservative free"
            }
          ],
          "text": "Influenza, seasonal, injectable, preservative free"
        },
        "patient": {
          "reference": "urn:uuid:397d6a6b-6c44-4408-aa63-7f3181e30830"
        },
        "encounter": {
          "reference": "urn:uuid:b4476d92-ac0d-4d12-812a-bab144ed5475"
        },
        "date": "2014-12-14T19:03:05-05:00",
        "primarySource": true,
        "resourceType": "Immunization"
      }
    }
  ],
  "resourceType": "Bundle"
}