{
  "type": "collection",
  "entry": [
    {
      "fullUrl": "urn:uuid:78e7942c-f03a-4ec0-b2ea-39d03496106e",
      "resource": {
        "id": "78e7942c-f03a-4ec0-b2ea-39d03496106e",
        "meta": {
          "profile": [
            "http://standardhealthrecord.org/fhir/StructureDefinition/shr-demographics-PersonOfRecord"
          ]
        },
        "text": {
          "status": "generated",
          "div": "<div>Generated by <a href=\"https://github.com/synthetichealth/synthea\">Synthea</a>. Version identifier: 4d02400401b9fab839e47bf5b2f1f6a8c683ab55</div>"
        },
        "extension": [
          {
            "url": "http://hl7.org/fhir/us/core/StructureDefinition/us-core-race",
            "valueCodeableConcept": {
              "coding": [
                {
                  "system": "http://hl7.org/fhir/v3/Race",
                  "code": "2106-3",
                  "display": "White"
                }
              ],
              "text": "race"
            }
          },
          {
            "url": "http://hl7.org/fhir/us/core/StructureDefinition/us-core-ethnicity",
            "valueCodeableConcept": {
              "coding": [
                {
                  "system": "http://hl7.org/fhir/v3/Ethnicity",
                  "code": "2186-5",
                  "display": "Nonhispanic"
                }
              ],
              "text": "ethnicity"
            }
          },
          {
            "url": "http://hl7.org/fhir/StructureDefinition/birthPlace",
            "valueAddress": {
              "city": "Franklin Town",
              "state": "MA",
              "country": "US"
            }
          },
          {
            "url": "http://hl7.org/fhir/StructureDefinition/patient-mothersMaidenName",
            "valueString": "Justina257 Glover228"
          },
          {
            "url": "http://hl7.org/fhir/us/core/StructureDefinition/us-core-birthsex",
            "valueCode": "M"
          },
          {
            "url": "http://hl7.org/fhir/StructureDefinition/patient-interpreterRequired",
            "valueBoolean": false
          },
          {
            "url": "http://standardhealthrecord.org/fhir/StructureDefinition/shr-actor-FictionalPerson-extension",
            "valueBoolean": true
          },
          {
            "url": "http://standardhealthrecord.org/fhir/StructureDefinition/shr-demographics-FathersName-extension",
            "valueHumanName": {
              "text": "Roderick631 Abbott992"
            }
          },
          {
            "url": "http://standardhealthrecord.org/fhir/StructureDefinition/shr-demographics-SocialSecurityNumber-extension",
            "valueString": "999-43-6608"
          }
        ],
        "identifier": [
          {
            "system": "https://github.com/synthetichealth/synthea",
            "value": "4a960077-781c-4e40-9315-c3541ad4790f"
          },
          {
            "type": {
              "coding": [
                {
                  "system": "http://hl7.org/fhir/identifier-type",
                  "code": "SB"
                }
              ]
            },
            "system": "http://hl7.org/fhir/sid/us-ssn",
            "value": "999436608"
          },
          {
            "type": {
              "coding": [
                {
                  "system": "http://hl7.org/fhir/v2/0203",
                  "code": "DL"
                }
              ]
            },
            "system": "urn:oid:2.16.840.1.113883.4.3.25",
            "value": "S99979882"
          }
        ],
        "name": [
          {
            "use": "official",
            "family": "Abbott992",
            "given": [
              "Deangelo89"
            ],
            "prefix": [
              "Mr."
            ]
          }
        ],
        "telecom": [
          {
            "system": "phone",
            "value": "(307) 004-4205 x201",
            "use": "home"
          }
        ],
        "gender": "male",
        "birthDate": "1944-01-10",
        "deceasedDateTime": "1989-11-04T13:05:53-05:00",
        "address": [
          {
            "extension": [
              {
                "extension": [
                  {
                    "url": "latitude",
                    "valueDecimal": 41.657166225304344
                  },
                  {
                    "url": "longitude",
                    "valueDecimal": -69.97980935245432
                  }
                ],
                "url": "http://hl7.org/fhir/StructureDefinition/geolocation"
              }
            ],
            "line": [
              "41442 King Burgs"
            ],
            "city": "Chatham",
            "state": "MA",
            "postalCode": "02633",
            "country": "US"
          }
        ],
        "maritalStatus": {
          "coding": [
            {
              "system": "http://hl7.org/fhir/v3/MaritalStatus",
              "code": "S"
            }
          ],
          "text": "S"
        },
        "multipleBirthBoolean": false,
        "communication": [
          {
            "language": {
              "coding": [
                {
                  "system": "http://hl7.org/fhir/ValueSet/languages",
                  "code": "en-US",
                  "display": "English (United States)"
                }
              ]
            }
          }
        ],
        "resourceType": "Patient"
      }
    },
    {
      "fullUrl": "urn:uuid:2a393643-0c60-4728-a844-d5a3f6f160a3",
      "resource": {
        "id": "2a393643-0c60-4728-a844-d5a3f6f160a3",
        "meta": {
          "profile": [
            "http://standardhealthrecord.org/fhir/StructureDefinition/shr-actor-Organization"
          ]
        },
        "type": [
          {
            "coding": [
              {
                "system": "http://hl7.org/fhir/ValueSet/organization-type",
                "code": "prov",
                "display": "Healthcare Provider"
              }
            ],
            "text": "Healthcare Provider"
          }
        ],
        "name": "Synthetic Provider",
        "resourceType": "Organization"
      }
    },
    {
      "fullUrl": "urn:uuid:84fba52c-e690-4eb4-b73c-27bbacc56eac",
      "resource": {
        "id": "84fba52c-e690-4eb4-b73c-27bbacc56eac",
        "meta": {
          "profile": [
            "http://standardhealthrecord.org/fhir/StructureDefinition/shr-encounter-Encounter"
          ]
        },
        "status": "finished",
        "class": {
          "code": "ambulatory"
        },
        "type": [
          {
            "coding": [
              {
                "system": "http://snomed.info/sct",
                "code": "308646001"
              }
            ],
            "text": "Death Certification"
          }
        ],
        "subject": {
          "reference": "urn:uuid:78e7942c-f03a-4ec0-b2ea-39d03496106e"
        },
        "period": {
          "start": "1989-11-04T13:05:53-05:00",
          "end": "1989-11-04T13:20:53-05:00"
        },
        "serviceProvider": {
          "reference": "urn:uuid:2a393643-0c60-4728-a844-d5a3f6f160a3"
        },
        "resourceType": "Encounter"
      }
    },
    {
      "fullUrl": "urn:uuid:006ed014-38aa-4d86-802c-65ef3501dbb4",
      "resource": {
        "id": "006ed014-38aa-4d86-802c-65ef3501dbb4",
        "meta": {
          "profile": [
            "http://standardhealthrecord.org/fhir/StructureDefinition/shr-problem-Problem"
          ]
        },
        "clinicalStatus": "active",
        "verificationStatus": "confirmed",
        "code": {
          "coding": [
            {
              "system": "http://snomed.info/sct",
              "code": "162573006",
              "display": "Suspected lung cancer (situation)"
            }
          ],
          "text": "Suspected lung cancer (situation)"
        },
        "subject": {
          "reference": "urn:uuid:78e7942c-f03a-4ec0-b2ea-39d03496106e"
        },
        "context": {
          "reference": "urn:uuid:84fba52c-e690-4eb4-b73c-27bbacc56eac"
        },
        "onsetDateTime": "1989-03-12T04:06:32-05:00",
        "assertedDate": "1989-03-12",
        "resourceType": "Condition"
      }
    },
    {
      "fullUrl": "urn:uuid:43d889fe-a4b9-4972-9d11-94458df48c49",
      "resource": {
        "id": "43d889fe-a4b9-4972-9d11-94458df48c49",
        "meta": {
          "profile": [
            "http://standardhealthrecord.org/fhir/StructureDefinition/shr-problem-Problem"
          ]
        },
        "clinicalStatus": "active",
        "verificationStatus": "confirmed",
        "code": {
          "coding": [
            {
              "system": "http://snomed.info/sct",
              "code": "254637007",
              "display": "Non-small cell lung cancer (disorder)"
            }
          ],
          "text": "Non-small cell lung cancer (disorder)"
        },
        "subject": {
          "reference": "urn:uuid:78e7942c-f03a-4ec0-b2ea-39d03496106e"
        },
        "context": {
          "reference": "urn:uuid:84fba52c-e690-4eb4-b73c-27bbacc56eac"
        },
        "onsetDateTime": "1989-03-20T05:14:36-05:00",
        "assertedDate": "1989-03-20",
        "resourceType": "Condition"
      }
    },
    {
      "fullUrl": "urn:uuid:580da32a-328d-4328-ae0b-b46a96f41f5e",
      "resource": {
        "id": "580da32a-328d-4328-ae0b-b46a96f41f5e",
        "meta": {
          "profile": [
            "http://standardhealthrecord.org/fhir/StructureDefinition/shr-problem-Problem"
          ]
        },
        "clinicalStatus": "active",
        "verificationStatus": "confirmed",
        "code": {
          "coding": [
            {
              "system": "http://snomed.info/sct",
              "code": "423121009",
              "display": "Non-small cell carcinoma of lung, TNM stage 4 (disorder)"
            }
          ],
          "text": "Non-small cell carcinoma of lung, TNM stage 4 (disorder)"
        },
        "subject": {
          "reference": "urn:uuid:78e7942c-f03a-4ec0-b2ea-39d03496106e"
        },
        "context": {
          "reference": "urn:uuid:84fba52c-e690-4eb4-b73c-27bbacc56eac"
        },
        "onsetDateTime": "1989-03-23T03:03:01-05:00",
        "assertedDate": "1989-03-23",
        "resourceType": "Condition"
      }
    },
    {
      "fullUrl": "urn:uuid:576d39f3-843a-43a2-8394-83148ba49854",
      "resource": {
        "id": "576d39f3-843a-43a2-8394-83148ba49854",
        "meta": {
          "profile": [
            "http://standardhealthrecord.org/fhir/StructureDefinition/shr-observation-Observation"
          ]
        },
        "status": "final",
        "category": [
          {
            "coding": [
              {
                "system": "http://hl7.org/fhir/observation-category"
              }
            ]
          }
        ],
        "code": {
          "coding": [
            {
              "system": "http://loinc.org",
              "code": "69453-9",
              "display": "Cause of Death [US Standard Certificate of Death]"
            }
          ],
          "text": "Cause of Death [US Standard Certificate of Death]"
        },
        "subject": {
          "reference": "urn:uuid:78e7942c-f03a-4ec0-b2ea-39d03496106e"
        },
        "context": {
          "reference": "urn:uuid:84fba52c-e690-4eb4-b73c-27bbacc56eac"
        },
        "effectiveDateTime": "1989-11-04T13:05:53-05:00",
        "issued": "1989-11-04T13:05:53-05:00",
        "valueCodeableConcept": {
          "coding": [
            {
              "system": "http://snomed.info/sct",
              "code": "254637007",
              "display": "Non-small cell lung cancer (disorder)"
            }
          ],
          "text": "Non-small cell lung cancer (disorder)"
        },
        "resourceType": "Observation"
      }
    },
    {
      "fullUrl": "urn:uuid:532e05aa-5be5-4180-a1cf-5818b7d745e6",
      "resource": {
        "id": "532e05aa-5be5-4180-a1cf-5818b7d745e6",
        "meta": {
          "profile": [
            "http://standardhealthrecord.org/fhir/StructureDefinition/shr-observation-Panel"
          ]
        },
        "status": "final",
        "code": {
          "coding": [
            {
              "system": "http://loinc.org",
              "code": "69409-1",
              "display": "U.S. standard certificate of death - 2003 revision"
            }
          ]
        },
        "subject": {
          "reference": "urn:uuid:78e7942c-f03a-4ec0-b2ea-39d03496106e"
        },
        "context": {
          "reference": "urn:uuid:84fba52c-e690-4eb4-b73c-27bbacc56eac"
        },
        "effectiveDateTime": "1989-11-04T13:05:53-05:00",
        "issued": "1989-11-04T13:05:53-05:00",
        "result": [
          {
            "reference": "urn:uuid:576d39f3-843a-43a2-8394-83148ba49854",
            "display": "Cause of Death [US Standard Certificate of Death]"
          }
        ],
        "resourceType": "DiagnosticReport"
      }
    },
    {
      "resource": {
        "status": "active",
        "category": [
          {
            "coding": [
              {
                "system": "http://snomed.info/sct",
                "code": "182964004",
                "display": "Terminal care"
              }
            ]
          }
        ],
        "subject": {
          "reference": "urn:uuid:78e7942c-f03a-4ec0-b2ea-39d03496106e"
        },
        "context": {
          "reference": "urn:uuid:84fba52c-e690-4eb4-b73c-27bbacc56eac"
        },
        "period": {
          "start": "1989-03-23"
        },
        "addresses": [
          {
            "reference": "urn:uuid:580da32a-328d-4328-ae0b-b46a96f41f5e"
          }
        ],
        "activity": [
          {
            "detail": {
              "code": {
                "coding": [
                  {
                    "system": "http://snomed.info/sct",
                    "code": "133918004",
                    "display": "Comfort measures"
                  }
                ]
              },
              "status": "in-progress"
            }
          },
          {
            "detail": {
              "code": {
                "coding": [
                  {
                    "system": "http://snomed.info/sct",
                    "code": "408957008",
                    "display": "Chronic pain control management"
                  }
                ]
              },
              "status": "in-progress"
            }
          },
          {
            "detail": {
              "code": {
                "coding": [
                  {
                    "system": "http://snomed.info/sct",
                    "code": "243072006",
                    "display": "Cancer education"
                  }
                ]
              },
              "status": "in-progress"
            }
          }
        ],
        "resourceType": "CarePlan"
      }
    },
    {
      "resource": {
        "meta": {
          "profile": [
            "http://standardhealthrecord.org/fhir/StructureDefinition/shr-medication-Medication"
          ]
        },
        "code": {
          "coding": [
            {
              "system": "http://www.nlm.nih.gov/research/umls/rxnorm",
              "code": "834060",
              "display": "Penicillin V Potassium 250 MG"
            }
          ],
          "text": "Penicillin V Potassium 250 MG"
        },
        "resourceType": "Medication"
      }
    },
    {
      "resource": {
        "meta": {
          "profile": [
            "http://standardhealthrecord.org/fhir/StructureDefinition/shr-medication-MedicationPrescription"
          ]
        },
        "extension": [
          {
            "url": "http://standardhealthrecord.org/fhir/StructureDefinition/shr-base-ActionCode-extension",
            "valueCodeableConcept": {
              "coding": [
                {
                  "system": "http://snomed.info/sct",
                  "code": "33633005",
                  "display": "Prescription of drug (procedure)"
                }
              ],
              "text": "Prescription of drug (procedure)"
            }
          }
        ],
        "status": "active",
        "medicationReference": {
          "reference": ""
        },
        "subject": {
          "reference": "urn:uuid:78e7942c-f03a-4ec0-b2ea-39d03496106e"
        },
        "context": {
          "reference": "urn:uuid:84fba52c-e690-4eb4-b73c-27bbacc56eac"
        },
        "authoredOn": "1951-04-01",
        "dosageInstruction": [
          {

          }
        ],
        "resourceType": "MedicationRequest"
      }
    },
    {
      "resource": {
        "meta": {
          "profile": [
            "http://standardhealthrecord.org/fhir/StructureDefinition/shr-medication-Medication"
          ]
        },
        "code": {
          "coding": [
            {
              "system": "http://www.nlm.nih.gov/research/umls/rxnorm",
              "code": "834101",
              "display": "Penicillin V Potassium 500 MG"
            }
          ],
          "text": "Penicillin V Potassium 500 MG"
        },
        "resourceType": "Medication"
      }
    },
    {
      "resource": {
        "meta": {
          "profile": [
            "http://standardhealthrecord.org/fhir/StructureDefinition/shr-medication-MedicationPrescription"
          ]
        },
        "extension": [
          {
            "url": "http://standardhealthrecord.org/fhir/StructureDefinition/shr-base-ActionCode-extension",
            "valueCodeableConcept": {
              "coding": [
                {
                  "system": "http://snomed.info/sct",
                  "code": "33633005",
                  "display": "Prescription of drug (procedure)"
                }
              ],
              "text": "Prescription of drug (procedure)"
            }
          }
        ],
        "status": "active",
        "medicationReference": {
          "reference": ""
        },
        "subject": {
          "reference": "urn:uuid:78e7942c-f03a-4ec0-b2ea-39d03496106e"
        },
        "context": {
          "reference": "urn:uuid:84fba52c-e690-4eb4-b73c-27bbacc56eac"
        },
        "authoredOn": "1977-06-22",
        "dosageInstruction": [
          {

          }
        ],
        "resourceType": "MedicationRequest"
      }
    }
  ],
  "resourceType": "Bundle"
}