{
  "type": "collection",
  "entry": [
    {
      "fullUrl": "urn:uuid:526fefe2-76fb-461a-92d3-ca3b6880230e",
      "resource": {
        "id": "526fefe2-76fb-461a-92d3-ca3b6880230e",
        "meta": {
          "profile": [
            "http://standardhealthrecord.org/fhir/StructureDefinition/shr-demographics-PersonOfRecord"
          ]
        },
        "text": {
          "status": "generated",
          "div": "<div>Generated by <a href=\"https://github.com/synthetichealth/synthea\">Synthea</a>. Version identifier: 4d02400401b9fab839e47bf5b2f1f6a8c683ab55</div>"
        },
        "extension": [
          {
            "url": "http://hl7.org/fhir/us/core/StructureDefinition/us-core-race",
            "valueCodeableConcept": {
              "coding": [
                {
                  "system": "http://hl7.org/fhir/v3/Race",
                  "code": "2131-1",
                  "display": "Other"
                }
              ],
              "text": "race"
            }
          },
          {
            "url": "http://hl7.org/fhir/us/core/StructureDefinition/us-core-ethnicity",
            "valueCodeableConcept": {
              "coding": [
                {
                  "system": "http://hl7.org/fhir/v3/Ethnicity",
                  "code": "2180-8",
                  "display": "Puerto_rican"
                }
              ],
              "text": "ethnicity"
            }
          },
          {
            "url": "http://hl7.org/fhir/StructureDefinition/birthPlace",
            "valueAddress": {
              "city": "Springfield",
              "state": "MA",
              "country": "US"
            }
          },
          {
            "url": "http://hl7.org/fhir/StructureDefinition/patient-mothersMaidenName",
            "valueString": "Dorris36 Schowalter919"
          },
          {
            "url": "http://hl7.org/fhir/us/core/StructureDefinition/us-core-birthsex",
            "valueCode": "F"
          },
          {
            "url": "http://hl7.org/fhir/StructureDefinition/patient-interpreterRequired",
            "valueBoolean": false
          },
          {
            "url": "http://standardhealthrecord.org/fhir/StructureDefinition/shr-actor-FictionalPerson-extension",
            "valueBoolean": true
          },
          {
            "url": "http://standardhealthrecord.org/fhir/StructureDefinition/shr-demographics-FathersName-extension",
            "valueHumanName": {
              "text": "Anais307 Bosco20"
            }
          },
          {
            "url": "http://standardhealthrecord.org/fhir/StructureDefinition/shr-demographics-SocialSecurityNumber-extension",
            "valueString": "999-55-6208"
          }
        ],
        "identifier": [
          {
            "system": "https://github.com/synthetichealth/synthea",
            "value": "89a2723e-9630-4760-830c-1741abe76e04"
          },
          {
            "type": {
              "coding": [
                {
                  "system": "http://hl7.org/fhir/identifier-type",
                  "code": "SB"
                }
              ]
            },
            "system": "http://hl7.org/fhir/sid/us-ssn",
            "value": "999556208"
          },
          {
            "type": {
              "coding": [
                {
                  "system": "http://hl7.org/fhir/v2/0203",
                  "code": "DL"
                }
              ]
            },
            "system": "urn:oid:2.16.840.1.113883.4.3.25",
            "value": "S99970179"
          },
          {
            "type": {
              "coding": [
                {
                  "system": "http://hl7.org/fhir/v2/0203",
                  "code": "PPN"
                }
              ]
            },
            "system": "http://standardhealthrecord.org/fhir/StructureDefinition/passportNumber",
            "value": "X11261826X"
          }
        ],
        "name": [
          {
            "use": "official",
            "family": "Abbott992",
            "given": [
              "Emerald699"
            ],
            "prefix": [
              "Mrs."
            ]
          },
          {
            "use": "maiden",
            "family": "Bosco20",
            "given": [
              "Emerald699"
            ]
          }
        ],
        "telecom": [
          {
            "system": "phone",
            "value": "875-954-7954",
            "use": "home"
          }
        ],
        "gender": "female",
        "birthDate": "1986-12-11",
        "address": [
          {
            "extension": [
              {
                "extension": [
                  {
                    "url": "latitude",
                    "valueDecimal": 42.77171384670124
                  },
                  {
                    "url": "longitude",
                    "valueDecimal": -71.0948318217036
                  }
                ],
                "url": "http://hl7.org/fhir/StructureDefinition/geolocation"
              }
            ],
            "line": [
              "576 Cummerata Manors",
              "Apt. 217"
            ],
            "city": "Haverhill",
            "state": "MA",
            "postalCode": "01835",
            "country": "US"
          }
        ],
        "maritalStatus": {
          "coding": [
            {
              "system": "http://hl7.org/fhir/v3/MaritalStatus",
              "code": "M"
            }
          ],
          "text": "M"
        },
        "multipleBirthBoolean": false,
        "communication": [
          {
            "language": {
              "coding": [
                {
                  "system": "http://hl7.org/fhir/ValueSet/languages",
                  "code": "es",
                  "display": "Spanish"
                }
              ]
            }
          }
        ],
        "resourceType": "Patient"
      }
    },
    {
      "fullUrl": "urn:uuid:5614a241-7e3a-4c4e-b508-7472230fb9d2",
      "resource": {
        "id": "5614a241-7e3a-4c4e-b508-7472230fb9d2",
        "meta": {
          "profile": [
            "http://standardhealthrecord.org/fhir/StructureDefinition/shr-actor-Organization"
          ]
        },
        "type": [
          {
            "coding": [
              {
                "system": "http://hl7.org/fhir/ValueSet/organization-type",
                "code": "prov",
                "display": "Healthcare Provider"
              }
            ],
            "text": "Healthcare Provider"
          }
        ],
        "name": "Synthetic Provider",
        "resourceType": "Organization"
      }
    },
    {
      "fullUrl": "urn:uuid:a8262b8d-7f62-49da-b702-3605a151ea13",
      "resource": {
        "id": "a8262b8d-7f62-49da-b702-3605a151ea13",
        "meta": {
          "profile": [
            "http://standardhealthrecord.org/fhir/StructureDefinition/shr-encounter-Encounter"
          ]
        },
        "status": "finished",
        "class": {
          "code": "ambulatory"
        },
        "type": [
          {
            "coding": [
              {
                "system": "http://snomed.info/sct",
                "code": "185345009"
              }
            ],
            "text": "Encounter for symptom"
          }
        ],
        "subject": {
          "reference": "urn:uuid:526fefe2-76fb-461a-92d3-ca3b6880230e"
        },
        "period": {
          "start": "2011-06-04T19:21:12-04:00",
          "end": "2011-06-04T19:21:12-04:00"
        },
        "reason": {
          "coding": [
            {
              "system": "http://snomed.info/sct",
              "code": "195662009",
              "display": "Acute viral pharyngitis (disorder)"
            }
          ]
        },
        "serviceProvider": {
          "reference": "urn:uuid:5614a241-7e3a-4c4e-b508-7472230fb9d2"
        },
        "resourceType": "Encounter"
      }
    },
    {
      "resource": {
        "meta": {
          "profile": [
            "http://standardhealthrecord.org/fhir/StructureDefinition/shr-allergy-AllergyIntolerance"
          ]
        },
        "modifierExtension": [
          {
            "extension": [
              {
                "url": "http://standardhealthrecord.org/fhir/StructureDefinition/primitive-boolean-extension",
                "valueBoolean": false
              }
            ],
            "url": "http://standardhealthrecord.org/fhir/StructureDefinition/shr-base-NonOccurrenceModifier-extension"
          }
        ],
        "clinicalStatus": "active",
        "verificationStatus": "confirmed",
        "type": "allergy",
        "category": [
          "food"
        ],
        "criticality": "high",
        "code": {
          "coding": [
            {
              "system": "http://snomed.info/sct",
              "code": "91935009",
              "display": "Allergy to peanuts"
            }
          ]
        },
        "patient": {
          "reference": "urn:uuid:526fefe2-76fb-461a-92d3-ca3b6880230e"
        },
        "assertedDate": "1988-05-18T23:21:16-04:00",
        "resourceType": "AllergyIntolerance"
      }
    },
    {
      "resource": {
        "meta": {
          "profile": [
            "http://standardhealthrecord.org/fhir/StructureDefinition/shr-allergy-AllergyIntolerance"
          ]
        },
        "modifierExtension": [
          {
            "extension": [
              {
                "url": "http://standardhealthrecord.org/fhir/StructureDefinition/primitive-boolean-extension",
                "valueBoolean": false
              }
            ],
            "url": "http://standardhealthrecord.org/fhir/StructureDefinition/shr-base-NonOccurrenceModifier-extension"
          }
        ],
        "clinicalStatus": "active",
        "verificationStatus": "confirmed",
        "type": "allergy",
        "category": [
          "food"
        ],
        "criticality": "high",
        "code": {
          "coding": [
            {
              "system": "http://snomed.info/sct",
              "code": "300913006",
              "display": "Shellfish allergy"
            }
          ]
        },
        "patient": {
          "reference": "urn:uuid:526fefe2-76fb-461a-92d3-ca3b6880230e"
        },
        "assertedDate": "1988-05-18T23:21:16-04:00",
        "resourceType": "AllergyIntolerance"
      }
    },
    {
      "resource": {
        "meta": {
          "profile": [
            "http://standardhealthrecord.org/fhir/StructureDefinition/shr-allergy-AllergyIntolerance"
          ]
        },
        "modifierExtension": [
          {
            "extension": [
              {
                "url": "http://standardhealthrecord.org/fhir/StructureDefinition/primitive-boolean-extension",
                "valueBoolean": false
              }
            ],
            "url": "http://standardhealthrecord.org/fhir/StructureDefinition/shr-base-NonOccurrenceModifier-extension"
          }
        ],
        "clinicalStatus": "active",
        "verificationStatus": "confirmed",
        "type": "allergy",
        "category": [
          "food"
        ],
        "criticality": "high",
        "code": {
          "coding": [
            {
              "system": "http://snomed.info/sct",
              "code": "232350006",
              "display": "House dust mite allergy"
            }
          ]
        },
        "patient": {
          "reference": "urn:uuid:526fefe2-76fb-461a-92d3-ca3b6880230e"
        },
        "assertedDate": "1988-05-18T23:21:16-04:00",
        "resourceType": "AllergyIntolerance"
      }
    },
    {
      "resource": {
        "meta": {
          "profile": [
            "http://standardhealthrecord.org/fhir/StructureDefinition/shr-allergy-AllergyIntolerance"
          ]
        },
        "modifierExtension": [
          {
            "extension": [
              {
                "url": "http://standardhealthrecord.org/fhir/StructureDefinition/primitive-boolean-extension",
                "valueBoolean": false
              }
            ],
            "url": "http://standardhealthrecord.org/fhir/StructureDefinition/shr-base-NonOccurrenceModifier-extension"
          }
        ],
        "clinicalStatus": "active",
        "verificationStatus": "confirmed",
        "type": "allergy",
        "category": [
          "food"
        ],
        "criticality": "low",
        "code": {
          "coding": [
            {
              "system": "http://snomed.info/sct",
              "code": "424213003",
              "display": "Allergy to bee venom"
            }
          ]
        },
        "patient": {
          "reference": "urn:uuid:526fefe2-76fb-461a-92d3-ca3b6880230e"
        },
        "assertedDate": "1988-05-18T23:21:16-04:00",
        "resourceType": "AllergyIntolerance"
      }
    },
    {
      "fullUrl": "urn:uuid:aeb3e485-fc3d-46af-8c23-af2b2af6778c",
      "resource": {
        "id": "aeb3e485-fc3d-46af-8c23-af2b2af6778c",
        "meta": {
          "profile": [
            "http://standardhealthrecord.org/fhir/StructureDefinition/shr-problem-Problem"
          ]
        },
        "clinicalStatus": "active",
        "verificationStatus": "confirmed",
        "code": {
          "coding": [
            {
              "system": "http://snomed.info/sct",
              "code": "367498001",
              "display": "Seasonal allergic rhinitis"
            }
          ],
          "text": "Seasonal allergic rhinitis"
        },
        "subject": {
          "reference": "urn:uuid:526fefe2-76fb-461a-92d3-ca3b6880230e"
        },
        "context": {
          "reference": "urn:uuid:a8262b8d-7f62-49da-b702-3605a151ea13"
        },
        "onsetDateTime": "1992-04-07T09:19:52-04:00",
        "assertedDate": "1992-04-07",
        "resourceType": "Condition"
      }
    },
    {
      "fullUrl": "urn:uuid:90a3d657-65ec-4055-b1d7-2cd8bef951ee",
      "resource": {
        "id": "90a3d657-65ec-4055-b1d7-2cd8bef951ee",
        "meta": {
          "profile": [
            "http://standardhealthrecord.org/fhir/StructureDefinition/shr-problem-Problem"
          ]
        },
        "clinicalStatus": "active",
        "verificationStatus": "confirmed",
        "code": {
          "coding": [
            {
              "system": "http://snomed.info/sct",
              "code": "24079001",
              "display": "Atopic dermatitis"
            }
          ],
          "text": "Atopic dermatitis"
        },
        "subject": {
          "reference": "urn:uuid:526fefe2-76fb-461a-92d3-ca3b6880230e"
        },
        "context": {
          "reference": "urn:uuid:a8262b8d-7f62-49da-b702-3605a151ea13"
        },
        "onsetDateTime": "1993-03-07T17:52:45-05:00",
        "assertedDate": "1993-03-07",
        "resourceType": "Condition"
      }
    },
    {
      "fullUrl": "urn:uuid:7fd17b5e-2f18-4614-9a94-d34a912e6e97",
      "resource": {
        "id": "7fd17b5e-2f18-4614-9a94-d34a912e6e97",
        "meta": {
          "profile": [
            "http://standardhealthrecord.org/fhir/StructureDefinition/shr-problem-Problem"
          ]
        },
        "clinicalStatus": "active",
        "verificationStatus": "confirmed",
        "code": {
          "coding": [
            {
              "system": "http://snomed.info/sct",
              "code": "40055000",
              "display": "Chronic sinusitis (disorder)"
            }
          ],
          "text": "Chronic sinusitis (disorder)"
        },
        "subject": {
          "reference": "urn:uuid:526fefe2-76fb-461a-92d3-ca3b6880230e"
        },
        "context": {
          "reference": "urn:uuid:a8262b8d-7f62-49da-b702-3605a151ea13"
        },
        "onsetDateTime": "2007-03-15T01:52:57-04:00",
        "assertedDate": "2007-03-15",
        "resourceType": "Condition"
      }
    },
    {
      "fullUrl": "urn:uuid:e2d68a13-420d-4073-a356-6d641befe5fe",
      "resource": {
        "id": "e2d68a13-420d-4073-a356-6d641befe5fe",
        "meta": {
          "profile": [
            "http://standardhealthrecord.org/fhir/StructureDefinition/shr-problem-Problem"
          ]
        },
        "clinicalStatus": "active",
        "verificationStatus": "confirmed",
        "code": {
          "coding": [
            {
              "system": "http://snomed.info/sct",
              "code": "15777000",
              "display": "Prediabetes"
            }
          ],
          "text": "Prediabetes"
        },
        "subject": {
          "reference": "urn:uuid:526fefe2-76fb-461a-92d3-ca3b6880230e"
        },
        "context": {
          "reference": "urn:uuid:a8262b8d-7f62-49da-b702-3605a151ea13"
        },
        "onsetDateTime": "2010-04-13T07:26:35-04:00",
        "assertedDate": "2010-04-13",
        "resourceType": "Condition"
      }
    },
    {
      "fullUrl": "urn:uuid:f5fae1df-af26-4a9d-a922-7481ebb9b973",
      "resource": {
        "id": "f5fae1df-af26-4a9d-a922-7481ebb9b973",
        "meta": {
          "profile": [
            "http://standardhealthrecord.org/fhir/StructureDefinition/shr-problem-Problem"
          ]
        },
        "clinicalStatus": "active",
        "verificationStatus": "confirmed",
        "code": {
          "coding": [
            {
              "system": "http://snomed.info/sct",
              "code": "195662009",
              "display": "Acute viral pharyngitis (disorder)"
            }
          ],
          "text": "Acute viral pharyngitis (disorder)"
        },
        "subject": {
          "reference": "urn:uuid:526fefe2-76fb-461a-92d3-ca3b6880230e"
        },
        "context": {
          "reference": "urn:uuid:a8262b8d-7f62-49da-b702-3605a151ea13"
        },
        "onsetDateTime": "2011-06-03T19:09:39-04:00",
        "abatementDateTime": "2011-06-13T23:04:26-04:00",
        "assertedDate": "2011-06-03",
        "resourceType": "Condition"
      }
    },
    {
      "fullUrl": "urn:uuid:93feb172-856d-415b-ba3f-72c0a1ac3fb3",
      "resource": {
        "id": "93feb172-856d-415b-ba3f-72c0a1ac3fb3",
        "meta": {
          "profile": [
            "http://standardhealthrecord.org/fhir/StructureDefinition/shr-observation-Observation",
            "http://standardhealthrecord.org/fhir/StructureDefinition/shr-vital-VitalSign"
          ]
        },
        "status": "final",
        "category": [
          {
            "coding": [
              {
                "system": "http://hl7.org/fhir/observation-category",
                "code": "vital-signs"
              }
            ]
          }
        ],
        "code": {
          "coding": [
            {
              "system": "http://loinc.org",
              "code": "8331-1",
              "display": "Oral temperature"
            }
          ],
          "text": "Oral temperature"
        },
        "subject": {
          "reference": "urn:uuid:526fefe2-76fb-461a-92d3-ca3b6880230e"
        },
        "context": {
          "reference": "urn:uuid:a8262b8d-7f62-49da-b702-3605a151ea13"
        },
        "effectiveDateTime": "2011-06-04T19:21:12-04:00",
        "issued": "2011-06-04T19:21:12-04:00",
        "valueQuantity": {
          "value": 37,
          "unit": "Cel",
          "system": "http://unitsofmeasure.org/",
          "code": "Cel"
        },
        "resourceType": "Observation"
      }
    },
    {
      "resource": {
        "status": "active",
        "category": [
          {
            "coding": [
              {
                "system": "http://snomed.info/sct",
                "code": "326051000000105",
                "display": "Self care"
              }
            ]
          }
        ],
        "subject": {
          "reference": "urn:uuid:526fefe2-76fb-461a-92d3-ca3b6880230e"
        },
        "context": {
          "reference": "urn:uuid:a8262b8d-7f62-49da-b702-3605a151ea13"
        },
        "period": {
          "start": "1988-05-04"
        },
        "activity": [
          {
            "detail": {
              "code": {
                "coding": [
                  {
                    "system": "http://snomed.info/sct",
                    "code": "409002",
                    "display": "Food allergy diet"
                  }
                ]
              },
              "status": "in-progress"
            }
          },
          {
            "detail": {
              "code": {
                "coding": [
                  {
                    "system": "http://snomed.info/sct",
                    "code": "58332002",
                    "display": "Allergy education"
                  }
                ]
              },
              "status": "in-progress"
            }
          }
        ],
        "resourceType": "CarePlan"
      }
    },
    {
      "resource": {
        "status": "active",
        "category": [
          {
            "coding": [
              {
                "system": "http://snomed.info/sct",
                "code": "326051000000105",
                "display": "Self care"
              }
            ]
          }
        ],
        "subject": {
          "reference": "urn:uuid:526fefe2-76fb-461a-92d3-ca3b6880230e"
        },
        "context": {
          "reference": "urn:uuid:a8262b8d-7f62-49da-b702-3605a151ea13"
        },
        "period": {
          "start": "1988-05-19"
        },
        "activity": [
          {
            "detail": {
              "code": {
                "coding": [
                  {
                    "system": "http://snomed.info/sct",
                    "code": "58332002",
                    "display": "Allergy education"
                  }
                ]
              },
              "status": "in-progress"
            }
          }
        ],
        "resourceType": "CarePlan"
      }
    },
    {
      "resource": {
        "status": "active",
        "category": [
          {
            "coding": [
              {
                "system": "http://snomed.info/sct",
                "code": "711282006",
                "display": "Skin condition care"
              }
            ]
          }
        ],
        "subject": {
          "reference": "urn:uuid:526fefe2-76fb-461a-92d3-ca3b6880230e"
        },
        "context": {
          "reference": "urn:uuid:a8262b8d-7f62-49da-b702-3605a151ea13"
        },
        "period": {
          "start": "1993-03-07"
        },
        "addresses": [
          {
            "reference": "urn:uuid:90a3d657-65ec-4055-b1d7-2cd8bef951ee"
          }
        ],
        "activity": [
          {
            "detail": {
              "code": {
                "coding": [
                  {
                    "system": "http://snomed.info/sct",
                    "code": "225130001",
                    "display": "Application of moisturizer to skin"
                  }
                ]
              },
              "status": "in-progress"
            }
          }
        ],
        "resourceType": "CarePlan"
      }
    },
    {
      "resource": {
        "status": "in-progress",
        "description": {
          "text": "Hemoglobin A1c total in Blood < 7.0"
        },
        "addresses": [
          {
            "reference": "urn:uuid:e2d68a13-420d-4073-a356-6d641befe5fe"
          }
        ],
        "resourceType": "Goal"
      }
    },
    {
      "resource": {
        "status": "in-progress",
        "description": {
          "text": "Glucose [Mass/volume] in Blood < 108"
        },
        "addresses": [
          {
            "reference": "urn:uuid:e2d68a13-420d-4073-a356-6d641befe5fe"
          }
        ],
        "resourceType": "Goal"
      }
    },
    {
      "resource": {
        "status": "in-progress",
        "description": {
          "text": "Maintain blood pressure below 140/90 mmHg"
        },
        "addresses": [
          {
            "reference": "urn:uuid:e2d68a13-420d-4073-a356-6d641befe5fe"
          }
        ],
        "resourceType": "Goal"
      }
    },
    {
      "resource": {
        "status": "in-progress",
        "description": {
          "text": "Improve and maintenance of optimal foot health: aim at early detection of peripheral vascular problems and neuropathy presumed due to diabetes; and prevention of diabetic foot ulcer, gangrene"
        },
        "addresses": [
          {
            "reference": "urn:uuid:e2d68a13-420d-4073-a356-6d641befe5fe"
          }
        ],
        "resourceType": "Goal"
      }
    },
    {
      "resource": {
        "status": "in-progress",
        "description": {
          "text": "Address patient knowledge deficit on diabetic self-care"
        },
        "addresses": [
          {
            "reference": "urn:uuid:e2d68a13-420d-4073-a356-6d641befe5fe"
          }
        ],
        "resourceType": "Goal"
      }
    },
    {
      "resource": {
        "status": "active",
        "category": [
          {
            "coding": [
              {
                "system": "http://snomed.info/sct",
                "code": "698360004",
                "display": "Diabetes self management plan"
              }
            ]
          }
        ],
        "subject": {
          "reference": "urn:uuid:526fefe2-76fb-461a-92d3-ca3b6880230e"
        },
        "context": {
          "reference": "urn:uuid:a8262b8d-7f62-49da-b702-3605a151ea13"
        },
        "period": {
          "start": "2010-04-13"
        },
        "addresses": [
          {
            "reference": "urn:uuid:e2d68a13-420d-4073-a356-6d641befe5fe"
          }
        ],
        "goal": [
          {
            "reference": ""
          },
          {
            "reference": ""
          },
          {
            "reference": ""
          },
          {
            "reference": ""
          },
          {
            "reference": ""
          }
        ],
        "activity": [
          {
            "detail": {
              "code": {
                "coding": [
                  {
                    "system": "http://snomed.info/sct",
                    "code": "160670007",
                    "display": "Diabetic diet"
                  }
                ]
              },
              "status": "in-progress"
            }
          },
          {
            "detail": {
              "code": {
                "coding": [
                  {
                    "system": "http://snomed.info/sct",
                    "code": "229065009",
                    "display": "Exercise therapy"
                  }
                ]
              },
              "status": "in-progress"
            }
          }
        ],
        "resourceType": "CarePlan"
      }
    },
    {
      "resource": {
        "meta": {
          "profile": [
            "http://standardhealthrecord.org/fhir/StructureDefinition/shr-medication-Medication"
          ]
        },
        "code": {
          "coding": [
            {
              "system": "http://www.nlm.nih.gov/research/umls/rxnorm",
              "code": "1049630",
              "display": "diphenhydrAMINE Hydrochloride 25 MG Oral Tablet"
            }
          ],
          "text": "diphenhydrAMINE Hydrochloride 25 MG Oral Tablet"
        },
        "resourceType": "Medication"
      }
    },
    {
      "resource": {
        "meta": {
          "profile": [
            "http://standardhealthrecord.org/fhir/StructureDefinition/shr-medication-MedicationPrescription"
          ]
        },
        "extension": [
          {
            "url": "http://standardhealthrecord.org/fhir/StructureDefinition/shr-base-ActionCode-extension",
            "valueCodeableConcept": {
              "coding": [
                {
                  "system": "http://snomed.info/sct",
                  "code": "33633005",
                  "display": "Prescription of drug (procedure)"
                }
              ],
              "text": "Prescription of drug (procedure)"
            }
          }
        ],
        "status": "active",
        "medicationReference": {
          "reference": ""
        },
        "subject": {
          "reference": "urn:uuid:526fefe2-76fb-461a-92d3-ca3b6880230e"
        },
        "context": {
          "reference": "urn:uuid:a8262b8d-7f62-49da-b702-3605a151ea13"
        },
        "authoredOn": "1988-05-19",
        "dosageInstruction": [
          {
            "sequence": 1,
            "asNeededBoolean": true
          }
        ],
        "resourceType": "MedicationRequest"
      }
    },
    {
      "resource": {
        "meta": {
          "profile": [
            "http://standardhealthrecord.org/fhir/StructureDefinition/shr-medication-Medication"
          ]
        },
        "code": {
          "coding": [
            {
              "system": "http://www.nlm.nih.gov/research/umls/rxnorm",
              "code": "727316",
              "display": "0.3 ML EPINEPHrine 0.5 MG/ML Auto-Injector"
            }
          ],
          "text": "0.3 ML EPINEPHrine 0.5 MG/ML Auto-Injector"
        },
        "resourceType": "Medication"
      }
    },
    {
      "resource": {
        "meta": {
          "profile": [
            "http://standardhealthrecord.org/fhir/StructureDefinition/shr-medication-MedicationPrescription"
          ]
        },
        "extension": [
          {
            "url": "http://standardhealthrecord.org/fhir/StructureDefinition/shr-base-ActionCode-extension",
            "valueCodeableConcept": {
              "coding": [
                {
                  "system": "http://snomed.info/sct",
                  "code": "33633005",
                  "display": "Prescription of drug (procedure)"
                }
              ],
              "text": "Prescription of drug (procedure)"
            }
          }
        ],
        "status": "active",
        "medicationReference": {
          "reference": ""
        },
        "subject": {
          "reference": "urn:uuid:526fefe2-76fb-461a-92d3-ca3b6880230e"
        },
        "context": {
          "reference": "urn:uuid:a8262b8d-7f62-49da-b702-3605a151ea13"
        },
        "authoredOn": "1988-05-19",
        "dosageInstruction": [
          {
            "sequence": 1,
            "asNeededBoolean": true
          }
        ],
        "resourceType": "MedicationRequest"
      }
    },
    {
      "resource": {
        "meta": {
          "profile": [
            "http://standardhealthrecord.org/fhir/StructureDefinition/shr-medication-Medication"
          ]
        },
        "code": {
          "coding": [
            {
              "system": "http://www.nlm.nih.gov/research/umls/rxnorm",
              "code": "749785",
              "display": "Ortho Tri-Cyclen 28 Day Pack"
            }
          ],
          "text": "Ortho Tri-Cyclen 28 Day Pack"
        },
        "resourceType": "Medication"
      }
    },
    {
      "resource": {
        "meta": {
          "profile": [
            "http://standardhealthrecord.org/fhir/StructureDefinition/shr-medication-MedicationPrescription"
          ]
        },
        "extension": [
          {
            "url": "http://standardhealthrecord.org/fhir/StructureDefinition/shr-base-ActionCode-extension",
            "valueCodeableConcept": {
              "coding": [
                {
                  "system": "http://snomed.info/sct",
                  "code": "33633005",
                  "display": "Prescription of drug (procedure)"
                }
              ],
              "text": "Prescription of drug (procedure)"
            }
          }
        ],
        "status": "stopped",
        "medicationReference": {
          "reference": ""
        },
        "subject": {
          "reference": "urn:uuid:526fefe2-76fb-461a-92d3-ca3b6880230e"
        },
        "context": {
          "reference": "urn:uuid:a8262b8d-7f62-49da-b702-3605a151ea13"
        },
        "authoredOn": "2000-12-18",
        "dosageInstruction": [
          {

          }
        ],
        "resourceType": "MedicationRequest"
      }
    },
    {
      "fullUrl": "urn:uuid:96993398-eef6-4680-8418-9e865b5253a3",
      "resource": {
        "id": "96993398-eef6-4680-8418-9e865b5253a3",
        "meta": {
          "profile": [
            "http://standardhealthrecord.org/fhir/StructureDefinition/shr-encounter-Encounter"
          ]
        },
        "status": "finished",
        "class": {
          "code": "ambulatory"
        },
        "type": [
          {
            "coding": [
              {
                "system": "http://snomed.info/sct",
                "code": "185345009"
              }
            ],
            "text": "Encounter for symptom"
          }
        ],
        "subject": {
          "reference": "urn:uuid:526fefe2-76fb-461a-92d3-ca3b6880230e"
        },
        "period": {
          "start": "2013-04-15T10:08:32-04:00",
          "end": "2013-04-15T10:08:32-04:00"
        },
        "reason": {
          "coding": [
            {
              "system": "http://snomed.info/sct",
              "code": "195662009",
              "display": "Acute viral pharyngitis (disorder)"
            }
          ]
        },
        "serviceProvider": {
          "reference": "urn:uuid:5614a241-7e3a-4c4e-b508-7472230fb9d2"
        },
        "resourceType": "Encounter"
      }
    },
    {
      "fullUrl": "urn:uuid:a7a1c85a-3670-4e6c-9756-0d07372c4df4",
      "resource": {
        "id": "a7a1c85a-3670-4e6c-9756-0d07372c4df4",
        "meta": {
          "profile": [
            "http://standardhealthrecord.org/fhir/StructureDefinition/shr-problem-Problem"
          ]
        },
        "clinicalStatus": "active",
        "verificationStatus": "confirmed",
        "code": {
          "coding": [
            {
              "system": "http://snomed.info/sct",
              "code": "195662009",
              "display": "Acute viral pharyngitis (disorder)"
            }
          ],
          "text": "Acute viral pharyngitis (disorder)"
        },
        "subject": {
          "reference": "urn:uuid:526fefe2-76fb-461a-92d3-ca3b6880230e"
        },
        "context": {
          "reference": "urn:uuid:96993398-eef6-4680-8418-9e865b5253a3"
        },
        "onsetDateTime": "2013-04-13T23:04:26-04:00",
        "abatementDateTime": "2013-04-24T19:45:24-04:00",
        "assertedDate": "2013-04-13",
        "resourceType": "Condition"
      }
    },
    {
      "fullUrl": "urn:uuid:782af36c-65a9-4c59-818c-bddd5fcaf361",
      "resource": {
        "id": "782af36c-65a9-4c59-818c-bddd5fcaf361",
        "meta": {
          "profile": [
            "http://standardhealthrecord.org/fhir/StructureDefinition/shr-observation-Observation",
            "http://standardhealthrecord.org/fhir/StructureDefinition/shr-vital-VitalSign"
          ]
        },
        "status": "final",
        "category": [
          {
            "coding": [
              {
                "system": "http://hl7.org/fhir/observation-category",
                "code": "vital-signs"
              }
            ]
          }
        ],
        "code": {
          "coding": [
            {
              "system": "http://loinc.org",
              "code": "8331-1",
              "display": "Oral temperature"
            }
          ],
          "text": "Oral temperature"
        },
        "subject": {
          "reference": "urn:uuid:526fefe2-76fb-461a-92d3-ca3b6880230e"
        },
        "context": {
          "reference": "urn:uuid:96993398-eef6-4680-8418-9e865b5253a3"
        },
        "effectiveDateTime": "2013-04-15T10:08:32-04:00",
        "issued": "2013-04-15T10:08:32-04:00",
        "valueQuantity": {
          "value": 38,
          "unit": "Cel",
          "system": "http://unitsofmeasure.org/",
          "code": "Cel"
        },
        "resourceType": "Observation"
      }
    },
    {
      "fullUrl": "urn:uuid:7921996a-6be1-4cbc-b359-258691c7eaa7",
      "resource": {
        "id": "7921996a-6be1-4cbc-b359-258691c7eaa7",
        "meta": {
          "profile": [
            "http://standardhealthrecord.org/fhir/StructureDefinition/shr-encounter-Encounter"
          ]
        },
        "status": "finished",
        "class": {
          "code": "outpatient"
        },
        "type": [
          {
            "coding": [
              {
                "system": "http://snomed.info/sct",
                "code": "185349003"
              }
            ],
            "text": "Outpatient Encounter"
          }
        ],
        "subject": {
          "reference": "urn:uuid:526fefe2-76fb-461a-92d3-ca3b6880230e"
        },
        "period": {
          "start": "2013-05-03T18:20:34-04:00",
          "end": "2013-05-03T19:20:34-04:00"
        },
        "serviceProvider": {
          "reference": "urn:uuid:5614a241-7e3a-4c4e-b508-7472230fb9d2"
        },
        "resourceType": "Encounter"
      }
    },
    {
      "fullUrl": "urn:uuid:c2ee0ad8-0ec5-47ad-b727-2a7e686c7e5b",
      "resource": {
        "id": "c2ee0ad8-0ec5-47ad-b727-2a7e686c7e5b",
        "meta": {
          "profile": [
            "http://standardhealthrecord.org/fhir/StructureDefinition/shr-observation-Observation"
          ]
        },
        "status": "final",
        "category": [
          {
            "coding": [
              {
                "system": "http://hl7.org/fhir/observation-category",
                "code": "laboratory"
              }
            ]
          }
        ],
        "code": {
          "coding": [
            {
              "system": "http://loinc.org",
              "code": "4548-4",
              "display": "Hemoglobin A1c/Hemoglobin.total in Blood"
            }
          ],
          "text": "Hemoglobin A1c/Hemoglobin.total in Blood"
        },
        "subject": {
          "reference": "urn:uuid:526fefe2-76fb-461a-92d3-ca3b6880230e"
        },
        "context": {
          "reference": "urn:uuid:7921996a-6be1-4cbc-b359-258691c7eaa7"
        },
        "effectiveDateTime": "2013-05-03T18:20:34-04:00",
        "issued": "2013-05-03T18:20:34-04:00",
        "valueQuantity": {
          "value": 6.1,
          "unit": "%",
          "system": "http://unitsofmeasure.org/",
          "code": "%"
        },
        "resourceType": "Observation"
      }
    },
    {
      "fullUrl": "urn:uuid:fc9ed811-1b34-47a6-afa5-f2c120c206f7",
      "resource": {
        "id": "fc9ed811-1b34-47a6-afa5-f2c120c206f7",
        "meta": {
          "profile": [
            "http://standardhealthrecord.org/fhir/StructureDefinition/shr-observation-Observation",
            "http://standardhealthrecord.org/fhir/StructureDefinition/shr-vital-VitalSign",
            "http://standardhealthrecord.org/fhir/StructureDefinition/shr-vital-BodyHeight"
          ]
        },
        "status": "final",
        "category": [
          {
            "coding": [
              {
                "system": "http://hl7.org/fhir/observation-category",
                "code": "vital-signs"
              }
            ]
          }
        ],
        "code": {
          "coding": [
            {
              "system": "http://loinc.org",
              "code": "8302-2",
              "display": "Body Height"
            }
          ],
          "text": "Body Height"
        },
        "subject": {
          "reference": "urn:uuid:526fefe2-76fb-461a-92d3-ca3b6880230e"
        },
        "context": {
          "reference": "urn:uuid:7921996a-6be1-4cbc-b359-258691c7eaa7"
        },
        "effectiveDateTime": "2013-05-03T18:20:34-04:00",
        "issued": "2013-05-03T18:20:34-04:00",
        "valueQuantity": {
          "value": 164.3548944531543,
          "unit": "cm",
          "system": "http://unitsofmeasure.org/",
          "code": "cm"
        },
        "resourceType": "Observation"
      }
    },
    {
      "fullUrl": "urn:uuid:c9c13e40-e0bd-44c4-a0e3-7a5532eca9da",
      "resource": {
        "id": "c9c13e40-e0bd-44c4-a0e3-7a5532eca9da",
        "meta": {
          "profile": [
            "http://standardhealthrecord.org/fhir/StructureDefinition/shr-observation-Observation",
            "http://standardhealthrecord.org/fhir/StructureDefinition/shr-vital-VitalSign",
            "http://standardhealthrecord.org/fhir/StructureDefinition/shr-vital-BodyWeight"
          ]
        },
        "status": "final",
        "category": [
          {
            "coding": [
              {
                "system": "http://hl7.org/fhir/observation-category",
                "code": "vital-signs"
              }
            ]
          }
        ],
        "code": {
          "coding": [
            {
              "system": "http://loinc.org",
              "code": "29463-7",
              "display": "Body Weight"
            }
          ],
          "text": "Body Weight"
        },
        "subject": {
          "reference": "urn:uuid:526fefe2-76fb-461a-92d3-ca3b6880230e"
        },
        "context": {
          "reference": "urn:uuid:7921996a-6be1-4cbc-b359-258691c7eaa7"
        },
        "effectiveDateTime": "2013-05-03T18:20:34-04:00",
        "issued": "2013-05-03T18:20:34-04:00",
        "valueQuantity": {
          "value": 66.95512947074825,
          "unit": "kg",
          "system": "http://unitsofmeasure.org/",
          "code": "kg"
        },
        "resourceType": "Observation"
      }
    },
    {
      "fullUrl": "urn:uuid:e7054ee1-6213-4600-868c-379038b894a4",
      "resource": {
        "id": "e7054ee1-6213-4600-868c-379038b894a4",
        "meta": {
          "profile": [
            "http://standardhealthrecord.org/fhir/StructureDefinition/shr-observation-Observation",
            "http://standardhealthrecord.org/fhir/StructureDefinition/shr-vital-VitalSign",
            "http://standardhealthrecord.org/fhir/StructureDefinition/shr-vital-BodyMassIndex"
          ]
        },
        "status": "final",
        "category": [
          {
            "coding": [
              {
                "system": "http://hl7.org/fhir/observation-category",
                "code": "vital-signs"
              }
            ]
          }
        ],
        "code": {
          "coding": [
            {
              "system": "http://loinc.org",
              "code": "39156-5",
              "display": "Body Mass Index"
            }
          ],
          "text": "Body Mass Index"
        },
        "subject": {
          "reference": "urn:uuid:526fefe2-76fb-461a-92d3-ca3b6880230e"
        },
        "context": {
          "reference": "urn:uuid:7921996a-6be1-4cbc-b359-258691c7eaa7"
        },
        "effectiveDateTime": "2013-05-03T18:20:34-04:00",
        "issued": "2013-05-03T18:20:34-04:00",
        "valueQuantity": {
          "value": 24.78669201750617,
          "unit": "kg/m2",
          "system": "http://unitsofmeasure.org/",
          "code": "kg/m2"
        },
        "resourceType": "Observation"
      }
    },
    {
      "fullUrl": "urn:uuid:ef3f3328-bee3-4e75-b97b-d5b101e07bc8",
      "resource": {
        "id": "ef3f3328-bee3-4e75-b97b-d5b101e07bc8",
        "meta": {
          "profile": [
            "http://standardhealthrecord.org/fhir/StructureDefinition/shr-observation-Observation",
            "http://standardhealthrecord.org/fhir/StructureDefinition/shr-vital-BloodPressure"
          ]
        },
        "status": "final",
        "category": [
          {
            "coding": [
              {
                "system": "http://hl7.org/fhir/observation-category",
                "code": "vital-signs"
              }
            ]
          }
        ],
        "code": {
          "coding": [
            {
              "system": "http://loinc.org",
              "code": "55284-4",
              "display": "Blood Pressure"
            }
          ]
        },
        "subject": {
          "reference": "urn:uuid:526fefe2-76fb-461a-92d3-ca3b6880230e"
        },
        "context": {
          "reference": "urn:uuid:7921996a-6be1-4cbc-b359-258691c7eaa7"
        },
        "effectiveDateTime": "2013-05-03T18:20:34-04:00",
        "issued": "2013-05-03T18:20:34-04:00",
        "component": [
          {
            "code": {
              "coding": [
                {
                  "system": "http://loinc.org",
                  "code": "8480-6",
                  "display": "Systolic Blood Pressure"
                }
              ],
              "text": "Systolic Blood Pressure"
            },
            "valueQuantity": {
              "value": 111,
              "unit": "mmHg",
              "system": "http://unitsofmeasure.org/",
              "code": "mmHg"
            }
          },
          {
            "code": {
              "coding": [
                {
                  "system": "http://loinc.org",
                  "code": "8462-4",
                  "display": "Diastolic Blood Pressure"
                }
              ],
              "text": "Diastolic Blood Pressure"
            },
            "valueQuantity": {
              "value": 83,
              "unit": "mmHg",
              "system": "http://unitsofmeasure.org/",
              "code": "mmHg"
            }
          }
        ],
        "resourceType": "Observation"
      }
    },
    {
      "fullUrl": "urn:uuid:5a009f56-1718-4c80-922f-91c76130c9e4",
      "resource": {
        "id": "5a009f56-1718-4c80-922f-91c76130c9e4",
        "meta": {
          "profile": [
            "http://standardhealthrecord.org/fhir/StructureDefinition/shr-observation-Observation"
          ]
        },
        "status": "final",
        "category": [
          {
            "coding": [
              {
                "system": "http://hl7.org/fhir/observation-category",
                "code": "laboratory"
              }
            ]
          }
        ],
        "code": {
          "coding": [
            {
              "system": "http://loinc.org",
              "code": "4548-4",
              "display": "Hemoglobin A1c/Hemoglobin.total in Blood"
            }
          ],
          "text": "Hemoglobin A1c/Hemoglobin.total in Blood"
        },
        "subject": {
          "reference": "urn:uuid:526fefe2-76fb-461a-92d3-ca3b6880230e"
        },
        "context": {
          "reference": "urn:uuid:7921996a-6be1-4cbc-b359-258691c7eaa7"
        },
        "effectiveDateTime": "2013-05-03T18:20:34-04:00",
        "issued": "2013-05-03T18:20:34-04:00",
        "valueQuantity": {
          "value": 6.1,
          "unit": "%",
          "system": "http://unitsofmeasure.org/",
          "code": "%"
        },
        "resourceType": "Observation"
      }
    },
    {
      "fullUrl": "urn:uuid:7219ebb5-914f-4674-8cde-2c26d5598875",
      "resource": {
        "id": "7219ebb5-914f-4674-8cde-2c26d5598875",
        "meta": {
          "profile": [
            "http://standardhealthrecord.org/fhir/StructureDefinition/shr-observation-Observation"
          ]
        },
        "status": "final",
        "category": [
          {
            "coding": [
              {
                "system": "http://hl7.org/fhir/observation-category",
                "code": "laboratory"
              }
            ]
          }
        ],
        "code": {
          "coding": [
            {
              "system": "http://loinc.org",
              "code": "2339-0",
              "display": "Glucose"
            }
          ],
          "text": "Glucose"
        },
        "subject": {
          "reference": "urn:uuid:526fefe2-76fb-461a-92d3-ca3b6880230e"
        },
        "context": {
          "reference": "urn:uuid:7921996a-6be1-4cbc-b359-258691c7eaa7"
        },
        "effectiveDateTime": "2013-05-03T18:20:34-04:00",
        "issued": "2013-05-03T18:20:34-04:00",
        "valueQuantity": {
          "value": 85,
          "unit": "mg/dL",
          "system": "http://unitsofmeasure.org/",
          "code": "mg/dL"
        },
        "resourceType": "Observation"
      }
    },
    {
      "fullUrl": "urn:uuid:63b18fd0-becd-4b12-8848-6e165bc0789f",
      "resource": {
        "id": "63b18fd0-becd-4b12-8848-6e165bc0789f",
        "meta": {
          "profile": [
            "http://standardhealthrecord.org/fhir/StructureDefinition/shr-observation-Observation"
          ]
        },
        "status": "final",
        "category": [
          {
            "coding": [
              {
                "system": "http://hl7.org/fhir/observation-category",
                "code": "laboratory"
              }
            ]
          }
        ],
        "code": {
          "coding": [
            {
              "system": "http://loinc.org",
              "code": "6299-2",
              "display": "Urea Nitrogen"
            }
          ],
          "text": "Urea Nitrogen"
        },
        "subject": {
          "reference": "urn:uuid:526fefe2-76fb-461a-92d3-ca3b6880230e"
        },
        "context": {
          "reference": "urn:uuid:7921996a-6be1-4cbc-b359-258691c7eaa7"
        },
        "effectiveDateTime": "2013-05-03T18:20:34-04:00",
        "issued": "2013-05-03T18:20:34-04:00",
        "valueQuantity": {
          "value": 7,
          "unit": "mg/dL",
          "system": "http://unitsofmeasure.org/",
          "code": "mg/dL"
        },
        "resourceType": "Observation"
      }
    },
    {
      "fullUrl": "urn:uuid:1773c701-6d75-45de-adad-585eec1fb89a",
      "resource": {
        "id": "1773c701-6d75-45de-adad-585eec1fb89a",
        "meta": {
          "profile": [
            "http://standardhealthrecord.org/fhir/StructureDefinition/shr-observation-Observation"
          ]
        },
        "status": "final",
        "category": [
          {
            "coding": [
              {
                "system": "http://hl7.org/fhir/observation-category",
                "code": "laboratory"
              }
            ]
          }
        ],
        "code": {
          "coding": [
            {
              "system": "http://loinc.org",
              "code": "38483-4",
              "display": "Creatinine"
            }
          ],
          "text": "Creatinine"
        },
        "subject": {
          "reference": "urn:uuid:526fefe2-76fb-461a-92d3-ca3b6880230e"
        },
        "context": {
          "reference": "urn:uuid:7921996a-6be1-4cbc-b359-258691c7eaa7"
        },
        "effectiveDateTime": "2013-05-03T18:20:34-04:00",
        "issued": "2013-05-03T18:20:34-04:00",
        "valueQuantity": {
          "value": 1.0,
          "unit": "mg/dL",
          "system": "http://unitsofmeasure.org/",
          "code": "mg/dL"
        },
        "resourceType": "Observation"
      }
    },
    {
      "fullUrl": "urn:uuid:a2ebc3d5-240c-4f46-8752-445898e7348c",
      "resource": {
        "id": "a2ebc3d5-240c-4f46-8752-445898e7348c",
        "meta": {
          "profile": [
            "http://standardhealthrecord.org/fhir/StructureDefinition/shr-observation-Observation"
          ]
        },
        "status": "final",
        "category": [
          {
            "coding": [
              {
                "system": "http://hl7.org/fhir/observation-category",
                "code": "laboratory"
              }
            ]
          }
        ],
        "code": {
          "coding": [
            {
              "system": "http://loinc.org",
              "code": "49765-1",
              "display": "Calcium"
            }
          ],
          "text": "Calcium"
        },
        "subject": {
          "reference": "urn:uuid:526fefe2-76fb-461a-92d3-ca3b6880230e"
        },
        "context": {
          "reference": "urn:uuid:7921996a-6be1-4cbc-b359-258691c7eaa7"
        },
        "effectiveDateTime": "2013-05-03T18:20:34-04:00",
        "issued": "2013-05-03T18:20:34-04:00",
        "valueQuantity": {
          "value": 10.018168637616347,
          "unit": "mg/dL",
          "system": "http://unitsofmeasure.org/",
          "code": "mg/dL"
        },
        "resourceType": "Observation"
      }
    },
    {
      "fullUrl": "urn:uuid:9cb9e96a-72ea-4eb4-b82b-c47adb035c7d",
      "resource": {
        "id": "9cb9e96a-72ea-4eb4-b82b-c47adb035c7d",
        "meta": {
          "profile": [
            "http://standardhealthrecord.org/fhir/StructureDefinition/shr-observation-Observation"
          ]
        },
        "status": "final",
        "category": [
          {
            "coding": [
              {
                "system": "http://hl7.org/fhir/observation-category",
                "code": "laboratory"
              }
            ]
          }
        ],
        "code": {
          "coding": [
            {
              "system": "http://loinc.org",
              "code": "2947-0",
              "display": "Sodium"
            }
          ],
          "text": "Sodium"
        },
        "subject": {
          "reference": "urn:uuid:526fefe2-76fb-461a-92d3-ca3b6880230e"
        },
        "context": {
          "reference": "urn:uuid:7921996a-6be1-4cbc-b359-258691c7eaa7"
        },
        "effectiveDateTime": "2013-05-03T18:20:34-04:00",
        "issued": "2013-05-03T18:20:34-04:00",
        "valueQuantity": {
          "value": 143,
          "unit": "mmol/L",
          "system": "http://unitsofmeasure.org/",
          "code": "mmol/L"
        },
        "resourceType": "Observation"
      }
    },
    {
      "fullUrl": "urn:uuid:8ec07629-8c62-412e-abd2-f44fd471d9bf",
      "resource": {
        "id": "8ec07629-8c62-412e-abd2-f44fd471d9bf",
        "meta": {
          "profile": [
            "http://standardhealthrecord.org/fhir/StructureDefinition/shr-observation-Observation"
          ]
        },
        "status": "final",
        "category": [
          {
            "coding": [
              {
                "system": "http://hl7.org/fhir/observation-category",
                "code": "laboratory"
              }
            ]
          }
        ],
        "code": {
          "coding": [
            {
              "system": "http://loinc.org",
              "code": "6298-4",
              "display": "Potassium"
            }
          ],
          "text": "Potassium"
        },
        "subject": {
          "reference": "urn:uuid:526fefe2-76fb-461a-92d3-ca3b6880230e"
        },
        "context": {
          "reference": "urn:uuid:7921996a-6be1-4cbc-b359-258691c7eaa7"
        },
        "effectiveDateTime": "2013-05-03T18:20:34-04:00",
        "issued": "2013-05-03T18:20:34-04:00",
        "valueQuantity": {
          "value": 4.989035955802941,
          "unit": "mmol/L",
          "system": "http://unitsofmeasure.org/",
          "code": "mmol/L"
        },
        "resourceType": "Observation"
      }
    },
    {
      "fullUrl": "urn:uuid:75017a63-54ef-4150-92ad-82ea98edf396",
      "resource": {
        "id": "75017a63-54ef-4150-92ad-82ea98edf396",
        "meta": {
          "profile": [
            "http://standardhealthrecord.org/fhir/StructureDefinition/shr-observation-Observation"
          ]
        },
        "status": "final",
        "category": [
          {
            "coding": [
              {
                "system": "http://hl7.org/fhir/observation-category",
                "code": "laboratory"
              }
            ]
          }
        ],
        "code": {
          "coding": [
            {
              "system": "http://loinc.org",
              "code": "2069-3",
              "display": "Chloride"
            }
          ],
          "text": "Chloride"
        },
        "subject": {
          "reference": "urn:uuid:526fefe2-76fb-461a-92d3-ca3b6880230e"
        },
        "context": {
          "reference": "urn:uuid:7921996a-6be1-4cbc-b359-258691c7eaa7"
        },
        "effectiveDateTime": "2013-05-03T18:20:34-04:00",
        "issued": "2013-05-03T18:20:34-04:00",
        "valueQuantity": {
          "value": 105,
          "unit": "mmol/L",
          "system": "http://unitsofmeasure.org/",
          "code": "mmol/L"
        },
        "resourceType": "Observation"
      }
    },
    {
      "fullUrl": "urn:uuid:f21331aa-cde7-4dd3-b5e2-22f8fa72db6f",
      "resource": {
        "id": "f21331aa-cde7-4dd3-b5e2-22f8fa72db6f",
        "meta": {
          "profile": [
            "http://standardhealthrecord.org/fhir/StructureDefinition/shr-observation-Observation"
          ]
        },
        "status": "final",
        "category": [
          {
            "coding": [
              {
                "system": "http://hl7.org/fhir/observation-category",
                "code": "laboratory"
              }
            ]
          }
        ],
        "code": {
          "coding": [
            {
              "system": "http://loinc.org",
              "code": "20565-8",
              "display": "Carbon Dioxide"
            }
          ],
          "text": "Carbon Dioxide"
        },
        "subject": {
          "reference": "urn:uuid:526fefe2-76fb-461a-92d3-ca3b6880230e"
        },
        "context": {
          "reference": "urn:uuid:7921996a-6be1-4cbc-b359-258691c7eaa7"
        },
        "effectiveDateTime": "2013-05-03T18:20:34-04:00",
        "issued": "2013-05-03T18:20:34-04:00",
        "valueQuantity": {
          "value": 23,
          "unit": "mmol/L",
          "system": "http://unitsofmeasure.org/",
          "code": "mmol/L"
        },
        "resourceType": "Observation"
      }
    },
    {
      "fullUrl": "urn:uuid:b9be3ba9-af5a-4ace-95cd-463b33dddcc5",
      "resource": {
        "id": "b9be3ba9-af5a-4ace-95cd-463b33dddcc5",
        "meta": {
          "profile": [
            "http://standardhealthrecord.org/fhir/StructureDefinition/shr-observation-Panel"
          ]
        },
        "status": "final",
        "code": {
          "coding": [
            {
              "system": "http://loinc.org",
              "code": "51990-0",
              "display": "Basic Metabolic Panel"
            }
          ]
        },
        "subject": {
          "reference": "urn:uuid:526fefe2-76fb-461a-92d3-ca3b6880230e"
        },
        "context": {
          "reference": "urn:uuid:7921996a-6be1-4cbc-b359-258691c7eaa7"
        },
        "effectiveDateTime": "2013-05-03T18:20:34-04:00",
        "issued": "2013-05-03T18:20:34-04:00",
        "result": [
          {
            "reference": "urn:uuid:7219ebb5-914f-4674-8cde-2c26d5598875",
            "display": "Glucose"
          },
          {
            "reference": "urn:uuid:63b18fd0-becd-4b12-8848-6e165bc0789f",
            "display": "Urea Nitrogen"
          },
          {
            "reference": "urn:uuid:1773c701-6d75-45de-adad-585eec1fb89a",
            "display": "Creatinine"
          },
          {
            "reference": "urn:uuid:a2ebc3d5-240c-4f46-8752-445898e7348c",
            "display": "Calcium"
          },
          {
            "reference": "urn:uuid:9cb9e96a-72ea-4eb4-b82b-c47adb035c7d",
            "display": "Sodium"
          },
          {
            "reference": "urn:uuid:8ec07629-8c62-412e-abd2-f44fd471d9bf",
            "display": "Potassium"
          },
          {
            "reference": "urn:uuid:75017a63-54ef-4150-92ad-82ea98edf396",
            "display": "Chloride"
          },
          {
            "reference": "urn:uuid:f21331aa-cde7-4dd3-b5e2-22f8fa72db6f",
            "display": "Carbon Dioxide"
          }
        ],
        "resourceType": "DiagnosticReport"
      }
    },
    {
      "resource": {
        "meta": {
          "profile": [
            "http://standardhealthrecord.org/fhir/StructureDefinition/shr-procedure-Procedure"
          ]
        },
        "extension": [
          {
            "url": "http://standardhealthrecord.org/fhir/StructureDefinition/shr-core-CodeableConcept-extension",
            "valueCodeableConcept": {
              "coding": [
                {
                  "system": "http://snomed.info/sct",
                  "code": "428191000124101",
                  "display": "Documentation of current medications"
                }
              ],
              "text": "Documentation of current medications"
            }
          }
        ],
        "status": "completed",
        "code": {
          "coding": [
            {
              "system": "http://snomed.info/sct",
              "code": "428191000124101",
              "display": "Documentation of current medications"
            }
          ],
          "text": "Documentation of current medications"
        },
        "subject": {
          "reference": "urn:uuid:526fefe2-76fb-461a-92d3-ca3b6880230e"
        },
        "context": {
          "reference": "urn:uuid:7921996a-6be1-4cbc-b359-258691c7eaa7"
        },
        "performedDateTime": "2013-05-03T18:20:34-04:00",
        "resourceType": "Procedure"
      }
    },
    {
      "resource": {
        "meta": {
          "profile": [
            "http://standardhealthrecord.org/fhir/StructureDefinition/shr-immunization-Immunization"
          ]
        },
        "status": "completed",
        "notGiven": false,
        "vaccineCode": {
          "coding": [
            {
              "system": "http://hl7.org/fhir/sid/cvx",
              "code": "140",
              "display": "Influenza, seasonal, injectable, preservative free"
            }
          ],
          "text": "Influenza, seasonal, injectable, preservative free"
        },
        "patient": {
          "reference": "urn:uuid:526fefe2-76fb-461a-92d3-ca3b6880230e"
        },
        "encounter": {
          "reference": "urn:uuid:7921996a-6be1-4cbc-b359-258691c7eaa7"
        },
        "date": "2013-05-03T18:20:34-04:00",
        "primarySource": true,
        "resourceType": "Immunization"
      }
    },
    {
      "fullUrl": "urn:uuid:95574987-0005-4f3a-a2c1-4ea34c268af0",
      "resource": {
        "id": "95574987-0005-4f3a-a2c1-4ea34c268af0",
        "meta": {
          "profile": [
            "http://standardhealthrecord.org/fhir/StructureDefinition/shr-encounter-Encounter"
          ]
        },
        "status": "finished",
        "class": {
          "code": "outpatient"
        },
        "type": [
          {
            "coding": [
              {
                "system": "http://snomed.info/sct",
                "code": "185349003"
              }
            ],
            "text": "Outpatient Encounter"
          }
        ],
        "subject": {
          "reference": "urn:uuid:526fefe2-76fb-461a-92d3-ca3b6880230e"
        },
        "period": {
          "start": "2016-07-04T05:23:22-04:00",
          "end": "2016-07-04T06:23:22-04:00"
        },
        "serviceProvider": {
          "reference": "urn:uuid:5614a241-7e3a-4c4e-b508-7472230fb9d2"
        },
        "resourceType": "Encounter"
      }
    },
    {
      "fullUrl": "urn:uuid:e899cf19-47f1-4141-9afd-382f35ef0d64",
      "resource": {
        "id": "e899cf19-47f1-4141-9afd-382f35ef0d64",
        "meta": {
          "profile": [
            "http://standardhealthrecord.org/fhir/StructureDefinition/shr-observation-Observation"
          ]
        },
        "status": "final",
        "category": [
          {
            "coding": [
              {
                "system": "http://hl7.org/fhir/observation-category",
                "code": "laboratory"
              }
            ]
          }
        ],
        "code": {
          "coding": [
            {
              "system": "http://loinc.org",
              "code": "4548-4",
              "display": "Hemoglobin A1c/Hemoglobin.total in Blood"
            }
          ],
          "text": "Hemoglobin A1c/Hemoglobin.total in Blood"
        },
        "subject": {
          "reference": "urn:uuid:526fefe2-76fb-461a-92d3-ca3b6880230e"
        },
        "context": {
          "reference": "urn:uuid:95574987-0005-4f3a-a2c1-4ea34c268af0"
        },
        "effectiveDateTime": "2016-07-04T05:23:22-04:00",
        "issued": "2016-07-04T05:23:22-04:00",
        "valueQuantity": {
          "value": 5.8,
          "unit": "%",
          "system": "http://unitsofmeasure.org/",
          "code": "%"
        },
        "resourceType": "Observation"
      }
    },
    {
      "fullUrl": "urn:uuid:c1649a8f-95de-4f5f-947d-95884e5d2769",
      "resource": {
        "id": "c1649a8f-95de-4f5f-947d-95884e5d2769",
        "meta": {
          "profile": [
            "http://standardhealthrecord.org/fhir/StructureDefinition/shr-observation-Observation",
            "http://standardhealthrecord.org/fhir/StructureDefinition/shr-vital-VitalSign",
            "http://standardhealthrecord.org/fhir/StructureDefinition/shr-vital-BodyHeight"
          ]
        },
        "status": "final",
        "category": [
          {
            "coding": [
              {
                "system": "http://hl7.org/fhir/observation-category",
                "code": "vital-signs"
              }
            ]
          }
        ],
        "code": {
          "coding": [
            {
              "system": "http://loinc.org",
              "code": "8302-2",
              "display": "Body Height"
            }
          ],
          "text": "Body Height"
        },
        "subject": {
          "reference": "urn:uuid:526fefe2-76fb-461a-92d3-ca3b6880230e"
        },
        "context": {
          "reference": "urn:uuid:95574987-0005-4f3a-a2c1-4ea34c268af0"
        },
        "effectiveDateTime": "2016-07-04T05:23:22-04:00",
        "issued": "2016-07-04T05:23:22-04:00",
        "valueQuantity": {
          "value": 164.3548944531543,
          "unit": "cm",
          "system": "http://unitsofmeasure.org/",
          "code": "cm"
        },
        "resourceType": "Observation"
      }
    },
    {
      "fullUrl": "urn:uuid:caa5a6cd-a0a3-49ad-aa48-4affa9658c5b",
      "resource": {
        "id": "caa5a6cd-a0a3-49ad-aa48-4affa9658c5b",
        "meta": {
          "profile": [
            "http://standardhealthrecord.org/fhir/StructureDefinition/shr-observation-Observation",
            "http://standardhealthrecord.org/fhir/StructureDefinition/shr-vital-VitalSign",
            "http://standardhealthrecord.org/fhir/StructureDefinition/shr-vital-BodyWeight"
          ]
        },
        "status": "final",
        "category": [
          {
            "coding": [
              {
                "system": "http://hl7.org/fhir/observation-category",
                "code": "vital-signs"
              }
            ]
          }
        ],
        "code": {
          "coding": [
            {
              "system": "http://loinc.org",
              "code": "29463-7",
              "display": "Body Weight"
            }
          ],
          "text": "Body Weight"
        },
        "subject": {
          "reference": "urn:uuid:526fefe2-76fb-461a-92d3-ca3b6880230e"
        },
        "context": {
          "reference": "urn:uuid:95574987-0005-4f3a-a2c1-4ea34c268af0"
        },
        "effectiveDateTime": "2016-07-04T05:23:22-04:00",
        "issued": "2016-07-04T05:23:22-04:00",
        "valueQuantity": {
          "value": 71.5454437017806,
          "unit": "kg",
          "system": "http://unitsofmeasure.org/",
          "code": "kg"
        },
        "resourceType": "Observation"
      }
    },
    {
      "fullUrl": "urn:uuid:3b1d9f1c-79bd-465a-b27b-b9ee75b85038",
      "resource": {
        "id": "3b1d9f1c-79bd-465a-b27b-b9ee75b85038",
        "meta": {
          "profile": [
            "http://standardhealthrecord.org/fhir/StructureDefinition/shr-observation-Observation",
            "http://standardhealthrecord.org/fhir/StructureDefinition/shr-vital-VitalSign",
            "http://standardhealthrecord.org/fhir/StructureDefinition/shr-vital-BodyMassIndex"
          ]
        },
        "status": "final",
        "category": [
          {
            "coding": [
              {
                "system": "http://hl7.org/fhir/observation-category",
                "code": "vital-signs"
              }
            ]
          }
        ],
        "code": {
          "coding": [
            {
              "system": "http://loinc.org",
              "code": "39156-5",
              "display": "Body Mass Index"
            }
          ],
          "text": "Body Mass Index"
        },
        "subject": {
          "reference": "urn:uuid:526fefe2-76fb-461a-92d3-ca3b6880230e"
        },
        "context": {
          "reference": "urn:uuid:95574987-0005-4f3a-a2c1-4ea34c268af0"
        },
        "effectiveDateTime": "2016-07-04T05:23:22-04:00",
        "issued": "2016-07-04T05:23:22-04:00",
        "valueQuantity": {
          "value": 26.486019701696264,
          "unit": "kg/m2",
          "system": "http://unitsofmeasure.org/",
          "code": "kg/m2"
        },
        "resourceType": "Observation"
      }
    },
    {
      "fullUrl": "urn:uuid:daf6ce17-9de2-4746-8af7-b30cdb9a69ed",
      "resource": {
        "id": "daf6ce17-9de2-4746-8af7-b30cdb9a69ed",
        "meta": {
          "profile": [
            "http://standardhealthrecord.org/fhir/StructureDefinition/shr-observation-Observation",
            "http://standardhealthrecord.org/fhir/StructureDefinition/shr-vital-BloodPressure"
          ]
        },
        "status": "final",
        "category": [
          {
            "coding": [
              {
                "system": "http://hl7.org/fhir/observation-category",
                "code": "vital-signs"
              }
            ]
          }
        ],
        "code": {
          "coding": [
            {
              "system": "http://loinc.org",
              "code": "55284-4",
              "display": "Blood Pressure"
            }
          ]
        },
        "subject": {
          "reference": "urn:uuid:526fefe2-76fb-461a-92d3-ca3b6880230e"
        },
        "context": {
          "reference": "urn:uuid:95574987-0005-4f3a-a2c1-4ea34c268af0"
        },
        "effectiveDateTime": "2016-07-04T05:23:22-04:00",
        "issued": "2016-07-04T05:23:22-04:00",
        "component": [
          {
            "code": {
              "coding": [
                {
                  "system": "http://loinc.org",
                  "code": "8480-6",
                  "display": "Systolic Blood Pressure"
                }
              ],
              "text": "Systolic Blood Pressure"
            },
            "valueQuantity": {
              "value": 100,
              "unit": "mmHg",
              "system": "http://unitsofmeasure.org/",
              "code": "mmHg"
            }
          },
          {
            "code": {
              "coding": [
                {
                  "system": "http://loinc.org",
                  "code": "8462-4",
                  "display": "Diastolic Blood Pressure"
                }
              ],
              "text": "Diastolic Blood Pressure"
            },
            "valueQuantity": {
              "value": 86,
              "unit": "mmHg",
              "system": "http://unitsofmeasure.org/",
              "code": "mmHg"
            }
          }
        ],
        "resourceType": "Observation"
      }
    },
    {
      "fullUrl": "urn:uuid:cdad18de-7846-493b-99a3-e5273945678d",
      "resource": {
        "id": "cdad18de-7846-493b-99a3-e5273945678d",
        "meta": {
          "profile": [
            "http://standardhealthrecord.org/fhir/StructureDefinition/shr-observation-Observation"
          ]
        },
        "status": "final",
        "category": [
          {
            "coding": [
              {
                "system": "http://hl7.org/fhir/observation-category",
                "code": "laboratory"
              }
            ]
          }
        ],
        "code": {
          "coding": [
            {
              "system": "http://loinc.org",
              "code": "4548-4",
              "display": "Hemoglobin A1c/Hemoglobin.total in Blood"
            }
          ],
          "text": "Hemoglobin A1c/Hemoglobin.total in Blood"
        },
        "subject": {
          "reference": "urn:uuid:526fefe2-76fb-461a-92d3-ca3b6880230e"
        },
        "context": {
          "reference": "urn:uuid:95574987-0005-4f3a-a2c1-4ea34c268af0"
        },
        "effectiveDateTime": "2016-07-04T05:23:22-04:00",
        "issued": "2016-07-04T05:23:22-04:00",
        "valueQuantity": {
          "value": 5.8,
          "unit": "%",
          "system": "http://unitsofmeasure.org/",
          "code": "%"
        },
        "resourceType": "Observation"
      }
    },
    {
      "fullUrl": "urn:uuid:60599f1c-b950-43ae-a991-dbb30bbbc404",
      "resource": {
        "id": "60599f1c-b950-43ae-a991-dbb30bbbc404",
        "meta": {
          "profile": [
            "http://standardhealthrecord.org/fhir/StructureDefinition/shr-observation-Observation"
          ]
        },
        "status": "final",
        "category": [
          {
            "coding": [
              {
                "system": "http://hl7.org/fhir/observation-category",
                "code": "laboratory"
              }
            ]
          }
        ],
        "code": {
          "coding": [
            {
              "system": "http://loinc.org",
              "code": "2339-0",
              "display": "Glucose"
            }
          ],
          "text": "Glucose"
        },
        "subject": {
          "reference": "urn:uuid:526fefe2-76fb-461a-92d3-ca3b6880230e"
        },
        "context": {
          "reference": "urn:uuid:95574987-0005-4f3a-a2c1-4ea34c268af0"
        },
        "effectiveDateTime": "2016-07-04T05:23:22-04:00",
        "issued": "2016-07-04T05:23:22-04:00",
        "valueQuantity": {
          "value": 66,
          "unit": "mg/dL",
          "system": "http://unitsofmeasure.org/",
          "code": "mg/dL"
        },
        "resourceType": "Observation"
      }
    },
    {
      "fullUrl": "urn:uuid:e87d4e1d-cd7a-46f5-a373-9b37ed8a6506",
      "resource": {
        "id": "e87d4e1d-cd7a-46f5-a373-9b37ed8a6506",
        "meta": {
          "profile": [
            "http://standardhealthrecord.org/fhir/StructureDefinition/shr-observation-Observation"
          ]
        },
        "status": "final",
        "category": [
          {
            "coding": [
              {
                "system": "http://hl7.org/fhir/observation-category",
                "code": "laboratory"
              }
            ]
          }
        ],
        "code": {
          "coding": [
            {
              "system": "http://loinc.org",
              "code": "6299-2",
              "display": "Urea Nitrogen"
            }
          ],
          "text": "Urea Nitrogen"
        },
        "subject": {
          "reference": "urn:uuid:526fefe2-76fb-461a-92d3-ca3b6880230e"
        },
        "context": {
          "reference": "urn:uuid:95574987-0005-4f3a-a2c1-4ea34c268af0"
        },
        "effectiveDateTime": "2016-07-04T05:23:22-04:00",
        "issued": "2016-07-04T05:23:22-04:00",
        "valueQuantity": {
          "value": 16,
          "unit": "mg/dL",
          "system": "http://unitsofmeasure.org/",
          "code": "mg/dL"
        },
        "resourceType": "Observation"
      }
    },
    {
      "fullUrl": "urn:uuid:ddbd741a-d093-47d2-b476-fdc7956ac5e8",
      "resource": {
        "id": "ddbd741a-d093-47d2-b476-fdc7956ac5e8",
        "meta": {
          "profile": [
            "http://standardhealthrecord.org/fhir/StructureDefinition/shr-observation-Observation"
          ]
        },
        "status": "final",
        "category": [
          {
            "coding": [
              {
                "system": "http://hl7.org/fhir/observation-category",
                "code": "laboratory"
              }
            ]
          }
        ],
        "code": {
          "coding": [
            {
              "system": "http://loinc.org",
              "code": "38483-4",
              "display": "Creatinine"
            }
          ],
          "text": "Creatinine"
        },
        "subject": {
          "reference": "urn:uuid:526fefe2-76fb-461a-92d3-ca3b6880230e"
        },
        "context": {
          "reference": "urn:uuid:95574987-0005-4f3a-a2c1-4ea34c268af0"
        },
        "effectiveDateTime": "2016-07-04T05:23:22-04:00",
        "issued": "2016-07-04T05:23:22-04:00",
        "valueQuantity": {
          "value": 1.0,
          "unit": "mg/dL",
          "system": "http://unitsofmeasure.org/",
          "code": "mg/dL"
        },
        "resourceType": "Observation"
      }
    },
    {
      "fullUrl": "urn:uuid:44259324-5dff-45bf-96b0-4fe0e7312701",
      "resource": {
        "id": "44259324-5dff-45bf-96b0-4fe0e7312701",
        "meta": {
          "profile": [
            "http://standardhealthrecord.org/fhir/StructureDefinition/shr-observation-Observation"
          ]
        },
        "status": "final",
        "category": [
          {
            "coding": [
              {
                "system": "http://hl7.org/fhir/observation-category",
                "code": "laboratory"
              }
            ]
          }
        ],
        "code": {
          "coding": [
            {
              "system": "http://loinc.org",
              "code": "49765-1",
              "display": "Calcium"
            }
          ],
          "text": "Calcium"
        },
        "subject": {
          "reference": "urn:uuid:526fefe2-76fb-461a-92d3-ca3b6880230e"
        },
        "context": {
          "reference": "urn:uuid:95574987-0005-4f3a-a2c1-4ea34c268af0"
        },
        "effectiveDateTime": "2016-07-04T05:23:22-04:00",
        "issued": "2016-07-04T05:23:22-04:00",
        "valueQuantity": {
          "value": 8.731863593459932,
          "unit": "mg/dL",
          "system": "http://unitsofmeasure.org/",
          "code": "mg/dL"
        },
        "resourceType": "Observation"
      }
    },
    {
      "fullUrl": "urn:uuid:b276cde7-82d3-4137-956c-b7b45ebdcb73",
      "resource": {
        "id": "b276cde7-82d3-4137-956c-b7b45ebdcb73",
        "meta": {
          "profile": [
            "http://standardhealthrecord.org/fhir/StructureDefinition/shr-observation-Observation"
          ]
        },
        "status": "final",
        "category": [
          {
            "coding": [
              {
                "system": "http://hl7.org/fhir/observation-category",
                "code": "laboratory"
              }
            ]
          }
        ],
        "code": {
          "coding": [
            {
              "system": "http://loinc.org",
              "code": "2947-0",
              "display": "Sodium"
            }
          ],
          "text": "Sodium"
        },
        "subject": {
          "reference": "urn:uuid:526fefe2-76fb-461a-92d3-ca3b6880230e"
        },
        "context": {
          "reference": "urn:uuid:95574987-0005-4f3a-a2c1-4ea34c268af0"
        },
        "effectiveDateTime": "2016-07-04T05:23:22-04:00",
        "issued": "2016-07-04T05:23:22-04:00",
        "valueQuantity": {
          "value": 144,
          "unit": "mmol/L",
          "system": "http://unitsofmeasure.org/",
          "code": "mmol/L"
        },
        "resourceType": "Observation"
      }
    },
    {
      "fullUrl": "urn:uuid:b01f5b0d-b3c2-4a8d-a2f1-e783e7f45f88",
      "resource": {
        "id": "b01f5b0d-b3c2-4a8d-a2f1-e783e7f45f88",
        "meta": {
          "profile": [
            "http://standardhealthrecord.org/fhir/StructureDefinition/shr-observation-Observation"
          ]
        },
        "status": "final",
        "category": [
          {
            "coding": [
              {
                "system": "http://hl7.org/fhir/observation-category",
                "code": "laboratory"
              }
            ]
          }
        ],
        "code": {
          "coding": [
            {
              "system": "http://loinc.org",
              "code": "6298-4",
              "display": "Potassium"
            }
          ],
          "text": "Potassium"
        },
        "subject": {
          "reference": "urn:uuid:526fefe2-76fb-461a-92d3-ca3b6880230e"
        },
        "context": {
          "reference": "urn:uuid:95574987-0005-4f3a-a2c1-4ea34c268af0"
        },
        "effectiveDateTime": "2016-07-04T05:23:22-04:00",
        "issued": "2016-07-04T05:23:22-04:00",
        "valueQuantity": {
          "value": 4.528469350155744,
          "unit": "mmol/L",
          "system": "http://unitsofmeasure.org/",
          "code": "mmol/L"
        },
        "resourceType": "Observation"
      }
    },
    {
      "fullUrl": "urn:uuid:fbe71d6b-bef2-4b83-ba56-d83f994837a3",
      "resource": {
        "id": "fbe71d6b-bef2-4b83-ba56-d83f994837a3",
        "meta": {
          "profile": [
            "http://standardhealthrecord.org/fhir/StructureDefinition/shr-observation-Observation"
          ]
        },
        "status": "final",
        "category": [
          {
            "coding": [
              {
                "system": "http://hl7.org/fhir/observation-category",
                "code": "laboratory"
              }
            ]
          }
        ],
        "code": {
          "coding": [
            {
              "system": "http://loinc.org",
              "code": "2069-3",
              "display": "Chloride"
            }
          ],
          "text": "Chloride"
        },
        "subject": {
          "reference": "urn:uuid:526fefe2-76fb-461a-92d3-ca3b6880230e"
        },
        "context": {
          "reference": "urn:uuid:95574987-0005-4f3a-a2c1-4ea34c268af0"
        },
        "effectiveDateTime": "2016-07-04T05:23:22-04:00",
        "issued": "2016-07-04T05:23:22-04:00",
        "valueQuantity": {
          "value": 103,
          "unit": "mmol/L",
          "system": "http://unitsofmeasure.org/",
          "code": "mmol/L"
        },
        "resourceType": "Observation"
      }
    },
    {
      "fullUrl": "urn:uuid:035db43d-85b0-4bcc-b21b-56ca4af9a89c",
      "resource": {
        "id": "035db43d-85b0-4bcc-b21b-56ca4af9a89c",
        "meta": {
          "profile": [
            "http://standardhealthrecord.org/fhir/StructureDefinition/shr-observation-Observation"
          ]
        },
        "status": "final",
        "category": [
          {
            "coding": [
              {
                "system": "http://hl7.org/fhir/observation-category",
                "code": "laboratory"
              }
            ]
          }
        ],
        "code": {
          "coding": [
            {
              "system": "http://loinc.org",
              "code": "20565-8",
              "display": "Carbon Dioxide"
            }
          ],
          "text": "Carbon Dioxide"
        },
        "subject": {
          "reference": "urn:uuid:526fefe2-76fb-461a-92d3-ca3b6880230e"
        },
        "context": {
          "reference": "urn:uuid:95574987-0005-4f3a-a2c1-4ea34c268af0"
        },
        "effectiveDateTime": "2016-07-04T05:23:22-04:00",
        "issued": "2016-07-04T05:23:22-04:00",
        "valueQuantity": {
          "value": 23,
          "unit": "mmol/L",
          "system": "http://unitsofmeasure.org/",
          "code": "mmol/L"
        },
        "resourceType": "Observation"
      }
    },
    {
      "fullUrl": "urn:uuid:3c06d659-1752-4971-934e-e22bcf4ec4b7",
      "resource": {
        "id": "3c06d659-1752-4971-934e-e22bcf4ec4b7",
        "meta": {
          "profile": [
            "http://standardhealthrecord.org/fhir/StructureDefinition/shr-observation-Panel"
          ]
        },
        "status": "final",
        "code": {
          "coding": [
            {
              "system": "http://loinc.org",
              "code": "51990-0",
              "display": "Basic Metabolic Panel"
            }
          ]
        },
        "subject": {
          "reference": "urn:uuid:526fefe2-76fb-461a-92d3-ca3b6880230e"
        },
        "context": {
          "reference": "urn:uuid:95574987-0005-4f3a-a2c1-4ea34c268af0"
        },
        "effectiveDateTime": "2016-07-04T05:23:22-04:00",
        "issued": "2016-07-04T05:23:22-04:00",
        "result": [
          {
            "reference": "urn:uuid:60599f1c-b950-43ae-a991-dbb30bbbc404",
            "display": "Glucose"
          },
          {
            "reference": "urn:uuid:e87d4e1d-cd7a-46f5-a373-9b37ed8a6506",
            "display": "Urea Nitrogen"
          },
          {
            "reference": "urn:uuid:ddbd741a-d093-47d2-b476-fdc7956ac5e8",
            "display": "Creatinine"
          },
          {
            "reference": "urn:uuid:44259324-5dff-45bf-96b0-4fe0e7312701",
            "display": "Calcium"
          },
          {
            "reference": "urn:uuid:b276cde7-82d3-4137-956c-b7b45ebdcb73",
            "display": "Sodium"
          },
          {
            "reference": "urn:uuid:b01f5b0d-b3c2-4a8d-a2f1-e783e7f45f88",
            "display": "Potassium"
          },
          {
            "reference": "urn:uuid:fbe71d6b-bef2-4b83-ba56-d83f994837a3",
            "display": "Chloride"
          },
          {
            "reference": "urn:uuid:035db43d-85b0-4bcc-b21b-56ca4af9a89c",
            "display": "Carbon Dioxide"
          }
        ],
        "resourceType": "DiagnosticReport"
      }
    },
    {
      "resource": {
        "meta": {
          "profile": [
            "http://standardhealthrecord.org/fhir/StructureDefinition/shr-immunization-Immunization"
          ]
        },
        "status": "completed",
        "notGiven": false,
        "vaccineCode": {
          "coding": [
            {
              "system": "http://hl7.org/fhir/sid/cvx",
              "code": "140",
              "display": "Influenza, seasonal, injectable, preservative free"
            }
          ],
          "text": "Influenza, seasonal, injectable, preservative free"
        },
        "patient": {
          "reference": "urn:uuid:526fefe2-76fb-461a-92d3-ca3b6880230e"
        },
        "encounter": {
          "reference": "urn:uuid:95574987-0005-4f3a-a2c1-4ea34c268af0"
        },
        "date": "2016-07-04T05:23:22-04:00",
        "primarySource": true,
        "resourceType": "Immunization"
      }
    }
  ],
  "resourceType": "Bundle"
}