{
  "type": "collection",
  "entry": [
    {
      "fullUrl": "urn:uuid:eb066dcf-3365-4732-a398-707f3f6d61f8",
      "resource": {
        "id": "eb066dcf-3365-4732-a398-707f3f6d61f8",
        "meta": {
          "profile": [
            "http://standardhealthrecord.org/fhir/StructureDefinition/shr-demographics-PersonOfRecord"
          ]
        },
        "text": {
          "status": "generated",
          "div": "<div>Generated by <a href=\"https://github.com/synthetichealth/synthea\">Synthea</a>. Version identifier: 4d02400401b9fab839e47bf5b2f1f6a8c683ab55</div>"
        },
        "extension": [
          {
            "url": "http://hl7.org/fhir/us/core/StructureDefinition/us-core-race",
            "valueCodeableConcept": {
              "coding": [
                {
                  "system": "http://hl7.org/fhir/v3/Race",
                  "code": "2106-3",
                  "display": "White"
                }
              ],
              "text": "race"
            }
          },
          {
            "url": "http://hl7.org/fhir/us/core/StructureDefinition/us-core-ethnicity",
            "valueCodeableConcept": {
              "coding": [
                {
                  "system": "http://hl7.org/fhir/v3/Ethnicity",
                  "code": "2186-5",
                  "display": "Nonhispanic"
                }
              ],
              "text": "ethnicity"
            }
          },
          {
            "url": "http://hl7.org/fhir/StructureDefinition/birthPlace",
            "valueAddress": {
              "city": "Foxborough",
              "state": "MA",
              "country": "US"
            }
          },
          {
            "url": "http://hl7.org/fhir/StructureDefinition/patient-mothersMaidenName",
            "valueString": "Armando591 Lesch873"
          },
          {
            "url": "http://hl7.org/fhir/us/core/StructureDefinition/us-core-birthsex",
            "valueCode": "M"
          },
          {
            "url": "http://hl7.org/fhir/StructureDefinition/patient-interpreterRequired",
            "valueBoolean": false
          },
          {
            "url": "http://standardhealthrecord.org/fhir/StructureDefinition/shr-actor-FictionalPerson-extension",
            "valueBoolean": true
          },
          {
            "url": "http://standardhealthrecord.org/fhir/StructureDefinition/shr-demographics-FathersName-extension",
            "valueHumanName": {
              "text": "Tara647 Abbott992"
            }
          },
          {
            "url": "http://standardhealthrecord.org/fhir/StructureDefinition/shr-demographics-SocialSecurityNumber-extension",
            "valueString": "999-28-5777"
          }
        ],
        "identifier": [
          {
            "system": "https://github.com/synthetichealth/synthea",
            "value": "ab7fd752-a5c1-49c7-a96f-9555e93ba08d"
          },
          {
            "type": {
              "coding": [
                {
                  "system": "http://hl7.org/fhir/identifier-type",
                  "code": "SB"
                }
              ]
            },
            "system": "http://hl7.org/fhir/sid/us-ssn",
            "value": "999285777"
          },
          {
            "type": {
              "coding": [
                {
                  "system": "http://hl7.org/fhir/v2/0203",
                  "code": "DL"
                }
              ]
            },
            "system": "urn:oid:2.16.840.1.113883.4.3.25",
            "value": "S99936962"
          }
        ],
        "name": [
          {
            "use": "official",
            "family": "Abbott992",
            "given": [
              "Curt68"
            ],
            "prefix": [
              "Mr."
            ]
          }
        ],
        "telecom": [
          {
            "system": "phone",
            "value": "123-291-0730",
            "use": "home"
          }
        ],
        "gender": "male",
        "birthDate": "1963-09-04",
        "address": [
          {
            "extension": [
              {
                "extension": [
                  {
                    "url": "latitude",
                    "valueDecimal": 42.43853321546706
                  },
                  {
                    "url": "longitude",
                    "valueDecimal": -71.10302084500846
                  }
                ],
                "url": "http://hl7.org/fhir/StructureDefinition/geolocation"
              }
            ],
            "line": [
              "56000 Norval Island"
            ],
            "city": "Medford",
            "state": "MA",
            "postalCode": "02155",
            "country": "US"
          }
        ],
        "maritalStatus": {
          "coding": [
            {
              "system": "http://hl7.org/fhir/v3/MaritalStatus",
              "code": "M"
            }
          ],
          "text": "M"
        },
        "multipleBirthBoolean": false,
        "communication": [
          {
            "language": {
              "coding": [
                {
                  "system": "http://hl7.org/fhir/ValueSet/languages",
                  "code": "en-US",
                  "display": "English (United States)"
                }
              ]
            }
          }
        ],
        "resourceType": "Patient"
      }
    },
    {
      "fullUrl": "urn:uuid:be795403-9555-48af-bb70-a4a809e200bb",
      "resource": {
        "id": "be795403-9555-48af-bb70-a4a809e200bb",
        "meta": {
          "profile": [
            "http://standardhealthrecord.org/fhir/StructureDefinition/shr-actor-Organization"
          ]
        },
        "type": [
          {
            "coding": [
              {
                "system": "http://hl7.org/fhir/ValueSet/organization-type",
                "code": "prov",
                "display": "Healthcare Provider"
              }
            ],
            "text": "Healthcare Provider"
          }
        ],
        "name": "Synthetic Provider",
        "resourceType": "Organization"
      }
    },
    {
      "fullUrl": "urn:uuid:48a3e855-9f65-4ebc-ba9d-b3e536fc373b",
      "resource": {
        "id": "48a3e855-9f65-4ebc-ba9d-b3e536fc373b",
        "meta": {
          "profile": [
            "http://standardhealthrecord.org/fhir/StructureDefinition/shr-encounter-Encounter"
          ]
        },
        "status": "finished",
        "class": {
          "code": "outpatient"
        },
        "type": [
          {
            "coding": [
              {
                "system": "http://snomed.info/sct",
                "code": "185349003"
              }
            ],
            "text": "Outpatient Encounter"
          }
        ],
        "subject": {
          "reference": "urn:uuid:eb066dcf-3365-4732-a398-707f3f6d61f8"
        },
        "period": {
          "start": "2010-10-25T00:29:03-04:00",
          "end": "2010-10-25T01:29:03-04:00"
        },
        "serviceProvider": {
          "reference": "urn:uuid:be795403-9555-48af-bb70-a4a809e200bb"
        },
        "resourceType": "Encounter"
      }
    },
    {
      "fullUrl": "urn:uuid:239814c1-3d8a-45f5-a6fd-98ffe3fa7567",
      "resource": {
        "id": "239814c1-3d8a-45f5-a6fd-98ffe3fa7567",
        "meta": {
          "profile": [
            "http://standardhealthrecord.org/fhir/StructureDefinition/shr-problem-Problem"
          ]
        },
        "clinicalStatus": "active",
        "verificationStatus": "confirmed",
        "code": {
          "coding": [
            {
              "system": "http://snomed.info/sct",
              "code": "38341003",
              "display": "Hypertension"
            }
          ],
          "text": "Hypertension"
        },
        "subject": {
          "reference": "urn:uuid:eb066dcf-3365-4732-a398-707f3f6d61f8"
        },
        "context": {
          "reference": "urn:uuid:48a3e855-9f65-4ebc-ba9d-b3e536fc373b"
        },
        "onsetDateTime": "1981-09-25T23:31:22-04:00",
        "assertedDate": "1981-09-25",
        "resourceType": "Condition"
      }
    },
    {
      "fullUrl": "urn:uuid:5cabd96d-5910-43d1-ae58-9c21596b9011",
      "resource": {
        "id": "5cabd96d-5910-43d1-ae58-9c21596b9011",
        "meta": {
          "profile": [
            "http://standardhealthrecord.org/fhir/StructureDefinition/shr-problem-Problem"
          ]
        },
        "clinicalStatus": "active",
        "verificationStatus": "confirmed",
        "code": {
          "coding": [
            {
              "system": "http://snomed.info/sct",
              "code": "201834006",
              "display": "Localized, primary osteoarthritis of the hand"
            }
          ],
          "text": "Localized, primary osteoarthritis of the hand"
        },
        "subject": {
          "reference": "urn:uuid:eb066dcf-3365-4732-a398-707f3f6d61f8"
        },
        "context": {
          "reference": "urn:uuid:48a3e855-9f65-4ebc-ba9d-b3e536fc373b"
        },
        "onsetDateTime": "2001-11-04T14:37:08-05:00",
        "assertedDate": "2001-11-04",
        "resourceType": "Condition"
      }
    },
    {
      "fullUrl": "urn:uuid:a19e64d3-f831-4544-b5b9-ea9d7dbb48f3",
      "resource": {
        "id": "a19e64d3-f831-4544-b5b9-ea9d7dbb48f3",
        "meta": {
          "profile": [
            "http://standardhealthrecord.org/fhir/StructureDefinition/shr-observation-Observation",
            "http://standardhealthrecord.org/fhir/StructureDefinition/shr-vital-VitalSign",
            "http://standardhealthrecord.org/fhir/StructureDefinition/shr-vital-BodyHeight"
          ]
        },
        "status": "final",
        "category": [
          {
            "coding": [
              {
                "system": "http://hl7.org/fhir/observation-category",
                "code": "vital-signs"
              }
            ]
          }
        ],
        "code": {
          "coding": [
            {
              "system": "http://loinc.org",
              "code": "8302-2",
              "display": "Body Height"
            }
          ],
          "text": "Body Height"
        },
        "subject": {
          "reference": "urn:uuid:eb066dcf-3365-4732-a398-707f3f6d61f8"
        },
        "context": {
          "reference": "urn:uuid:48a3e855-9f65-4ebc-ba9d-b3e536fc373b"
        },
        "effectiveDateTime": "2010-10-25T00:29:03-04:00",
        "issued": "2010-10-25T00:29:03-04:00",
        "valueQuantity": {
          "value": 179.05182443522148,
          "unit": "cm",
          "system": "http://unitsofmeasure.org/",
          "code": "cm"
        },
        "resourceType": "Observation"
      }
    },
    {
      "fullUrl": "urn:uuid:b6795873-803c-48a1-adf3-09a4fc1a8187",
      "resource": {
        "id": "b6795873-803c-48a1-adf3-09a4fc1a8187",
        "meta": {
          "profile": [
            "http://standardhealthrecord.org/fhir/StructureDefinition/shr-observation-Observation",
            "http://standardhealthrecord.org/fhir/StructureDefinition/shr-vital-VitalSign",
            "http://standardhealthrecord.org/fhir/StructureDefinition/shr-vital-BodyWeight"
          ]
        },
        "status": "final",
        "category": [
          {
            "coding": [
              {
                "system": "http://hl7.org/fhir/observation-category",
                "code": "vital-signs"
              }
            ]
          }
        ],
        "code": {
          "coding": [
            {
              "system": "http://loinc.org",
              "code": "29463-7",
              "display": "Body Weight"
            }
          ],
          "text": "Body Weight"
        },
        "subject": {
          "reference": "urn:uuid:eb066dcf-3365-4732-a398-707f3f6d61f8"
        },
        "context": {
          "reference": "urn:uuid:48a3e855-9f65-4ebc-ba9d-b3e536fc373b"
        },
        "effectiveDateTime": "2010-10-25T00:29:03-04:00",
        "issued": "2010-10-25T00:29:03-04:00",
        "valueQuantity": {
          "value": 102.5818477006947,
          "unit": "kg",
          "system": "http://unitsofmeasure.org/",
          "code": "kg"
        },
        "resourceType": "Observation"
      }
    },
    {
      "fullUrl": "urn:uuid:ab1aa1b5-d1a8-42a1-a91d-7710b8ff7036",
      "resource": {
        "id": "ab1aa1b5-d1a8-42a1-a91d-7710b8ff7036",
        "meta": {
          "profile": [
            "http://standardhealthrecord.org/fhir/StructureDefinition/shr-observation-Observation",
            "http://standardhealthrecord.org/fhir/StructureDefinition/shr-vital-VitalSign",
            "http://standardhealthrecord.org/fhir/StructureDefinition/shr-vital-BodyMassIndex"
          ]
        },
        "status": "final",
        "category": [
          {
            "coding": [
              {
                "system": "http://hl7.org/fhir/observation-category",
                "code": "vital-signs"
              }
            ]
          }
        ],
        "code": {
          "coding": [
            {
              "system": "http://loinc.org",
              "code": "39156-5",
              "display": "Body Mass Index"
            }
          ],
          "text": "Body Mass Index"
        },
        "subject": {
          "reference": "urn:uuid:eb066dcf-3365-4732-a398-707f3f6d61f8"
        },
        "context": {
          "reference": "urn:uuid:48a3e855-9f65-4ebc-ba9d-b3e536fc373b"
        },
        "effectiveDateTime": "2010-10-25T00:29:03-04:00",
        "issued": "2010-10-25T00:29:03-04:00",
        "valueQuantity": {
          "value": 31.997276641382363,
          "unit": "kg/m2",
          "system": "http://unitsofmeasure.org/",
          "code": "kg/m2"
        },
        "resourceType": "Observation"
      }
    },
    {
      "fullUrl": "urn:uuid:db43bf5e-84f4-4cd7-884b-14fb67a605fa",
      "resource": {
        "id": "db43bf5e-84f4-4cd7-884b-14fb67a605fa",
        "meta": {
          "profile": [
            "http://standardhealthrecord.org/fhir/StructureDefinition/shr-observation-Observation",
            "http://standardhealthrecord.org/fhir/StructureDefinition/shr-vital-BloodPressure"
          ]
        },
        "status": "final",
        "category": [
          {
            "coding": [
              {
                "system": "http://hl7.org/fhir/observation-category",
                "code": "vital-signs"
              }
            ]
          }
        ],
        "code": {
          "coding": [
            {
              "system": "http://loinc.org",
              "code": "55284-4",
              "display": "Blood Pressure"
            }
          ]
        },
        "subject": {
          "reference": "urn:uuid:eb066dcf-3365-4732-a398-707f3f6d61f8"
        },
        "context": {
          "reference": "urn:uuid:48a3e855-9f65-4ebc-ba9d-b3e536fc373b"
        },
        "effectiveDateTime": "2010-10-25T00:29:03-04:00",
        "issued": "2010-10-25T00:29:03-04:00",
        "component": [
          {
            "code": {
              "coding": [
                {
                  "system": "http://loinc.org",
                  "code": "8480-6",
                  "display": "Systolic Blood Pressure"
                }
              ],
              "text": "Systolic Blood Pressure"
            },
            "valueQuantity": {
              "value": 180,
              "unit": "mmHg",
              "system": "http://unitsofmeasure.org/",
              "code": "mmHg"
            }
          },
          {
            "code": {
              "coding": [
                {
                  "system": "http://loinc.org",
                  "code": "8462-4",
                  "display": "Diastolic Blood Pressure"
                }
              ],
              "text": "Diastolic Blood Pressure"
            },
            "valueQuantity": {
              "value": 118,
              "unit": "mmHg",
              "system": "http://unitsofmeasure.org/",
              "code": "mmHg"
            }
          }
        ],
        "resourceType": "Observation"
      }
    },
    {
      "fullUrl": "urn:uuid:746afc31-cf43-429a-9ed1-0787c2c19de7",
      "resource": {
        "id": "746afc31-cf43-429a-9ed1-0787c2c19de7",
        "meta": {
          "profile": [
            "http://standardhealthrecord.org/fhir/StructureDefinition/shr-observation-Observation"
          ]
        },
        "status": "final",
        "category": [
          {
            "coding": [
              {
                "system": "http://hl7.org/fhir/observation-category",
                "code": "laboratory"
              }
            ]
          }
        ],
        "code": {
          "coding": [
            {
              "system": "http://loinc.org",
              "code": "2093-3",
              "display": "Total Cholesterol"
            }
          ],
          "text": "Total Cholesterol"
        },
        "subject": {
          "reference": "urn:uuid:eb066dcf-3365-4732-a398-707f3f6d61f8"
        },
        "context": {
          "reference": "urn:uuid:48a3e855-9f65-4ebc-ba9d-b3e536fc373b"
        },
        "effectiveDateTime": "2010-10-25T00:29:03-04:00",
        "issued": "2010-10-25T00:29:03-04:00",
        "valueQuantity": {
          "value": 195,
          "unit": "mg/dL",
          "system": "http://unitsofmeasure.org/",
          "code": "mg/dL"
        },
        "resourceType": "Observation"
      }
    },
    {
      "fullUrl": "urn:uuid:9c57bc50-5ef3-4c67-aaa9-e4d3593ea96a",
      "resource": {
        "id": "9c57bc50-5ef3-4c67-aaa9-e4d3593ea96a",
        "meta": {
          "profile": [
            "http://standardhealthrecord.org/fhir/StructureDefinition/shr-observation-Observation"
          ]
        },
        "status": "final",
        "category": [
          {
            "coding": [
              {
                "system": "http://hl7.org/fhir/observation-category",
                "code": "laboratory"
              }
            ]
          }
        ],
        "code": {
          "coding": [
            {
              "system": "http://loinc.org",
              "code": "2571-8",
              "display": "Triglycerides"
            }
          ],
          "text": "Triglycerides"
        },
        "subject": {
          "reference": "urn:uuid:eb066dcf-3365-4732-a398-707f3f6d61f8"
        },
        "context": {
          "reference": "urn:uuid:48a3e855-9f65-4ebc-ba9d-b3e536fc373b"
        },
        "effectiveDateTime": "2010-10-25T00:29:03-04:00",
        "issued": "2010-10-25T00:29:03-04:00",
        "valueQuantity": {
          "value": 147,
          "unit": "mg/dL",
          "system": "http://unitsofmeasure.org/",
          "code": "mg/dL"
        },
        "resourceType": "Observation"
      }
    },
    {
      "fullUrl": "urn:uuid:07e05349-1c81-4452-88ce-f68129538269",
      "resource": {
        "id": "07e05349-1c81-4452-88ce-f68129538269",
        "meta": {
          "profile": [
            "http://standardhealthrecord.org/fhir/StructureDefinition/shr-observation-Observation"
          ]
        },
        "status": "final",
        "category": [
          {
            "coding": [
              {
                "system": "http://hl7.org/fhir/observation-category",
                "code": "laboratory"
              }
            ]
          }
        ],
        "code": {
          "coding": [
            {
              "system": "http://loinc.org",
              "code": "18262-6",
              "display": "Low Density Lipoprotein Cholesterol"
            }
          ],
          "text": "Low Density Lipoprotein Cholesterol"
        },
        "subject": {
          "reference": "urn:uuid:eb066dcf-3365-4732-a398-707f3f6d61f8"
        },
        "context": {
          "reference": "urn:uuid:48a3e855-9f65-4ebc-ba9d-b3e536fc373b"
        },
        "effectiveDateTime": "2010-10-25T00:29:03-04:00",
        "issued": "2010-10-25T00:29:03-04:00",
        "valueQuantity": {
          "value": 89,
          "unit": "mg/dL",
          "system": "http://unitsofmeasure.org/",
          "code": "mg/dL"
        },
        "resourceType": "Observation"
      }
    },
    {
      "fullUrl": "urn:uuid:603bd2e2-7bcb-4232-9b2b-34ca142f27f2",
      "resource": {
        "id": "603bd2e2-7bcb-4232-9b2b-34ca142f27f2",
        "meta": {
          "profile": [
            "http://standardhealthrecord.org/fhir/StructureDefinition/shr-observation-Observation"
          ]
        },
        "status": "final",
        "category": [
          {
            "coding": [
              {
                "system": "http://hl7.org/fhir/observation-category",
                "code": "laboratory"
              }
            ]
          }
        ],
        "code": {
          "coding": [
            {
              "system": "http://loinc.org",
              "code": "2085-9",
              "display": "High Density Lipoprotein Cholesterol"
            }
          ],
          "text": "High Density Lipoprotein Cholesterol"
        },
        "subject": {
          "reference": "urn:uuid:eb066dcf-3365-4732-a398-707f3f6d61f8"
        },
        "context": {
          "reference": "urn:uuid:48a3e855-9f65-4ebc-ba9d-b3e536fc373b"
        },
        "effectiveDateTime": "2010-10-25T00:29:03-04:00",
        "issued": "2010-10-25T00:29:03-04:00",
        "valueQuantity": {
          "value": 76,
          "unit": "mg/dL",
          "system": "http://unitsofmeasure.org/",
          "code": "mg/dL"
        },
        "resourceType": "Observation"
      }
    },
    {
      "fullUrl": "urn:uuid:0343aba9-d611-4be2-b101-788e3b784ba4",
      "resource": {
        "id": "0343aba9-d611-4be2-b101-788e3b784ba4",
        "meta": {
          "profile": [
            "http://standardhealthrecord.org/fhir/StructureDefinition/shr-observation-Panel"
          ]
        },
        "status": "final",
        "code": {
          "coding": [
            {
              "system": "http://loinc.org",
              "code": "57698-3",
              "display": "Lipid Panel"
            }
          ]
        },
        "subject": {
          "reference": "urn:uuid:eb066dcf-3365-4732-a398-707f3f6d61f8"
        },
        "context": {
          "reference": "urn:uuid:48a3e855-9f65-4ebc-ba9d-b3e536fc373b"
        },
        "effectiveDateTime": "2010-10-25T00:29:03-04:00",
        "issued": "2010-10-25T00:29:03-04:00",
        "result": [
          {
            "reference": "urn:uuid:746afc31-cf43-429a-9ed1-0787c2c19de7",
            "display": "Total Cholesterol"
          },
          {
            "reference": "urn:uuid:9c57bc50-5ef3-4c67-aaa9-e4d3593ea96a",
            "display": "Triglycerides"
          },
          {
            "reference": "urn:uuid:07e05349-1c81-4452-88ce-f68129538269",
            "display": "Low Density Lipoprotein Cholesterol"
          },
          {
            "reference": "urn:uuid:603bd2e2-7bcb-4232-9b2b-34ca142f27f2",
            "display": "High Density Lipoprotein Cholesterol"
          }
        ],
        "resourceType": "DiagnosticReport"
      }
    },
    {
      "fullUrl": "urn:uuid:142f2a9a-b1e0-45b9-b608-92145b41a821",
      "resource": {
        "id": "142f2a9a-b1e0-45b9-b608-92145b41a821",
        "meta": {
          "profile": [
            "http://standardhealthrecord.org/fhir/StructureDefinition/shr-observation-Observation"
          ]
        },
        "status": "final",
        "category": [
          {
            "coding": [
              {
                "system": "http://hl7.org/fhir/observation-category",
                "code": "laboratory"
              }
            ]
          }
        ],
        "code": {
          "coding": [
            {
              "system": "http://loinc.org",
              "code": "33914-3",
              "display": "Estimated Glomerular Filtration Rate"
            }
          ],
          "text": "Estimated Glomerular Filtration Rate"
        },
        "subject": {
          "reference": "urn:uuid:eb066dcf-3365-4732-a398-707f3f6d61f8"
        },
        "context": {
          "reference": "urn:uuid:48a3e855-9f65-4ebc-ba9d-b3e536fc373b"
        },
        "effectiveDateTime": "2010-10-25T00:29:03-04:00",
        "issued": "2010-10-25T00:29:03-04:00",
        "valueQuantity": {
          "value": 60,
          "unit": "mL/min/{1.73_m2}",
          "system": "http://unitsofmeasure.org/",
          "code": "mL/min/{1.73_m2}"
        },
        "resourceType": "Observation"
      }
    },
    {
      "resource": {
        "meta": {
          "profile": [
            "http://standardhealthrecord.org/fhir/StructureDefinition/shr-procedure-Procedure"
          ]
        },
        "extension": [
          {
            "url": "http://standardhealthrecord.org/fhir/StructureDefinition/shr-core-CodeableConcept-extension",
            "valueCodeableConcept": {
              "coding": [
                {
                  "system": "http://snomed.info/sct",
                  "code": "428191000124101",
                  "display": "Documentation of current medications"
                }
              ],
              "text": "Documentation of current medications"
            }
          }
        ],
        "status": "completed",
        "code": {
          "coding": [
            {
              "system": "http://snomed.info/sct",
              "code": "428191000124101",
              "display": "Documentation of current medications"
            }
          ],
          "text": "Documentation of current medications"
        },
        "subject": {
          "reference": "urn:uuid:eb066dcf-3365-4732-a398-707f3f6d61f8"
        },
        "context": {
          "reference": "urn:uuid:48a3e855-9f65-4ebc-ba9d-b3e536fc373b"
        },
        "performedDateTime": "2010-10-25T00:29:03-04:00",
        "resourceType": "Procedure"
      }
    },
    {
      "resource": {
        "meta": {
          "profile": [
            "http://standardhealthrecord.org/fhir/StructureDefinition/shr-immunization-Immunization"
          ]
        },
        "status": "completed",
        "notGiven": false,
        "vaccineCode": {
          "coding": [
            {
              "system": "http://hl7.org/fhir/sid/cvx",
              "code": "140",
              "display": "Influenza, seasonal, injectable, preservative free"
            }
          ],
          "text": "Influenza, seasonal, injectable, preservative free"
        },
        "patient": {
          "reference": "urn:uuid:eb066dcf-3365-4732-a398-707f3f6d61f8"
        },
        "encounter": {
          "reference": "urn:uuid:48a3e855-9f65-4ebc-ba9d-b3e536fc373b"
        },
        "date": "2010-10-25T00:29:03-04:00",
        "primarySource": true,
        "resourceType": "Immunization"
      }
    },
    {
      "resource": {
        "status": "active",
        "category": [
          {
            "coding": [
              {
                "system": "http://snomed.info/sct",
                "code": "872781000000100",
                "display": "Musculoskeletal care"
              }
            ]
          }
        ],
        "subject": {
          "reference": "urn:uuid:eb066dcf-3365-4732-a398-707f3f6d61f8"
        },
        "context": {
          "reference": "urn:uuid:48a3e855-9f65-4ebc-ba9d-b3e536fc373b"
        },
        "period": {
          "start": "2001-11-04"
        },
        "addresses": [
          {
            "reference": "urn:uuid:5cabd96d-5910-43d1-ae58-9c21596b9011"
          }
        ],
        "activity": [
          {
            "detail": {
              "code": {
                "coding": [
                  {
                    "system": "http://snomed.info/sct",
                    "code": "872781000000100",
                    "display": "Joint mobility exercises"
                  }
                ]
              },
              "status": "in-progress"
            }
          },
          {
            "detail": {
              "code": {
                "coding": [
                  {
                    "system": "http://snomed.info/sct",
                    "code": "266694003",
                    "display": "Heat therapy"
                  }
                ]
              },
              "status": "in-progress"
            }
          }
        ],
        "resourceType": "CarePlan"
      }
    },
    {
      "resource": {
        "meta": {
          "profile": [
            "http://standardhealthrecord.org/fhir/StructureDefinition/shr-medication-Medication"
          ]
        },
        "code": {
          "coding": [
            {
              "system": "http://www.nlm.nih.gov/research/umls/rxnorm",
              "code": "834060",
              "display": "Penicillin V Potassium 250 MG"
            }
          ],
          "text": "Penicillin V Potassium 250 MG"
        },
        "resourceType": "Medication"
      }
    },
    {
      "resource": {
        "meta": {
          "profile": [
            "http://standardhealthrecord.org/fhir/StructureDefinition/shr-medication-MedicationPrescription"
          ]
        },
        "extension": [
          {
            "url": "http://standardhealthrecord.org/fhir/StructureDefinition/shr-base-ActionCode-extension",
            "valueCodeableConcept": {
              "coding": [
                {
                  "system": "http://snomed.info/sct",
                  "code": "33633005",
                  "display": "Prescription of drug (procedure)"
                }
              ],
              "text": "Prescription of drug (procedure)"
            }
          }
        ],
        "status": "active",
        "medicationReference": {
          "reference": ""
        },
        "subject": {
          "reference": "urn:uuid:eb066dcf-3365-4732-a398-707f3f6d61f8"
        },
        "context": {
          "reference": "urn:uuid:48a3e855-9f65-4ebc-ba9d-b3e536fc373b"
        },
        "authoredOn": "1978-08-14",
        "dosageInstruction": [
          {

          }
        ],
        "resourceType": "MedicationRequest"
      }
    },
    {
      "resource": {
        "meta": {
          "profile": [
            "http://standardhealthrecord.org/fhir/StructureDefinition/shr-medication-Medication"
          ]
        },
        "code": {
          "coding": [
            {
              "system": "http://www.nlm.nih.gov/research/umls/rxnorm",
              "code": "834101",
              "display": "Penicillin V Potassium 500 MG"
            }
          ],
          "text": "Penicillin V Potassium 500 MG"
        },
        "resourceType": "Medication"
      }
    },
    {
      "resource": {
        "meta": {
          "profile": [
            "http://standardhealthrecord.org/fhir/StructureDefinition/shr-medication-MedicationPrescription"
          ]
        },
        "extension": [
          {
            "url": "http://standardhealthrecord.org/fhir/StructureDefinition/shr-base-ActionCode-extension",
            "valueCodeableConcept": {
              "coding": [
                {
                  "system": "http://snomed.info/sct",
                  "code": "33633005",
                  "display": "Prescription of drug (procedure)"
                }
              ],
              "text": "Prescription of drug (procedure)"
            }
          }
        ],
        "status": "active",
        "medicationReference": {
          "reference": ""
        },
        "subject": {
          "reference": "urn:uuid:eb066dcf-3365-4732-a398-707f3f6d61f8"
        },
        "context": {
          "reference": "urn:uuid:48a3e855-9f65-4ebc-ba9d-b3e536fc373b"
        },
        "authoredOn": "1998-05-25",
        "dosageInstruction": [
          {

          }
        ],
        "resourceType": "MedicationRequest"
      }
    },
    {
      "resource": {
        "meta": {
          "profile": [
            "http://standardhealthrecord.org/fhir/StructureDefinition/shr-medication-Medication"
          ]
        },
        "code": {
          "coding": [
            {
              "system": "http://www.nlm.nih.gov/research/umls/rxnorm",
              "code": "849727",
              "display": "Naproxen sodium 220 MG [Aleve]"
            }
          ],
          "text": "Naproxen sodium 220 MG [Aleve]"
        },
        "resourceType": "Medication"
      }
    },
    {
      "resource": {
        "meta": {
          "profile": [
            "http://standardhealthrecord.org/fhir/StructureDefinition/shr-medication-MedicationPrescription"
          ]
        },
        "extension": [
          {
            "url": "http://standardhealthrecord.org/fhir/StructureDefinition/shr-base-ActionCode-extension",
            "valueCodeableConcept": {
              "coding": [
                {
                  "system": "http://snomed.info/sct",
                  "code": "33633005",
                  "display": "Prescription of drug (procedure)"
                }
              ],
              "text": "Prescription of drug (procedure)"
            }
          }
        ],
        "status": "active",
        "medicationReference": {
          "reference": ""
        },
        "subject": {
          "reference": "urn:uuid:eb066dcf-3365-4732-a398-707f3f6d61f8"
        },
        "context": {
          "reference": "urn:uuid:48a3e855-9f65-4ebc-ba9d-b3e536fc373b"
        },
        "authoredOn": "2001-11-04",
        "reasonReference": [
          {
            "reference": "urn:uuid:5cabd96d-5910-43d1-ae58-9c21596b9011"
          }
        ],
        "dosageInstruction": [
          {

          }
        ],
        "resourceType": "MedicationRequest"
      }
    },
    {
      "fullUrl": "urn:uuid:f6bbc64f-e5ea-4138-a3c9-a06686d09ec5",
      "resource": {
        "id": "f6bbc64f-e5ea-4138-a3c9-a06686d09ec5",
        "meta": {
          "profile": [
            "http://standardhealthrecord.org/fhir/StructureDefinition/shr-encounter-Encounter"
          ]
        },
        "status": "finished",
        "class": {
          "code": "outpatient"
        },
        "type": [
          {
            "coding": [
              {
                "system": "http://snomed.info/sct",
                "code": "185349003"
              }
            ],
            "text": "Outpatient Encounter"
          }
        ],
        "subject": {
          "reference": "urn:uuid:eb066dcf-3365-4732-a398-707f3f6d61f8"
        },
        "period": {
          "start": "2012-08-12T03:51:57-04:00",
          "end": "2012-08-12T04:51:57-04:00"
        },
        "serviceProvider": {
          "reference": "urn:uuid:be795403-9555-48af-bb70-a4a809e200bb"
        },
        "resourceType": "Encounter"
      }
    },
    {
      "fullUrl": "urn:uuid:efecc343-1a92-41fa-b90d-3b99a108667d",
      "resource": {
        "id": "efecc343-1a92-41fa-b90d-3b99a108667d",
        "meta": {
          "profile": [
            "http://standardhealthrecord.org/fhir/StructureDefinition/shr-observation-Observation",
            "http://standardhealthrecord.org/fhir/StructureDefinition/shr-vital-VitalSign",
            "http://standardhealthrecord.org/fhir/StructureDefinition/shr-vital-BodyHeight"
          ]
        },
        "status": "final",
        "category": [
          {
            "coding": [
              {
                "system": "http://hl7.org/fhir/observation-category",
                "code": "vital-signs"
              }
            ]
          }
        ],
        "code": {
          "coding": [
            {
              "system": "http://loinc.org",
              "code": "8302-2",
              "display": "Body Height"
            }
          ],
          "text": "Body Height"
        },
        "subject": {
          "reference": "urn:uuid:eb066dcf-3365-4732-a398-707f3f6d61f8"
        },
        "context": {
          "reference": "urn:uuid:f6bbc64f-e5ea-4138-a3c9-a06686d09ec5"
        },
        "effectiveDateTime": "2012-08-12T03:51:57-04:00",
        "issued": "2012-08-12T03:51:57-04:00",
        "valueQuantity": {
          "value": 179.05182443522148,
          "unit": "cm",
          "system": "http://unitsofmeasure.org/",
          "code": "cm"
        },
        "resourceType": "Observation"
      }
    },
    {
      "fullUrl": "urn:uuid:d1aff6a9-4bb3-4e84-ad16-55c50692ea05",
      "resource": {
        "id": "d1aff6a9-4bb3-4e84-ad16-55c50692ea05",
        "meta": {
          "profile": [
            "http://standardhealthrecord.org/fhir/StructureDefinition/shr-observation-Observation",
            "http://standardhealthrecord.org/fhir/StructureDefinition/shr-vital-VitalSign",
            "http://standardhealthrecord.org/fhir/StructureDefinition/shr-vital-BodyWeight"
          ]
        },
        "status": "final",
        "category": [
          {
            "coding": [
              {
                "system": "http://hl7.org/fhir/observation-category",
                "code": "vital-signs"
              }
            ]
          }
        ],
        "code": {
          "coding": [
            {
              "system": "http://loinc.org",
              "code": "29463-7",
              "display": "Body Weight"
            }
          ],
          "text": "Body Weight"
        },
        "subject": {
          "reference": "urn:uuid:eb066dcf-3365-4732-a398-707f3f6d61f8"
        },
        "context": {
          "reference": "urn:uuid:f6bbc64f-e5ea-4138-a3c9-a06686d09ec5"
        },
        "effectiveDateTime": "2012-08-12T03:51:57-04:00",
        "issued": "2012-08-12T03:51:57-04:00",
        "valueQuantity": {
          "value": 104.07988866585741,
          "unit": "kg",
          "system": "http://unitsofmeasure.org/",
          "code": "kg"
        },
        "resourceType": "Observation"
      }
    },
    {
      "fullUrl": "urn:uuid:a3165f16-6e92-4149-9c10-74d8140a673b",
      "resource": {
        "id": "a3165f16-6e92-4149-9c10-74d8140a673b",
        "meta": {
          "profile": [
            "http://standardhealthrecord.org/fhir/StructureDefinition/shr-observation-Observation",
            "http://standardhealthrecord.org/fhir/StructureDefinition/shr-vital-VitalSign",
            "http://standardhealthrecord.org/fhir/StructureDefinition/shr-vital-BodyMassIndex"
          ]
        },
        "status": "final",
        "category": [
          {
            "coding": [
              {
                "system": "http://hl7.org/fhir/observation-category",
                "code": "vital-signs"
              }
            ]
          }
        ],
        "code": {
          "coding": [
            {
              "system": "http://loinc.org",
              "code": "39156-5",
              "display": "Body Mass Index"
            }
          ],
          "text": "Body Mass Index"
        },
        "subject": {
          "reference": "urn:uuid:eb066dcf-3365-4732-a398-707f3f6d61f8"
        },
        "context": {
          "reference": "urn:uuid:f6bbc64f-e5ea-4138-a3c9-a06686d09ec5"
        },
        "effectiveDateTime": "2012-08-12T03:51:57-04:00",
        "issued": "2012-08-12T03:51:57-04:00",
        "valueQuantity": {
          "value": 32.46454480097226,
          "unit": "kg/m2",
          "system": "http://unitsofmeasure.org/",
          "code": "kg/m2"
        },
        "resourceType": "Observation"
      }
    },
    {
      "fullUrl": "urn:uuid:7006a081-852c-468b-9091-6eb1e7d2d56d",
      "resource": {
        "id": "7006a081-852c-468b-9091-6eb1e7d2d56d",
        "meta": {
          "profile": [
            "http://standardhealthrecord.org/fhir/StructureDefinition/shr-observation-Observation",
            "http://standardhealthrecord.org/fhir/StructureDefinition/shr-vital-BloodPressure"
          ]
        },
        "status": "final",
        "category": [
          {
            "coding": [
              {
                "system": "http://hl7.org/fhir/observation-category",
                "code": "vital-signs"
              }
            ]
          }
        ],
        "code": {
          "coding": [
            {
              "system": "http://loinc.org",
              "code": "55284-4",
              "display": "Blood Pressure"
            }
          ]
        },
        "subject": {
          "reference": "urn:uuid:eb066dcf-3365-4732-a398-707f3f6d61f8"
        },
        "context": {
          "reference": "urn:uuid:f6bbc64f-e5ea-4138-a3c9-a06686d09ec5"
        },
        "effectiveDateTime": "2012-08-12T03:51:57-04:00",
        "issued": "2012-08-12T03:51:57-04:00",
        "component": [
          {
            "code": {
              "coding": [
                {
                  "system": "http://loinc.org",
                  "code": "8480-6",
                  "display": "Systolic Blood Pressure"
                }
              ],
              "text": "Systolic Blood Pressure"
            },
            "valueQuantity": {
              "value": 148,
              "unit": "mmHg",
              "system": "http://unitsofmeasure.org/",
              "code": "mmHg"
            }
          },
          {
            "code": {
              "coding": [
                {
                  "system": "http://loinc.org",
                  "code": "8462-4",
                  "display": "Diastolic Blood Pressure"
                }
              ],
              "text": "Diastolic Blood Pressure"
            },
            "valueQuantity": {
              "value": 104,
              "unit": "mmHg",
              "system": "http://unitsofmeasure.org/",
              "code": "mmHg"
            }
          }
        ],
        "resourceType": "Observation"
      }
    },
    {
      "fullUrl": "urn:uuid:a980e8b9-14af-4e6a-91d1-78599f52ac1a",
      "resource": {
        "id": "a980e8b9-14af-4e6a-91d1-78599f52ac1a",
        "meta": {
          "profile": [
            "http://standardhealthrecord.org/fhir/StructureDefinition/shr-observation-Observation"
          ]
        },
        "status": "final",
        "category": [
          {
            "coding": [
              {
                "system": "http://hl7.org/fhir/observation-category",
                "code": "laboratory"
              }
            ]
          }
        ],
        "code": {
          "coding": [
            {
              "system": "http://loinc.org",
              "code": "33914-3",
              "display": "Estimated Glomerular Filtration Rate"
            }
          ],
          "text": "Estimated Glomerular Filtration Rate"
        },
        "subject": {
          "reference": "urn:uuid:eb066dcf-3365-4732-a398-707f3f6d61f8"
        },
        "context": {
          "reference": "urn:uuid:f6bbc64f-e5ea-4138-a3c9-a06686d09ec5"
        },
        "effectiveDateTime": "2012-08-12T03:51:57-04:00",
        "issued": "2012-08-12T03:51:57-04:00",
        "valueQuantity": {
          "value": 60,
          "unit": "mL/min/{1.73_m2}",
          "system": "http://unitsofmeasure.org/",
          "code": "mL/min/{1.73_m2}"
        },
        "resourceType": "Observation"
      }
    },
    {
      "resource": {
        "meta": {
          "profile": [
            "http://standardhealthrecord.org/fhir/StructureDefinition/shr-immunization-Immunization"
          ]
        },
        "status": "completed",
        "notGiven": false,
        "vaccineCode": {
          "coding": [
            {
              "system": "http://hl7.org/fhir/sid/cvx",
              "code": "140",
              "display": "Influenza, seasonal, injectable, preservative free"
            }
          ],
          "text": "Influenza, seasonal, injectable, preservative free"
        },
        "patient": {
          "reference": "urn:uuid:eb066dcf-3365-4732-a398-707f3f6d61f8"
        },
        "encounter": {
          "reference": "urn:uuid:f6bbc64f-e5ea-4138-a3c9-a06686d09ec5"
        },
        "date": "2012-08-12T03:51:57-04:00",
        "primarySource": true,
        "resourceType": "Immunization"
      }
    },
    {
      "fullUrl": "urn:uuid:fb1a4ad1-07c0-4f00-9eec-12c814f8a1fb",
      "resource": {
        "id": "fb1a4ad1-07c0-4f00-9eec-12c814f8a1fb",
        "meta": {
          "profile": [
            "http://standardhealthrecord.org/fhir/StructureDefinition/shr-encounter-Encounter"
          ]
        },
        "status": "finished",
        "class": {
          "code": "ambulatory"
        },
        "type": [
          {
            "coding": [
              {
                "system": "http://snomed.info/sct",
                "code": "185349003"
              }
            ],
            "text": "Encounter for 'check-up'"
          }
        ],
        "subject": {
          "reference": "urn:uuid:eb066dcf-3365-4732-a398-707f3f6d61f8"
        },
        "period": {
          "start": "2013-09-04T02:24:02-04:00",
          "end": "2013-09-04T03:03:03-04:00"
        },
        "serviceProvider": {
          "reference": "urn:uuid:be795403-9555-48af-bb70-a4a809e200bb"
        },
        "resourceType": "Encounter"
      }
    },
    {
      "resource": {
        "meta": {
          "profile": [
            "http://standardhealthrecord.org/fhir/StructureDefinition/shr-procedure-Procedure"
          ]
        },
        "extension": [
          {
            "url": "http://standardhealthrecord.org/fhir/StructureDefinition/shr-core-CodeableConcept-extension",
            "valueCodeableConcept": {
              "coding": [
                {
                  "system": "http://snomed.info/sct",
                  "code": "73761001",
                  "display": "Colonoscopy"
                }
              ],
              "text": "Colonoscopy"
            }
          }
        ],
        "status": "completed",
        "code": {
          "coding": [
            {
              "system": "http://snomed.info/sct",
              "code": "73761001",
              "display": "Colonoscopy"
            }
          ],
          "text": "Colonoscopy"
        },
        "subject": {
          "reference": "urn:uuid:eb066dcf-3365-4732-a398-707f3f6d61f8"
        },
        "context": {
          "reference": "urn:uuid:fb1a4ad1-07c0-4f00-9eec-12c814f8a1fb"
        },
        "performedPeriod": {
          "start": "2013-09-04T02:24:02-04:00",
          "end": "2013-09-04T02:59:25-04:00"
        },
        "resourceType": "Procedure"
      }
    },
    {
      "fullUrl": "urn:uuid:8184ca41-3da8-4299-885b-d3a7dbe3600f",
      "resource": {
        "id": "8184ca41-3da8-4299-885b-d3a7dbe3600f",
        "meta": {
          "profile": [
            "http://standardhealthrecord.org/fhir/StructureDefinition/shr-encounter-Encounter"
          ]
        },
        "status": "finished",
        "class": {
          "code": "outpatient"
        },
        "type": [
          {
            "coding": [
              {
                "system": "http://snomed.info/sct",
                "code": "185349003"
              }
            ],
            "text": "Outpatient Encounter"
          }
        ],
        "subject": {
          "reference": "urn:uuid:eb066dcf-3365-4732-a398-707f3f6d61f8"
        },
        "period": {
          "start": "2014-06-24T21:18:10-04:00",
          "end": "2014-06-24T22:18:10-04:00"
        },
        "serviceProvider": {
          "reference": "urn:uuid:be795403-9555-48af-bb70-a4a809e200bb"
        },
        "resourceType": "Encounter"
      }
    },
    {
      "fullUrl": "urn:uuid:1f8f7149-d44a-4d5e-8f1a-9cd208c2da64",
      "resource": {
        "id": "1f8f7149-d44a-4d5e-8f1a-9cd208c2da64",
        "meta": {
          "profile": [
            "http://standardhealthrecord.org/fhir/StructureDefinition/shr-observation-Observation",
            "http://standardhealthrecord.org/fhir/StructureDefinition/shr-vital-VitalSign",
            "http://standardhealthrecord.org/fhir/StructureDefinition/shr-vital-BodyHeight"
          ]
        },
        "status": "final",
        "category": [
          {
            "coding": [
              {
                "system": "http://hl7.org/fhir/observation-category",
                "code": "vital-signs"
              }
            ]
          }
        ],
        "code": {
          "coding": [
            {
              "system": "http://loinc.org",
              "code": "8302-2",
              "display": "Body Height"
            }
          ],
          "text": "Body Height"
        },
        "subject": {
          "reference": "urn:uuid:eb066dcf-3365-4732-a398-707f3f6d61f8"
        },
        "context": {
          "reference": "urn:uuid:8184ca41-3da8-4299-885b-d3a7dbe3600f"
        },
        "effectiveDateTime": "2014-06-24T21:18:10-04:00",
        "issued": "2014-06-24T21:18:10-04:00",
        "valueQuantity": {
          "value": 179.05182443522148,
          "unit": "cm",
          "system": "http://unitsofmeasure.org/",
          "code": "cm"
        },
        "resourceType": "Observation"
      }
    },
    {
      "fullUrl": "urn:uuid:5b2edf8e-6551-4f67-887e-677da6cd0677",
      "resource": {
        "id": "5b2edf8e-6551-4f67-887e-677da6cd0677",
        "meta": {
          "profile": [
            "http://standardhealthrecord.org/fhir/StructureDefinition/shr-observation-Observation",
            "http://standardhealthrecord.org/fhir/StructureDefinition/shr-vital-VitalSign",
            "http://standardhealthrecord.org/fhir/StructureDefinition/shr-vital-BodyWeight"
          ]
        },
        "status": "final",
        "category": [
          {
            "coding": [
              {
                "system": "http://hl7.org/fhir/observation-category",
                "code": "vital-signs"
              }
            ]
          }
        ],
        "code": {
          "coding": [
            {
              "system": "http://loinc.org",
              "code": "29463-7",
              "display": "Body Weight"
            }
          ],
          "text": "Body Weight"
        },
        "subject": {
          "reference": "urn:uuid:eb066dcf-3365-4732-a398-707f3f6d61f8"
        },
        "context": {
          "reference": "urn:uuid:8184ca41-3da8-4299-885b-d3a7dbe3600f"
        },
        "effectiveDateTime": "2014-06-24T21:18:10-04:00",
        "issued": "2014-06-24T21:18:10-04:00",
        "valueQuantity": {
          "value": 105.97111196494473,
          "unit": "kg",
          "system": "http://unitsofmeasure.org/",
          "code": "kg"
        },
        "resourceType": "Observation"
      }
    },
    {
      "fullUrl": "urn:uuid:9937d95c-ac4a-4e86-b230-c1d7e294e5a5",
      "resource": {
        "id": "9937d95c-ac4a-4e86-b230-c1d7e294e5a5",
        "meta": {
          "profile": [
            "http://standardhealthrecord.org/fhir/StructureDefinition/shr-observation-Observation",
            "http://standardhealthrecord.org/fhir/StructureDefinition/shr-vital-VitalSign",
            "http://standardhealthrecord.org/fhir/StructureDefinition/shr-vital-BodyMassIndex"
          ]
        },
        "status": "final",
        "category": [
          {
            "coding": [
              {
                "system": "http://hl7.org/fhir/observation-category",
                "code": "vital-signs"
              }
            ]
          }
        ],
        "code": {
          "coding": [
            {
              "system": "http://loinc.org",
              "code": "39156-5",
              "display": "Body Mass Index"
            }
          ],
          "text": "Body Mass Index"
        },
        "subject": {
          "reference": "urn:uuid:eb066dcf-3365-4732-a398-707f3f6d61f8"
        },
        "context": {
          "reference": "urn:uuid:8184ca41-3da8-4299-885b-d3a7dbe3600f"
        },
        "effectiveDateTime": "2014-06-24T21:18:10-04:00",
        "issued": "2014-06-24T21:18:10-04:00",
        "valueQuantity": {
          "value": 33.05445418989346,
          "unit": "kg/m2",
          "system": "http://unitsofmeasure.org/",
          "code": "kg/m2"
        },
        "resourceType": "Observation"
      }
    },
    {
      "fullUrl": "urn:uuid:24da3e76-5b2e-4fc0-9efc-769f822668e2",
      "resource": {
        "id": "24da3e76-5b2e-4fc0-9efc-769f822668e2",
        "meta": {
          "profile": [
            "http://standardhealthrecord.org/fhir/StructureDefinition/shr-observation-Observation",
            "http://standardhealthrecord.org/fhir/StructureDefinition/shr-vital-BloodPressure"
          ]
        },
        "status": "final",
        "category": [
          {
            "coding": [
              {
                "system": "http://hl7.org/fhir/observation-category",
                "code": "vital-signs"
              }
            ]
          }
        ],
        "code": {
          "coding": [
            {
              "system": "http://loinc.org",
              "code": "55284-4",
              "display": "Blood Pressure"
            }
          ]
        },
        "subject": {
          "reference": "urn:uuid:eb066dcf-3365-4732-a398-707f3f6d61f8"
        },
        "context": {
          "reference": "urn:uuid:8184ca41-3da8-4299-885b-d3a7dbe3600f"
        },
        "effectiveDateTime": "2014-06-24T21:18:10-04:00",
        "issued": "2014-06-24T21:18:10-04:00",
        "component": [
          {
            "code": {
              "coding": [
                {
                  "system": "http://loinc.org",
                  "code": "8480-6",
                  "display": "Systolic Blood Pressure"
                }
              ],
              "text": "Systolic Blood Pressure"
            },
            "valueQuantity": {
              "value": 199,
              "unit": "mmHg",
              "system": "http://unitsofmeasure.org/",
              "code": "mmHg"
            }
          },
          {
            "code": {
              "coding": [
                {
                  "system": "http://loinc.org",
                  "code": "8462-4",
                  "display": "Diastolic Blood Pressure"
                }
              ],
              "text": "Diastolic Blood Pressure"
            },
            "valueQuantity": {
              "value": 102,
              "unit": "mmHg",
              "system": "http://unitsofmeasure.org/",
              "code": "mmHg"
            }
          }
        ],
        "resourceType": "Observation"
      }
    },
    {
      "fullUrl": "urn:uuid:39e53771-3bd4-4e65-a03f-8421484c7021",
      "resource": {
        "id": "39e53771-3bd4-4e65-a03f-8421484c7021",
        "meta": {
          "profile": [
            "http://standardhealthrecord.org/fhir/StructureDefinition/shr-observation-Observation"
          ]
        },
        "status": "final",
        "category": [
          {
            "coding": [
              {
                "system": "http://hl7.org/fhir/observation-category",
                "code": "laboratory"
              }
            ]
          }
        ],
        "code": {
          "coding": [
            {
              "system": "http://loinc.org",
              "code": "2093-3",
              "display": "Total Cholesterol"
            }
          ],
          "text": "Total Cholesterol"
        },
        "subject": {
          "reference": "urn:uuid:eb066dcf-3365-4732-a398-707f3f6d61f8"
        },
        "context": {
          "reference": "urn:uuid:8184ca41-3da8-4299-885b-d3a7dbe3600f"
        },
        "effectiveDateTime": "2014-06-24T21:18:10-04:00",
        "issued": "2014-06-24T21:18:10-04:00",
        "valueQuantity": {
          "value": 161,
          "unit": "mg/dL",
          "system": "http://unitsofmeasure.org/",
          "code": "mg/dL"
        },
        "resourceType": "Observation"
      }
    },
    {
      "fullUrl": "urn:uuid:76d9b2a0-529d-49c0-9485-6394bea731a6",
      "resource": {
        "id": "76d9b2a0-529d-49c0-9485-6394bea731a6",
        "meta": {
          "profile": [
            "http://standardhealthrecord.org/fhir/StructureDefinition/shr-observation-Observation"
          ]
        },
        "status": "final",
        "category": [
          {
            "coding": [
              {
                "system": "http://hl7.org/fhir/observation-category",
                "code": "laboratory"
              }
            ]
          }
        ],
        "code": {
          "coding": [
            {
              "system": "http://loinc.org",
              "code": "2571-8",
              "display": "Triglycerides"
            }
          ],
          "text": "Triglycerides"
        },
        "subject": {
          "reference": "urn:uuid:eb066dcf-3365-4732-a398-707f3f6d61f8"
        },
        "context": {
          "reference": "urn:uuid:8184ca41-3da8-4299-885b-d3a7dbe3600f"
        },
        "effectiveDateTime": "2014-06-24T21:18:10-04:00",
        "issued": "2014-06-24T21:18:10-04:00",
        "valueQuantity": {
          "value": 102,
          "unit": "mg/dL",
          "system": "http://unitsofmeasure.org/",
          "code": "mg/dL"
        },
        "resourceType": "Observation"
      }
    },
    {
      "fullUrl": "urn:uuid:97c4b2f5-ef5d-405d-8d77-6995cb8383db",
      "resource": {
        "id": "97c4b2f5-ef5d-405d-8d77-6995cb8383db",
        "meta": {
          "profile": [
            "http://standardhealthrecord.org/fhir/StructureDefinition/shr-observation-Observation"
          ]
        },
        "status": "final",
        "category": [
          {
            "coding": [
              {
                "system": "http://hl7.org/fhir/observation-category",
                "code": "laboratory"
              }
            ]
          }
        ],
        "code": {
          "coding": [
            {
              "system": "http://loinc.org",
              "code": "18262-6",
              "display": "Low Density Lipoprotein Cholesterol"
            }
          ],
          "text": "Low Density Lipoprotein Cholesterol"
        },
        "subject": {
          "reference": "urn:uuid:eb066dcf-3365-4732-a398-707f3f6d61f8"
        },
        "context": {
          "reference": "urn:uuid:8184ca41-3da8-4299-885b-d3a7dbe3600f"
        },
        "effectiveDateTime": "2014-06-24T21:18:10-04:00",
        "issued": "2014-06-24T21:18:10-04:00",
        "valueQuantity": {
          "value": 76,
          "unit": "mg/dL",
          "system": "http://unitsofmeasure.org/",
          "code": "mg/dL"
        },
        "resourceType": "Observation"
      }
    },
    {
      "fullUrl": "urn:uuid:69894116-462e-4397-8642-14c5ee7924ad",
      "resource": {
        "id": "69894116-462e-4397-8642-14c5ee7924ad",
        "meta": {
          "profile": [
            "http://standardhealthrecord.org/fhir/StructureDefinition/shr-observation-Observation"
          ]
        },
        "status": "final",
        "category": [
          {
            "coding": [
              {
                "system": "http://hl7.org/fhir/observation-category",
                "code": "laboratory"
              }
            ]
          }
        ],
        "code": {
          "coding": [
            {
              "system": "http://loinc.org",
              "code": "2085-9",
              "display": "High Density Lipoprotein Cholesterol"
            }
          ],
          "text": "High Density Lipoprotein Cholesterol"
        },
        "subject": {
          "reference": "urn:uuid:eb066dcf-3365-4732-a398-707f3f6d61f8"
        },
        "context": {
          "reference": "urn:uuid:8184ca41-3da8-4299-885b-d3a7dbe3600f"
        },
        "effectiveDateTime": "2014-06-24T21:18:10-04:00",
        "issued": "2014-06-24T21:18:10-04:00",
        "valueQuantity": {
          "value": 64,
          "unit": "mg/dL",
          "system": "http://unitsofmeasure.org/",
          "code": "mg/dL"
        },
        "resourceType": "Observation"
      }
    },
    {
      "fullUrl": "urn:uuid:688f8174-23ba-48c6-a8e6-2a0abae23bc0",
      "resource": {
        "id": "688f8174-23ba-48c6-a8e6-2a0abae23bc0",
        "meta": {
          "profile": [
            "http://standardhealthrecord.org/fhir/StructureDefinition/shr-observation-Panel"
          ]
        },
        "status": "final",
        "code": {
          "coding": [
            {
              "system": "http://loinc.org",
              "code": "57698-3",
              "display": "Lipid Panel"
            }
          ]
        },
        "subject": {
          "reference": "urn:uuid:eb066dcf-3365-4732-a398-707f3f6d61f8"
        },
        "context": {
          "reference": "urn:uuid:8184ca41-3da8-4299-885b-d3a7dbe3600f"
        },
        "effectiveDateTime": "2014-06-24T21:18:10-04:00",
        "issued": "2014-06-24T21:18:10-04:00",
        "result": [
          {
            "reference": "urn:uuid:39e53771-3bd4-4e65-a03f-8421484c7021",
            "display": "Total Cholesterol"
          },
          {
            "reference": "urn:uuid:76d9b2a0-529d-49c0-9485-6394bea731a6",
            "display": "Triglycerides"
          },
          {
            "reference": "urn:uuid:97c4b2f5-ef5d-405d-8d77-6995cb8383db",
            "display": "Low Density Lipoprotein Cholesterol"
          },
          {
            "reference": "urn:uuid:69894116-462e-4397-8642-14c5ee7924ad",
            "display": "High Density Lipoprotein Cholesterol"
          }
        ],
        "resourceType": "DiagnosticReport"
      }
    },
    {
      "fullUrl": "urn:uuid:28552c25-3877-440c-b654-ab26f7adfffc",
      "resource": {
        "id": "28552c25-3877-440c-b654-ab26f7adfffc",
        "meta": {
          "profile": [
            "http://standardhealthrecord.org/fhir/StructureDefinition/shr-observation-Observation"
          ]
        },
        "status": "final",
        "category": [
          {
            "coding": [
              {
                "system": "http://hl7.org/fhir/observation-category",
                "code": "laboratory"
              }
            ]
          }
        ],
        "code": {
          "coding": [
            {
              "system": "http://loinc.org",
              "code": "33914-3",
              "display": "Estimated Glomerular Filtration Rate"
            }
          ],
          "text": "Estimated Glomerular Filtration Rate"
        },
        "subject": {
          "reference": "urn:uuid:eb066dcf-3365-4732-a398-707f3f6d61f8"
        },
        "context": {
          "reference": "urn:uuid:8184ca41-3da8-4299-885b-d3a7dbe3600f"
        },
        "effectiveDateTime": "2014-06-24T21:18:10-04:00",
        "issued": "2014-06-24T21:18:10-04:00",
        "valueQuantity": {
          "value": 60,
          "unit": "mL/min/{1.73_m2}",
          "system": "http://unitsofmeasure.org/",
          "code": "mL/min/{1.73_m2}"
        },
        "resourceType": "Observation"
      }
    },
    {
      "resource": {
        "meta": {
          "profile": [
            "http://standardhealthrecord.org/fhir/StructureDefinition/shr-immunization-Immunization"
          ]
        },
        "status": "completed",
        "notGiven": false,
        "vaccineCode": {
          "coding": [
            {
              "system": "http://hl7.org/fhir/sid/cvx",
              "code": "140",
              "display": "Influenza, seasonal, injectable, preservative free"
            }
          ],
          "text": "Influenza, seasonal, injectable, preservative free"
        },
        "patient": {
          "reference": "urn:uuid:eb066dcf-3365-4732-a398-707f3f6d61f8"
        },
        "encounter": {
          "reference": "urn:uuid:8184ca41-3da8-4299-885b-d3a7dbe3600f"
        },
        "date": "2014-06-24T21:18:10-04:00",
        "primarySource": true,
        "resourceType": "Immunization"
      }
    },
    {
      "fullUrl": "urn:uuid:ab13948e-42bc-4e99-ac11-57830a768a26",
      "resource": {
        "id": "ab13948e-42bc-4e99-ac11-57830a768a26",
        "meta": {
          "profile": [
            "http://standardhealthrecord.org/fhir/StructureDefinition/shr-encounter-Encounter"
          ]
        },
        "status": "finished",
        "class": {
          "code": "outpatient"
        },
        "type": [
          {
            "coding": [
              {
                "system": "http://snomed.info/sct",
                "code": "185349003"
              }
            ],
            "text": "Outpatient Encounter"
          }
        ],
        "subject": {
          "reference": "urn:uuid:eb066dcf-3365-4732-a398-707f3f6d61f8"
        },
        "period": {
          "start": "2015-05-30T08:02:37-04:00",
          "end": "2015-05-30T09:02:37-04:00"
        },
        "serviceProvider": {
          "reference": "urn:uuid:be795403-9555-48af-bb70-a4a809e200bb"
        },
        "resourceType": "Encounter"
      }
    },
    {
      "fullUrl": "urn:uuid:2799af28-f4d0-4151-88fb-12d2e84f1416",
      "resource": {
        "id": "2799af28-f4d0-4151-88fb-12d2e84f1416",
        "meta": {
          "profile": [
            "http://standardhealthrecord.org/fhir/StructureDefinition/shr-observation-Observation",
            "http://standardhealthrecord.org/fhir/StructureDefinition/shr-vital-VitalSign",
            "http://standardhealthrecord.org/fhir/StructureDefinition/shr-vital-BodyHeight"
          ]
        },
        "status": "final",
        "category": [
          {
            "coding": [
              {
                "system": "http://hl7.org/fhir/observation-category",
                "code": "vital-signs"
              }
            ]
          }
        ],
        "code": {
          "coding": [
            {
              "system": "http://loinc.org",
              "code": "8302-2",
              "display": "Body Height"
            }
          ],
          "text": "Body Height"
        },
        "subject": {
          "reference": "urn:uuid:eb066dcf-3365-4732-a398-707f3f6d61f8"
        },
        "context": {
          "reference": "urn:uuid:ab13948e-42bc-4e99-ac11-57830a768a26"
        },
        "effectiveDateTime": "2015-05-30T08:02:37-04:00",
        "issued": "2015-05-30T08:02:37-04:00",
        "valueQuantity": {
          "value": 179.05182443522148,
          "unit": "cm",
          "system": "http://unitsofmeasure.org/",
          "code": "cm"
        },
        "resourceType": "Observation"
      }
    },
    {
      "fullUrl": "urn:uuid:6c64ebb4-bb46-41ae-bfe9-791c08b2110b",
      "resource": {
        "id": "6c64ebb4-bb46-41ae-bfe9-791c08b2110b",
        "meta": {
          "profile": [
            "http://standardhealthrecord.org/fhir/StructureDefinition/shr-observation-Observation",
            "http://standardhealthrecord.org/fhir/StructureDefinition/shr-vital-VitalSign",
            "http://standardhealthrecord.org/fhir/StructureDefinition/shr-vital-BodyWeight"
          ]
        },
        "status": "final",
        "category": [
          {
            "coding": [
              {
                "system": "http://hl7.org/fhir/observation-category",
                "code": "vital-signs"
              }
            ]
          }
        ],
        "code": {
          "coding": [
            {
              "system": "http://loinc.org",
              "code": "29463-7",
              "display": "Body Weight"
            }
          ],
          "text": "Body Weight"
        },
        "subject": {
          "reference": "urn:uuid:eb066dcf-3365-4732-a398-707f3f6d61f8"
        },
        "context": {
          "reference": "urn:uuid:ab13948e-42bc-4e99-ac11-57830a768a26"
        },
        "effectiveDateTime": "2015-05-30T08:02:37-04:00",
        "issued": "2015-05-30T08:02:37-04:00",
        "valueQuantity": {
          "value": 105.97111196494473,
          "unit": "kg",
          "system": "http://unitsofmeasure.org/",
          "code": "kg"
        },
        "resourceType": "Observation"
      }
    },
    {
      "fullUrl": "urn:uuid:a2d46519-b5b5-40c3-a3af-c244f8695d1b",
      "resource": {
        "id": "a2d46519-b5b5-40c3-a3af-c244f8695d1b",
        "meta": {
          "profile": [
            "http://standardhealthrecord.org/fhir/StructureDefinition/shr-observation-Observation",
            "http://standardhealthrecord.org/fhir/StructureDefinition/shr-vital-VitalSign",
            "http://standardhealthrecord.org/fhir/StructureDefinition/shr-vital-BodyMassIndex"
          ]
        },
        "status": "final",
        "category": [
          {
            "coding": [
              {
                "system": "http://hl7.org/fhir/observation-category",
                "code": "vital-signs"
              }
            ]
          }
        ],
        "code": {
          "coding": [
            {
              "system": "http://loinc.org",
              "code": "39156-5",
              "display": "Body Mass Index"
            }
          ],
          "text": "Body Mass Index"
        },
        "subject": {
          "reference": "urn:uuid:eb066dcf-3365-4732-a398-707f3f6d61f8"
        },
        "context": {
          "reference": "urn:uuid:ab13948e-42bc-4e99-ac11-57830a768a26"
        },
        "effectiveDateTime": "2015-05-30T08:02:37-04:00",
        "issued": "2015-05-30T08:02:37-04:00",
        "valueQuantity": {
          "value": 33.05445418989346,
          "unit": "kg/m2",
          "system": "http://unitsofmeasure.org/",
          "code": "kg/m2"
        },
        "resourceType": "Observation"
      }
    },
    {
      "fullUrl": "urn:uuid:baae8096-8d6d-41a6-aec1-53a2a350a140",
      "resource": {
        "id": "baae8096-8d6d-41a6-aec1-53a2a350a140",
        "meta": {
          "profile": [
            "http://standardhealthrecord.org/fhir/StructureDefinition/shr-observation-Observation",
            "http://standardhealthrecord.org/fhir/StructureDefinition/shr-vital-BloodPressure"
          ]
        },
        "status": "final",
        "category": [
          {
            "coding": [
              {
                "system": "http://hl7.org/fhir/observation-category",
                "code": "vital-signs"
              }
            ]
          }
        ],
        "code": {
          "coding": [
            {
              "system": "http://loinc.org",
              "code": "55284-4",
              "display": "Blood Pressure"
            }
          ]
        },
        "subject": {
          "reference": "urn:uuid:eb066dcf-3365-4732-a398-707f3f6d61f8"
        },
        "context": {
          "reference": "urn:uuid:ab13948e-42bc-4e99-ac11-57830a768a26"
        },
        "effectiveDateTime": "2015-05-30T08:02:37-04:00",
        "issued": "2015-05-30T08:02:37-04:00",
        "component": [
          {
            "code": {
              "coding": [
                {
                  "system": "http://loinc.org",
                  "code": "8480-6",
                  "display": "Systolic Blood Pressure"
                }
              ],
              "text": "Systolic Blood Pressure"
            },
            "valueQuantity": {
              "value": 148,
              "unit": "mmHg",
              "system": "http://unitsofmeasure.org/",
              "code": "mmHg"
            }
          },
          {
            "code": {
              "coding": [
                {
                  "system": "http://loinc.org",
                  "code": "8462-4",
                  "display": "Diastolic Blood Pressure"
                }
              ],
              "text": "Diastolic Blood Pressure"
            },
            "valueQuantity": {
              "value": 118,
              "unit": "mmHg",
              "system": "http://unitsofmeasure.org/",
              "code": "mmHg"
            }
          }
        ],
        "resourceType": "Observation"
      }
    },
    {
      "fullUrl": "urn:uuid:fcecc9cd-a42b-430d-baea-1702da963877",
      "resource": {
        "id": "fcecc9cd-a42b-430d-baea-1702da963877",
        "meta": {
          "profile": [
            "http://standardhealthrecord.org/fhir/StructureDefinition/shr-observation-Observation"
          ]
        },
        "status": "final",
        "category": [
          {
            "coding": [
              {
                "system": "http://hl7.org/fhir/observation-category",
                "code": "laboratory"
              }
            ]
          }
        ],
        "code": {
          "coding": [
            {
              "system": "http://loinc.org",
              "code": "33914-3",
              "display": "Estimated Glomerular Filtration Rate"
            }
          ],
          "text": "Estimated Glomerular Filtration Rate"
        },
        "subject": {
          "reference": "urn:uuid:eb066dcf-3365-4732-a398-707f3f6d61f8"
        },
        "context": {
          "reference": "urn:uuid:ab13948e-42bc-4e99-ac11-57830a768a26"
        },
        "effectiveDateTime": "2015-05-30T08:02:37-04:00",
        "issued": "2015-05-30T08:02:37-04:00",
        "valueQuantity": {
          "value": 60,
          "unit": "mL/min/{1.73_m2}",
          "system": "http://unitsofmeasure.org/",
          "code": "mL/min/{1.73_m2}"
        },
        "resourceType": "Observation"
      }
    },
    {
      "resource": {
        "meta": {
          "profile": [
            "http://standardhealthrecord.org/fhir/StructureDefinition/shr-procedure-Procedure"
          ]
        },
        "extension": [
          {
            "url": "http://standardhealthrecord.org/fhir/StructureDefinition/shr-core-CodeableConcept-extension",
            "valueCodeableConcept": {
              "coding": [
                {
                  "system": "http://snomed.info/sct",
                  "code": "428191000124101",
                  "display": "Documentation of current medications"
                }
              ],
              "text": "Documentation of current medications"
            }
          }
        ],
        "status": "completed",
        "code": {
          "coding": [
            {
              "system": "http://snomed.info/sct",
              "code": "428191000124101",
              "display": "Documentation of current medications"
            }
          ],
          "text": "Documentation of current medications"
        },
        "subject": {
          "reference": "urn:uuid:eb066dcf-3365-4732-a398-707f3f6d61f8"
        },
        "context": {
          "reference": "urn:uuid:ab13948e-42bc-4e99-ac11-57830a768a26"
        },
        "performedDateTime": "2015-05-30T08:02:37-04:00",
        "resourceType": "Procedure"
      }
    },
    {
      "resource": {
        "meta": {
          "profile": [
            "http://standardhealthrecord.org/fhir/StructureDefinition/shr-immunization-Immunization"
          ]
        },
        "status": "completed",
        "notGiven": false,
        "vaccineCode": {
          "coding": [
            {
              "system": "http://hl7.org/fhir/sid/cvx",
              "code": "140",
              "display": "Influenza, seasonal, injectable, preservative free"
            }
          ],
          "text": "Influenza, seasonal, injectable, preservative free"
        },
        "patient": {
          "reference": "urn:uuid:eb066dcf-3365-4732-a398-707f3f6d61f8"
        },
        "encounter": {
          "reference": "urn:uuid:ab13948e-42bc-4e99-ac11-57830a768a26"
        },
        "date": "2015-05-30T08:02:37-04:00",
        "primarySource": true,
        "resourceType": "Immunization"
      }
    },
    {
      "resource": {
        "meta": {
          "profile": [
            "http://standardhealthrecord.org/fhir/StructureDefinition/shr-immunization-Immunization"
          ]
        },
        "status": "completed",
        "notGiven": false,
        "vaccineCode": {
          "coding": [
            {
              "system": "http://hl7.org/fhir/sid/cvx",
              "code": "113",
              "display": "Td (adult) preservative free"
            }
          ],
          "text": "Td (adult) preservative free"
        },
        "patient": {
          "reference": "urn:uuid:eb066dcf-3365-4732-a398-707f3f6d61f8"
        },
        "encounter": {
          "reference": "urn:uuid:ab13948e-42bc-4e99-ac11-57830a768a26"
        },
        "date": "2015-05-30T08:02:37-04:00",
        "primarySource": true,
        "resourceType": "Immunization"
      }
    },
    {
      "fullUrl": "urn:uuid:d6aa76e1-6c19-4527-a949-ba197a110a97",
      "resource": {
        "id": "d6aa76e1-6c19-4527-a949-ba197a110a97",
        "meta": {
          "profile": [
            "http://standardhealthrecord.org/fhir/StructureDefinition/shr-encounter-Encounter"
          ]
        },
        "status": "finished",
        "class": {
          "code": "outpatient"
        },
        "type": [
          {
            "coding": [
              {
                "system": "http://snomed.info/sct",
                "code": "185349003"
              }
            ],
            "text": "Outpatient Encounter"
          }
        ],
        "subject": {
          "reference": "urn:uuid:eb066dcf-3365-4732-a398-707f3f6d61f8"
        },
        "period": {
          "start": "2016-07-13T21:53:07-04:00",
          "end": "2016-07-13T22:53:07-04:00"
        },
        "serviceProvider": {
          "reference": "urn:uuid:be795403-9555-48af-bb70-a4a809e200bb"
        },
        "resourceType": "Encounter"
      }
    },
    {
      "fullUrl": "urn:uuid:afc86e53-1907-487d-843d-a416eaea3be7",
      "resource": {
        "id": "afc86e53-1907-487d-843d-a416eaea3be7",
        "meta": {
          "profile": [
            "http://standardhealthrecord.org/fhir/StructureDefinition/shr-observation-Observation",
            "http://standardhealthrecord.org/fhir/StructureDefinition/shr-vital-VitalSign",
            "http://standardhealthrecord.org/fhir/StructureDefinition/shr-vital-BodyHeight"
          ]
        },
        "status": "final",
        "category": [
          {
            "coding": [
              {
                "system": "http://hl7.org/fhir/observation-category",
                "code": "vital-signs"
              }
            ]
          }
        ],
        "code": {
          "coding": [
            {
              "system": "http://loinc.org",
              "code": "8302-2",
              "display": "Body Height"
            }
          ],
          "text": "Body Height"
        },
        "subject": {
          "reference": "urn:uuid:eb066dcf-3365-4732-a398-707f3f6d61f8"
        },
        "context": {
          "reference": "urn:uuid:d6aa76e1-6c19-4527-a949-ba197a110a97"
        },
        "effectiveDateTime": "2016-07-13T21:53:07-04:00",
        "issued": "2016-07-13T21:53:07-04:00",
        "valueQuantity": {
          "value": 179.05182443522148,
          "unit": "cm",
          "system": "http://unitsofmeasure.org/",
          "code": "cm"
        },
        "resourceType": "Observation"
      }
    },
    {
      "fullUrl": "urn:uuid:d9b84f47-e3fc-43c5-8d0c-4c2d9ca6e063",
      "resource": {
        "id": "d9b84f47-e3fc-43c5-8d0c-4c2d9ca6e063",
        "meta": {
          "profile": [
            "http://standardhealthrecord.org/fhir/StructureDefinition/shr-observation-Observation",
            "http://standardhealthrecord.org/fhir/StructureDefinition/shr-vital-VitalSign",
            "http://standardhealthrecord.org/fhir/StructureDefinition/shr-vital-BodyWeight"
          ]
        },
        "status": "final",
        "category": [
          {
            "coding": [
              {
                "system": "http://hl7.org/fhir/observation-category",
                "code": "vital-signs"
              }
            ]
          }
        ],
        "code": {
          "coding": [
            {
              "system": "http://loinc.org",
              "code": "29463-7",
              "display": "Body Weight"
            }
          ],
          "text": "Body Weight"
        },
        "subject": {
          "reference": "urn:uuid:eb066dcf-3365-4732-a398-707f3f6d61f8"
        },
        "context": {
          "reference": "urn:uuid:d6aa76e1-6c19-4527-a949-ba197a110a97"
        },
        "effectiveDateTime": "2016-07-13T21:53:07-04:00",
        "issued": "2016-07-13T21:53:07-04:00",
        "valueQuantity": {
          "value": 105.97111196494473,
          "unit": "kg",
          "system": "http://unitsofmeasure.org/",
          "code": "kg"
        },
        "resourceType": "Observation"
      }
    },
    {
      "fullUrl": "urn:uuid:d1dcd23c-72e1-4ae4-a39b-3a92943bb418",
      "resource": {
        "id": "d1dcd23c-72e1-4ae4-a39b-3a92943bb418",
        "meta": {
          "profile": [
            "http://standardhealthrecord.org/fhir/StructureDefinition/shr-observation-Observation",
            "http://standardhealthrecord.org/fhir/StructureDefinition/shr-vital-VitalSign",
            "http://standardhealthrecord.org/fhir/StructureDefinition/shr-vital-BodyMassIndex"
          ]
        },
        "status": "final",
        "category": [
          {
            "coding": [
              {
                "system": "http://hl7.org/fhir/observation-category",
                "code": "vital-signs"
              }
            ]
          }
        ],
        "code": {
          "coding": [
            {
              "system": "http://loinc.org",
              "code": "39156-5",
              "display": "Body Mass Index"
            }
          ],
          "text": "Body Mass Index"
        },
        "subject": {
          "reference": "urn:uuid:eb066dcf-3365-4732-a398-707f3f6d61f8"
        },
        "context": {
          "reference": "urn:uuid:d6aa76e1-6c19-4527-a949-ba197a110a97"
        },
        "effectiveDateTime": "2016-07-13T21:53:07-04:00",
        "issued": "2016-07-13T21:53:07-04:00",
        "valueQuantity": {
          "value": 33.05445418989346,
          "unit": "kg/m2",
          "system": "http://unitsofmeasure.org/",
          "code": "kg/m2"
        },
        "resourceType": "Observation"
      }
    },
    {
      "fullUrl": "urn:uuid:2d5c2a93-7fae-410c-ae96-749aa7071376",
      "resource": {
        "id": "2d5c2a93-7fae-410c-ae96-749aa7071376",
        "meta": {
          "profile": [
            "http://standardhealthrecord.org/fhir/StructureDefinition/shr-observation-Observation",
            "http://standardhealthrecord.org/fhir/StructureDefinition/shr-vital-BloodPressure"
          ]
        },
        "status": "final",
        "category": [
          {
            "coding": [
              {
                "system": "http://hl7.org/fhir/observation-category",
                "code": "vital-signs"
              }
            ]
          }
        ],
        "code": {
          "coding": [
            {
              "system": "http://loinc.org",
              "code": "55284-4",
              "display": "Blood Pressure"
            }
          ]
        },
        "subject": {
          "reference": "urn:uuid:eb066dcf-3365-4732-a398-707f3f6d61f8"
        },
        "context": {
          "reference": "urn:uuid:d6aa76e1-6c19-4527-a949-ba197a110a97"
        },
        "effectiveDateTime": "2016-07-13T21:53:07-04:00",
        "issued": "2016-07-13T21:53:07-04:00",
        "component": [
          {
            "code": {
              "coding": [
                {
                  "system": "http://loinc.org",
                  "code": "8480-6",
                  "display": "Systolic Blood Pressure"
                }
              ],
              "text": "Systolic Blood Pressure"
            },
            "valueQuantity": {
              "value": 172,
              "unit": "mmHg",
              "system": "http://unitsofmeasure.org/",
              "code": "mmHg"
            }
          },
          {
            "code": {
              "coding": [
                {
                  "system": "http://loinc.org",
                  "code": "8462-4",
                  "display": "Diastolic Blood Pressure"
                }
              ],
              "text": "Diastolic Blood Pressure"
            },
            "valueQuantity": {
              "value": 96,
              "unit": "mmHg",
              "system": "http://unitsofmeasure.org/",
              "code": "mmHg"
            }
          }
        ],
        "resourceType": "Observation"
      }
    },
    {
      "fullUrl": "urn:uuid:c6ac26a6-ca01-41b3-98d9-151a2c8e6255",
      "resource": {
        "id": "c6ac26a6-ca01-41b3-98d9-151a2c8e6255",
        "meta": {
          "profile": [
            "http://standardhealthrecord.org/fhir/StructureDefinition/shr-observation-Observation"
          ]
        },
        "status": "final",
        "category": [
          {
            "coding": [
              {
                "system": "http://hl7.org/fhir/observation-category",
                "code": "laboratory"
              }
            ]
          }
        ],
        "code": {
          "coding": [
            {
              "system": "http://loinc.org",
              "code": "33914-3",
              "display": "Estimated Glomerular Filtration Rate"
            }
          ],
          "text": "Estimated Glomerular Filtration Rate"
        },
        "subject": {
          "reference": "urn:uuid:eb066dcf-3365-4732-a398-707f3f6d61f8"
        },
        "context": {
          "reference": "urn:uuid:d6aa76e1-6c19-4527-a949-ba197a110a97"
        },
        "effectiveDateTime": "2016-07-13T21:53:07-04:00",
        "issued": "2016-07-13T21:53:07-04:00",
        "valueQuantity": {
          "value": 60,
          "unit": "mL/min/{1.73_m2}",
          "system": "http://unitsofmeasure.org/",
          "code": "mL/min/{1.73_m2}"
        },
        "resourceType": "Observation"
      }
    },
    {
      "resource": {
        "meta": {
          "profile": [
            "http://standardhealthrecord.org/fhir/StructureDefinition/shr-immunization-Immunization"
          ]
        },
        "status": "completed",
        "notGiven": false,
        "vaccineCode": {
          "coding": [
            {
              "system": "http://hl7.org/fhir/sid/cvx",
              "code": "140",
              "display": "Influenza, seasonal, injectable, preservative free"
            }
          ],
          "text": "Influenza, seasonal, injectable, preservative free"
        },
        "patient": {
          "reference": "urn:uuid:eb066dcf-3365-4732-a398-707f3f6d61f8"
        },
        "encounter": {
          "reference": "urn:uuid:d6aa76e1-6c19-4527-a949-ba197a110a97"
        },
        "date": "2016-07-13T21:53:07-04:00",
        "primarySource": true,
        "resourceType": "Immunization"
      }
    }
  ],
  "resourceType": "Bundle"
}