{
  "type": "collection",
  "entry": [
    {
      "fullUrl": "urn:uuid:3056794b-7eea-4f9f-beb6-b0b25850de8f",
      "resource": {
        "id": "3056794b-7eea-4f9f-beb6-b0b25850de8f",
        "meta": {
          "profile": [
            "http://standardhealthrecord.org/fhir/StructureDefinition/shr-demographics-PersonOfRecord"
          ]
        },
        "text": {
          "status": "generated",
          "div": "<div>Generated by <a href=\"https://github.com/synthetichealth/synthea\">Synthea</a>. Version identifier: 4d02400401b9fab839e47bf5b2f1f6a8c683ab55</div>"
        },
        "extension": [
          {
            "url": "http://hl7.org/fhir/us/core/StructureDefinition/us-core-race",
            "valueCodeableConcept": {
              "coding": [
                {
                  "system": "http://hl7.org/fhir/v3/Race",
                  "code": "2106-3",
                  "display": "White"
                }
              ],
              "text": "race"
            }
          },
          {
            "url": "http://hl7.org/fhir/us/core/StructureDefinition/us-core-ethnicity",
            "valueCodeableConcept": {
              "coding": [
                {
                  "system": "http://hl7.org/fhir/v3/Ethnicity",
                  "code": "2186-5",
                  "display": "Nonhispanic"
                }
              ],
              "text": "ethnicity"
            }
          },
          {
            "url": "http://hl7.org/fhir/StructureDefinition/birthPlace",
            "valueAddress": {
              "city": "Easthampton Town",
              "state": "MA",
              "country": "US"
            }
          },
          {
            "url": "http://hl7.org/fhir/StructureDefinition/patient-mothersMaidenName",
            "valueString": "Yvette484 Larkin576"
          },
          {
            "url": "http://hl7.org/fhir/us/core/StructureDefinition/us-core-birthsex",
            "valueCode": "F"
          },
          {
            "url": "http://hl7.org/fhir/StructureDefinition/patient-interpreterRequired",
            "valueBoolean": false
          },
          {
            "url": "http://standardhealthrecord.org/fhir/StructureDefinition/shr-actor-FictionalPerson-extension",
            "valueBoolean": true
          },
          {
            "url": "http://standardhealthrecord.org/fhir/StructureDefinition/shr-demographics-FathersName-extension",
            "valueHumanName": {
              "text": "Idell760 Abbott992"
            }
          },
          {
            "url": "http://standardhealthrecord.org/fhir/StructureDefinition/shr-demographics-SocialSecurityNumber-extension",
            "valueString": "999-87-8509"
          }
        ],
        "identifier": [
          {
            "system": "https://github.com/synthetichealth/synthea",
            "value": "d4aca4e0-e7b4-4991-a4cf-6dbfce9f7cca"
          },
          {
            "type": {
              "coding": [
                {
                  "system": "http://hl7.org/fhir/identifier-type",
                  "code": "SB"
                }
              ]
            },
            "system": "http://hl7.org/fhir/sid/us-ssn",
            "value": "999878509"
          }
        ],
        "name": [
          {
            "use": "official",
            "family": "Abbott992",
            "given": [
              "Arne499"
            ]
          }
        ],
        "telecom": [
          {
            "system": "phone",
            "value": "314-600-6929 x2758",
            "use": "home"
          }
        ],
        "gender": "female",
        "birthDate": "1955-08-12",
        "deceasedDateTime": "1963-04-12T17:12:45-05:00",
        "address": [
          {
            "extension": [
              {
                "extension": [
                  {
                    "url": "latitude",
                    "valueDecimal": 42.18763848445293
                  },
                  {
                    "url": "longitude",
                    "valueDecimal": -71.05544801551133
                  }
                ],
                "url": "http://hl7.org/fhir/StructureDefinition/geolocation"
              }
            ],
            "line": [
              "84335 Maggio Place",
              "Apt. 104"
            ],
            "city": "Randolph",
            "state": "MA",
            "postalCode": "02368",
            "country": "US"
          }
        ],
        "maritalStatus": {
          "coding": [
            {
              "system": "http://hl7.org/fhir/v3/MaritalStatus",
              "code": "S"
            }
          ],
          "text": "Never Married"
        },
        "multipleBirthBoolean": false,
        "communication": [
          {
            "language": {
              "coding": [
                {
                  "system": "http://hl7.org/fhir/ValueSet/languages",
                  "code": "en-US",
                  "display": "English (United States)"
                }
              ]
            }
          }
        ],
        "resourceType": "Patient"
      }
    },
    {
      "fullUrl": "urn:uuid:f786358b-8a8c-4241-96b8-4ec9b21bf095",
      "resource": {
        "id": "f786358b-8a8c-4241-96b8-4ec9b21bf095",
        "meta": {
          "profile": [
            "http://standardhealthrecord.org/fhir/StructureDefinition/shr-actor-Organization"
          ]
        },
        "type": [
          {
            "coding": [
              {
                "system": "http://hl7.org/fhir/ValueSet/organization-type",
                "code": "prov",
                "display": "Healthcare Provider"
              }
            ],
            "text": "Healthcare Provider"
          }
        ],
        "name": "Synthetic Provider",
        "resourceType": "Organization"
      }
    },
    {
      "fullUrl": "urn:uuid:cca1915a-35f1-4344-8bc1-d4d304182ee8",
      "resource": {
        "id": "cca1915a-35f1-4344-8bc1-d4d304182ee8",
        "meta": {
          "profile": [
            "http://standardhealthrecord.org/fhir/StructureDefinition/shr-encounter-Encounter"
          ]
        },
        "status": "finished",
        "class": {
          "code": "ambulatory"
        },
        "type": [
          {
            "coding": [
              {
                "system": "http://snomed.info/sct",
                "code": "308646001"
              }
            ],
            "text": "Death Certification"
          }
        ],
        "subject": {
          "reference": "urn:uuid:3056794b-7eea-4f9f-beb6-b0b25850de8f"
        },
        "period": {
          "start": "1963-04-12T17:12:45-05:00",
          "end": "1963-04-12T17:27:45-05:00"
        },
        "serviceProvider": {
          "reference": "urn:uuid:f786358b-8a8c-4241-96b8-4ec9b21bf095"
        },
        "resourceType": "Encounter"
      }
    },
    {
      "fullUrl": "urn:uuid:2f133872-d0f8-45de-aee4-df92e8c130af",
      "resource": {
        "id": "2f133872-d0f8-45de-aee4-df92e8c130af",
        "meta": {
          "profile": [
            "http://standardhealthrecord.org/fhir/StructureDefinition/shr-problem-Problem"
          ]
        },
        "clinicalStatus": "active",
        "verificationStatus": "confirmed",
        "code": {
          "coding": [
            {
              "system": "http://snomed.info/sct",
              "code": "53741008",
              "display": "Coronary Heart Disease"
            }
          ],
          "text": "Coronary Heart Disease"
        },
        "subject": {
          "reference": "urn:uuid:3056794b-7eea-4f9f-beb6-b0b25850de8f"
        },
        "context": {
          "reference": "urn:uuid:cca1915a-35f1-4344-8bc1-d4d304182ee8"
        },
        "onsetDateTime": "1956-07-04T09:20:46-04:00",
        "assertedDate": "1956-07-04",
        "resourceType": "Condition"
      }
    },
    {
      "fullUrl": "urn:uuid:f4699dd4-6c71-47e1-bbfc-2dde80627875",
      "resource": {
        "id": "f4699dd4-6c71-47e1-bbfc-2dde80627875",
        "meta": {
          "profile": [
            "http://standardhealthrecord.org/fhir/StructureDefinition/shr-problem-Problem"
          ]
        },
        "clinicalStatus": "active",
        "verificationStatus": "confirmed",
        "code": {
          "coding": [
            {
              "system": "http://snomed.info/sct",
              "code": "410429000",
              "display": "Cardiac Arrest"
            }
          ],
          "text": "Cardiac Arrest"
        },
        "subject": {
          "reference": "urn:uuid:3056794b-7eea-4f9f-beb6-b0b25850de8f"
        },
        "context": {
          "reference": "urn:uuid:cca1915a-35f1-4344-8bc1-d4d304182ee8"
        },
        "onsetDateTime": "1963-04-12T17:12:45-05:00",
        "assertedDate": "1963-04-12",
        "resourceType": "Condition"
      }
    },
    {
      "fullUrl": "urn:uuid:24e38250-65c8-44b4-89b1-149ea50c7490",
      "resource": {
        "id": "24e38250-65c8-44b4-89b1-149ea50c7490",
        "meta": {
          "profile": [
            "http://standardhealthrecord.org/fhir/StructureDefinition/shr-problem-Problem"
          ]
        },
        "clinicalStatus": "active",
        "verificationStatus": "confirmed",
        "code": {
          "coding": [
            {
              "system": "http://snomed.info/sct",
              "code": "429007001",
              "display": "History of cardiac arrest (situation)"
            }
          ],
          "text": "History of cardiac arrest (situation)"
        },
        "subject": {
          "reference": "urn:uuid:3056794b-7eea-4f9f-beb6-b0b25850de8f"
        },
        "context": {
          "reference": "urn:uuid:cca1915a-35f1-4344-8bc1-d4d304182ee8"
        },
        "onsetDateTime": "1963-04-12T17:12:45-05:00",
        "assertedDate": "1963-04-12",
        "resourceType": "Condition"
      }
    },
    {
      "fullUrl": "urn:uuid:2cb2657d-4c81-4f7b-9abc-4b270b6915c1",
      "resource": {
        "id": "2cb2657d-4c81-4f7b-9abc-4b270b6915c1",
        "meta": {
          "profile": [
            "http://standardhealthrecord.org/fhir/StructureDefinition/shr-observation-Observation"
          ]
        },
        "status": "final",
        "category": [
          {
            "coding": [
              {
                "system": "http://hl7.org/fhir/observation-category"
              }
            ]
          }
        ],
        "code": {
          "coding": [
            {
              "system": "http://loinc.org",
              "code": "69453-9",
              "display": "Cause of Death [US Standard Certificate of Death]"
            }
          ],
          "text": "Cause of Death [US Standard Certificate of Death]"
        },
        "subject": {
          "reference": "urn:uuid:3056794b-7eea-4f9f-beb6-b0b25850de8f"
        },
        "context": {
          "reference": "urn:uuid:cca1915a-35f1-4344-8bc1-d4d304182ee8"
        },
        "effectiveDateTime": "1963-04-12T17:12:45-05:00",
        "issued": "1963-04-12T17:12:45-05:00",
        "valueCodeableConcept": {
          "coding": [
            {
              "system": "http://snomed.info/sct",
              "code": "410429000",
              "display": "Cardiac Arrest"
            }
          ],
          "text": "Cardiac Arrest"
        },
        "resourceType": "Observation"
      }
    },
    {
      "fullUrl": "urn:uuid:03d817ae-777c-471a-898f-7d102e86ab39",
      "resource": {
        "id": "03d817ae-777c-471a-898f-7d102e86ab39",
        "meta": {
          "profile": [
            "http://standardhealthrecord.org/fhir/StructureDefinition/shr-observation-Panel"
          ]
        },
        "status": "final",
        "code": {
          "coding": [
            {
              "system": "http://loinc.org",
              "code": "69409-1",
              "display": "U.S. standard certificate of death - 2003 revision"
            }
          ]
        },
        "subject": {
          "reference": "urn:uuid:3056794b-7eea-4f9f-beb6-b0b25850de8f"
        },
        "context": {
          "reference": "urn:uuid:cca1915a-35f1-4344-8bc1-d4d304182ee8"
        },
        "effectiveDateTime": "1963-04-12T17:12:45-05:00",
        "issued": "1963-04-12T17:12:45-05:00",
        "result": [
          {
            "reference": "urn:uuid:2cb2657d-4c81-4f7b-9abc-4b270b6915c1",
            "display": "Cause of Death [US Standard Certificate of Death]"
          }
        ],
        "resourceType": "DiagnosticReport"
      }
    },
    {
      "resource": {
        "status": "active",
        "category": [
          {
            "coding": [
              {
                "system": "http://snomed.info/sct",
                "code": "698358001",
                "display": "Angina self management plan"
              }
            ]
          }
        ],
        "subject": {
          "reference": "urn:uuid:3056794b-7eea-4f9f-beb6-b0b25850de8f"
        },
        "context": {
          "reference": "urn:uuid:cca1915a-35f1-4344-8bc1-d4d304182ee8"
        },
        "period": {
          "start": "1956-07-04"
        },
        "addresses": [
          {
            "reference": "urn:uuid:2f133872-d0f8-45de-aee4-df92e8c130af"
          }
        ],
        "activity": [
          {
            "detail": {
              "code": {
                "coding": [
                  {
                    "system": "http://snomed.info/sct",
                    "code": "229065009",
                    "display": "Exercise therapy"
                  }
                ]
              },
              "status": "in-progress"
            }
          },
          {
            "detail": {
              "code": {
                "coding": [
                  {
                    "system": "http://snomed.info/sct",
                    "code": "226060000",
                    "display": "Stress management"
                  }
                ]
              },
              "status": "in-progress"
            }
          },
          {
            "detail": {
              "code": {
                "coding": [
                  {
                    "system": "http://snomed.info/sct",
                    "code": "710081004",
                    "display": "Smoking cessation therapy"
                  }
                ]
              },
              "status": "in-progress"
            }
          },
          {
            "detail": {
              "code": {
                "coding": [
                  {
                    "system": "http://snomed.info/sct",
                    "code": "226234005",
                    "display": "Healthy diet"
                  }
                ]
              },
              "status": "in-progress"
            }
          }
        ],
        "resourceType": "CarePlan"
      }
    },
    {
      "resource": {
        "meta": {
          "profile": [
            "http://standardhealthrecord.org/fhir/StructureDefinition/shr-medication-Medication"
          ]
        },
        "code": {
          "coding": [
            {
              "system": "http://www.nlm.nih.gov/research/umls/rxnorm",
              "code": "564666",
              "display": "Nitroglycerin 0.4 MG/ACTUAT [Nitrolingual]"
            }
          ],
          "text": "Nitroglycerin 0.4 MG/ACTUAT [Nitrolingual]"
        },
        "resourceType": "Medication"
      }
    },
    {
      "resource": {
        "meta": {
          "profile": [
            "http://standardhealthrecord.org/fhir/StructureDefinition/shr-medication-MedicationPrescription"
          ]
        },
        "extension": [
          {
            "url": "http://standardhealthrecord.org/fhir/StructureDefinition/shr-base-ActionCode-extension",
            "valueCodeableConcept": {
              "coding": [
                {
                  "system": "http://snomed.info/sct",
                  "code": "33633005",
                  "display": "Prescription of drug (procedure)"
                }
              ],
              "text": "Prescription of drug (procedure)"
            }
          }
        ],
        "status": "active",
        "medicationReference": {
          "reference": ""
        },
        "subject": {
          "reference": "urn:uuid:3056794b-7eea-4f9f-beb6-b0b25850de8f"
        },
        "context": {
          "reference": "urn:uuid:cca1915a-35f1-4344-8bc1-d4d304182ee8"
        },
        "authoredOn": "1956-07-04",
        "reasonReference": [
          {
            "reference": "urn:uuid:2f133872-d0f8-45de-aee4-df92e8c130af"
          }
        ],
        "dosageInstruction": [
          {

          }
        ],
        "resourceType": "MedicationRequest"
      }
    },
    {
      "resource": {
        "meta": {
          "profile": [
            "http://standardhealthrecord.org/fhir/StructureDefinition/shr-medication-Medication"
          ]
        },
        "code": {
          "coding": [
            {
              "system": "http://www.nlm.nih.gov/research/umls/rxnorm",
              "code": "834060",
              "display": "Penicillin V Potassium 250 MG"
            }
          ],
          "text": "Penicillin V Potassium 250 MG"
        },
        "resourceType": "Medication"
      }
    },
    {
      "resource": {
        "meta": {
          "profile": [
            "http://standardhealthrecord.org/fhir/StructureDefinition/shr-medication-MedicationPrescription"
          ]
        },
        "extension": [
          {
            "url": "http://standardhealthrecord.org/fhir/StructureDefinition/shr-base-ActionCode-extension",
            "valueCodeableConcept": {
              "coding": [
                {
                  "system": "http://snomed.info/sct",
                  "code": "33633005",
                  "display": "Prescription of drug (procedure)"
                }
              ],
              "text": "Prescription of drug (procedure)"
            }
          }
        ],
        "status": "active",
        "medicationReference": {
          "reference": ""
        },
        "subject": {
          "reference": "urn:uuid:3056794b-7eea-4f9f-beb6-b0b25850de8f"
        },
        "context": {
          "reference": "urn:uuid:cca1915a-35f1-4344-8bc1-d4d304182ee8"
        },
        "authoredOn": "1962-06-04",
        "dosageInstruction": [
          {

          }
        ],
        "resourceType": "MedicationRequest"
      }
    }
  ],
  "resourceType": "Bundle"
}