{
  "type": "collection",
  "entry": [
    {
      "fullUrl": "urn:uuid:e36e27ab-8756-43ee-9d13-f9597275759d",
      "resource": {
        "id": "e36e27ab-8756-43ee-9d13-f9597275759d",
        "meta": {
          "profile": [
            "http://standardhealthrecord.org/fhir/StructureDefinition/shr-demographics-PersonOfRecord"
          ]
        },
        "text": {
          "status": "generated",
          "div": "<div>Generated by <a href=\"https://github.com/synthetichealth/synthea\">Synthea</a>. Version identifier: 4d02400401b9fab839e47bf5b2f1f6a8c683ab55</div>"
        },
        "extension": [
          {
            "url": "http://hl7.org/fhir/us/core/StructureDefinition/us-core-race",
            "valueCodeableConcept": {
              "coding": [
                {
                  "system": "http://hl7.org/fhir/v3/Race",
                  "code": "2131-1",
                  "display": "Other"
                }
              ],
              "text": "race"
            }
          },
          {
            "url": "http://hl7.org/fhir/us/core/StructureDefinition/us-core-ethnicity",
            "valueCodeableConcept": {
              "coding": [
                {
                  "system": "http://hl7.org/fhir/v3/Ethnicity",
                  "code": "2148-5",
                  "display": "Mexican"
                }
              ],
              "text": "ethnicity"
            }
          },
          {
            "url": "http://hl7.org/fhir/StructureDefinition/birthPlace",
            "valueAddress": {
              "city": "Milford",
              "state": "MA",
              "country": "US"
            }
          },
          {
            "url": "http://hl7.org/fhir/StructureDefinition/patient-mothersMaidenName",
            "valueString": "Warren92 Fritsch343"
          },
          {
            "url": "http://hl7.org/fhir/us/core/StructureDefinition/us-core-birthsex",
            "valueCode": "F"
          },
          {
            "url": "http://hl7.org/fhir/StructureDefinition/patient-interpreterRequired",
            "valueBoolean": false
          },
          {
            "url": "http://standardhealthrecord.org/fhir/StructureDefinition/shr-actor-FictionalPerson-extension",
            "valueBoolean": true
          },
          {
            "url": "http://standardhealthrecord.org/fhir/StructureDefinition/shr-demographics-FathersName-extension",
            "valueHumanName": {
              "text": "Vladimir398 Abbott992"
            }
          },
          {
            "url": "http://standardhealthrecord.org/fhir/StructureDefinition/shr-demographics-SocialSecurityNumber-extension",
            "valueString": "999-53-2774"
          }
        ],
        "identifier": [
          {
            "system": "https://github.com/synthetichealth/synthea",
            "value": "fc900dd0-b55f-4943-a8a8-36ce337d073e"
          },
          {
            "type": {
              "coding": [
                {
                  "system": "http://hl7.org/fhir/identifier-type",
                  "code": "SB"
                }
              ]
            },
            "system": "http://hl7.org/fhir/sid/us-ssn",
            "value": "999532774"
          }
        ],
        "name": [
          {
            "use": "official",
            "family": "Abbott992",
            "given": [
              "Ashleigh618"
            ]
          }
        ],
        "telecom": [
          {
            "system": "phone",
            "value": "1-584-928-0605",
            "use": "home"
          }
        ],
        "gender": "female",
        "birthDate": "2004-01-23",
        "address": [
          {
            "extension": [
              {
                "extension": [
                  {
                    "url": "latitude",
                    "valueDecimal": 42.67084387796612
                  },
                  {
                    "url": "longitude",
                    "valueDecimal": -71.62132065764327
                  }
                ],
                "url": "http://hl7.org/fhir/StructureDefinition/geolocation"
              }
            ],
            "line": [
              "72182 Nico Course",
              "Suite 411"
            ],
            "city": "Pepperell",
            "state": "MA",
            "postalCode": "01463",
            "country": "US"
          }
        ],
        "maritalStatus": {
          "coding": [
            {
              "system": "http://hl7.org/fhir/v3/MaritalStatus",
              "code": "S"
            }
          ],
          "text": "Never Married"
        },
        "multipleBirthInteger": 3,
        "communication": [
          {
            "language": {
              "coding": [
                {
                  "system": "http://hl7.org/fhir/ValueSet/languages",
                  "code": "es",
                  "display": "Spanish"
                }
              ]
            }
          }
        ],
        "resourceType": "Patient"
      }
    },
    {
      "fullUrl": "urn:uuid:f00965ed-4e5a-4df8-afe9-13ef109a03be",
      "resource": {
        "id": "f00965ed-4e5a-4df8-afe9-13ef109a03be",
        "meta": {
          "profile": [
            "http://standardhealthrecord.org/fhir/StructureDefinition/shr-actor-Organization"
          ]
        },
        "type": [
          {
            "coding": [
              {
                "system": "http://hl7.org/fhir/ValueSet/organization-type",
                "code": "prov",
                "display": "Healthcare Provider"
              }
            ],
            "text": "Healthcare Provider"
          }
        ],
        "name": "Synthetic Provider",
        "resourceType": "Organization"
      }
    },
    {
      "fullUrl": "urn:uuid:6b0de901-cbe5-45a2-a60b-d726272895bb",
      "resource": {
        "id": "6b0de901-cbe5-45a2-a60b-d726272895bb",
        "meta": {
          "profile": [
            "http://standardhealthrecord.org/fhir/StructureDefinition/shr-encounter-Encounter"
          ]
        },
        "status": "finished",
        "class": {
          "code": "outpatient"
        },
        "type": [
          {
            "coding": [
              {
                "system": "http://snomed.info/sct",
                "code": "170258001"
              }
            ],
            "text": "Outpatient Encounter"
          }
        ],
        "subject": {
          "reference": "urn:uuid:e36e27ab-8756-43ee-9d13-f9597275759d"
        },
        "period": {
          "start": "2011-03-22T21:31:08-04:00",
          "end": "2011-03-22T22:31:08-04:00"
        },
        "serviceProvider": {
          "reference": "urn:uuid:f00965ed-4e5a-4df8-afe9-13ef109a03be"
        },
        "resourceType": "Encounter"
      }
    },
    {
      "fullUrl": "urn:uuid:1bee0a6d-e948-44b4-8004-4e15978d8f2c",
      "resource": {
        "id": "1bee0a6d-e948-44b4-8004-4e15978d8f2c",
        "meta": {
          "profile": [
            "http://standardhealthrecord.org/fhir/StructureDefinition/shr-observation-Observation",
            "http://standardhealthrecord.org/fhir/StructureDefinition/shr-vital-VitalSign",
            "http://standardhealthrecord.org/fhir/StructureDefinition/shr-vital-BodyHeight"
          ]
        },
        "status": "final",
        "category": [
          {
            "coding": [
              {
                "system": "http://hl7.org/fhir/observation-category",
                "code": "vital-signs"
              }
            ]
          }
        ],
        "code": {
          "coding": [
            {
              "system": "http://loinc.org",
              "code": "8302-2",
              "display": "Body Height"
            }
          ],
          "text": "Body Height"
        },
        "subject": {
          "reference": "urn:uuid:e36e27ab-8756-43ee-9d13-f9597275759d"
        },
        "context": {
          "reference": "urn:uuid:6b0de901-cbe5-45a2-a60b-d726272895bb"
        },
        "effectiveDateTime": "2011-03-22T21:31:08-04:00",
        "issued": "2011-03-22T21:31:08-04:00",
        "valueQuantity": {
          "value": 126.37309975253922,
          "unit": "cm",
          "system": "http://unitsofmeasure.org/",
          "code": "cm"
        },
        "resourceType": "Observation"
      }
    },
    {
      "fullUrl": "urn:uuid:965acd20-ceaa-493e-87d9-097cca2c8275",
      "resource": {
        "id": "965acd20-ceaa-493e-87d9-097cca2c8275",
        "meta": {
          "profile": [
            "http://standardhealthrecord.org/fhir/StructureDefinition/shr-observation-Observation",
            "http://standardhealthrecord.org/fhir/StructureDefinition/shr-vital-VitalSign",
            "http://standardhealthrecord.org/fhir/StructureDefinition/shr-vital-BodyWeight"
          ]
        },
        "status": "final",
        "category": [
          {
            "coding": [
              {
                "system": "http://hl7.org/fhir/observation-category",
                "code": "vital-signs"
              }
            ]
          }
        ],
        "code": {
          "coding": [
            {
              "system": "http://loinc.org",
              "code": "29463-7",
              "display": "Body Weight"
            }
          ],
          "text": "Body Weight"
        },
        "subject": {
          "reference": "urn:uuid:e36e27ab-8756-43ee-9d13-f9597275759d"
        },
        "context": {
          "reference": "urn:uuid:6b0de901-cbe5-45a2-a60b-d726272895bb"
        },
        "effectiveDateTime": "2011-03-22T21:31:08-04:00",
        "issued": "2011-03-22T21:31:08-04:00",
        "valueQuantity": {
          "value": 23.61769692486354,
          "unit": "kg",
          "system": "http://unitsofmeasure.org/",
          "code": "kg"
        },
        "resourceType": "Observation"
      }
    },
    {
      "fullUrl": "urn:uuid:63a3265f-5f17-4059-ab42-6d2cf4fa3819",
      "resource": {
        "id": "63a3265f-5f17-4059-ab42-6d2cf4fa3819",
        "meta": {
          "profile": [
            "http://standardhealthrecord.org/fhir/StructureDefinition/shr-observation-Observation",
            "http://standardhealthrecord.org/fhir/StructureDefinition/shr-vital-VitalSign",
            "http://standardhealthrecord.org/fhir/StructureDefinition/shr-vital-BodyMassIndex"
          ]
        },
        "status": "final",
        "category": [
          {
            "coding": [
              {
                "system": "http://hl7.org/fhir/observation-category",
                "code": "vital-signs"
              }
            ]
          }
        ],
        "code": {
          "coding": [
            {
              "system": "http://loinc.org",
              "code": "39156-5",
              "display": "Body Mass Index"
            }
          ],
          "text": "Body Mass Index"
        },
        "subject": {
          "reference": "urn:uuid:e36e27ab-8756-43ee-9d13-f9597275759d"
        },
        "context": {
          "reference": "urn:uuid:6b0de901-cbe5-45a2-a60b-d726272895bb"
        },
        "effectiveDateTime": "2011-03-22T21:31:08-04:00",
        "issued": "2011-03-22T21:31:08-04:00",
        "valueQuantity": {
          "value": 14.788641078407744,
          "unit": "kg/m2",
          "system": "http://unitsofmeasure.org/",
          "code": "kg/m2"
        },
        "resourceType": "Observation"
      }
    },
    {
      "fullUrl": "urn:uuid:3bd989be-e71e-4cd4-bb82-3b92402c35f6",
      "resource": {
        "id": "3bd989be-e71e-4cd4-bb82-3b92402c35f6",
        "meta": {
          "profile": [
            "http://standardhealthrecord.org/fhir/StructureDefinition/shr-observation-Observation",
            "http://standardhealthrecord.org/fhir/StructureDefinition/shr-vital-BloodPressure"
          ]
        },
        "status": "final",
        "category": [
          {
            "coding": [
              {
                "system": "http://hl7.org/fhir/observation-category",
                "code": "vital-signs"
              }
            ]
          }
        ],
        "code": {
          "coding": [
            {
              "system": "http://loinc.org",
              "code": "55284-4",
              "display": "Blood Pressure"
            }
          ]
        },
        "subject": {
          "reference": "urn:uuid:e36e27ab-8756-43ee-9d13-f9597275759d"
        },
        "context": {
          "reference": "urn:uuid:6b0de901-cbe5-45a2-a60b-d726272895bb"
        },
        "effectiveDateTime": "2011-03-22T21:31:08-04:00",
        "issued": "2011-03-22T21:31:08-04:00",
        "component": [
          {
            "code": {
              "coding": [
                {
                  "system": "http://loinc.org",
                  "code": "8480-6",
                  "display": "Systolic Blood Pressure"
                }
              ],
              "text": "Systolic Blood Pressure"
            },
            "valueQuantity": {
              "value": 135,
              "unit": "mmHg",
              "system": "http://unitsofmeasure.org/",
              "code": "mmHg"
            }
          },
          {
            "code": {
              "coding": [
                {
                  "system": "http://loinc.org",
                  "code": "8462-4",
                  "display": "Diastolic Blood Pressure"
                }
              ],
              "text": "Diastolic Blood Pressure"
            },
            "valueQuantity": {
              "value": 82,
              "unit": "mmHg",
              "system": "http://unitsofmeasure.org/",
              "code": "mmHg"
            }
          }
        ],
        "resourceType": "Observation"
      }
    },
    {
      "resource": {
        "meta": {
          "profile": [
            "http://standardhealthrecord.org/fhir/StructureDefinition/shr-procedure-Procedure"
          ]
        },
        "extension": [
          {
            "url": "http://standardhealthrecord.org/fhir/StructureDefinition/shr-core-CodeableConcept-extension",
            "valueCodeableConcept": {
              "coding": [
                {
                  "system": "http://snomed.info/sct",
                  "code": "428191000124101",
                  "display": "Documentation of current medications"
                }
              ],
              "text": "Documentation of current medications"
            }
          }
        ],
        "status": "completed",
        "code": {
          "coding": [
            {
              "system": "http://snomed.info/sct",
              "code": "428191000124101",
              "display": "Documentation of current medications"
            }
          ],
          "text": "Documentation of current medications"
        },
        "subject": {
          "reference": "urn:uuid:e36e27ab-8756-43ee-9d13-f9597275759d"
        },
        "context": {
          "reference": "urn:uuid:6b0de901-cbe5-45a2-a60b-d726272895bb"
        },
        "performedDateTime": "2011-03-22T21:31:08-04:00",
        "resourceType": "Procedure"
      }
    },
    {
      "resource": {
        "meta": {
          "profile": [
            "http://standardhealthrecord.org/fhir/StructureDefinition/shr-immunization-Immunization"
          ]
        },
        "status": "completed",
        "notGiven": false,
        "vaccineCode": {
          "coding": [
            {
              "system": "http://hl7.org/fhir/sid/cvx",
              "code": "140",
              "display": "Influenza, seasonal, injectable, preservative free"
            }
          ],
          "text": "Influenza, seasonal, injectable, preservative free"
        },
        "patient": {
          "reference": "urn:uuid:e36e27ab-8756-43ee-9d13-f9597275759d"
        },
        "encounter": {
          "reference": "urn:uuid:6b0de901-cbe5-45a2-a60b-d726272895bb"
        },
        "date": "2011-03-22T21:31:08-04:00",
        "primarySource": true,
        "resourceType": "Immunization"
      }
    },
    {
      "fullUrl": "urn:uuid:fd2885dc-d6ae-4bcb-bbb8-b8b37a31defb",
      "resource": {
        "id": "fd2885dc-d6ae-4bcb-bbb8-b8b37a31defb",
        "meta": {
          "profile": [
            "http://standardhealthrecord.org/fhir/StructureDefinition/shr-encounter-Encounter"
          ]
        },
        "status": "finished",
        "class": {
          "code": "outpatient"
        },
        "type": [
          {
            "coding": [
              {
                "system": "http://snomed.info/sct",
                "code": "170258001"
              }
            ],
            "text": "Outpatient Encounter"
          }
        ],
        "subject": {
          "reference": "urn:uuid:e36e27ab-8756-43ee-9d13-f9597275759d"
        },
        "period": {
          "start": "2012-03-22T02:52:59-04:00",
          "end": "2012-03-22T03:52:59-04:00"
        },
        "serviceProvider": {
          "reference": "urn:uuid:f00965ed-4e5a-4df8-afe9-13ef109a03be"
        },
        "resourceType": "Encounter"
      }
    },
    {
      "fullUrl": "urn:uuid:3a0c1a0b-1a63-434e-b350-ce63ef8071b8",
      "resource": {
        "id": "3a0c1a0b-1a63-434e-b350-ce63ef8071b8",
        "meta": {
          "profile": [
            "http://standardhealthrecord.org/fhir/StructureDefinition/shr-observation-Observation",
            "http://standardhealthrecord.org/fhir/StructureDefinition/shr-vital-VitalSign",
            "http://standardhealthrecord.org/fhir/StructureDefinition/shr-vital-BodyHeight"
          ]
        },
        "status": "final",
        "category": [
          {
            "coding": [
              {
                "system": "http://hl7.org/fhir/observation-category",
                "code": "vital-signs"
              }
            ]
          }
        ],
        "code": {
          "coding": [
            {
              "system": "http://loinc.org",
              "code": "8302-2",
              "display": "Body Height"
            }
          ],
          "text": "Body Height"
        },
        "subject": {
          "reference": "urn:uuid:e36e27ab-8756-43ee-9d13-f9597275759d"
        },
        "context": {
          "reference": "urn:uuid:fd2885dc-d6ae-4bcb-bbb8-b8b37a31defb"
        },
        "effectiveDateTime": "2012-03-22T02:52:59-04:00",
        "issued": "2012-03-22T02:52:59-04:00",
        "valueQuantity": {
          "value": 132.6104608304333,
          "unit": "cm",
          "system": "http://unitsofmeasure.org/",
          "code": "cm"
        },
        "resourceType": "Observation"
      }
    },
    {
      "fullUrl": "urn:uuid:a219887c-dc06-4a90-9756-04e0921ac134",
      "resource": {
        "id": "a219887c-dc06-4a90-9756-04e0921ac134",
        "meta": {
          "profile": [
            "http://standardhealthrecord.org/fhir/StructureDefinition/shr-observation-Observation",
            "http://standardhealthrecord.org/fhir/StructureDefinition/shr-vital-VitalSign",
            "http://standardhealthrecord.org/fhir/StructureDefinition/shr-vital-BodyWeight"
          ]
        },
        "status": "final",
        "category": [
          {
            "coding": [
              {
                "system": "http://hl7.org/fhir/observation-category",
                "code": "vital-signs"
              }
            ]
          }
        ],
        "code": {
          "coding": [
            {
              "system": "http://loinc.org",
              "code": "29463-7",
              "display": "Body Weight"
            }
          ],
          "text": "Body Weight"
        },
        "subject": {
          "reference": "urn:uuid:e36e27ab-8756-43ee-9d13-f9597275759d"
        },
        "context": {
          "reference": "urn:uuid:fd2885dc-d6ae-4bcb-bbb8-b8b37a31defb"
        },
        "effectiveDateTime": "2012-03-22T02:52:59-04:00",
        "issued": "2012-03-22T02:52:59-04:00",
        "valueQuantity": {
          "value": 26.65653019971044,
          "unit": "kg",
          "system": "http://unitsofmeasure.org/",
          "code": "kg"
        },
        "resourceType": "Observation"
      }
    },
    {
      "fullUrl": "urn:uuid:6b9847d8-261d-4d06-a012-46a24d77e215",
      "resource": {
        "id": "6b9847d8-261d-4d06-a012-46a24d77e215",
        "meta": {
          "profile": [
            "http://standardhealthrecord.org/fhir/StructureDefinition/shr-observation-Observation",
            "http://standardhealthrecord.org/fhir/StructureDefinition/shr-vital-VitalSign",
            "http://standardhealthrecord.org/fhir/StructureDefinition/shr-vital-BodyMassIndex"
          ]
        },
        "status": "final",
        "category": [
          {
            "coding": [
              {
                "system": "http://hl7.org/fhir/observation-category",
                "code": "vital-signs"
              }
            ]
          }
        ],
        "code": {
          "coding": [
            {
              "system": "http://loinc.org",
              "code": "39156-5",
              "display": "Body Mass Index"
            }
          ],
          "text": "Body Mass Index"
        },
        "subject": {
          "reference": "urn:uuid:e36e27ab-8756-43ee-9d13-f9597275759d"
        },
        "context": {
          "reference": "urn:uuid:fd2885dc-d6ae-4bcb-bbb8-b8b37a31defb"
        },
        "effectiveDateTime": "2012-03-22T02:52:59-04:00",
        "issued": "2012-03-22T02:52:59-04:00",
        "valueQuantity": {
          "value": 15.158214537091386,
          "unit": "kg/m2",
          "system": "http://unitsofmeasure.org/",
          "code": "kg/m2"
        },
        "resourceType": "Observation"
      }
    },
    {
      "fullUrl": "urn:uuid:c8339df8-8289-4c7f-abb9-dba9335dfd2e",
      "resource": {
        "id": "c8339df8-8289-4c7f-abb9-dba9335dfd2e",
        "meta": {
          "profile": [
            "http://standardhealthrecord.org/fhir/StructureDefinition/shr-observation-Observation",
            "http://standardhealthrecord.org/fhir/StructureDefinition/shr-vital-BloodPressure"
          ]
        },
        "status": "final",
        "category": [
          {
            "coding": [
              {
                "system": "http://hl7.org/fhir/observation-category",
                "code": "vital-signs"
              }
            ]
          }
        ],
        "code": {
          "coding": [
            {
              "system": "http://loinc.org",
              "code": "55284-4",
              "display": "Blood Pressure"
            }
          ]
        },
        "subject": {
          "reference": "urn:uuid:e36e27ab-8756-43ee-9d13-f9597275759d"
        },
        "context": {
          "reference": "urn:uuid:fd2885dc-d6ae-4bcb-bbb8-b8b37a31defb"
        },
        "effectiveDateTime": "2012-03-22T02:52:59-04:00",
        "issued": "2012-03-22T02:52:59-04:00",
        "component": [
          {
            "code": {
              "coding": [
                {
                  "system": "http://loinc.org",
                  "code": "8480-6",
                  "display": "Systolic Blood Pressure"
                }
              ],
              "text": "Systolic Blood Pressure"
            },
            "valueQuantity": {
              "value": 133,
              "unit": "mmHg",
              "system": "http://unitsofmeasure.org/",
              "code": "mmHg"
            }
          },
          {
            "code": {
              "coding": [
                {
                  "system": "http://loinc.org",
                  "code": "8462-4",
                  "display": "Diastolic Blood Pressure"
                }
              ],
              "text": "Diastolic Blood Pressure"
            },
            "valueQuantity": {
              "value": 72,
              "unit": "mmHg",
              "system": "http://unitsofmeasure.org/",
              "code": "mmHg"
            }
          }
        ],
        "resourceType": "Observation"
      }
    },
    {
      "resource": {
        "meta": {
          "profile": [
            "http://standardhealthrecord.org/fhir/StructureDefinition/shr-immunization-Immunization"
          ]
        },
        "status": "completed",
        "notGiven": false,
        "vaccineCode": {
          "coding": [
            {
              "system": "http://hl7.org/fhir/sid/cvx",
              "code": "140",
              "display": "Influenza, seasonal, injectable, preservative free"
            }
          ],
          "text": "Influenza, seasonal, injectable, preservative free"
        },
        "patient": {
          "reference": "urn:uuid:e36e27ab-8756-43ee-9d13-f9597275759d"
        },
        "encounter": {
          "reference": "urn:uuid:fd2885dc-d6ae-4bcb-bbb8-b8b37a31defb"
        },
        "date": "2012-03-22T02:52:59-04:00",
        "primarySource": true,
        "resourceType": "Immunization"
      }
    },
    {
      "fullUrl": "urn:uuid:60116a56-ccf5-4b02-b691-c3b2ca67c8c3",
      "resource": {
        "id": "60116a56-ccf5-4b02-b691-c3b2ca67c8c3",
        "meta": {
          "profile": [
            "http://standardhealthrecord.org/fhir/StructureDefinition/shr-encounter-Encounter"
          ]
        },
        "status": "finished",
        "class": {
          "code": "ambulatory"
        },
        "type": [
          {
            "coding": [
              {
                "system": "http://snomed.info/sct",
                "code": "185345009"
              }
            ],
            "text": "Encounter for symptom"
          }
        ],
        "subject": {
          "reference": "urn:uuid:e36e27ab-8756-43ee-9d13-f9597275759d"
        },
        "period": {
          "start": "2013-02-04T13:11:00-05:00",
          "end": "2013-02-04T13:11:00-05:00"
        },
        "reason": {
          "coding": [
            {
              "system": "http://snomed.info/sct",
              "code": "444814009",
              "display": "Viral sinusitis (disorder)"
            }
          ]
        },
        "serviceProvider": {
          "reference": "urn:uuid:f00965ed-4e5a-4df8-afe9-13ef109a03be"
        },
        "resourceType": "Encounter"
      }
    },
    {
      "fullUrl": "urn:uuid:decb5e4f-b5e8-47b5-a7e5-dcc3ecf44f9a",
      "resource": {
        "id": "decb5e4f-b5e8-47b5-a7e5-dcc3ecf44f9a",
        "meta": {
          "profile": [
            "http://standardhealthrecord.org/fhir/StructureDefinition/shr-problem-Problem"
          ]
        },
        "clinicalStatus": "active",
        "verificationStatus": "confirmed",
        "code": {
          "coding": [
            {
              "system": "http://snomed.info/sct",
              "code": "444814009",
              "display": "Viral sinusitis (disorder)"
            }
          ],
          "text": "Viral sinusitis (disorder)"
        },
        "subject": {
          "reference": "urn:uuid:e36e27ab-8756-43ee-9d13-f9597275759d"
        },
        "context": {
          "reference": "urn:uuid:60116a56-ccf5-4b02-b691-c3b2ca67c8c3"
        },
        "onsetDateTime": "2013-02-04T13:11:00-05:00",
        "abatementDateTime": "2013-02-13T06:20:35-05:00",
        "assertedDate": "2013-02-04",
        "resourceType": "Condition"
      }
    },
    {
      "fullUrl": "urn:uuid:ead64c93-1c19-4c86-8f9c-cf069ecd09f9",
      "resource": {
        "id": "ead64c93-1c19-4c86-8f9c-cf069ecd09f9",
        "meta": {
          "profile": [
            "http://standardhealthrecord.org/fhir/StructureDefinition/shr-encounter-Encounter"
          ]
        },
        "status": "finished",
        "class": {
          "code": "outpatient"
        },
        "type": [
          {
            "coding": [
              {
                "system": "http://snomed.info/sct",
                "code": "170258001"
              }
            ],
            "text": "Outpatient Encounter"
          }
        ],
        "subject": {
          "reference": "urn:uuid:e36e27ab-8756-43ee-9d13-f9597275759d"
        },
        "period": {
          "start": "2013-05-07T15:38:27-04:00",
          "end": "2013-05-07T16:38:27-04:00"
        },
        "serviceProvider": {
          "reference": "urn:uuid:f00965ed-4e5a-4df8-afe9-13ef109a03be"
        },
        "resourceType": "Encounter"
      }
    },
    {
      "fullUrl": "urn:uuid:09976af7-e035-4df7-b410-3df0c7f80a9e",
      "resource": {
        "id": "09976af7-e035-4df7-b410-3df0c7f80a9e",
        "meta": {
          "profile": [
            "http://standardhealthrecord.org/fhir/StructureDefinition/shr-observation-Observation",
            "http://standardhealthrecord.org/fhir/StructureDefinition/shr-vital-VitalSign",
            "http://standardhealthrecord.org/fhir/StructureDefinition/shr-vital-BodyHeight"
          ]
        },
        "status": "final",
        "category": [
          {
            "coding": [
              {
                "system": "http://hl7.org/fhir/observation-category",
                "code": "vital-signs"
              }
            ]
          }
        ],
        "code": {
          "coding": [
            {
              "system": "http://loinc.org",
              "code": "8302-2",
              "display": "Body Height"
            }
          ],
          "text": "Body Height"
        },
        "subject": {
          "reference": "urn:uuid:e36e27ab-8756-43ee-9d13-f9597275759d"
        },
        "context": {
          "reference": "urn:uuid:ead64c93-1c19-4c86-8f9c-cf069ecd09f9"
        },
        "effectiveDateTime": "2013-05-07T15:38:27-04:00",
        "issued": "2013-05-07T15:38:27-04:00",
        "valueQuantity": {
          "value": 139.01077954216547,
          "unit": "cm",
          "system": "http://unitsofmeasure.org/",
          "code": "cm"
        },
        "resourceType": "Observation"
      }
    },
    {
      "fullUrl": "urn:uuid:9695d89e-2cc4-47ee-9bca-cad93c870d4f",
      "resource": {
        "id": "9695d89e-2cc4-47ee-9bca-cad93c870d4f",
        "meta": {
          "profile": [
            "http://standardhealthrecord.org/fhir/StructureDefinition/shr-observation-Observation",
            "http://standardhealthrecord.org/fhir/StructureDefinition/shr-vital-VitalSign",
            "http://standardhealthrecord.org/fhir/StructureDefinition/shr-vital-BodyWeight"
          ]
        },
        "status": "final",
        "category": [
          {
            "coding": [
              {
                "system": "http://hl7.org/fhir/observation-category",
                "code": "vital-signs"
              }
            ]
          }
        ],
        "code": {
          "coding": [
            {
              "system": "http://loinc.org",
              "code": "29463-7",
              "display": "Body Weight"
            }
          ],
          "text": "Body Weight"
        },
        "subject": {
          "reference": "urn:uuid:e36e27ab-8756-43ee-9d13-f9597275759d"
        },
        "context": {
          "reference": "urn:uuid:ead64c93-1c19-4c86-8f9c-cf069ecd09f9"
        },
        "effectiveDateTime": "2013-05-07T15:38:27-04:00",
        "issued": "2013-05-07T15:38:27-04:00",
        "valueQuantity": {
          "value": 30.875699746997913,
          "unit": "kg",
          "system": "http://unitsofmeasure.org/",
          "code": "kg"
        },
        "resourceType": "Observation"
      }
    },
    {
      "fullUrl": "urn:uuid:73c97161-1a29-4f5c-bdaf-81ca2720f410",
      "resource": {
        "id": "73c97161-1a29-4f5c-bdaf-81ca2720f410",
        "meta": {
          "profile": [
            "http://standardhealthrecord.org/fhir/StructureDefinition/shr-observation-Observation",
            "http://standardhealthrecord.org/fhir/StructureDefinition/shr-vital-VitalSign",
            "http://standardhealthrecord.org/fhir/StructureDefinition/shr-vital-BodyMassIndex"
          ]
        },
        "status": "final",
        "category": [
          {
            "coding": [
              {
                "system": "http://hl7.org/fhir/observation-category",
                "code": "vital-signs"
              }
            ]
          }
        ],
        "code": {
          "coding": [
            {
              "system": "http://loinc.org",
              "code": "39156-5",
              "display": "Body Mass Index"
            }
          ],
          "text": "Body Mass Index"
        },
        "subject": {
          "reference": "urn:uuid:e36e27ab-8756-43ee-9d13-f9597275759d"
        },
        "context": {
          "reference": "urn:uuid:ead64c93-1c19-4c86-8f9c-cf069ecd09f9"
        },
        "effectiveDateTime": "2013-05-07T15:38:27-04:00",
        "issued": "2013-05-07T15:38:27-04:00",
        "valueQuantity": {
          "value": 15.977905616703973,
          "unit": "kg/m2",
          "system": "http://unitsofmeasure.org/",
          "code": "kg/m2"
        },
        "resourceType": "Observation"
      }
    },
    {
      "fullUrl": "urn:uuid:d5d364e1-3b79-4fbf-af19-8d0d5af95322",
      "resource": {
        "id": "d5d364e1-3b79-4fbf-af19-8d0d5af95322",
        "meta": {
          "profile": [
            "http://standardhealthrecord.org/fhir/StructureDefinition/shr-observation-Observation",
            "http://standardhealthrecord.org/fhir/StructureDefinition/shr-vital-BloodPressure"
          ]
        },
        "status": "final",
        "category": [
          {
            "coding": [
              {
                "system": "http://hl7.org/fhir/observation-category",
                "code": "vital-signs"
              }
            ]
          }
        ],
        "code": {
          "coding": [
            {
              "system": "http://loinc.org",
              "code": "55284-4",
              "display": "Blood Pressure"
            }
          ]
        },
        "subject": {
          "reference": "urn:uuid:e36e27ab-8756-43ee-9d13-f9597275759d"
        },
        "context": {
          "reference": "urn:uuid:ead64c93-1c19-4c86-8f9c-cf069ecd09f9"
        },
        "effectiveDateTime": "2013-05-07T15:38:27-04:00",
        "issued": "2013-05-07T15:38:27-04:00",
        "component": [
          {
            "code": {
              "coding": [
                {
                  "system": "http://loinc.org",
                  "code": "8480-6",
                  "display": "Systolic Blood Pressure"
                }
              ],
              "text": "Systolic Blood Pressure"
            },
            "valueQuantity": {
              "value": 107,
              "unit": "mmHg",
              "system": "http://unitsofmeasure.org/",
              "code": "mmHg"
            }
          },
          {
            "code": {
              "coding": [
                {
                  "system": "http://loinc.org",
                  "code": "8462-4",
                  "display": "Diastolic Blood Pressure"
                }
              ],
              "text": "Diastolic Blood Pressure"
            },
            "valueQuantity": {
              "value": 81,
              "unit": "mmHg",
              "system": "http://unitsofmeasure.org/",
              "code": "mmHg"
            }
          }
        ],
        "resourceType": "Observation"
      }
    },
    {
      "resource": {
        "meta": {
          "profile": [
            "http://standardhealthrecord.org/fhir/StructureDefinition/shr-immunization-Immunization"
          ]
        },
        "status": "completed",
        "notGiven": false,
        "vaccineCode": {
          "coding": [
            {
              "system": "http://hl7.org/fhir/sid/cvx",
              "code": "140",
              "display": "Influenza, seasonal, injectable, preservative free"
            }
          ],
          "text": "Influenza, seasonal, injectable, preservative free"
        },
        "patient": {
          "reference": "urn:uuid:e36e27ab-8756-43ee-9d13-f9597275759d"
        },
        "encounter": {
          "reference": "urn:uuid:ead64c93-1c19-4c86-8f9c-cf069ecd09f9"
        },
        "date": "2013-05-07T15:38:27-04:00",
        "primarySource": true,
        "resourceType": "Immunization"
      }
    },
    {
      "fullUrl": "urn:uuid:27458d67-250c-48d2-b772-30decfeef8cf",
      "resource": {
        "id": "27458d67-250c-48d2-b772-30decfeef8cf",
        "meta": {
          "profile": [
            "http://standardhealthrecord.org/fhir/StructureDefinition/shr-encounter-Encounter"
          ]
        },
        "status": "finished",
        "class": {
          "code": "outpatient"
        },
        "type": [
          {
            "coding": [
              {
                "system": "http://snomed.info/sct",
                "code": "170258001"
              }
            ],
            "text": "Outpatient Encounter"
          }
        ],
        "subject": {
          "reference": "urn:uuid:e36e27ab-8756-43ee-9d13-f9597275759d"
        },
        "period": {
          "start": "2014-05-22T08:57:52-04:00",
          "end": "2014-05-22T09:57:52-04:00"
        },
        "serviceProvider": {
          "reference": "urn:uuid:f00965ed-4e5a-4df8-afe9-13ef109a03be"
        },
        "resourceType": "Encounter"
      }
    },
    {
      "fullUrl": "urn:uuid:67b7394a-60ba-4389-93da-fdf5e1379cf6",
      "resource": {
        "id": "67b7394a-60ba-4389-93da-fdf5e1379cf6",
        "meta": {
          "profile": [
            "http://standardhealthrecord.org/fhir/StructureDefinition/shr-observation-Observation",
            "http://standardhealthrecord.org/fhir/StructureDefinition/shr-vital-VitalSign",
            "http://standardhealthrecord.org/fhir/StructureDefinition/shr-vital-BodyHeight"
          ]
        },
        "status": "final",
        "category": [
          {
            "coding": [
              {
                "system": "http://hl7.org/fhir/observation-category",
                "code": "vital-signs"
              }
            ]
          }
        ],
        "code": {
          "coding": [
            {
              "system": "http://loinc.org",
              "code": "8302-2",
              "display": "Body Height"
            }
          ],
          "text": "Body Height"
        },
        "subject": {
          "reference": "urn:uuid:e36e27ab-8756-43ee-9d13-f9597275759d"
        },
        "context": {
          "reference": "urn:uuid:27458d67-250c-48d2-b772-30decfeef8cf"
        },
        "effectiveDateTime": "2014-05-22T08:57:52-04:00",
        "issued": "2014-05-22T08:57:52-04:00",
        "valueQuantity": {
          "value": 144.57741381733433,
          "unit": "cm",
          "system": "http://unitsofmeasure.org/",
          "code": "cm"
        },
        "resourceType": "Observation"
      }
    },
    {
      "fullUrl": "urn:uuid:f49086ba-61d9-4f96-ae85-f2ebf91bef0e",
      "resource": {
        "id": "f49086ba-61d9-4f96-ae85-f2ebf91bef0e",
        "meta": {
          "profile": [
            "http://standardhealthrecord.org/fhir/StructureDefinition/shr-observation-Observation",
            "http://standardhealthrecord.org/fhir/StructureDefinition/shr-vital-VitalSign",
            "http://standardhealthrecord.org/fhir/StructureDefinition/shr-vital-BodyWeight"
          ]
        },
        "status": "final",
        "category": [
          {
            "coding": [
              {
                "system": "http://hl7.org/fhir/observation-category",
                "code": "vital-signs"
              }
            ]
          }
        ],
        "code": {
          "coding": [
            {
              "system": "http://loinc.org",
              "code": "29463-7",
              "display": "Body Weight"
            }
          ],
          "text": "Body Weight"
        },
        "subject": {
          "reference": "urn:uuid:e36e27ab-8756-43ee-9d13-f9597275759d"
        },
        "context": {
          "reference": "urn:uuid:27458d67-250c-48d2-b772-30decfeef8cf"
        },
        "effectiveDateTime": "2014-05-22T08:57:52-04:00",
        "issued": "2014-05-22T08:57:52-04:00",
        "valueQuantity": {
          "value": 35.07183392813086,
          "unit": "kg",
          "system": "http://unitsofmeasure.org/",
          "code": "kg"
        },
        "resourceType": "Observation"
      }
    },
    {
      "fullUrl": "urn:uuid:a3b72d31-6138-482e-95f6-938235b119da",
      "resource": {
        "id": "a3b72d31-6138-482e-95f6-938235b119da",
        "meta": {
          "profile": [
            "http://standardhealthrecord.org/fhir/StructureDefinition/shr-observation-Observation",
            "http://standardhealthrecord.org/fhir/StructureDefinition/shr-vital-VitalSign",
            "http://standardhealthrecord.org/fhir/StructureDefinition/shr-vital-BodyMassIndex"
          ]
        },
        "status": "final",
        "category": [
          {
            "coding": [
              {
                "system": "http://hl7.org/fhir/observation-category",
                "code": "vital-signs"
              }
            ]
          }
        ],
        "code": {
          "coding": [
            {
              "system": "http://loinc.org",
              "code": "39156-5",
              "display": "Body Mass Index"
            }
          ],
          "text": "Body Mass Index"
        },
        "subject": {
          "reference": "urn:uuid:e36e27ab-8756-43ee-9d13-f9597275759d"
        },
        "context": {
          "reference": "urn:uuid:27458d67-250c-48d2-b772-30decfeef8cf"
        },
        "effectiveDateTime": "2014-05-22T08:57:52-04:00",
        "issued": "2014-05-22T08:57:52-04:00",
        "valueQuantity": {
          "value": 16.778671535807966,
          "unit": "kg/m2",
          "system": "http://unitsofmeasure.org/",
          "code": "kg/m2"
        },
        "resourceType": "Observation"
      }
    },
    {
      "fullUrl": "urn:uuid:3c7f5291-8e1e-4f66-93ff-36f9072bd424",
      "resource": {
        "id": "3c7f5291-8e1e-4f66-93ff-36f9072bd424",
        "meta": {
          "profile": [
            "http://standardhealthrecord.org/fhir/StructureDefinition/shr-observation-Observation",
            "http://standardhealthrecord.org/fhir/StructureDefinition/shr-vital-BloodPressure"
          ]
        },
        "status": "final",
        "category": [
          {
            "coding": [
              {
                "system": "http://hl7.org/fhir/observation-category",
                "code": "vital-signs"
              }
            ]
          }
        ],
        "code": {
          "coding": [
            {
              "system": "http://loinc.org",
              "code": "55284-4",
              "display": "Blood Pressure"
            }
          ]
        },
        "subject": {
          "reference": "urn:uuid:e36e27ab-8756-43ee-9d13-f9597275759d"
        },
        "context": {
          "reference": "urn:uuid:27458d67-250c-48d2-b772-30decfeef8cf"
        },
        "effectiveDateTime": "2014-05-22T08:57:52-04:00",
        "issued": "2014-05-22T08:57:52-04:00",
        "component": [
          {
            "code": {
              "coding": [
                {
                  "system": "http://loinc.org",
                  "code": "8480-6",
                  "display": "Systolic Blood Pressure"
                }
              ],
              "text": "Systolic Blood Pressure"
            },
            "valueQuantity": {
              "value": 119,
              "unit": "mmHg",
              "system": "http://unitsofmeasure.org/",
              "code": "mmHg"
            }
          },
          {
            "code": {
              "coding": [
                {
                  "system": "http://loinc.org",
                  "code": "8462-4",
                  "display": "Diastolic Blood Pressure"
                }
              ],
              "text": "Diastolic Blood Pressure"
            },
            "valueQuantity": {
              "value": 72,
              "unit": "mmHg",
              "system": "http://unitsofmeasure.org/",
              "code": "mmHg"
            }
          }
        ],
        "resourceType": "Observation"
      }
    },
    {
      "resource": {
        "meta": {
          "profile": [
            "http://standardhealthrecord.org/fhir/StructureDefinition/shr-immunization-Immunization"
          ]
        },
        "status": "completed",
        "notGiven": false,
        "vaccineCode": {
          "coding": [
            {
              "system": "http://hl7.org/fhir/sid/cvx",
              "code": "140",
              "display": "Influenza, seasonal, injectable, preservative free"
            }
          ],
          "text": "Influenza, seasonal, injectable, preservative free"
        },
        "patient": {
          "reference": "urn:uuid:e36e27ab-8756-43ee-9d13-f9597275759d"
        },
        "encounter": {
          "reference": "urn:uuid:27458d67-250c-48d2-b772-30decfeef8cf"
        },
        "date": "2014-05-22T08:57:52-04:00",
        "primarySource": true,
        "resourceType": "Immunization"
      }
    },
    {
      "fullUrl": "urn:uuid:1f41cda9-beba-49ec-9ec0-83f86635e7bb",
      "resource": {
        "id": "1f41cda9-beba-49ec-9ec0-83f86635e7bb",
        "meta": {
          "profile": [
            "http://standardhealthrecord.org/fhir/StructureDefinition/shr-encounter-Encounter"
          ]
        },
        "status": "finished",
        "class": {
          "code": "outpatient"
        },
        "type": [
          {
            "coding": [
              {
                "system": "http://snomed.info/sct",
                "code": "170258001"
              }
            ],
            "text": "Outpatient Encounter"
          }
        ],
        "subject": {
          "reference": "urn:uuid:e36e27ab-8756-43ee-9d13-f9597275759d"
        },
        "period": {
          "start": "2015-03-23T06:11:46-04:00",
          "end": "2015-03-23T07:11:46-04:00"
        },
        "serviceProvider": {
          "reference": "urn:uuid:f00965ed-4e5a-4df8-afe9-13ef109a03be"
        },
        "resourceType": "Encounter"
      }
    },
    {
      "fullUrl": "urn:uuid:b16c3b2d-6acd-4770-b469-d5257b02713e",
      "resource": {
        "id": "b16c3b2d-6acd-4770-b469-d5257b02713e",
        "meta": {
          "profile": [
            "http://standardhealthrecord.org/fhir/StructureDefinition/shr-observation-Observation",
            "http://standardhealthrecord.org/fhir/StructureDefinition/shr-vital-VitalSign",
            "http://standardhealthrecord.org/fhir/StructureDefinition/shr-vital-BodyHeight"
          ]
        },
        "status": "final",
        "category": [
          {
            "coding": [
              {
                "system": "http://hl7.org/fhir/observation-category",
                "code": "vital-signs"
              }
            ]
          }
        ],
        "code": {
          "coding": [
            {
              "system": "http://loinc.org",
              "code": "8302-2",
              "display": "Body Height"
            }
          ],
          "text": "Body Height"
        },
        "subject": {
          "reference": "urn:uuid:e36e27ab-8756-43ee-9d13-f9597275759d"
        },
        "context": {
          "reference": "urn:uuid:1f41cda9-beba-49ec-9ec0-83f86635e7bb"
        },
        "effectiveDateTime": "2015-03-23T06:11:46-04:00",
        "issued": "2015-03-23T06:11:46-04:00",
        "valueQuantity": {
          "value": 150.1155770970319,
          "unit": "cm",
          "system": "http://unitsofmeasure.org/",
          "code": "cm"
        },
        "resourceType": "Observation"
      }
    },
    {
      "fullUrl": "urn:uuid:25467f93-8f4f-4d2e-bd0a-2d5eb576f9f3",
      "resource": {
        "id": "25467f93-8f4f-4d2e-bd0a-2d5eb576f9f3",
        "meta": {
          "profile": [
            "http://standardhealthrecord.org/fhir/StructureDefinition/shr-observation-Observation",
            "http://standardhealthrecord.org/fhir/StructureDefinition/shr-vital-VitalSign",
            "http://standardhealthrecord.org/fhir/StructureDefinition/shr-vital-BodyWeight"
          ]
        },
        "status": "final",
        "category": [
          {
            "coding": [
              {
                "system": "http://hl7.org/fhir/observation-category",
                "code": "vital-signs"
              }
            ]
          }
        ],
        "code": {
          "coding": [
            {
              "system": "http://loinc.org",
              "code": "29463-7",
              "display": "Body Weight"
            }
          ],
          "text": "Body Weight"
        },
        "subject": {
          "reference": "urn:uuid:e36e27ab-8756-43ee-9d13-f9597275759d"
        },
        "context": {
          "reference": "urn:uuid:1f41cda9-beba-49ec-9ec0-83f86635e7bb"
        },
        "effectiveDateTime": "2015-03-23T06:11:46-04:00",
        "issued": "2015-03-23T06:11:46-04:00",
        "valueQuantity": {
          "value": 38.84146046164808,
          "unit": "kg",
          "system": "http://unitsofmeasure.org/",
          "code": "kg"
        },
        "resourceType": "Observation"
      }
    },
    {
      "fullUrl": "urn:uuid:aec1245f-201f-4002-9176-12defbba339a",
      "resource": {
        "id": "aec1245f-201f-4002-9176-12defbba339a",
        "meta": {
          "profile": [
            "http://standardhealthrecord.org/fhir/StructureDefinition/shr-observation-Observation",
            "http://standardhealthrecord.org/fhir/StructureDefinition/shr-vital-VitalSign",
            "http://standardhealthrecord.org/fhir/StructureDefinition/shr-vital-BodyMassIndex"
          ]
        },
        "status": "final",
        "category": [
          {
            "coding": [
              {
                "system": "http://hl7.org/fhir/observation-category",
                "code": "vital-signs"
              }
            ]
          }
        ],
        "code": {
          "coding": [
            {
              "system": "http://loinc.org",
              "code": "39156-5",
              "display": "Body Mass Index"
            }
          ],
          "text": "Body Mass Index"
        },
        "subject": {
          "reference": "urn:uuid:e36e27ab-8756-43ee-9d13-f9597275759d"
        },
        "context": {
          "reference": "urn:uuid:1f41cda9-beba-49ec-9ec0-83f86635e7bb"
        },
        "effectiveDateTime": "2015-03-23T06:11:46-04:00",
        "issued": "2015-03-23T06:11:46-04:00",
        "valueQuantity": {
          "value": 17.236299463830463,
          "unit": "kg/m2",
          "system": "http://unitsofmeasure.org/",
          "code": "kg/m2"
        },
        "resourceType": "Observation"
      }
    },
    {
      "fullUrl": "urn:uuid:3ab6f5f6-40f2-41b9-9dc9-0c544e63e173",
      "resource": {
        "id": "3ab6f5f6-40f2-41b9-9dc9-0c544e63e173",
        "meta": {
          "profile": [
            "http://standardhealthrecord.org/fhir/StructureDefinition/shr-observation-Observation",
            "http://standardhealthrecord.org/fhir/StructureDefinition/shr-vital-BloodPressure"
          ]
        },
        "status": "final",
        "category": [
          {
            "coding": [
              {
                "system": "http://hl7.org/fhir/observation-category",
                "code": "vital-signs"
              }
            ]
          }
        ],
        "code": {
          "coding": [
            {
              "system": "http://loinc.org",
              "code": "55284-4",
              "display": "Blood Pressure"
            }
          ]
        },
        "subject": {
          "reference": "urn:uuid:e36e27ab-8756-43ee-9d13-f9597275759d"
        },
        "context": {
          "reference": "urn:uuid:1f41cda9-beba-49ec-9ec0-83f86635e7bb"
        },
        "effectiveDateTime": "2015-03-23T06:11:46-04:00",
        "issued": "2015-03-23T06:11:46-04:00",
        "component": [
          {
            "code": {
              "coding": [
                {
                  "system": "http://loinc.org",
                  "code": "8480-6",
                  "display": "Systolic Blood Pressure"
                }
              ],
              "text": "Systolic Blood Pressure"
            },
            "valueQuantity": {
              "value": 120,
              "unit": "mmHg",
              "system": "http://unitsofmeasure.org/",
              "code": "mmHg"
            }
          },
          {
            "code": {
              "coding": [
                {
                  "system": "http://loinc.org",
                  "code": "8462-4",
                  "display": "Diastolic Blood Pressure"
                }
              ],
              "text": "Diastolic Blood Pressure"
            },
            "valueQuantity": {
              "value": 80,
              "unit": "mmHg",
              "system": "http://unitsofmeasure.org/",
              "code": "mmHg"
            }
          }
        ],
        "resourceType": "Observation"
      }
    },
    {
      "resource": {
        "meta": {
          "profile": [
            "http://standardhealthrecord.org/fhir/StructureDefinition/shr-immunization-Immunization"
          ]
        },
        "status": "completed",
        "notGiven": false,
        "vaccineCode": {
          "coding": [
            {
              "system": "http://hl7.org/fhir/sid/cvx",
              "code": "140",
              "display": "Influenza, seasonal, injectable, preservative free"
            }
          ],
          "text": "Influenza, seasonal, injectable, preservative free"
        },
        "patient": {
          "reference": "urn:uuid:e36e27ab-8756-43ee-9d13-f9597275759d"
        },
        "encounter": {
          "reference": "urn:uuid:1f41cda9-beba-49ec-9ec0-83f86635e7bb"
        },
        "date": "2015-03-23T06:11:46-04:00",
        "primarySource": true,
        "resourceType": "Immunization"
      }
    },
    {
      "resource": {
        "meta": {
          "profile": [
            "http://standardhealthrecord.org/fhir/StructureDefinition/shr-immunization-Immunization"
          ]
        },
        "status": "completed",
        "notGiven": false,
        "vaccineCode": {
          "coding": [
            {
              "system": "http://hl7.org/fhir/sid/cvx",
              "code": "114",
              "display": "meningococcal MCV4P"
            }
          ],
          "text": "meningococcal MCV4P"
        },
        "patient": {
          "reference": "urn:uuid:e36e27ab-8756-43ee-9d13-f9597275759d"
        },
        "encounter": {
          "reference": "urn:uuid:1f41cda9-beba-49ec-9ec0-83f86635e7bb"
        },
        "date": "2015-03-23T06:11:46-04:00",
        "primarySource": true,
        "resourceType": "Immunization"
      }
    },
    {
      "resource": {
        "meta": {
          "profile": [
            "http://standardhealthrecord.org/fhir/StructureDefinition/shr-immunization-Immunization"
          ]
        },
        "status": "completed",
        "notGiven": false,
        "vaccineCode": {
          "coding": [
            {
              "system": "http://hl7.org/fhir/sid/cvx",
              "code": "115",
              "display": "Tdap"
            }
          ],
          "text": "Tdap"
        },
        "patient": {
          "reference": "urn:uuid:e36e27ab-8756-43ee-9d13-f9597275759d"
        },
        "encounter": {
          "reference": "urn:uuid:1f41cda9-beba-49ec-9ec0-83f86635e7bb"
        },
        "date": "2015-03-23T06:11:46-04:00",
        "primarySource": true,
        "resourceType": "Immunization"
      }
    },
    {
      "resource": {
        "meta": {
          "profile": [
            "http://standardhealthrecord.org/fhir/StructureDefinition/shr-immunization-Immunization"
          ]
        },
        "status": "completed",
        "notGiven": false,
        "vaccineCode": {
          "coding": [
            {
              "system": "http://hl7.org/fhir/sid/cvx",
              "code": "62",
              "display": "HPV, quadrivalent"
            }
          ],
          "text": "HPV, quadrivalent"
        },
        "patient": {
          "reference": "urn:uuid:e36e27ab-8756-43ee-9d13-f9597275759d"
        },
        "encounter": {
          "reference": "urn:uuid:1f41cda9-beba-49ec-9ec0-83f86635e7bb"
        },
        "date": "2015-03-23T06:11:46-04:00",
        "primarySource": true,
        "resourceType": "Immunization"
      }
    },
    {
      "fullUrl": "urn:uuid:3bc05bde-5adc-4f98-8e62-4ef7adefd031",
      "resource": {
        "id": "3bc05bde-5adc-4f98-8e62-4ef7adefd031",
        "meta": {
          "profile": [
            "http://standardhealthrecord.org/fhir/StructureDefinition/shr-encounter-Encounter"
          ]
        },
        "status": "finished",
        "class": {
          "code": "outpatient"
        },
        "type": [
          {
            "coding": [
              {
                "system": "http://snomed.info/sct",
                "code": "170258001"
              }
            ],
            "text": "Outpatient Encounter"
          }
        ],
        "subject": {
          "reference": "urn:uuid:e36e27ab-8756-43ee-9d13-f9597275759d"
        },
        "period": {
          "start": "2016-05-04T03:10:30-04:00",
          "end": "2016-05-04T04:10:30-04:00"
        },
        "serviceProvider": {
          "reference": "urn:uuid:f00965ed-4e5a-4df8-afe9-13ef109a03be"
        },
        "resourceType": "Encounter"
      }
    },
    {
      "fullUrl": "urn:uuid:191e01d6-6b6d-4860-89e0-4dd0e28e135c",
      "resource": {
        "id": "191e01d6-6b6d-4860-89e0-4dd0e28e135c",
        "meta": {
          "profile": [
            "http://standardhealthrecord.org/fhir/StructureDefinition/shr-observation-Observation",
            "http://standardhealthrecord.org/fhir/StructureDefinition/shr-vital-VitalSign",
            "http://standardhealthrecord.org/fhir/StructureDefinition/shr-vital-BodyHeight"
          ]
        },
        "status": "final",
        "category": [
          {
            "coding": [
              {
                "system": "http://hl7.org/fhir/observation-category",
                "code": "vital-signs"
              }
            ]
          }
        ],
        "code": {
          "coding": [
            {
              "system": "http://loinc.org",
              "code": "8302-2",
              "display": "Body Height"
            }
          ],
          "text": "Body Height"
        },
        "subject": {
          "reference": "urn:uuid:e36e27ab-8756-43ee-9d13-f9597275759d"
        },
        "context": {
          "reference": "urn:uuid:3bc05bde-5adc-4f98-8e62-4ef7adefd031"
        },
        "effectiveDateTime": "2016-05-04T03:10:30-04:00",
        "issued": "2016-05-04T03:10:30-04:00",
        "valueQuantity": {
          "value": 158.38130445095962,
          "unit": "cm",
          "system": "http://unitsofmeasure.org/",
          "code": "cm"
        },
        "resourceType": "Observation"
      }
    },
    {
      "fullUrl": "urn:uuid:471899d8-dcb1-409f-b03a-c624caaf3999",
      "resource": {
        "id": "471899d8-dcb1-409f-b03a-c624caaf3999",
        "meta": {
          "profile": [
            "http://standardhealthrecord.org/fhir/StructureDefinition/shr-observation-Observation",
            "http://standardhealthrecord.org/fhir/StructureDefinition/shr-vital-VitalSign",
            "http://standardhealthrecord.org/fhir/StructureDefinition/shr-vital-BodyWeight"
          ]
        },
        "status": "final",
        "category": [
          {
            "coding": [
              {
                "system": "http://hl7.org/fhir/observation-category",
                "code": "vital-signs"
              }
            ]
          }
        ],
        "code": {
          "coding": [
            {
              "system": "http://loinc.org",
              "code": "29463-7",
              "display": "Body Weight"
            }
          ],
          "text": "Body Weight"
        },
        "subject": {
          "reference": "urn:uuid:e36e27ab-8756-43ee-9d13-f9597275759d"
        },
        "context": {
          "reference": "urn:uuid:3bc05bde-5adc-4f98-8e62-4ef7adefd031"
        },
        "effectiveDateTime": "2016-05-04T03:10:30-04:00",
        "issued": "2016-05-04T03:10:30-04:00",
        "valueQuantity": {
          "value": 44.13262055400912,
          "unit": "kg",
          "system": "http://unitsofmeasure.org/",
          "code": "kg"
        },
        "resourceType": "Observation"
      }
    },
    {
      "fullUrl": "urn:uuid:2264b410-1340-4723-b747-4295b4687a4a",
      "resource": {
        "id": "2264b410-1340-4723-b747-4295b4687a4a",
        "meta": {
          "profile": [
            "http://standardhealthrecord.org/fhir/StructureDefinition/shr-observation-Observation",
            "http://standardhealthrecord.org/fhir/StructureDefinition/shr-vital-VitalSign",
            "http://standardhealthrecord.org/fhir/StructureDefinition/shr-vital-BodyMassIndex"
          ]
        },
        "status": "final",
        "category": [
          {
            "coding": [
              {
                "system": "http://hl7.org/fhir/observation-category",
                "code": "vital-signs"
              }
            ]
          }
        ],
        "code": {
          "coding": [
            {
              "system": "http://loinc.org",
              "code": "39156-5",
              "display": "Body Mass Index"
            }
          ],
          "text": "Body Mass Index"
        },
        "subject": {
          "reference": "urn:uuid:e36e27ab-8756-43ee-9d13-f9597275759d"
        },
        "context": {
          "reference": "urn:uuid:3bc05bde-5adc-4f98-8e62-4ef7adefd031"
        },
        "effectiveDateTime": "2016-05-04T03:10:30-04:00",
        "issued": "2016-05-04T03:10:30-04:00",
        "valueQuantity": {
          "value": 17.593485406675658,
          "unit": "kg/m2",
          "system": "http://unitsofmeasure.org/",
          "code": "kg/m2"
        },
        "resourceType": "Observation"
      }
    },
    {
      "fullUrl": "urn:uuid:d4083dcc-6849-40bc-a467-10e36dc8ce26",
      "resource": {
        "id": "d4083dcc-6849-40bc-a467-10e36dc8ce26",
        "meta": {
          "profile": [
            "http://standardhealthrecord.org/fhir/StructureDefinition/shr-observation-Observation",
            "http://standardhealthrecord.org/fhir/StructureDefinition/shr-vital-BloodPressure"
          ]
        },
        "status": "final",
        "category": [
          {
            "coding": [
              {
                "system": "http://hl7.org/fhir/observation-category",
                "code": "vital-signs"
              }
            ]
          }
        ],
        "code": {
          "coding": [
            {
              "system": "http://loinc.org",
              "code": "55284-4",
              "display": "Blood Pressure"
            }
          ]
        },
        "subject": {
          "reference": "urn:uuid:e36e27ab-8756-43ee-9d13-f9597275759d"
        },
        "context": {
          "reference": "urn:uuid:3bc05bde-5adc-4f98-8e62-4ef7adefd031"
        },
        "effectiveDateTime": "2016-05-04T03:10:30-04:00",
        "issued": "2016-05-04T03:10:30-04:00",
        "component": [
          {
            "code": {
              "coding": [
                {
                  "system": "http://loinc.org",
                  "code": "8480-6",
                  "display": "Systolic Blood Pressure"
                }
              ],
              "text": "Systolic Blood Pressure"
            },
            "valueQuantity": {
              "value": 100,
              "unit": "mmHg",
              "system": "http://unitsofmeasure.org/",
              "code": "mmHg"
            }
          },
          {
            "code": {
              "coding": [
                {
                  "system": "http://loinc.org",
                  "code": "8462-4",
                  "display": "Diastolic Blood Pressure"
                }
              ],
              "text": "Diastolic Blood Pressure"
            },
            "valueQuantity": {
              "value": 72,
              "unit": "mmHg",
              "system": "http://unitsofmeasure.org/",
              "code": "mmHg"
            }
          }
        ],
        "resourceType": "Observation"
      }
    },
    {
      "resource": {
        "meta": {
          "profile": [
            "http://standardhealthrecord.org/fhir/StructureDefinition/shr-procedure-Procedure"
          ]
        },
        "extension": [
          {
            "url": "http://standardhealthrecord.org/fhir/StructureDefinition/shr-core-CodeableConcept-extension",
            "valueCodeableConcept": {
              "coding": [
                {
                  "system": "http://snomed.info/sct",
                  "code": "428191000124101",
                  "display": "Documentation of current medications"
                }
              ],
              "text": "Documentation of current medications"
            }
          }
        ],
        "status": "completed",
        "code": {
          "coding": [
            {
              "system": "http://snomed.info/sct",
              "code": "428191000124101",
              "display": "Documentation of current medications"
            }
          ],
          "text": "Documentation of current medications"
        },
        "subject": {
          "reference": "urn:uuid:e36e27ab-8756-43ee-9d13-f9597275759d"
        },
        "context": {
          "reference": "urn:uuid:3bc05bde-5adc-4f98-8e62-4ef7adefd031"
        },
        "performedDateTime": "2016-05-04T03:10:30-04:00",
        "resourceType": "Procedure"
      }
    },
    {
      "resource": {
        "meta": {
          "profile": [
            "http://standardhealthrecord.org/fhir/StructureDefinition/shr-immunization-Immunization"
          ]
        },
        "status": "completed",
        "notGiven": false,
        "vaccineCode": {
          "coding": [
            {
              "system": "http://hl7.org/fhir/sid/cvx",
              "code": "140",
              "display": "Influenza, seasonal, injectable, preservative free"
            }
          ],
          "text": "Influenza, seasonal, injectable, preservative free"
        },
        "patient": {
          "reference": "urn:uuid:e36e27ab-8756-43ee-9d13-f9597275759d"
        },
        "encounter": {
          "reference": "urn:uuid:3bc05bde-5adc-4f98-8e62-4ef7adefd031"
        },
        "date": "2016-05-04T03:10:30-04:00",
        "primarySource": true,
        "resourceType": "Immunization"
      }
    },
    {
      "resource": {
        "meta": {
          "profile": [
            "http://standardhealthrecord.org/fhir/StructureDefinition/shr-immunization-Immunization"
          ]
        },
        "status": "completed",
        "notGiven": false,
        "vaccineCode": {
          "coding": [
            {
              "system": "http://hl7.org/fhir/sid/cvx",
              "code": "62",
              "display": "HPV, quadrivalent"
            }
          ],
          "text": "HPV, quadrivalent"
        },
        "patient": {
          "reference": "urn:uuid:e36e27ab-8756-43ee-9d13-f9597275759d"
        },
        "encounter": {
          "reference": "urn:uuid:3bc05bde-5adc-4f98-8e62-4ef7adefd031"
        },
        "date": "2016-05-04T03:10:30-04:00",
        "primarySource": true,
        "resourceType": "Immunization"
      }
    },
    {
      "fullUrl": "urn:uuid:03c44ad0-3b34-462d-8b64-403324da1e37",
      "resource": {
        "id": "03c44ad0-3b34-462d-8b64-403324da1e37",
        "meta": {
          "profile": [
            "http://standardhealthrecord.org/fhir/StructureDefinition/shr-encounter-Encounter"
          ]
        },
        "status": "finished",
        "class": {
          "code": "emergency"
        },
        "type": [
          {
            "coding": [
              {
                "system": "http://snomed.info/sct",
                "code": "50849002"
              }
            ],
            "text": "Emergency room admission"
          }
        ],
        "subject": {
          "reference": "urn:uuid:e36e27ab-8756-43ee-9d13-f9597275759d"
        },
        "period": {
          "start": "2016-11-26T11:30:00-05:00",
          "end": "2016-11-26T13:13:37-05:00"
        },
        "serviceProvider": {
          "reference": "urn:uuid:f00965ed-4e5a-4df8-afe9-13ef109a03be"
        },
        "resourceType": "Encounter"
      }
    },
    {
      "fullUrl": "urn:uuid:a85a12de-bb5c-4a5d-aa13-ed56588cc6bd",
      "resource": {
        "id": "a85a12de-bb5c-4a5d-aa13-ed56588cc6bd",
        "meta": {
          "profile": [
            "http://standardhealthrecord.org/fhir/StructureDefinition/shr-problem-Problem"
          ]
        },
        "clinicalStatus": "active",
        "verificationStatus": "confirmed",
        "code": {
          "coding": [
            {
              "system": "http://snomed.info/sct",
              "code": "58150001",
              "display": "Fracture of clavicle"
            }
          ],
          "text": "Fracture of clavicle"
        },
        "subject": {
          "reference": "urn:uuid:e36e27ab-8756-43ee-9d13-f9597275759d"
        },
        "context": {
          "reference": "urn:uuid:03c44ad0-3b34-462d-8b64-403324da1e37"
        },
        "onsetDateTime": "2016-11-26T11:30:00-05:00",
        "abatementDateTime": "2017-02-11T12:30:30-05:00",
        "assertedDate": "2016-11-26",
        "resourceType": "Condition"
      }
    },
    {
      "resource": {
        "meta": {
          "profile": [
            "http://standardhealthrecord.org/fhir/StructureDefinition/shr-procedure-Procedure"
          ]
        },
        "extension": [
          {
            "url": "http://standardhealthrecord.org/fhir/StructureDefinition/shr-core-CodeableConcept-extension",
            "valueCodeableConcept": {
              "coding": [
                {
                  "system": "http://snomed.info/sct",
                  "code": "305428000",
                  "display": "Admission to orthopedic department"
                }
              ],
              "text": "Admission to orthopedic department"
            }
          }
        ],
        "status": "completed",
        "code": {
          "coding": [
            {
              "system": "http://snomed.info/sct",
              "code": "305428000",
              "display": "Admission to orthopedic department"
            }
          ],
          "text": "Admission to orthopedic department"
        },
        "subject": {
          "reference": "urn:uuid:e36e27ab-8756-43ee-9d13-f9597275759d"
        },
        "context": {
          "reference": "urn:uuid:03c44ad0-3b34-462d-8b64-403324da1e37"
        },
        "performedPeriod": {
          "start": "2016-11-26T11:30:00-05:00",
          "end": "2016-11-26T13:01:58-05:00"
        },
        "reasonReference": {
          "reference": "urn:uuid:a85a12de-bb5c-4a5d-aa13-ed56588cc6bd",
          "display": "Fracture of clavicle"
        },
        "resourceType": "Procedure"
      }
    },
    {
      "resource": {
        "status": "completed",
        "category": [
          {
            "coding": [
              {
                "system": "http://snomed.info/sct",
                "code": "385691007",
                "display": "Fracture care"
              }
            ]
          }
        ],
        "subject": {
          "reference": "urn:uuid:e36e27ab-8756-43ee-9d13-f9597275759d"
        },
        "context": {
          "reference": "urn:uuid:03c44ad0-3b34-462d-8b64-403324da1e37"
        },
        "period": {
          "start": "2016-11-26",
          "end": "2017-02-11"
        },
        "addresses": [
          {
            "reference": "urn:uuid:a85a12de-bb5c-4a5d-aa13-ed56588cc6bd"
          }
        ],
        "activity": [
          {
            "detail": {
              "code": {
                "coding": [
                  {
                    "system": "http://snomed.info/sct",
                    "code": "183051005",
                    "display": "Recommendation to rest"
                  }
                ]
              },
              "status": "completed"
            }
          },
          {
            "detail": {
              "code": {
                "coding": [
                  {
                    "system": "http://snomed.info/sct",
                    "code": "408580007",
                    "display": "Physical activity target light exercise"
                  }
                ]
              },
              "status": "completed"
            }
          }
        ],
        "resourceType": "CarePlan"
      }
    },
    {
      "resource": {
        "meta": {
          "profile": [
            "http://standardhealthrecord.org/fhir/StructureDefinition/shr-medication-Medication"
          ]
        },
        "code": {
          "coding": [
            {
              "system": "http://www.nlm.nih.gov/research/umls/rxnorm",
              "code": "1049221",
              "display": "Acetaminophen 325 MG / oxyCODONE Hydrochloride 5 MG Oral Tablet"
            }
          ],
          "text": "Acetaminophen 325 MG / oxyCODONE Hydrochloride 5 MG Oral Tablet"
        },
        "resourceType": "Medication"
      }
    },
    {
      "resource": {
        "meta": {
          "profile": [
            "http://standardhealthrecord.org/fhir/StructureDefinition/shr-medication-MedicationPrescription"
          ]
        },
        "extension": [
          {
            "url": "http://standardhealthrecord.org/fhir/StructureDefinition/shr-base-ActionCode-extension",
            "valueCodeableConcept": {
              "coding": [
                {
                  "system": "http://snomed.info/sct",
                  "code": "33633005",
                  "display": "Prescription of drug (procedure)"
                }
              ],
              "text": "Prescription of drug (procedure)"
            }
          }
        ],
        "status": "active",
        "medicationReference": {
          "reference": ""
        },
        "subject": {
          "reference": "urn:uuid:e36e27ab-8756-43ee-9d13-f9597275759d"
        },
        "context": {
          "reference": "urn:uuid:03c44ad0-3b34-462d-8b64-403324da1e37"
        },
        "authoredOn": "2016-11-26",
        "dosageInstruction": [
          {
            "sequence": 1,
            "timing": {
              "repeat": {
                "frequency": 1,
                "period": 6,
                "periodUnit": "h"
              }
            },
            "asNeededBoolean": false,
            "doseQuantity": {
              "value": 1
            }
          }
        ],
        "dispenseRequest": {
          "numberOfRepeatsAllowed": 0,
          "quantity": {
            "value": 56,
            "unit": "doses"
          },
          "expectedSupplyDuration": {
            "value": 2,
            "unit": "weeks",
            "system": "http://hl7.org/fhir/ValueSet/units-of-time",
            "code": "wk"
          }
        },
        "resourceType": "MedicationRequest"
      }
    },
    {
      "resource": {
        "meta": {
          "profile": [
            "http://standardhealthrecord.org/fhir/StructureDefinition/shr-medication-Medication"
          ]
        },
        "code": {
          "coding": [
            {
              "system": "http://www.nlm.nih.gov/research/umls/rxnorm",
              "code": "849574",
              "display": "Naproxen sodium 220 MG Oral Tablet"
            }
          ],
          "text": "Naproxen sodium 220 MG Oral Tablet"
        },
        "resourceType": "Medication"
      }
    },
    {
      "resource": {
        "meta": {
          "profile": [
            "http://standardhealthrecord.org/fhir/StructureDefinition/shr-medication-MedicationPrescription"
          ]
        },
        "extension": [
          {
            "url": "http://standardhealthrecord.org/fhir/StructureDefinition/shr-base-ActionCode-extension",
            "valueCodeableConcept": {
              "coding": [
                {
                  "system": "http://snomed.info/sct",
                  "code": "33633005",
                  "display": "Prescription of drug (procedure)"
                }
              ],
              "text": "Prescription of drug (procedure)"
            }
          }
        ],
        "status": "stopped",
        "medicationReference": {
          "reference": ""
        },
        "subject": {
          "reference": "urn:uuid:e36e27ab-8756-43ee-9d13-f9597275759d"
        },
        "context": {
          "reference": "urn:uuid:03c44ad0-3b34-462d-8b64-403324da1e37"
        },
        "authoredOn": "2016-11-26",
        "dosageInstruction": [
          {
            "sequence": 1,
            "asNeededBoolean": true
          }
        ],
        "resourceType": "MedicationRequest"
      }
    },
    {
      "fullUrl": "urn:uuid:a972ab0f-3d06-49d8-9076-569fa6cd24ed",
      "resource": {
        "id": "a972ab0f-3d06-49d8-9076-569fa6cd24ed",
        "meta": {
          "profile": [
            "http://standardhealthrecord.org/fhir/StructureDefinition/shr-encounter-Encounter"
          ]
        },
        "status": "finished",
        "class": {
          "code": "ambulatory"
        },
        "type": [
          {
            "coding": [
              {
                "system": "http://snomed.info/sct",
                "code": "185349003"
              }
            ],
            "text": "Encounter for 'check-up'"
          }
        ],
        "subject": {
          "reference": "urn:uuid:e36e27ab-8756-43ee-9d13-f9597275759d"
        },
        "period": {
          "start": "2017-02-11T12:30:30-05:00",
          "end": "2017-02-11T12:30:30-05:00"
        },
        "reason": {
          "coding": [
            {
              "system": "http://snomed.info/sct",
              "code": "58150001",
              "display": "Fracture of clavicle"
            }
          ]
        },
        "serviceProvider": {
          "reference": "urn:uuid:f00965ed-4e5a-4df8-afe9-13ef109a03be"
        },
        "resourceType": "Encounter"
      }
    },
    {
      "fullUrl": "urn:uuid:3f262a30-cd9d-4e13-876c-6f3c5b76a184",
      "resource": {
        "id": "3f262a30-cd9d-4e13-876c-6f3c5b76a184",
        "meta": {
          "profile": [
            "http://standardhealthrecord.org/fhir/StructureDefinition/shr-encounter-Encounter"
          ]
        },
        "status": "finished",
        "class": {
          "code": "outpatient"
        },
        "type": [
          {
            "coding": [
              {
                "system": "http://snomed.info/sct",
                "code": "170258001"
              }
            ],
            "text": "Outpatient Encounter"
          }
        ],
        "subject": {
          "reference": "urn:uuid:e36e27ab-8756-43ee-9d13-f9597275759d"
        },
        "period": {
          "start": "2017-05-05T21:26:27-04:00",
          "end": "2017-05-05T22:26:27-04:00"
        },
        "serviceProvider": {
          "reference": "urn:uuid:f00965ed-4e5a-4df8-afe9-13ef109a03be"
        },
        "resourceType": "Encounter"
      }
    },
    {
      "fullUrl": "urn:uuid:4f07015c-d2ba-4516-9549-87586e149fae",
      "resource": {
        "id": "4f07015c-d2ba-4516-9549-87586e149fae",
        "meta": {
          "profile": [
            "http://standardhealthrecord.org/fhir/StructureDefinition/shr-observation-Observation",
            "http://standardhealthrecord.org/fhir/StructureDefinition/shr-vital-VitalSign",
            "http://standardhealthrecord.org/fhir/StructureDefinition/shr-vital-BodyHeight"
          ]
        },
        "status": "final",
        "category": [
          {
            "coding": [
              {
                "system": "http://hl7.org/fhir/observation-category",
                "code": "vital-signs"
              }
            ]
          }
        ],
        "code": {
          "coding": [
            {
              "system": "http://loinc.org",
              "code": "8302-2",
              "display": "Body Height"
            }
          ],
          "text": "Body Height"
        },
        "subject": {
          "reference": "urn:uuid:e36e27ab-8756-43ee-9d13-f9597275759d"
        },
        "context": {
          "reference": "urn:uuid:3f262a30-cd9d-4e13-876c-6f3c5b76a184"
        },
        "effectiveDateTime": "2017-05-05T21:26:27-04:00",
        "issued": "2017-05-05T21:26:27-04:00",
        "valueQuantity": {
          "value": 163.2272942295396,
          "unit": "cm",
          "system": "http://unitsofmeasure.org/",
          "code": "cm"
        },
        "resourceType": "Observation"
      }
    },
    {
      "fullUrl": "urn:uuid:9542f1d7-0c93-483c-9af7-50e6c9d4a45c",
      "resource": {
        "id": "9542f1d7-0c93-483c-9af7-50e6c9d4a45c",
        "meta": {
          "profile": [
            "http://standardhealthrecord.org/fhir/StructureDefinition/shr-observation-Observation",
            "http://standardhealthrecord.org/fhir/StructureDefinition/shr-vital-VitalSign",
            "http://standardhealthrecord.org/fhir/StructureDefinition/shr-vital-BodyWeight"
          ]
        },
        "status": "final",
        "category": [
          {
            "coding": [
              {
                "system": "http://hl7.org/fhir/observation-category",
                "code": "vital-signs"
              }
            ]
          }
        ],
        "code": {
          "coding": [
            {
              "system": "http://loinc.org",
              "code": "29463-7",
              "display": "Body Weight"
            }
          ],
          "text": "Body Weight"
        },
        "subject": {
          "reference": "urn:uuid:e36e27ab-8756-43ee-9d13-f9597275759d"
        },
        "context": {
          "reference": "urn:uuid:3f262a30-cd9d-4e13-876c-6f3c5b76a184"
        },
        "effectiveDateTime": "2017-05-05T21:26:27-04:00",
        "issued": "2017-05-05T21:26:27-04:00",
        "valueQuantity": {
          "value": 48.23251024983669,
          "unit": "kg",
          "system": "http://unitsofmeasure.org/",
          "code": "kg"
        },
        "resourceType": "Observation"
      }
    },
    {
      "fullUrl": "urn:uuid:ecc2e8eb-a78b-4f6f-a1aa-08f9f68fdafe",
      "resource": {
        "id": "ecc2e8eb-a78b-4f6f-a1aa-08f9f68fdafe",
        "meta": {
          "profile": [
            "http://standardhealthrecord.org/fhir/StructureDefinition/shr-observation-Observation",
            "http://standardhealthrecord.org/fhir/StructureDefinition/shr-vital-VitalSign",
            "http://standardhealthrecord.org/fhir/StructureDefinition/shr-vital-BodyMassIndex"
          ]
        },
        "status": "final",
        "category": [
          {
            "coding": [
              {
                "system": "http://hl7.org/fhir/observation-category",
                "code": "vital-signs"
              }
            ]
          }
        ],
        "code": {
          "coding": [
            {
              "system": "http://loinc.org",
              "code": "39156-5",
              "display": "Body Mass Index"
            }
          ],
          "text": "Body Mass Index"
        },
        "subject": {
          "reference": "urn:uuid:e36e27ab-8756-43ee-9d13-f9597275759d"
        },
        "context": {
          "reference": "urn:uuid:3f262a30-cd9d-4e13-876c-6f3c5b76a184"
        },
        "effectiveDateTime": "2017-05-05T21:26:27-04:00",
        "issued": "2017-05-05T21:26:27-04:00",
        "valueQuantity": {
          "value": 18.103156348802514,
          "unit": "kg/m2",
          "system": "http://unitsofmeasure.org/",
          "code": "kg/m2"
        },
        "resourceType": "Observation"
      }
    },
    {
      "fullUrl": "urn:uuid:c5ebcf0c-7744-4dbc-97f6-7cf53c236af6",
      "resource": {
        "id": "c5ebcf0c-7744-4dbc-97f6-7cf53c236af6",
        "meta": {
          "profile": [
            "http://standardhealthrecord.org/fhir/StructureDefinition/shr-observation-Observation",
            "http://standardhealthrecord.org/fhir/StructureDefinition/shr-vital-BloodPressure"
          ]
        },
        "status": "final",
        "category": [
          {
            "coding": [
              {
                "system": "http://hl7.org/fhir/observation-category",
                "code": "vital-signs"
              }
            ]
          }
        ],
        "code": {
          "coding": [
            {
              "system": "http://loinc.org",
              "code": "55284-4",
              "display": "Blood Pressure"
            }
          ]
        },
        "subject": {
          "reference": "urn:uuid:e36e27ab-8756-43ee-9d13-f9597275759d"
        },
        "context": {
          "reference": "urn:uuid:3f262a30-cd9d-4e13-876c-6f3c5b76a184"
        },
        "effectiveDateTime": "2017-05-05T21:26:27-04:00",
        "issued": "2017-05-05T21:26:27-04:00",
        "component": [
          {
            "code": {
              "coding": [
                {
                  "system": "http://loinc.org",
                  "code": "8480-6",
                  "display": "Systolic Blood Pressure"
                }
              ],
              "text": "Systolic Blood Pressure"
            },
            "valueQuantity": {
              "value": 116,
              "unit": "mmHg",
              "system": "http://unitsofmeasure.org/",
              "code": "mmHg"
            }
          },
          {
            "code": {
              "coding": [
                {
                  "system": "http://loinc.org",
                  "code": "8462-4",
                  "display": "Diastolic Blood Pressure"
                }
              ],
              "text": "Diastolic Blood Pressure"
            },
            "valueQuantity": {
              "value": 70,
              "unit": "mmHg",
              "system": "http://unitsofmeasure.org/",
              "code": "mmHg"
            }
          }
        ],
        "resourceType": "Observation"
      }
    },
    {
      "resource": {
        "meta": {
          "profile": [
            "http://standardhealthrecord.org/fhir/StructureDefinition/shr-immunization-Immunization"
          ]
        },
        "status": "completed",
        "notGiven": false,
        "vaccineCode": {
          "coding": [
            {
              "system": "http://hl7.org/fhir/sid/cvx",
              "code": "140",
              "display": "Influenza, seasonal, injectable, preservative free"
            }
          ],
          "text": "Influenza, seasonal, injectable, preservative free"
        },
        "patient": {
          "reference": "urn:uuid:e36e27ab-8756-43ee-9d13-f9597275759d"
        },
        "encounter": {
          "reference": "urn:uuid:3f262a30-cd9d-4e13-876c-6f3c5b76a184"
        },
        "date": "2017-05-05T21:26:27-04:00",
        "primarySource": true,
        "resourceType": "Immunization"
      }
    },
    {
      "resource": {
        "meta": {
          "profile": [
            "http://standardhealthrecord.org/fhir/StructureDefinition/shr-immunization-Immunization"
          ]
        },
        "status": "completed",
        "notGiven": false,
        "vaccineCode": {
          "coding": [
            {
              "system": "http://hl7.org/fhir/sid/cvx",
              "code": "62",
              "display": "HPV, quadrivalent"
            }
          ],
          "text": "HPV, quadrivalent"
        },
        "patient": {
          "reference": "urn:uuid:e36e27ab-8756-43ee-9d13-f9597275759d"
        },
        "encounter": {
          "reference": "urn:uuid:3f262a30-cd9d-4e13-876c-6f3c5b76a184"
        },
        "date": "2017-05-05T21:26:27-04:00",
        "primarySource": true,
        "resourceType": "Immunization"
      }
    }
  ],
  "resourceType": "Bundle"
}