{
  "type": "collection",
  "entry": [
    {
      "fullUrl": "urn:uuid:384a0939-a650-4ca6-8990-a79e4fafab1b",
      "resource": {
        "id": "384a0939-a650-4ca6-8990-a79e4fafab1b",
        "meta": {
          "profile": [
            "http://standardhealthrecord.org/fhir/StructureDefinition/shr-demographics-PersonOfRecord"
          ]
        },
        "text": {
          "status": "generated",
          "div": "<div>Generated by <a href=\"https://github.com/synthetichealth/synthea\">Synthea</a>. Version identifier: 4d02400401b9fab839e47bf5b2f1f6a8c683ab55</div>"
        },
        "extension": [
          {
            "url": "http://hl7.org/fhir/us/core/StructureDefinition/us-core-race",
            "valueCodeableConcept": {
              "coding": [
                {
                  "system": "http://hl7.org/fhir/v3/Race",
                  "code": "2106-3",
                  "display": "White"
                }
              ],
              "text": "race"
            }
          },
          {
            "url": "http://hl7.org/fhir/us/core/StructureDefinition/us-core-ethnicity",
            "valueCodeableConcept": {
              "coding": [
                {
                  "system": "http://hl7.org/fhir/v3/Ethnicity",
                  "code": "2186-5",
                  "display": "Nonhispanic"
                }
              ],
              "text": "ethnicity"
            }
          },
          {
            "url": "http://hl7.org/fhir/StructureDefinition/birthPlace",
            "valueAddress": {
              "city": "Braintree Town",
              "state": "MA",
              "country": "US"
            }
          },
          {
            "url": "http://hl7.org/fhir/StructureDefinition/patient-mothersMaidenName",
            "valueString": "Aditya255 Goyette177"
          },
          {
            "url": "http://hl7.org/fhir/us/core/StructureDefinition/us-core-birthsex",
            "valueCode": "M"
          },
          {
            "url": "http://hl7.org/fhir/StructureDefinition/patient-interpreterRequired",
            "valueBoolean": false
          },
          {
            "url": "http://standardhealthrecord.org/fhir/StructureDefinition/shr-actor-FictionalPerson-extension",
            "valueBoolean": true
          },
          {
            "url": "http://standardhealthrecord.org/fhir/StructureDefinition/shr-demographics-FathersName-extension",
            "valueHumanName": {
              "text": "Roberto110 Abbott992"
            }
          },
          {
            "url": "http://standardhealthrecord.org/fhir/StructureDefinition/shr-demographics-SocialSecurityNumber-extension",
            "valueString": "999-37-1628"
          }
        ],
        "identifier": [
          {
            "system": "https://github.com/synthetichealth/synthea",
            "value": "67b13e3a-ebef-446e-9604-62c42484afe5"
          },
          {
            "type": {
              "coding": [
                {
                  "system": "http://hl7.org/fhir/identifier-type",
                  "code": "SB"
                }
              ]
            },
            "system": "http://hl7.org/fhir/sid/us-ssn",
            "value": "999371628"
          },
          {
            "type": {
              "coding": [
                {
                  "system": "http://hl7.org/fhir/v2/0203",
                  "code": "DL"
                }
              ]
            },
            "system": "urn:oid:2.16.840.1.113883.4.3.25",
            "value": "S99997050"
          }
        ],
        "name": [
          {
            "use": "official",
            "family": "Abbott992",
            "given": [
              "Annabell882"
            ],
            "prefix": [
              "Mr."
            ]
          }
        ],
        "telecom": [
          {
            "system": "phone",
            "value": "187.534.1673",
            "use": "home"
          }
        ],
        "gender": "male",
        "birthDate": "1979-02-23",
        "address": [
          {
            "extension": [
              {
                "extension": [
                  {
                    "url": "latitude",
                    "valueDecimal": 42.476915573600294
                  },
                  {
                    "url": "longitude",
                    "valueDecimal": -71.37597319561972
                  }
                ],
                "url": "http://hl7.org/fhir/StructureDefinition/geolocation"
              }
            ],
            "line": [
              "114 Karson Lodge"
            ],
            "city": "Concord",
            "state": "MA",
            "postalCode": "01742",
            "country": "US"
          }
        ],
        "maritalStatus": {
          "coding": [
            {
              "system": "http://hl7.org/fhir/v3/MaritalStatus",
              "code": "M"
            }
          ],
          "text": "M"
        },
        "multipleBirthBoolean": false,
        "communication": [
          {
            "language": {
              "coding": [
                {
                  "system": "http://hl7.org/fhir/ValueSet/languages",
                  "code": "en-US",
                  "display": "English (United States)"
                }
              ]
            }
          }
        ],
        "resourceType": "Patient"
      }
    },
    {
      "fullUrl": "urn:uuid:8ec833fb-ea02-4bf2-a927-3ecd7a919121",
      "resource": {
        "id": "8ec833fb-ea02-4bf2-a927-3ecd7a919121",
        "meta": {
          "profile": [
            "http://standardhealthrecord.org/fhir/StructureDefinition/shr-actor-Organization"
          ]
        },
        "type": [
          {
            "coding": [
              {
                "system": "http://hl7.org/fhir/ValueSet/organization-type",
                "code": "prov",
                "display": "Healthcare Provider"
              }
            ],
            "text": "Healthcare Provider"
          }
        ],
        "name": "Synthetic Provider",
        "resourceType": "Organization"
      }
    },
    {
      "fullUrl": "urn:uuid:31cd1f35-29fa-441a-9908-6ce0a86b1f56",
      "resource": {
        "id": "31cd1f35-29fa-441a-9908-6ce0a86b1f56",
        "meta": {
          "profile": [
            "http://standardhealthrecord.org/fhir/StructureDefinition/shr-encounter-Encounter"
          ]
        },
        "status": "finished",
        "class": {
          "code": "ambulatory"
        },
        "type": [
          {
            "coding": [
              {
                "system": "http://snomed.info/sct",
                "code": "185345009"
              }
            ],
            "text": "Encounter for symptom"
          }
        ],
        "subject": {
          "reference": "urn:uuid:384a0939-a650-4ca6-8990-a79e4fafab1b"
        },
        "period": {
          "start": "2010-10-02T07:24:29-04:00",
          "end": "2010-10-02T07:24:29-04:00"
        },
        "reason": {
          "coding": [
            {
              "system": "http://snomed.info/sct",
              "code": "444814009",
              "display": "Viral sinusitis (disorder)"
            }
          ]
        },
        "serviceProvider": {
          "reference": "urn:uuid:8ec833fb-ea02-4bf2-a927-3ecd7a919121"
        },
        "resourceType": "Encounter"
      }
    },
    {
      "resource": {
        "meta": {
          "profile": [
            "http://standardhealthrecord.org/fhir/StructureDefinition/shr-allergy-AllergyIntolerance"
          ]
        },
        "modifierExtension": [
          {
            "extension": [
              {
                "url": "http://standardhealthrecord.org/fhir/StructureDefinition/primitive-boolean-extension",
                "valueBoolean": false
              }
            ],
            "url": "http://standardhealthrecord.org/fhir/StructureDefinition/shr-base-NonOccurrenceModifier-extension"
          }
        ],
        "clinicalStatus": "active",
        "verificationStatus": "confirmed",
        "type": "allergy",
        "category": [
          "food"
        ],
        "criticality": "low",
        "code": {
          "coding": [
            {
              "system": "http://snomed.info/sct",
              "code": "300913006",
              "display": "Shellfish allergy"
            }
          ]
        },
        "patient": {
          "reference": "urn:uuid:384a0939-a650-4ca6-8990-a79e4fafab1b"
        },
        "assertedDate": "1980-03-29T18:22:58-05:00",
        "resourceType": "AllergyIntolerance"
      }
    },
    {
      "resource": {
        "meta": {
          "profile": [
            "http://standardhealthrecord.org/fhir/StructureDefinition/shr-allergy-AllergyIntolerance"
          ]
        },
        "modifierExtension": [
          {
            "extension": [
              {
                "url": "http://standardhealthrecord.org/fhir/StructureDefinition/primitive-boolean-extension",
                "valueBoolean": false
              }
            ],
            "url": "http://standardhealthrecord.org/fhir/StructureDefinition/shr-base-NonOccurrenceModifier-extension"
          }
        ],
        "clinicalStatus": "active",
        "verificationStatus": "confirmed",
        "type": "allergy",
        "category": [
          "food"
        ],
        "criticality": "high",
        "code": {
          "coding": [
            {
              "system": "http://snomed.info/sct",
              "code": "419474003",
              "display": "Allergy to mould"
            }
          ]
        },
        "patient": {
          "reference": "urn:uuid:384a0939-a650-4ca6-8990-a79e4fafab1b"
        },
        "assertedDate": "1980-03-29T18:22:58-05:00",
        "resourceType": "AllergyIntolerance"
      }
    },
    {
      "fullUrl": "urn:uuid:62ad94fc-21a2-4154-ae44-a5db032b7e74",
      "resource": {
        "id": "62ad94fc-21a2-4154-ae44-a5db032b7e74",
        "meta": {
          "profile": [
            "http://standardhealthrecord.org/fhir/StructureDefinition/shr-problem-Problem"
          ]
        },
        "clinicalStatus": "active",
        "verificationStatus": "confirmed",
        "code": {
          "coding": [
            {
              "system": "http://snomed.info/sct",
              "code": "232353008",
              "display": "Perennial allergic rhinitis with seasonal variation"
            }
          ],
          "text": "Perennial allergic rhinitis with seasonal variation"
        },
        "subject": {
          "reference": "urn:uuid:384a0939-a650-4ca6-8990-a79e4fafab1b"
        },
        "context": {
          "reference": "urn:uuid:31cd1f35-29fa-441a-9908-6ce0a86b1f56"
        },
        "onsetDateTime": "1983-01-29T04:19:06-05:00",
        "assertedDate": "1983-01-29",
        "resourceType": "Condition"
      }
    },
    {
      "fullUrl": "urn:uuid:ab355d48-55d1-417c-be3f-5466f58e1345",
      "resource": {
        "id": "ab355d48-55d1-417c-be3f-5466f58e1345",
        "meta": {
          "profile": [
            "http://standardhealthrecord.org/fhir/StructureDefinition/shr-problem-Problem"
          ]
        },
        "clinicalStatus": "active",
        "verificationStatus": "confirmed",
        "code": {
          "coding": [
            {
              "system": "http://snomed.info/sct",
              "code": "444814009",
              "display": "Viral sinusitis (disorder)"
            }
          ],
          "text": "Viral sinusitis (disorder)"
        },
        "subject": {
          "reference": "urn:uuid:384a0939-a650-4ca6-8990-a79e4fafab1b"
        },
        "context": {
          "reference": "urn:uuid:31cd1f35-29fa-441a-9908-6ce0a86b1f56"
        },
        "onsetDateTime": "2010-09-22T11:53:11-04:00",
        "abatementDateTime": "2010-10-14T11:47:51-04:00",
        "assertedDate": "2010-09-22",
        "resourceType": "Condition"
      }
    },
    {
      "resource": {
        "status": "active",
        "category": [
          {
            "coding": [
              {
                "system": "http://snomed.info/sct",
                "code": "326051000000105",
                "display": "Self care"
              }
            ]
          }
        ],
        "subject": {
          "reference": "urn:uuid:384a0939-a650-4ca6-8990-a79e4fafab1b"
        },
        "context": {
          "reference": "urn:uuid:31cd1f35-29fa-441a-9908-6ce0a86b1f56"
        },
        "period": {
          "start": "1980-03-17"
        },
        "activity": [
          {
            "detail": {
              "code": {
                "coding": [
                  {
                    "system": "http://snomed.info/sct",
                    "code": "409002",
                    "display": "Food allergy diet"
                  }
                ]
              },
              "status": "in-progress"
            }
          },
          {
            "detail": {
              "code": {
                "coding": [
                  {
                    "system": "http://snomed.info/sct",
                    "code": "58332002",
                    "display": "Allergy education"
                  }
                ]
              },
              "status": "in-progress"
            }
          }
        ],
        "resourceType": "CarePlan"
      }
    },
    {
      "resource": {
        "status": "active",
        "category": [
          {
            "coding": [
              {
                "system": "http://snomed.info/sct",
                "code": "326051000000105",
                "display": "Self care"
              }
            ]
          }
        ],
        "subject": {
          "reference": "urn:uuid:384a0939-a650-4ca6-8990-a79e4fafab1b"
        },
        "context": {
          "reference": "urn:uuid:31cd1f35-29fa-441a-9908-6ce0a86b1f56"
        },
        "period": {
          "start": "1980-03-29"
        },
        "activity": [
          {
            "detail": {
              "code": {
                "coding": [
                  {
                    "system": "http://snomed.info/sct",
                    "code": "58332002",
                    "display": "Allergy education"
                  }
                ]
              },
              "status": "in-progress"
            }
          }
        ],
        "resourceType": "CarePlan"
      }
    },
    {
      "resource": {
        "meta": {
          "profile": [
            "http://standardhealthrecord.org/fhir/StructureDefinition/shr-medication-Medication"
          ]
        },
        "code": {
          "coding": [
            {
              "system": "http://www.nlm.nih.gov/research/umls/rxnorm",
              "code": "239981",
              "display": "Chlorpheniramine 2 MG Chewable Tablet"
            }
          ],
          "text": "Chlorpheniramine 2 MG Chewable Tablet"
        },
        "resourceType": "Medication"
      }
    },
    {
      "resource": {
        "meta": {
          "profile": [
            "http://standardhealthrecord.org/fhir/StructureDefinition/shr-medication-MedicationPrescription"
          ]
        },
        "extension": [
          {
            "url": "http://standardhealthrecord.org/fhir/StructureDefinition/shr-base-ActionCode-extension",
            "valueCodeableConcept": {
              "coding": [
                {
                  "system": "http://snomed.info/sct",
                  "code": "33633005",
                  "display": "Prescription of drug (procedure)"
                }
              ],
              "text": "Prescription of drug (procedure)"
            }
          }
        ],
        "status": "active",
        "medicationReference": {
          "reference": ""
        },
        "subject": {
          "reference": "urn:uuid:384a0939-a650-4ca6-8990-a79e4fafab1b"
        },
        "context": {
          "reference": "urn:uuid:31cd1f35-29fa-441a-9908-6ce0a86b1f56"
        },
        "authoredOn": "1980-03-29",
        "dosageInstruction": [
          {
            "sequence": 1,
            "asNeededBoolean": true
          }
        ],
        "resourceType": "MedicationRequest"
      }
    },
    {
      "fullUrl": "urn:uuid:9cb35904-c770-4461-bc82-0c9b5e0feffc",
      "resource": {
        "id": "9cb35904-c770-4461-bc82-0c9b5e0feffc",
        "meta": {
          "profile": [
            "http://standardhealthrecord.org/fhir/StructureDefinition/shr-encounter-Encounter"
          ]
        },
        "status": "finished",
        "class": {
          "code": "ambulatory"
        },
        "type": [
          {
            "coding": [
              {
                "system": "http://snomed.info/sct",
                "code": "185345009"
              }
            ],
            "text": "Encounter for symptom"
          }
        ],
        "subject": {
          "reference": "urn:uuid:384a0939-a650-4ca6-8990-a79e4fafab1b"
        },
        "period": {
          "start": "2011-10-18T17:10:16-04:00",
          "end": "2011-10-18T17:10:16-04:00"
        },
        "reason": {
          "coding": [
            {
              "system": "http://snomed.info/sct",
              "code": "195662009",
              "display": "Acute viral pharyngitis (disorder)"
            }
          ]
        },
        "serviceProvider": {
          "reference": "urn:uuid:8ec833fb-ea02-4bf2-a927-3ecd7a919121"
        },
        "resourceType": "Encounter"
      }
    },
    {
      "fullUrl": "urn:uuid:9e9bb5cb-5ea9-49e5-a4c7-cc6c379f37c7",
      "resource": {
        "id": "9e9bb5cb-5ea9-49e5-a4c7-cc6c379f37c7",
        "meta": {
          "profile": [
            "http://standardhealthrecord.org/fhir/StructureDefinition/shr-problem-Problem"
          ]
        },
        "clinicalStatus": "active",
        "verificationStatus": "confirmed",
        "code": {
          "coding": [
            {
              "system": "http://snomed.info/sct",
              "code": "195662009",
              "display": "Acute viral pharyngitis (disorder)"
            }
          ],
          "text": "Acute viral pharyngitis (disorder)"
        },
        "subject": {
          "reference": "urn:uuid:384a0939-a650-4ca6-8990-a79e4fafab1b"
        },
        "context": {
          "reference": "urn:uuid:9cb35904-c770-4461-bc82-0c9b5e0feffc"
        },
        "onsetDateTime": "2011-10-16T08:41:09-04:00",
        "abatementDateTime": "2011-10-27T18:05:25-04:00",
        "assertedDate": "2011-10-16",
        "resourceType": "Condition"
      }
    },
    {
      "fullUrl": "urn:uuid:04fefd21-22dd-4142-a1f9-ed4c1029a34f",
      "resource": {
        "id": "04fefd21-22dd-4142-a1f9-ed4c1029a34f",
        "meta": {
          "profile": [
            "http://standardhealthrecord.org/fhir/StructureDefinition/shr-observation-Observation",
            "http://standardhealthrecord.org/fhir/StructureDefinition/shr-vital-VitalSign"
          ]
        },
        "status": "final",
        "category": [
          {
            "coding": [
              {
                "system": "http://hl7.org/fhir/observation-category",
                "code": "vital-signs"
              }
            ]
          }
        ],
        "code": {
          "coding": [
            {
              "system": "http://loinc.org",
              "code": "8331-1",
              "display": "Oral temperature"
            }
          ],
          "text": "Oral temperature"
        },
        "subject": {
          "reference": "urn:uuid:384a0939-a650-4ca6-8990-a79e4fafab1b"
        },
        "context": {
          "reference": "urn:uuid:9cb35904-c770-4461-bc82-0c9b5e0feffc"
        },
        "effectiveDateTime": "2011-10-18T17:10:16-04:00",
        "issued": "2011-10-18T17:10:16-04:00",
        "valueQuantity": {
          "value": 38,
          "unit": "Cel",
          "system": "http://unitsofmeasure.org/",
          "code": "Cel"
        },
        "resourceType": "Observation"
      }
    },
    {
      "fullUrl": "urn:uuid:56eee8c2-9c04-444f-8bbe-e07ff4a9573a",
      "resource": {
        "id": "56eee8c2-9c04-444f-8bbe-e07ff4a9573a",
        "meta": {
          "profile": [
            "http://standardhealthrecord.org/fhir/StructureDefinition/shr-encounter-Encounter"
          ]
        },
        "status": "finished",
        "class": {
          "code": "outpatient"
        },
        "type": [
          {
            "coding": [
              {
                "system": "http://snomed.info/sct",
                "code": "185349003"
              }
            ],
            "text": "Outpatient Encounter"
          }
        ],
        "subject": {
          "reference": "urn:uuid:384a0939-a650-4ca6-8990-a79e4fafab1b"
        },
        "period": {
          "start": "2012-05-01T05:13:49-04:00",
          "end": "2012-05-01T06:13:49-04:00"
        },
        "serviceProvider": {
          "reference": "urn:uuid:8ec833fb-ea02-4bf2-a927-3ecd7a919121"
        },
        "resourceType": "Encounter"
      }
    },
    {
      "fullUrl": "urn:uuid:ce1d56b7-b4f9-4bd3-b622-dcad508c96ac",
      "resource": {
        "id": "ce1d56b7-b4f9-4bd3-b622-dcad508c96ac",
        "meta": {
          "profile": [
            "http://standardhealthrecord.org/fhir/StructureDefinition/shr-observation-Observation",
            "http://standardhealthrecord.org/fhir/StructureDefinition/shr-vital-VitalSign",
            "http://standardhealthrecord.org/fhir/StructureDefinition/shr-vital-BodyHeight"
          ]
        },
        "status": "final",
        "category": [
          {
            "coding": [
              {
                "system": "http://hl7.org/fhir/observation-category",
                "code": "vital-signs"
              }
            ]
          }
        ],
        "code": {
          "coding": [
            {
              "system": "http://loinc.org",
              "code": "8302-2",
              "display": "Body Height"
            }
          ],
          "text": "Body Height"
        },
        "subject": {
          "reference": "urn:uuid:384a0939-a650-4ca6-8990-a79e4fafab1b"
        },
        "context": {
          "reference": "urn:uuid:56eee8c2-9c04-444f-8bbe-e07ff4a9573a"
        },
        "effectiveDateTime": "2012-05-01T05:13:49-04:00",
        "issued": "2012-05-01T05:13:49-04:00",
        "valueQuantity": {
          "value": 186.54835689840618,
          "unit": "cm",
          "system": "http://unitsofmeasure.org/",
          "code": "cm"
        },
        "resourceType": "Observation"
      }
    },
    {
      "fullUrl": "urn:uuid:17137560-78b2-4ae1-8f7a-4aeb7a49f6c9",
      "resource": {
        "id": "17137560-78b2-4ae1-8f7a-4aeb7a49f6c9",
        "meta": {
          "profile": [
            "http://standardhealthrecord.org/fhir/StructureDefinition/shr-observation-Observation",
            "http://standardhealthrecord.org/fhir/StructureDefinition/shr-vital-VitalSign",
            "http://standardhealthrecord.org/fhir/StructureDefinition/shr-vital-BodyWeight"
          ]
        },
        "status": "final",
        "category": [
          {
            "coding": [
              {
                "system": "http://hl7.org/fhir/observation-category",
                "code": "vital-signs"
              }
            ]
          }
        ],
        "code": {
          "coding": [
            {
              "system": "http://loinc.org",
              "code": "29463-7",
              "display": "Body Weight"
            }
          ],
          "text": "Body Weight"
        },
        "subject": {
          "reference": "urn:uuid:384a0939-a650-4ca6-8990-a79e4fafab1b"
        },
        "context": {
          "reference": "urn:uuid:56eee8c2-9c04-444f-8bbe-e07ff4a9573a"
        },
        "effectiveDateTime": "2012-05-01T05:13:49-04:00",
        "issued": "2012-05-01T05:13:49-04:00",
        "valueQuantity": {
          "value": 86.83357405280402,
          "unit": "kg",
          "system": "http://unitsofmeasure.org/",
          "code": "kg"
        },
        "resourceType": "Observation"
      }
    },
    {
      "fullUrl": "urn:uuid:1fcf79c2-cd0a-4586-a3c6-c16c2b6e3220",
      "resource": {
        "id": "1fcf79c2-cd0a-4586-a3c6-c16c2b6e3220",
        "meta": {
          "profile": [
            "http://standardhealthrecord.org/fhir/StructureDefinition/shr-observation-Observation",
            "http://standardhealthrecord.org/fhir/StructureDefinition/shr-vital-VitalSign",
            "http://standardhealthrecord.org/fhir/StructureDefinition/shr-vital-BodyMassIndex"
          ]
        },
        "status": "final",
        "category": [
          {
            "coding": [
              {
                "system": "http://hl7.org/fhir/observation-category",
                "code": "vital-signs"
              }
            ]
          }
        ],
        "code": {
          "coding": [
            {
              "system": "http://loinc.org",
              "code": "39156-5",
              "display": "Body Mass Index"
            }
          ],
          "text": "Body Mass Index"
        },
        "subject": {
          "reference": "urn:uuid:384a0939-a650-4ca6-8990-a79e4fafab1b"
        },
        "context": {
          "reference": "urn:uuid:56eee8c2-9c04-444f-8bbe-e07ff4a9573a"
        },
        "effectiveDateTime": "2012-05-01T05:13:49-04:00",
        "issued": "2012-05-01T05:13:49-04:00",
        "valueQuantity": {
          "value": 24.95196890499467,
          "unit": "kg/m2",
          "system": "http://unitsofmeasure.org/",
          "code": "kg/m2"
        },
        "resourceType": "Observation"
      }
    },
    {
      "fullUrl": "urn:uuid:0b0adde8-571d-4c5a-be5f-86f54915c0b4",
      "resource": {
        "id": "0b0adde8-571d-4c5a-be5f-86f54915c0b4",
        "meta": {
          "profile": [
            "http://standardhealthrecord.org/fhir/StructureDefinition/shr-observation-Observation",
            "http://standardhealthrecord.org/fhir/StructureDefinition/shr-vital-BloodPressure"
          ]
        },
        "status": "final",
        "category": [
          {
            "coding": [
              {
                "system": "http://hl7.org/fhir/observation-category",
                "code": "vital-signs"
              }
            ]
          }
        ],
        "code": {
          "coding": [
            {
              "system": "http://loinc.org",
              "code": "55284-4",
              "display": "Blood Pressure"
            }
          ]
        },
        "subject": {
          "reference": "urn:uuid:384a0939-a650-4ca6-8990-a79e4fafab1b"
        },
        "context": {
          "reference": "urn:uuid:56eee8c2-9c04-444f-8bbe-e07ff4a9573a"
        },
        "effectiveDateTime": "2012-05-01T05:13:49-04:00",
        "issued": "2012-05-01T05:13:49-04:00",
        "component": [
          {
            "code": {
              "coding": [
                {
                  "system": "http://loinc.org",
                  "code": "8480-6",
                  "display": "Systolic Blood Pressure"
                }
              ],
              "text": "Systolic Blood Pressure"
            },
            "valueQuantity": {
              "value": 122,
              "unit": "mmHg",
              "system": "http://unitsofmeasure.org/",
              "code": "mmHg"
            }
          },
          {
            "code": {
              "coding": [
                {
                  "system": "http://loinc.org",
                  "code": "8462-4",
                  "display": "Diastolic Blood Pressure"
                }
              ],
              "text": "Diastolic Blood Pressure"
            },
            "valueQuantity": {
              "value": 73,
              "unit": "mmHg",
              "system": "http://unitsofmeasure.org/",
              "code": "mmHg"
            }
          }
        ],
        "resourceType": "Observation"
      }
    },
    {
      "fullUrl": "urn:uuid:54e772ae-fced-4273-bd45-d610ea541fcb",
      "resource": {
        "id": "54e772ae-fced-4273-bd45-d610ea541fcb",
        "meta": {
          "profile": [
            "http://standardhealthrecord.org/fhir/StructureDefinition/shr-observation-Observation"
          ]
        },
        "status": "final",
        "category": [
          {
            "coding": [
              {
                "system": "http://hl7.org/fhir/observation-category",
                "code": "laboratory"
              }
            ]
          }
        ],
        "code": {
          "coding": [
            {
              "system": "http://loinc.org",
              "code": "2093-3",
              "display": "Total Cholesterol"
            }
          ],
          "text": "Total Cholesterol"
        },
        "subject": {
          "reference": "urn:uuid:384a0939-a650-4ca6-8990-a79e4fafab1b"
        },
        "context": {
          "reference": "urn:uuid:56eee8c2-9c04-444f-8bbe-e07ff4a9573a"
        },
        "effectiveDateTime": "2012-05-01T05:13:49-04:00",
        "issued": "2012-05-01T05:13:49-04:00",
        "valueQuantity": {
          "value": 183,
          "unit": "mg/dL",
          "system": "http://unitsofmeasure.org/",
          "code": "mg/dL"
        },
        "resourceType": "Observation"
      }
    },
    {
      "fullUrl": "urn:uuid:30e9808c-5dbb-4507-a441-b92c8605aafb",
      "resource": {
        "id": "30e9808c-5dbb-4507-a441-b92c8605aafb",
        "meta": {
          "profile": [
            "http://standardhealthrecord.org/fhir/StructureDefinition/shr-observation-Observation"
          ]
        },
        "status": "final",
        "category": [
          {
            "coding": [
              {
                "system": "http://hl7.org/fhir/observation-category",
                "code": "laboratory"
              }
            ]
          }
        ],
        "code": {
          "coding": [
            {
              "system": "http://loinc.org",
              "code": "2571-8",
              "display": "Triglycerides"
            }
          ],
          "text": "Triglycerides"
        },
        "subject": {
          "reference": "urn:uuid:384a0939-a650-4ca6-8990-a79e4fafab1b"
        },
        "context": {
          "reference": "urn:uuid:56eee8c2-9c04-444f-8bbe-e07ff4a9573a"
        },
        "effectiveDateTime": "2012-05-01T05:13:49-04:00",
        "issued": "2012-05-01T05:13:49-04:00",
        "valueQuantity": {
          "value": 141,
          "unit": "mg/dL",
          "system": "http://unitsofmeasure.org/",
          "code": "mg/dL"
        },
        "resourceType": "Observation"
      }
    },
    {
      "fullUrl": "urn:uuid:7b0452b1-2a9f-4865-8db7-031fdb532888",
      "resource": {
        "id": "7b0452b1-2a9f-4865-8db7-031fdb532888",
        "meta": {
          "profile": [
            "http://standardhealthrecord.org/fhir/StructureDefinition/shr-observation-Observation"
          ]
        },
        "status": "final",
        "category": [
          {
            "coding": [
              {
                "system": "http://hl7.org/fhir/observation-category",
                "code": "laboratory"
              }
            ]
          }
        ],
        "code": {
          "coding": [
            {
              "system": "http://loinc.org",
              "code": "18262-6",
              "display": "Low Density Lipoprotein Cholesterol"
            }
          ],
          "text": "Low Density Lipoprotein Cholesterol"
        },
        "subject": {
          "reference": "urn:uuid:384a0939-a650-4ca6-8990-a79e4fafab1b"
        },
        "context": {
          "reference": "urn:uuid:56eee8c2-9c04-444f-8bbe-e07ff4a9573a"
        },
        "effectiveDateTime": "2012-05-01T05:13:49-04:00",
        "issued": "2012-05-01T05:13:49-04:00",
        "valueQuantity": {
          "value": 92,
          "unit": "mg/dL",
          "system": "http://unitsofmeasure.org/",
          "code": "mg/dL"
        },
        "resourceType": "Observation"
      }
    },
    {
      "fullUrl": "urn:uuid:6ddbd166-4458-4c69-a36b-697c8f2672cc",
      "resource": {
        "id": "6ddbd166-4458-4c69-a36b-697c8f2672cc",
        "meta": {
          "profile": [
            "http://standardhealthrecord.org/fhir/StructureDefinition/shr-observation-Observation"
          ]
        },
        "status": "final",
        "category": [
          {
            "coding": [
              {
                "system": "http://hl7.org/fhir/observation-category",
                "code": "laboratory"
              }
            ]
          }
        ],
        "code": {
          "coding": [
            {
              "system": "http://loinc.org",
              "code": "2085-9",
              "display": "High Density Lipoprotein Cholesterol"
            }
          ],
          "text": "High Density Lipoprotein Cholesterol"
        },
        "subject": {
          "reference": "urn:uuid:384a0939-a650-4ca6-8990-a79e4fafab1b"
        },
        "context": {
          "reference": "urn:uuid:56eee8c2-9c04-444f-8bbe-e07ff4a9573a"
        },
        "effectiveDateTime": "2012-05-01T05:13:49-04:00",
        "issued": "2012-05-01T05:13:49-04:00",
        "valueQuantity": {
          "value": 62,
          "unit": "mg/dL",
          "system": "http://unitsofmeasure.org/",
          "code": "mg/dL"
        },
        "resourceType": "Observation"
      }
    },
    {
      "fullUrl": "urn:uuid:a6e41a1b-5b40-450b-96a0-44994742c85c",
      "resource": {
        "id": "a6e41a1b-5b40-450b-96a0-44994742c85c",
        "meta": {
          "profile": [
            "http://standardhealthrecord.org/fhir/StructureDefinition/shr-observation-Panel"
          ]
        },
        "status": "final",
        "code": {
          "coding": [
            {
              "system": "http://loinc.org",
              "code": "57698-3",
              "display": "Lipid Panel"
            }
          ]
        },
        "subject": {
          "reference": "urn:uuid:384a0939-a650-4ca6-8990-a79e4fafab1b"
        },
        "context": {
          "reference": "urn:uuid:56eee8c2-9c04-444f-8bbe-e07ff4a9573a"
        },
        "effectiveDateTime": "2012-05-01T05:13:49-04:00",
        "issued": "2012-05-01T05:13:49-04:00",
        "result": [
          {
            "reference": "urn:uuid:54e772ae-fced-4273-bd45-d610ea541fcb",
            "display": "Total Cholesterol"
          },
          {
            "reference": "urn:uuid:30e9808c-5dbb-4507-a441-b92c8605aafb",
            "display": "Triglycerides"
          },
          {
            "reference": "urn:uuid:7b0452b1-2a9f-4865-8db7-031fdb532888",
            "display": "Low Density Lipoprotein Cholesterol"
          },
          {
            "reference": "urn:uuid:6ddbd166-4458-4c69-a36b-697c8f2672cc",
            "display": "High Density Lipoprotein Cholesterol"
          }
        ],
        "resourceType": "DiagnosticReport"
      }
    },
    {
      "resource": {
        "meta": {
          "profile": [
            "http://standardhealthrecord.org/fhir/StructureDefinition/shr-immunization-Immunization"
          ]
        },
        "status": "completed",
        "notGiven": false,
        "vaccineCode": {
          "coding": [
            {
              "system": "http://hl7.org/fhir/sid/cvx",
              "code": "140",
              "display": "Influenza, seasonal, injectable, preservative free"
            }
          ],
          "text": "Influenza, seasonal, injectable, preservative free"
        },
        "patient": {
          "reference": "urn:uuid:384a0939-a650-4ca6-8990-a79e4fafab1b"
        },
        "encounter": {
          "reference": "urn:uuid:56eee8c2-9c04-444f-8bbe-e07ff4a9573a"
        },
        "date": "2012-05-01T05:13:49-04:00",
        "primarySource": true,
        "resourceType": "Immunization"
      }
    },
    {
      "resource": {
        "meta": {
          "profile": [
            "http://standardhealthrecord.org/fhir/StructureDefinition/shr-immunization-Immunization"
          ]
        },
        "status": "completed",
        "notGiven": false,
        "vaccineCode": {
          "coding": [
            {
              "system": "http://hl7.org/fhir/sid/cvx",
              "code": "113",
              "display": "Td (adult) preservative free"
            }
          ],
          "text": "Td (adult) preservative free"
        },
        "patient": {
          "reference": "urn:uuid:384a0939-a650-4ca6-8990-a79e4fafab1b"
        },
        "encounter": {
          "reference": "urn:uuid:56eee8c2-9c04-444f-8bbe-e07ff4a9573a"
        },
        "date": "2012-05-01T05:13:49-04:00",
        "primarySource": true,
        "resourceType": "Immunization"
      }
    },
    {
      "fullUrl": "urn:uuid:e88e67be-23b4-483e-a7d3-6d6d1f26f70c",
      "resource": {
        "id": "e88e67be-23b4-483e-a7d3-6d6d1f26f70c",
        "meta": {
          "profile": [
            "http://standardhealthrecord.org/fhir/StructureDefinition/shr-encounter-Encounter"
          ]
        },
        "status": "finished",
        "class": {
          "code": "ambulatory"
        },
        "type": [
          {
            "coding": [
              {
                "system": "http://snomed.info/sct",
                "code": "185345009"
              }
            ],
            "text": "Encounter for symptom"
          }
        ],
        "subject": {
          "reference": "urn:uuid:384a0939-a650-4ca6-8990-a79e4fafab1b"
        },
        "period": {
          "start": "2014-08-31T16:47:58-04:00",
          "end": "2014-08-31T16:47:58-04:00"
        },
        "reason": {
          "coding": [
            {
              "system": "http://snomed.info/sct",
              "code": "195662009",
              "display": "Acute viral pharyngitis (disorder)"
            }
          ]
        },
        "serviceProvider": {
          "reference": "urn:uuid:8ec833fb-ea02-4bf2-a927-3ecd7a919121"
        },
        "resourceType": "Encounter"
      }
    },
    {
      "fullUrl": "urn:uuid:1ce672c9-b83e-4b8b-a24b-b91430aaba16",
      "resource": {
        "id": "1ce672c9-b83e-4b8b-a24b-b91430aaba16",
        "meta": {
          "profile": [
            "http://standardhealthrecord.org/fhir/StructureDefinition/shr-problem-Problem"
          ]
        },
        "clinicalStatus": "active",
        "verificationStatus": "confirmed",
        "code": {
          "coding": [
            {
              "system": "http://snomed.info/sct",
              "code": "195662009",
              "display": "Acute viral pharyngitis (disorder)"
            }
          ],
          "text": "Acute viral pharyngitis (disorder)"
        },
        "subject": {
          "reference": "urn:uuid:384a0939-a650-4ca6-8990-a79e4fafab1b"
        },
        "context": {
          "reference": "urn:uuid:e88e67be-23b4-483e-a7d3-6d6d1f26f70c"
        },
        "onsetDateTime": "2014-08-27T18:05:25-04:00",
        "abatementDateTime": "2014-09-14T13:34:05-04:00",
        "assertedDate": "2014-08-27",
        "resourceType": "Condition"
      }
    },
    {
      "fullUrl": "urn:uuid:3b77e02a-a680-495d-b99d-7d97fccdebd8",
      "resource": {
        "id": "3b77e02a-a680-495d-b99d-7d97fccdebd8",
        "meta": {
          "profile": [
            "http://standardhealthrecord.org/fhir/StructureDefinition/shr-observation-Observation",
            "http://standardhealthrecord.org/fhir/StructureDefinition/shr-vital-VitalSign"
          ]
        },
        "status": "final",
        "category": [
          {
            "coding": [
              {
                "system": "http://hl7.org/fhir/observation-category",
                "code": "vital-signs"
              }
            ]
          }
        ],
        "code": {
          "coding": [
            {
              "system": "http://loinc.org",
              "code": "8331-1",
              "display": "Oral temperature"
            }
          ],
          "text": "Oral temperature"
        },
        "subject": {
          "reference": "urn:uuid:384a0939-a650-4ca6-8990-a79e4fafab1b"
        },
        "context": {
          "reference": "urn:uuid:e88e67be-23b4-483e-a7d3-6d6d1f26f70c"
        },
        "effectiveDateTime": "2014-08-31T16:47:58-04:00",
        "issued": "2014-08-31T16:47:58-04:00",
        "valueQuantity": {
          "value": 37,
          "unit": "Cel",
          "system": "http://unitsofmeasure.org/",
          "code": "Cel"
        },
        "resourceType": "Observation"
      }
    },
    {
      "fullUrl": "urn:uuid:2452a849-f09e-48db-8c85-d97c0eaab457",
      "resource": {
        "id": "2452a849-f09e-48db-8c85-d97c0eaab457",
        "meta": {
          "profile": [
            "http://standardhealthrecord.org/fhir/StructureDefinition/shr-encounter-Encounter"
          ]
        },
        "status": "finished",
        "class": {
          "code": "outpatient"
        },
        "type": [
          {
            "coding": [
              {
                "system": "http://snomed.info/sct",
                "code": "185349003"
              }
            ],
            "text": "Outpatient Encounter"
          }
        ],
        "subject": {
          "reference": "urn:uuid:384a0939-a650-4ca6-8990-a79e4fafab1b"
        },
        "period": {
          "start": "2015-09-15T13:38:19-04:00",
          "end": "2015-09-15T14:38:19-04:00"
        },
        "serviceProvider": {
          "reference": "urn:uuid:8ec833fb-ea02-4bf2-a927-3ecd7a919121"
        },
        "resourceType": "Encounter"
      }
    },
    {
      "fullUrl": "urn:uuid:bc75bac8-55c9-402c-a3fe-0775fd8b7531",
      "resource": {
        "id": "bc75bac8-55c9-402c-a3fe-0775fd8b7531",
        "meta": {
          "profile": [
            "http://standardhealthrecord.org/fhir/StructureDefinition/shr-observation-Observation",
            "http://standardhealthrecord.org/fhir/StructureDefinition/shr-vital-VitalSign",
            "http://standardhealthrecord.org/fhir/StructureDefinition/shr-vital-BodyHeight"
          ]
        },
        "status": "final",
        "category": [
          {
            "coding": [
              {
                "system": "http://hl7.org/fhir/observation-category",
                "code": "vital-signs"
              }
            ]
          }
        ],
        "code": {
          "coding": [
            {
              "system": "http://loinc.org",
              "code": "8302-2",
              "display": "Body Height"
            }
          ],
          "text": "Body Height"
        },
        "subject": {
          "reference": "urn:uuid:384a0939-a650-4ca6-8990-a79e4fafab1b"
        },
        "context": {
          "reference": "urn:uuid:2452a849-f09e-48db-8c85-d97c0eaab457"
        },
        "effectiveDateTime": "2015-09-15T13:38:19-04:00",
        "issued": "2015-09-15T13:38:19-04:00",
        "valueQuantity": {
          "value": 186.54835689840618,
          "unit": "cm",
          "system": "http://unitsofmeasure.org/",
          "code": "cm"
        },
        "resourceType": "Observation"
      }
    },
    {
      "fullUrl": "urn:uuid:2d40685a-0db7-4e5f-be36-2f10ae19f902",
      "resource": {
        "id": "2d40685a-0db7-4e5f-be36-2f10ae19f902",
        "meta": {
          "profile": [
            "http://standardhealthrecord.org/fhir/StructureDefinition/shr-observation-Observation",
            "http://standardhealthrecord.org/fhir/StructureDefinition/shr-vital-VitalSign",
            "http://standardhealthrecord.org/fhir/StructureDefinition/shr-vital-BodyWeight"
          ]
        },
        "status": "final",
        "category": [
          {
            "coding": [
              {
                "system": "http://hl7.org/fhir/observation-category",
                "code": "vital-signs"
              }
            ]
          }
        ],
        "code": {
          "coding": [
            {
              "system": "http://loinc.org",
              "code": "29463-7",
              "display": "Body Weight"
            }
          ],
          "text": "Body Weight"
        },
        "subject": {
          "reference": "urn:uuid:384a0939-a650-4ca6-8990-a79e4fafab1b"
        },
        "context": {
          "reference": "urn:uuid:2452a849-f09e-48db-8c85-d97c0eaab457"
        },
        "effectiveDateTime": "2015-09-15T13:38:19-04:00",
        "issued": "2015-09-15T13:38:19-04:00",
        "valueQuantity": {
          "value": 91.66668766816848,
          "unit": "kg",
          "system": "http://unitsofmeasure.org/",
          "code": "kg"
        },
        "resourceType": "Observation"
      }
    },
    {
      "fullUrl": "urn:uuid:80e53e66-af59-4208-b8d8-5215817e206e",
      "resource": {
        "id": "80e53e66-af59-4208-b8d8-5215817e206e",
        "meta": {
          "profile": [
            "http://standardhealthrecord.org/fhir/StructureDefinition/shr-observation-Observation",
            "http://standardhealthrecord.org/fhir/StructureDefinition/shr-vital-VitalSign",
            "http://standardhealthrecord.org/fhir/StructureDefinition/shr-vital-BodyMassIndex"
          ]
        },
        "status": "final",
        "category": [
          {
            "coding": [
              {
                "system": "http://hl7.org/fhir/observation-category",
                "code": "vital-signs"
              }
            ]
          }
        ],
        "code": {
          "coding": [
            {
              "system": "http://loinc.org",
              "code": "39156-5",
              "display": "Body Mass Index"
            }
          ],
          "text": "Body Mass Index"
        },
        "subject": {
          "reference": "urn:uuid:384a0939-a650-4ca6-8990-a79e4fafab1b"
        },
        "context": {
          "reference": "urn:uuid:2452a849-f09e-48db-8c85-d97c0eaab457"
        },
        "effectiveDateTime": "2015-09-15T13:38:19-04:00",
        "issued": "2015-09-15T13:38:19-04:00",
        "valueQuantity": {
          "value": 26.34078310457541,
          "unit": "kg/m2",
          "system": "http://unitsofmeasure.org/",
          "code": "kg/m2"
        },
        "resourceType": "Observation"
      }
    },
    {
      "fullUrl": "urn:uuid:425201c2-19d2-4f05-a1ed-ecfc63b8df84",
      "resource": {
        "id": "425201c2-19d2-4f05-a1ed-ecfc63b8df84",
        "meta": {
          "profile": [
            "http://standardhealthrecord.org/fhir/StructureDefinition/shr-observation-Observation",
            "http://standardhealthrecord.org/fhir/StructureDefinition/shr-vital-BloodPressure"
          ]
        },
        "status": "final",
        "category": [
          {
            "coding": [
              {
                "system": "http://hl7.org/fhir/observation-category",
                "code": "vital-signs"
              }
            ]
          }
        ],
        "code": {
          "coding": [
            {
              "system": "http://loinc.org",
              "code": "55284-4",
              "display": "Blood Pressure"
            }
          ]
        },
        "subject": {
          "reference": "urn:uuid:384a0939-a650-4ca6-8990-a79e4fafab1b"
        },
        "context": {
          "reference": "urn:uuid:2452a849-f09e-48db-8c85-d97c0eaab457"
        },
        "effectiveDateTime": "2015-09-15T13:38:19-04:00",
        "issued": "2015-09-15T13:38:19-04:00",
        "component": [
          {
            "code": {
              "coding": [
                {
                  "system": "http://loinc.org",
                  "code": "8480-6",
                  "display": "Systolic Blood Pressure"
                }
              ],
              "text": "Systolic Blood Pressure"
            },
            "valueQuantity": {
              "value": 125,
              "unit": "mmHg",
              "system": "http://unitsofmeasure.org/",
              "code": "mmHg"
            }
          },
          {
            "code": {
              "coding": [
                {
                  "system": "http://loinc.org",
                  "code": "8462-4",
                  "display": "Diastolic Blood Pressure"
                }
              ],
              "text": "Diastolic Blood Pressure"
            },
            "valueQuantity": {
              "value": 77,
              "unit": "mmHg",
              "system": "http://unitsofmeasure.org/",
              "code": "mmHg"
            }
          }
        ],
        "resourceType": "Observation"
      }
    },
    {
      "fullUrl": "urn:uuid:2f20025d-7d43-4531-a33a-fcd2b250e6ab",
      "resource": {
        "id": "2f20025d-7d43-4531-a33a-fcd2b250e6ab",
        "meta": {
          "profile": [
            "http://standardhealthrecord.org/fhir/StructureDefinition/shr-observation-Observation"
          ]
        },
        "status": "final",
        "category": [
          {
            "coding": [
              {
                "system": "http://hl7.org/fhir/observation-category",
                "code": "laboratory"
              }
            ]
          }
        ],
        "code": {
          "coding": [
            {
              "system": "http://loinc.org",
              "code": "2093-3",
              "display": "Total Cholesterol"
            }
          ],
          "text": "Total Cholesterol"
        },
        "subject": {
          "reference": "urn:uuid:384a0939-a650-4ca6-8990-a79e4fafab1b"
        },
        "context": {
          "reference": "urn:uuid:2452a849-f09e-48db-8c85-d97c0eaab457"
        },
        "effectiveDateTime": "2015-09-15T13:38:19-04:00",
        "issued": "2015-09-15T13:38:19-04:00",
        "valueQuantity": {
          "value": 186,
          "unit": "mg/dL",
          "system": "http://unitsofmeasure.org/",
          "code": "mg/dL"
        },
        "resourceType": "Observation"
      }
    },
    {
      "fullUrl": "urn:uuid:4a244698-1623-4efa-b4ad-ee2a9095502a",
      "resource": {
        "id": "4a244698-1623-4efa-b4ad-ee2a9095502a",
        "meta": {
          "profile": [
            "http://standardhealthrecord.org/fhir/StructureDefinition/shr-observation-Observation"
          ]
        },
        "status": "final",
        "category": [
          {
            "coding": [
              {
                "system": "http://hl7.org/fhir/observation-category",
                "code": "laboratory"
              }
            ]
          }
        ],
        "code": {
          "coding": [
            {
              "system": "http://loinc.org",
              "code": "2571-8",
              "display": "Triglycerides"
            }
          ],
          "text": "Triglycerides"
        },
        "subject": {
          "reference": "urn:uuid:384a0939-a650-4ca6-8990-a79e4fafab1b"
        },
        "context": {
          "reference": "urn:uuid:2452a849-f09e-48db-8c85-d97c0eaab457"
        },
        "effectiveDateTime": "2015-09-15T13:38:19-04:00",
        "issued": "2015-09-15T13:38:19-04:00",
        "valueQuantity": {
          "value": 110,
          "unit": "mg/dL",
          "system": "http://unitsofmeasure.org/",
          "code": "mg/dL"
        },
        "resourceType": "Observation"
      }
    },
    {
      "fullUrl": "urn:uuid:d35abc60-088d-4282-a397-8edcbd5af970",
      "resource": {
        "id": "d35abc60-088d-4282-a397-8edcbd5af970",
        "meta": {
          "profile": [
            "http://standardhealthrecord.org/fhir/StructureDefinition/shr-observation-Observation"
          ]
        },
        "status": "final",
        "category": [
          {
            "coding": [
              {
                "system": "http://hl7.org/fhir/observation-category",
                "code": "laboratory"
              }
            ]
          }
        ],
        "code": {
          "coding": [
            {
              "system": "http://loinc.org",
              "code": "18262-6",
              "display": "Low Density Lipoprotein Cholesterol"
            }
          ],
          "text": "Low Density Lipoprotein Cholesterol"
        },
        "subject": {
          "reference": "urn:uuid:384a0939-a650-4ca6-8990-a79e4fafab1b"
        },
        "context": {
          "reference": "urn:uuid:2452a849-f09e-48db-8c85-d97c0eaab457"
        },
        "effectiveDateTime": "2015-09-15T13:38:19-04:00",
        "issued": "2015-09-15T13:38:19-04:00",
        "valueQuantity": {
          "value": 84,
          "unit": "mg/dL",
          "system": "http://unitsofmeasure.org/",
          "code": "mg/dL"
        },
        "resourceType": "Observation"
      }
    },
    {
      "fullUrl": "urn:uuid:45bef960-1f50-401c-be94-bfbe70f25f72",
      "resource": {
        "id": "45bef960-1f50-401c-be94-bfbe70f25f72",
        "meta": {
          "profile": [
            "http://standardhealthrecord.org/fhir/StructureDefinition/shr-observation-Observation"
          ]
        },
        "status": "final",
        "category": [
          {
            "coding": [
              {
                "system": "http://hl7.org/fhir/observation-category",
                "code": "laboratory"
              }
            ]
          }
        ],
        "code": {
          "coding": [
            {
              "system": "http://loinc.org",
              "code": "2085-9",
              "display": "High Density Lipoprotein Cholesterol"
            }
          ],
          "text": "High Density Lipoprotein Cholesterol"
        },
        "subject": {
          "reference": "urn:uuid:384a0939-a650-4ca6-8990-a79e4fafab1b"
        },
        "context": {
          "reference": "urn:uuid:2452a849-f09e-48db-8c85-d97c0eaab457"
        },
        "effectiveDateTime": "2015-09-15T13:38:19-04:00",
        "issued": "2015-09-15T13:38:19-04:00",
        "valueQuantity": {
          "value": 80,
          "unit": "mg/dL",
          "system": "http://unitsofmeasure.org/",
          "code": "mg/dL"
        },
        "resourceType": "Observation"
      }
    },
    {
      "fullUrl": "urn:uuid:8655e0ff-2a65-4622-bbc2-28d55def4683",
      "resource": {
        "id": "8655e0ff-2a65-4622-bbc2-28d55def4683",
        "meta": {
          "profile": [
            "http://standardhealthrecord.org/fhir/StructureDefinition/shr-observation-Panel"
          ]
        },
        "status": "final",
        "code": {
          "coding": [
            {
              "system": "http://loinc.org",
              "code": "57698-3",
              "display": "Lipid Panel"
            }
          ]
        },
        "subject": {
          "reference": "urn:uuid:384a0939-a650-4ca6-8990-a79e4fafab1b"
        },
        "context": {
          "reference": "urn:uuid:2452a849-f09e-48db-8c85-d97c0eaab457"
        },
        "effectiveDateTime": "2015-09-15T13:38:19-04:00",
        "issued": "2015-09-15T13:38:19-04:00",
        "result": [
          {
            "reference": "urn:uuid:2f20025d-7d43-4531-a33a-fcd2b250e6ab",
            "display": "Total Cholesterol"
          },
          {
            "reference": "urn:uuid:4a244698-1623-4efa-b4ad-ee2a9095502a",
            "display": "Triglycerides"
          },
          {
            "reference": "urn:uuid:d35abc60-088d-4282-a397-8edcbd5af970",
            "display": "Low Density Lipoprotein Cholesterol"
          },
          {
            "reference": "urn:uuid:45bef960-1f50-401c-be94-bfbe70f25f72",
            "display": "High Density Lipoprotein Cholesterol"
          }
        ],
        "resourceType": "DiagnosticReport"
      }
    },
    {
      "resource": {
        "meta": {
          "profile": [
            "http://standardhealthrecord.org/fhir/StructureDefinition/shr-procedure-Procedure"
          ]
        },
        "extension": [
          {
            "url": "http://standardhealthrecord.org/fhir/StructureDefinition/shr-core-CodeableConcept-extension",
            "valueCodeableConcept": {
              "coding": [
                {
                  "system": "http://snomed.info/sct",
                  "code": "428191000124101",
                  "display": "Documentation of current medications"
                }
              ],
              "text": "Documentation of current medications"
            }
          }
        ],
        "status": "completed",
        "code": {
          "coding": [
            {
              "system": "http://snomed.info/sct",
              "code": "428191000124101",
              "display": "Documentation of current medications"
            }
          ],
          "text": "Documentation of current medications"
        },
        "subject": {
          "reference": "urn:uuid:384a0939-a650-4ca6-8990-a79e4fafab1b"
        },
        "context": {
          "reference": "urn:uuid:2452a849-f09e-48db-8c85-d97c0eaab457"
        },
        "performedDateTime": "2015-09-15T13:38:19-04:00",
        "resourceType": "Procedure"
      }
    },
    {
      "resource": {
        "meta": {
          "profile": [
            "http://standardhealthrecord.org/fhir/StructureDefinition/shr-immunization-Immunization"
          ]
        },
        "status": "completed",
        "notGiven": false,
        "vaccineCode": {
          "coding": [
            {
              "system": "http://hl7.org/fhir/sid/cvx",
              "code": "140",
              "display": "Influenza, seasonal, injectable, preservative free"
            }
          ],
          "text": "Influenza, seasonal, injectable, preservative free"
        },
        "patient": {
          "reference": "urn:uuid:384a0939-a650-4ca6-8990-a79e4fafab1b"
        },
        "encounter": {
          "reference": "urn:uuid:2452a849-f09e-48db-8c85-d97c0eaab457"
        },
        "date": "2015-09-15T13:38:19-04:00",
        "primarySource": true,
        "resourceType": "Immunization"
      }
    },
    {
      "fullUrl": "urn:uuid:952892ee-e68c-492d-9b6a-75bd558175b1",
      "resource": {
        "id": "952892ee-e68c-492d-9b6a-75bd558175b1",
        "meta": {
          "profile": [
            "http://standardhealthrecord.org/fhir/StructureDefinition/shr-encounter-Encounter"
          ]
        },
        "status": "finished",
        "class": {
          "code": "ambulatory"
        },
        "type": [
          {
            "coding": [
              {
                "system": "http://snomed.info/sct",
                "code": "185345009"
              }
            ],
            "text": "Encounter for symptom"
          }
        ],
        "subject": {
          "reference": "urn:uuid:384a0939-a650-4ca6-8990-a79e4fafab1b"
        },
        "period": {
          "start": "2016-05-22T15:42:11-04:00",
          "end": "2016-05-22T15:42:11-04:00"
        },
        "reason": {
          "coding": [
            {
              "system": "http://snomed.info/sct",
              "code": "444814009",
              "display": "Viral sinusitis (disorder)"
            }
          ]
        },
        "serviceProvider": {
          "reference": "urn:uuid:8ec833fb-ea02-4bf2-a927-3ecd7a919121"
        },
        "resourceType": "Encounter"
      }
    },
    {
      "fullUrl": "urn:uuid:0a400700-2530-460e-bc8a-a0367e4a4f13",
      "resource": {
        "id": "0a400700-2530-460e-bc8a-a0367e4a4f13",
        "meta": {
          "profile": [
            "http://standardhealthrecord.org/fhir/StructureDefinition/shr-problem-Problem"
          ]
        },
        "clinicalStatus": "active",
        "verificationStatus": "confirmed",
        "code": {
          "coding": [
            {
              "system": "http://snomed.info/sct",
              "code": "444814009",
              "display": "Viral sinusitis (disorder)"
            }
          ],
          "text": "Viral sinusitis (disorder)"
        },
        "subject": {
          "reference": "urn:uuid:384a0939-a650-4ca6-8990-a79e4fafab1b"
        },
        "context": {
          "reference": "urn:uuid:952892ee-e68c-492d-9b6a-75bd558175b1"
        },
        "onsetDateTime": "2016-05-14T11:47:51-04:00",
        "abatementDateTime": "2016-06-09T12:21:28-04:00",
        "assertedDate": "2016-05-14",
        "resourceType": "Condition"
      }
    }
  ],
  "resourceType": "Bundle"
}