{
  "type": "collection",
  "entry": [
    {
      "fullUrl": "urn:uuid:cd4cce57-89a7-4f96-a5e9-f4c4e6492f3c",
      "resource": {
        "id": "cd4cce57-89a7-4f96-a5e9-f4c4e6492f3c",
        "meta": {
          "profile": [
            "http://standardhealthrecord.org/fhir/StructureDefinition/shr-demographics-PersonOfRecord"
          ]
        },
        "text": {
          "status": "generated",
          "div": "<div>Generated by <a href=\"https://github.com/synthetichealth/synthea\">Synthea</a>. Version identifier: 4d02400401b9fab839e47bf5b2f1f6a8c683ab55</div>"
        },
        "extension": [
          {
            "url": "http://hl7.org/fhir/us/core/StructureDefinition/us-core-race",
            "valueCodeableConcept": {
              "coding": [
                {
                  "system": "http://hl7.org/fhir/v3/Race",
                  "code": "2106-3",
                  "display": "White"
                }
              ],
              "text": "race"
            }
          },
          {
            "url": "http://hl7.org/fhir/us/core/StructureDefinition/us-core-ethnicity",
            "valueCodeableConcept": {
              "coding": [
                {
                  "system": "http://hl7.org/fhir/v3/Ethnicity",
                  "code": "2186-5",
                  "display": "Nonhispanic"
                }
              ],
              "text": "ethnicity"
            }
          },
          {
            "url": "http://hl7.org/fhir/StructureDefinition/birthPlace",
            "valueAddress": {
              "city": "Marlborough",
              "state": "MA",
              "country": "US"
            }
          },
          {
            "url": "http://hl7.org/fhir/StructureDefinition/patient-mothersMaidenName",
            "valueString": "Lexi327 Von562"
          },
          {
            "url": "http://hl7.org/fhir/us/core/StructureDefinition/us-core-birthsex",
            "valueCode": "M"
          },
          {
            "url": "http://hl7.org/fhir/StructureDefinition/patient-interpreterRequired",
            "valueBoolean": false
          },
          {
            "url": "http://standardhealthrecord.org/fhir/StructureDefinition/shr-actor-FictionalPerson-extension",
            "valueBoolean": true
          },
          {
            "url": "http://standardhealthrecord.org/fhir/StructureDefinition/shr-demographics-FathersName-extension",
            "valueHumanName": {
              "text": "Dylan398 Abbott992"
            }
          },
          {
            "url": "http://standardhealthrecord.org/fhir/StructureDefinition/shr-demographics-SocialSecurityNumber-extension",
            "valueString": "999-75-4151"
          }
        ],
        "identifier": [
          {
            "system": "https://github.com/synthetichealth/synthea",
            "value": "2c6d6bcd-cc17-422a-b869-5250ba932553"
          },
          {
            "type": {
              "coding": [
                {
                  "system": "http://hl7.org/fhir/identifier-type",
                  "code": "SB"
                }
              ]
            },
            "system": "http://hl7.org/fhir/sid/us-ssn",
            "value": "999754151"
          },
          {
            "type": {
              "coding": [
                {
                  "system": "http://hl7.org/fhir/v2/0203",
                  "code": "DL"
                }
              ]
            },
            "system": "urn:oid:2.16.840.1.113883.4.3.25",
            "value": "S99940214"
          }
        ],
        "name": [
          {
            "use": "official",
            "family": "Abbott992",
            "given": [
              "Arielle718"
            ],
            "prefix": [
              "Mr."
            ]
          }
        ],
        "telecom": [
          {
            "system": "phone",
            "value": "1-811-968-1847",
            "use": "home"
          }
        ],
        "gender": "male",
        "birthDate": "1970-05-19",
        "address": [
          {
            "extension": [
              {
                "extension": [
                  {
                    "url": "latitude",
                    "valueDecimal": 42.736708210579444
                  },
                  {
                    "url": "longitude",
                    "valueDecimal": -71.17981955893893
                  }
                ],
                "url": "http://hl7.org/fhir/StructureDefinition/geolocation"
              }
            ],
            "line": [
              "615 Nikolaus Islands"
            ],
            "city": "Methuen",
            "state": "MA",
            "postalCode": "01844",
            "country": "US"
          }
        ],
        "maritalStatus": {
          "coding": [
            {
              "system": "http://hl7.org/fhir/v3/MaritalStatus",
              "code": "M"
            }
          ],
          "text": "M"
        },
        "multipleBirthBoolean": false,
        "communication": [
          {
            "language": {
              "coding": [
                {
                  "system": "http://hl7.org/fhir/ValueSet/languages",
                  "code": "en-US",
                  "display": "English (United States)"
                }
              ]
            }
          }
        ],
        "resourceType": "Patient"
      }
    },
    {
      "fullUrl": "urn:uuid:53c1a360-aec2-46ea-a9ff-0b45304c3069",
      "resource": {
        "id": "53c1a360-aec2-46ea-a9ff-0b45304c3069",
        "meta": {
          "profile": [
            "http://standardhealthrecord.org/fhir/StructureDefinition/shr-actor-Organization"
          ]
        },
        "type": [
          {
            "coding": [
              {
                "system": "http://hl7.org/fhir/ValueSet/organization-type",
                "code": "prov",
                "display": "Healthcare Provider"
              }
            ],
            "text": "Healthcare Provider"
          }
        ],
        "name": "Synthetic Provider",
        "resourceType": "Organization"
      }
    },
    {
      "fullUrl": "urn:uuid:61a32442-8fdd-4e48-8651-6b58bfeb72d2",
      "resource": {
        "id": "61a32442-8fdd-4e48-8651-6b58bfeb72d2",
        "meta": {
          "profile": [
            "http://standardhealthrecord.org/fhir/StructureDefinition/shr-encounter-Encounter"
          ]
        },
        "status": "finished",
        "class": {
          "code": "outpatient"
        },
        "type": [
          {
            "coding": [
              {
                "system": "http://snomed.info/sct",
                "code": "185345009"
              }
            ],
            "text": "Encounter for symptom"
          }
        ],
        "subject": {
          "reference": "urn:uuid:cd4cce57-89a7-4f96-a5e9-f4c4e6492f3c"
        },
        "period": {
          "start": "2012-06-03T00:40:12-04:00",
          "end": "2012-06-03T00:40:12-04:00"
        },
        "reason": {
          "coding": [
            {
              "system": "http://snomed.info/sct",
              "code": "444814009",
              "display": "Viral sinusitis (disorder)"
            }
          ]
        },
        "serviceProvider": {
          "reference": "urn:uuid:53c1a360-aec2-46ea-a9ff-0b45304c3069"
        },
        "resourceType": "Encounter"
      }
    },
    {
      "fullUrl": "urn:uuid:5d4b7955-647a-4ae1-bf46-0a919035b43a",
      "resource": {
        "id": "5d4b7955-647a-4ae1-bf46-0a919035b43a",
        "meta": {
          "profile": [
            "http://standardhealthrecord.org/fhir/StructureDefinition/shr-problem-Problem"
          ]
        },
        "clinicalStatus": "active",
        "verificationStatus": "confirmed",
        "code": {
          "coding": [
            {
              "system": "http://snomed.info/sct",
              "code": "185086009",
              "display": "Chronic obstructive bronchitis (disorder)"
            }
          ],
          "text": "Chronic obstructive bronchitis (disorder)"
        },
        "subject": {
          "reference": "urn:uuid:cd4cce57-89a7-4f96-a5e9-f4c4e6492f3c"
        },
        "context": {
          "reference": "urn:uuid:61a32442-8fdd-4e48-8651-6b58bfeb72d2"
        },
        "onsetDateTime": "2007-09-25T05:06:06-04:00",
        "assertedDate": "2007-09-25",
        "resourceType": "Condition"
      }
    },
    {
      "fullUrl": "urn:uuid:fe5ffc32-e93c-4a67-bd7f-44ff088af911",
      "resource": {
        "id": "fe5ffc32-e93c-4a67-bd7f-44ff088af911",
        "meta": {
          "profile": [
            "http://standardhealthrecord.org/fhir/StructureDefinition/shr-problem-Problem"
          ]
        },
        "clinicalStatus": "active",
        "verificationStatus": "confirmed",
        "code": {
          "coding": [
            {
              "system": "http://snomed.info/sct",
              "code": "444814009",
              "display": "Viral sinusitis (disorder)"
            }
          ],
          "text": "Viral sinusitis (disorder)"
        },
        "subject": {
          "reference": "urn:uuid:cd4cce57-89a7-4f96-a5e9-f4c4e6492f3c"
        },
        "context": {
          "reference": "urn:uuid:61a32442-8fdd-4e48-8651-6b58bfeb72d2"
        },
        "onsetDateTime": "2012-05-24T09:42:05-04:00",
        "abatementDateTime": "2012-06-24T10:34:19-04:00",
        "assertedDate": "2012-05-24",
        "resourceType": "Condition"
      }
    },
    {
      "resource": {
        "status": "active",
        "category": [
          {
            "coding": [
              {
                "system": "http://snomed.info/sct",
                "code": "412776001",
                "display": "Chronic obstructive pulmonary disease clinical management plan"
              }
            ]
          }
        ],
        "subject": {
          "reference": "urn:uuid:cd4cce57-89a7-4f96-a5e9-f4c4e6492f3c"
        },
        "context": {
          "reference": "urn:uuid:61a32442-8fdd-4e48-8651-6b58bfeb72d2"
        },
        "period": {
          "start": "2007-09-25"
        },
        "addresses": [
          {
            "reference": "urn:uuid:5d4b7955-647a-4ae1-bf46-0a919035b43a"
          }
        ],
        "activity": [
          {
            "detail": {
              "code": {
                "coding": [
                  {
                    "system": "http://snomed.info/sct",
                    "code": "710081004",
                    "display": "Smoking cessation therapy"
                  }
                ]
              },
              "status": "in-progress"
            }
          },
          {
            "detail": {
              "code": {
                "coding": [
                  {
                    "system": "http://snomed.info/sct",
                    "code": "426990007",
                    "display": "Home oxygen therapy (procedure)"
                  }
                ]
              },
              "status": "in-progress"
            }
          }
        ],
        "resourceType": "CarePlan"
      }
    },
    {
      "resource": {
        "meta": {
          "profile": [
            "http://standardhealthrecord.org/fhir/StructureDefinition/shr-medication-Medication"
          ]
        },
        "code": {
          "coding": [
            {
              "system": "http://www.nlm.nih.gov/research/umls/rxnorm",
              "code": "896188",
              "display": "Fluticasone propionate 0.25 MG/ACTUAT / salmeterol 0.05 MG/ACTUAT [Advair]"
            }
          ],
          "text": "Fluticasone propionate 0.25 MG/ACTUAT / salmeterol 0.05 MG/ACTUAT [Advair]"
        },
        "resourceType": "Medication"
      }
    },
    {
      "resource": {
        "meta": {
          "profile": [
            "http://standardhealthrecord.org/fhir/StructureDefinition/shr-medication-MedicationPrescription"
          ]
        },
        "extension": [
          {
            "url": "http://standardhealthrecord.org/fhir/StructureDefinition/shr-base-ActionCode-extension",
            "valueCodeableConcept": {
              "coding": [
                {
                  "system": "http://snomed.info/sct",
                  "code": "33633005",
                  "display": "Prescription of drug (procedure)"
                }
              ],
              "text": "Prescription of drug (procedure)"
            }
          }
        ],
        "status": "active",
        "medicationReference": {
          "reference": ""
        },
        "subject": {
          "reference": "urn:uuid:cd4cce57-89a7-4f96-a5e9-f4c4e6492f3c"
        },
        "context": {
          "reference": "urn:uuid:61a32442-8fdd-4e48-8651-6b58bfeb72d2"
        },
        "authoredOn": "2009-12-08",
        "reasonReference": [
          {
            "reference": "urn:uuid:5d4b7955-647a-4ae1-bf46-0a919035b43a"
          }
        ],
        "dosageInstruction": [
          {

          }
        ],
        "resourceType": "MedicationRequest"
      }
    },
    {
      "resource": {
        "meta": {
          "profile": [
            "http://standardhealthrecord.org/fhir/StructureDefinition/shr-medication-Medication"
          ]
        },
        "code": {
          "coding": [
            {
              "system": "http://www.nlm.nih.gov/research/umls/rxnorm",
              "code": "824184",
              "display": " Amoxicillin 250 MG / Clavulanate 125 MG [Augmentin]"
            }
          ],
          "text": " Amoxicillin 250 MG / Clavulanate 125 MG [Augmentin]"
        },
        "resourceType": "Medication"
      }
    },
    {
      "resource": {
        "meta": {
          "profile": [
            "http://standardhealthrecord.org/fhir/StructureDefinition/shr-medication-MedicationPrescription"
          ]
        },
        "extension": [
          {
            "url": "http://standardhealthrecord.org/fhir/StructureDefinition/shr-base-ActionCode-extension",
            "valueCodeableConcept": {
              "coding": [
                {
                  "system": "http://snomed.info/sct",
                  "code": "33633005",
                  "display": "Prescription of drug (procedure)"
                }
              ],
              "text": "Prescription of drug (procedure)"
            }
          }
        ],
        "status": "stopped",
        "medicationReference": {
          "reference": ""
        },
        "subject": {
          "reference": "urn:uuid:cd4cce57-89a7-4f96-a5e9-f4c4e6492f3c"
        },
        "context": {
          "reference": "urn:uuid:61a32442-8fdd-4e48-8651-6b58bfeb72d2"
        },
        "authoredOn": "2012-06-03",
        "reasonReference": [
          {
            "reference": "urn:uuid:fe5ffc32-e93c-4a67-bd7f-44ff088af911"
          }
        ],
        "dosageInstruction": [
          {

          }
        ],
        "resourceType": "MedicationRequest"
      }
    },
    {
      "fullUrl": "urn:uuid:cd439d2c-ef69-49f4-ad0c-5ef4b208c31e",
      "resource": {
        "id": "cd439d2c-ef69-49f4-ad0c-5ef4b208c31e",
        "meta": {
          "profile": [
            "http://standardhealthrecord.org/fhir/StructureDefinition/shr-encounter-Encounter"
          ]
        },
        "status": "finished",
        "class": {
          "code": "outpatient"
        },
        "type": [
          {
            "coding": [
              {
                "system": "http://snomed.info/sct",
                "code": "185349003"
              }
            ],
            "text": "Outpatient Encounter"
          }
        ],
        "subject": {
          "reference": "urn:uuid:cd4cce57-89a7-4f96-a5e9-f4c4e6492f3c"
        },
        "period": {
          "start": "2013-03-13T20:36:51-04:00",
          "end": "2013-03-13T21:36:51-04:00"
        },
        "serviceProvider": {
          "reference": "urn:uuid:53c1a360-aec2-46ea-a9ff-0b45304c3069"
        },
        "resourceType": "Encounter"
      }
    },
    {
      "fullUrl": "urn:uuid:a615cdb7-86d8-43d7-a42d-8773b94d72af",
      "resource": {
        "id": "a615cdb7-86d8-43d7-a42d-8773b94d72af",
        "meta": {
          "profile": [
            "http://standardhealthrecord.org/fhir/StructureDefinition/shr-observation-Observation"
          ]
        },
        "status": "final",
        "category": [
          {
            "coding": [
              {
                "system": "http://hl7.org/fhir/observation-category",
                "code": "procedure"
              }
            ]
          }
        ],
        "code": {
          "coding": [
            {
              "system": "http://loinc.org",
              "code": "19926-5",
              "display": "FEV1/​FVC"
            }
          ],
          "text": "FEV1/​FVC"
        },
        "subject": {
          "reference": "urn:uuid:cd4cce57-89a7-4f96-a5e9-f4c4e6492f3c"
        },
        "context": {
          "reference": "urn:uuid:cd439d2c-ef69-49f4-ad0c-5ef4b208c31e"
        },
        "effectiveDateTime": "2013-03-13T20:36:51-04:00",
        "issued": "2013-03-13T20:36:51-04:00",
        "valueQuantity": {
          "value": 45,
          "unit": "%",
          "system": "http://unitsofmeasure.org/",
          "code": "%"
        },
        "resourceType": "Observation"
      }
    },
    {
      "fullUrl": "urn:uuid:91a14836-cd61-4342-98cb-2fb971220ff1",
      "resource": {
        "id": "91a14836-cd61-4342-98cb-2fb971220ff1",
        "meta": {
          "profile": [
            "http://standardhealthrecord.org/fhir/StructureDefinition/shr-observation-Observation",
            "http://standardhealthrecord.org/fhir/StructureDefinition/shr-vital-VitalSign",
            "http://standardhealthrecord.org/fhir/StructureDefinition/shr-vital-BodyHeight"
          ]
        },
        "status": "final",
        "category": [
          {
            "coding": [
              {
                "system": "http://hl7.org/fhir/observation-category",
                "code": "vital-signs"
              }
            ]
          }
        ],
        "code": {
          "coding": [
            {
              "system": "http://loinc.org",
              "code": "8302-2",
              "display": "Body Height"
            }
          ],
          "text": "Body Height"
        },
        "subject": {
          "reference": "urn:uuid:cd4cce57-89a7-4f96-a5e9-f4c4e6492f3c"
        },
        "context": {
          "reference": "urn:uuid:cd439d2c-ef69-49f4-ad0c-5ef4b208c31e"
        },
        "effectiveDateTime": "2013-03-13T20:36:51-04:00",
        "issued": "2013-03-13T20:36:51-04:00",
        "valueQuantity": {
          "value": 179.66859677330544,
          "unit": "cm",
          "system": "http://unitsofmeasure.org/",
          "code": "cm"
        },
        "resourceType": "Observation"
      }
    },
    {
      "fullUrl": "urn:uuid:5f015bdf-a6bd-49c1-b02f-11fe79660599",
      "resource": {
        "id": "5f015bdf-a6bd-49c1-b02f-11fe79660599",
        "meta": {
          "profile": [
            "http://standardhealthrecord.org/fhir/StructureDefinition/shr-observation-Observation",
            "http://standardhealthrecord.org/fhir/StructureDefinition/shr-vital-VitalSign",
            "http://standardhealthrecord.org/fhir/StructureDefinition/shr-vital-BodyWeight"
          ]
        },
        "status": "final",
        "category": [
          {
            "coding": [
              {
                "system": "http://hl7.org/fhir/observation-category",
                "code": "vital-signs"
              }
            ]
          }
        ],
        "code": {
          "coding": [
            {
              "system": "http://loinc.org",
              "code": "29463-7",
              "display": "Body Weight"
            }
          ],
          "text": "Body Weight"
        },
        "subject": {
          "reference": "urn:uuid:cd4cce57-89a7-4f96-a5e9-f4c4e6492f3c"
        },
        "context": {
          "reference": "urn:uuid:cd439d2c-ef69-49f4-ad0c-5ef4b208c31e"
        },
        "effectiveDateTime": "2013-03-13T20:36:51-04:00",
        "issued": "2013-03-13T20:36:51-04:00",
        "valueQuantity": {
          "value": 102.03879507348336,
          "unit": "kg",
          "system": "http://unitsofmeasure.org/",
          "code": "kg"
        },
        "resourceType": "Observation"
      }
    },
    {
      "fullUrl": "urn:uuid:22c22610-7db1-415b-a43e-d8d520ea0bf0",
      "resource": {
        "id": "22c22610-7db1-415b-a43e-d8d520ea0bf0",
        "meta": {
          "profile": [
            "http://standardhealthrecord.org/fhir/StructureDefinition/shr-observation-Observation",
            "http://standardhealthrecord.org/fhir/StructureDefinition/shr-vital-VitalSign",
            "http://standardhealthrecord.org/fhir/StructureDefinition/shr-vital-BodyMassIndex"
          ]
        },
        "status": "final",
        "category": [
          {
            "coding": [
              {
                "system": "http://hl7.org/fhir/observation-category",
                "code": "vital-signs"
              }
            ]
          }
        ],
        "code": {
          "coding": [
            {
              "system": "http://loinc.org",
              "code": "39156-5",
              "display": "Body Mass Index"
            }
          ],
          "text": "Body Mass Index"
        },
        "subject": {
          "reference": "urn:uuid:cd4cce57-89a7-4f96-a5e9-f4c4e6492f3c"
        },
        "context": {
          "reference": "urn:uuid:cd439d2c-ef69-49f4-ad0c-5ef4b208c31e"
        },
        "effectiveDateTime": "2013-03-13T20:36:51-04:00",
        "issued": "2013-03-13T20:36:51-04:00",
        "valueQuantity": {
          "value": 31.60974335296293,
          "unit": "kg/m2",
          "system": "http://unitsofmeasure.org/",
          "code": "kg/m2"
        },
        "resourceType": "Observation"
      }
    },
    {
      "fullUrl": "urn:uuid:5fa0a419-5506-4c57-a870-25fdd2748aa6",
      "resource": {
        "id": "5fa0a419-5506-4c57-a870-25fdd2748aa6",
        "meta": {
          "profile": [
            "http://standardhealthrecord.org/fhir/StructureDefinition/shr-observation-Observation",
            "http://standardhealthrecord.org/fhir/StructureDefinition/shr-vital-BloodPressure"
          ]
        },
        "status": "final",
        "category": [
          {
            "coding": [
              {
                "system": "http://hl7.org/fhir/observation-category",
                "code": "vital-signs"
              }
            ]
          }
        ],
        "code": {
          "coding": [
            {
              "system": "http://loinc.org",
              "code": "55284-4",
              "display": "Blood Pressure"
            }
          ]
        },
        "subject": {
          "reference": "urn:uuid:cd4cce57-89a7-4f96-a5e9-f4c4e6492f3c"
        },
        "context": {
          "reference": "urn:uuid:cd439d2c-ef69-49f4-ad0c-5ef4b208c31e"
        },
        "effectiveDateTime": "2013-03-13T20:36:51-04:00",
        "issued": "2013-03-13T20:36:51-04:00",
        "component": [
          {
            "code": {
              "coding": [
                {
                  "system": "http://loinc.org",
                  "code": "8480-6",
                  "display": "Systolic Blood Pressure"
                }
              ],
              "text": "Systolic Blood Pressure"
            },
            "valueQuantity": {
              "value": 126,
              "unit": "mmHg",
              "system": "http://unitsofmeasure.org/",
              "code": "mmHg"
            }
          },
          {
            "code": {
              "coding": [
                {
                  "system": "http://loinc.org",
                  "code": "8462-4",
                  "display": "Diastolic Blood Pressure"
                }
              ],
              "text": "Diastolic Blood Pressure"
            },
            "valueQuantity": {
              "value": 70,
              "unit": "mmHg",
              "system": "http://unitsofmeasure.org/",
              "code": "mmHg"
            }
          }
        ],
        "resourceType": "Observation"
      }
    },
    {
      "fullUrl": "urn:uuid:c9b371de-8dd5-4ab5-bef7-1d114f2b71e6",
      "resource": {
        "id": "c9b371de-8dd5-4ab5-bef7-1d114f2b71e6",
        "meta": {
          "profile": [
            "http://standardhealthrecord.org/fhir/StructureDefinition/shr-observation-Observation"
          ]
        },
        "status": "final",
        "category": [
          {
            "coding": [
              {
                "system": "http://hl7.org/fhir/observation-category",
                "code": "laboratory"
              }
            ]
          }
        ],
        "code": {
          "coding": [
            {
              "system": "http://loinc.org",
              "code": "2093-3",
              "display": "Total Cholesterol"
            }
          ],
          "text": "Total Cholesterol"
        },
        "subject": {
          "reference": "urn:uuid:cd4cce57-89a7-4f96-a5e9-f4c4e6492f3c"
        },
        "context": {
          "reference": "urn:uuid:cd439d2c-ef69-49f4-ad0c-5ef4b208c31e"
        },
        "effectiveDateTime": "2013-03-13T20:36:51-04:00",
        "issued": "2013-03-13T20:36:51-04:00",
        "valueQuantity": {
          "value": 175,
          "unit": "mg/dL",
          "system": "http://unitsofmeasure.org/",
          "code": "mg/dL"
        },
        "resourceType": "Observation"
      }
    },
    {
      "fullUrl": "urn:uuid:6b4b35c4-7ee7-4171-ba64-fc5c41f4b88a",
      "resource": {
        "id": "6b4b35c4-7ee7-4171-ba64-fc5c41f4b88a",
        "meta": {
          "profile": [
            "http://standardhealthrecord.org/fhir/StructureDefinition/shr-observation-Observation"
          ]
        },
        "status": "final",
        "category": [
          {
            "coding": [
              {
                "system": "http://hl7.org/fhir/observation-category",
                "code": "laboratory"
              }
            ]
          }
        ],
        "code": {
          "coding": [
            {
              "system": "http://loinc.org",
              "code": "2571-8",
              "display": "Triglycerides"
            }
          ],
          "text": "Triglycerides"
        },
        "subject": {
          "reference": "urn:uuid:cd4cce57-89a7-4f96-a5e9-f4c4e6492f3c"
        },
        "context": {
          "reference": "urn:uuid:cd439d2c-ef69-49f4-ad0c-5ef4b208c31e"
        },
        "effectiveDateTime": "2013-03-13T20:36:51-04:00",
        "issued": "2013-03-13T20:36:51-04:00",
        "valueQuantity": {
          "value": 127,
          "unit": "mg/dL",
          "system": "http://unitsofmeasure.org/",
          "code": "mg/dL"
        },
        "resourceType": "Observation"
      }
    },
    {
      "fullUrl": "urn:uuid:6fc3278e-54f3-4629-9b72-4237397c7d7b",
      "resource": {
        "id": "6fc3278e-54f3-4629-9b72-4237397c7d7b",
        "meta": {
          "profile": [
            "http://standardhealthrecord.org/fhir/StructureDefinition/shr-observation-Observation"
          ]
        },
        "status": "final",
        "category": [
          {
            "coding": [
              {
                "system": "http://hl7.org/fhir/observation-category",
                "code": "laboratory"
              }
            ]
          }
        ],
        "code": {
          "coding": [
            {
              "system": "http://loinc.org",
              "code": "18262-6",
              "display": "Low Density Lipoprotein Cholesterol"
            }
          ],
          "text": "Low Density Lipoprotein Cholesterol"
        },
        "subject": {
          "reference": "urn:uuid:cd4cce57-89a7-4f96-a5e9-f4c4e6492f3c"
        },
        "context": {
          "reference": "urn:uuid:cd439d2c-ef69-49f4-ad0c-5ef4b208c31e"
        },
        "effectiveDateTime": "2013-03-13T20:36:51-04:00",
        "issued": "2013-03-13T20:36:51-04:00",
        "valueQuantity": {
          "value": 71,
          "unit": "mg/dL",
          "system": "http://unitsofmeasure.org/",
          "code": "mg/dL"
        },
        "resourceType": "Observation"
      }
    },
    {
      "fullUrl": "urn:uuid:a286a5a3-6021-4f98-81a9-fac158220f22",
      "resource": {
        "id": "a286a5a3-6021-4f98-81a9-fac158220f22",
        "meta": {
          "profile": [
            "http://standardhealthrecord.org/fhir/StructureDefinition/shr-observation-Observation"
          ]
        },
        "status": "final",
        "category": [
          {
            "coding": [
              {
                "system": "http://hl7.org/fhir/observation-category",
                "code": "laboratory"
              }
            ]
          }
        ],
        "code": {
          "coding": [
            {
              "system": "http://loinc.org",
              "code": "2085-9",
              "display": "High Density Lipoprotein Cholesterol"
            }
          ],
          "text": "High Density Lipoprotein Cholesterol"
        },
        "subject": {
          "reference": "urn:uuid:cd4cce57-89a7-4f96-a5e9-f4c4e6492f3c"
        },
        "context": {
          "reference": "urn:uuid:cd439d2c-ef69-49f4-ad0c-5ef4b208c31e"
        },
        "effectiveDateTime": "2013-03-13T20:36:51-04:00",
        "issued": "2013-03-13T20:36:51-04:00",
        "valueQuantity": {
          "value": 78,
          "unit": "mg/dL",
          "system": "http://unitsofmeasure.org/",
          "code": "mg/dL"
        },
        "resourceType": "Observation"
      }
    },
    {
      "fullUrl": "urn:uuid:a7cd3edd-ea80-4fd8-a111-444457d4fc46",
      "resource": {
        "id": "a7cd3edd-ea80-4fd8-a111-444457d4fc46",
        "meta": {
          "profile": [
            "http://standardhealthrecord.org/fhir/StructureDefinition/shr-observation-Panel"
          ]
        },
        "status": "final",
        "code": {
          "coding": [
            {
              "system": "http://loinc.org",
              "code": "57698-3",
              "display": "Lipid Panel"
            }
          ]
        },
        "subject": {
          "reference": "urn:uuid:cd4cce57-89a7-4f96-a5e9-f4c4e6492f3c"
        },
        "context": {
          "reference": "urn:uuid:cd439d2c-ef69-49f4-ad0c-5ef4b208c31e"
        },
        "effectiveDateTime": "2013-03-13T20:36:51-04:00",
        "issued": "2013-03-13T20:36:51-04:00",
        "result": [
          {
            "reference": "urn:uuid:c9b371de-8dd5-4ab5-bef7-1d114f2b71e6",
            "display": "Total Cholesterol"
          },
          {
            "reference": "urn:uuid:6b4b35c4-7ee7-4171-ba64-fc5c41f4b88a",
            "display": "Triglycerides"
          },
          {
            "reference": "urn:uuid:6fc3278e-54f3-4629-9b72-4237397c7d7b",
            "display": "Low Density Lipoprotein Cholesterol"
          },
          {
            "reference": "urn:uuid:a286a5a3-6021-4f98-81a9-fac158220f22",
            "display": "High Density Lipoprotein Cholesterol"
          }
        ],
        "resourceType": "DiagnosticReport"
      }
    },
    {
      "resource": {
        "meta": {
          "profile": [
            "http://standardhealthrecord.org/fhir/StructureDefinition/shr-procedure-Procedure"
          ]
        },
        "extension": [
          {
            "url": "http://standardhealthrecord.org/fhir/StructureDefinition/shr-core-CodeableConcept-extension",
            "valueCodeableConcept": {
              "coding": [
                {
                  "system": "http://snomed.info/sct",
                  "code": "127783003",
                  "display": "Spirometry (procedure)"
                }
              ],
              "text": "Spirometry (procedure)"
            }
          }
        ],
        "status": "completed",
        "code": {
          "coding": [
            {
              "system": "http://snomed.info/sct",
              "code": "127783003",
              "display": "Spirometry (procedure)"
            }
          ],
          "text": "Spirometry (procedure)"
        },
        "subject": {
          "reference": "urn:uuid:cd4cce57-89a7-4f96-a5e9-f4c4e6492f3c"
        },
        "context": {
          "reference": "urn:uuid:cd439d2c-ef69-49f4-ad0c-5ef4b208c31e"
        },
        "performedDateTime": "2013-03-13T20:36:51-04:00",
        "reasonReference": {
          "reference": "urn:uuid:5d4b7955-647a-4ae1-bf46-0a919035b43a",
          "display": "Chronic obstructive bronchitis (disorder)"
        },
        "resourceType": "Procedure"
      }
    },
    {
      "resource": {
        "meta": {
          "profile": [
            "http://standardhealthrecord.org/fhir/StructureDefinition/shr-immunization-Immunization"
          ]
        },
        "status": "completed",
        "notGiven": false,
        "vaccineCode": {
          "coding": [
            {
              "system": "http://hl7.org/fhir/sid/cvx",
              "code": "140",
              "display": "Influenza, seasonal, injectable, preservative free"
            }
          ],
          "text": "Influenza, seasonal, injectable, preservative free"
        },
        "patient": {
          "reference": "urn:uuid:cd4cce57-89a7-4f96-a5e9-f4c4e6492f3c"
        },
        "encounter": {
          "reference": "urn:uuid:cd439d2c-ef69-49f4-ad0c-5ef4b208c31e"
        },
        "date": "2013-03-13T20:36:51-04:00",
        "primarySource": true,
        "resourceType": "Immunization"
      }
    },
    {
      "resource": {
        "meta": {
          "profile": [
            "http://standardhealthrecord.org/fhir/StructureDefinition/shr-immunization-Immunization"
          ]
        },
        "status": "completed",
        "notGiven": false,
        "vaccineCode": {
          "coding": [
            {
              "system": "http://hl7.org/fhir/sid/cvx",
              "code": "113",
              "display": "Td (adult) preservative free"
            }
          ],
          "text": "Td (adult) preservative free"
        },
        "patient": {
          "reference": "urn:uuid:cd4cce57-89a7-4f96-a5e9-f4c4e6492f3c"
        },
        "encounter": {
          "reference": "urn:uuid:cd439d2c-ef69-49f4-ad0c-5ef4b208c31e"
        },
        "date": "2013-03-13T20:36:51-04:00",
        "primarySource": true,
        "resourceType": "Immunization"
      }
    },
    {
      "fullUrl": "urn:uuid:e616bb35-cc6f-493d-989c-686ba19ca069",
      "resource": {
        "id": "e616bb35-cc6f-493d-989c-686ba19ca069",
        "meta": {
          "profile": [
            "http://standardhealthrecord.org/fhir/StructureDefinition/shr-encounter-Encounter"
          ]
        },
        "status": "finished",
        "class": {
          "code": "outpatient"
        },
        "type": [
          {
            "coding": [
              {
                "system": "http://snomed.info/sct",
                "code": "185345009"
              }
            ],
            "text": "Encounter for symptom"
          }
        ],
        "subject": {
          "reference": "urn:uuid:cd4cce57-89a7-4f96-a5e9-f4c4e6492f3c"
        },
        "period": {
          "start": "2015-03-31T01:45:47-04:00",
          "end": "2015-03-31T01:45:47-04:00"
        },
        "reason": {
          "coding": [
            {
              "system": "http://snomed.info/sct",
              "code": "444814009",
              "display": "Viral sinusitis (disorder)"
            }
          ]
        },
        "serviceProvider": {
          "reference": "urn:uuid:53c1a360-aec2-46ea-a9ff-0b45304c3069"
        },
        "resourceType": "Encounter"
      }
    },
    {
      "fullUrl": "urn:uuid:8baee46e-9f61-4078-8aa4-1ce82e57a5f5",
      "resource": {
        "id": "8baee46e-9f61-4078-8aa4-1ce82e57a5f5",
        "meta": {
          "profile": [
            "http://standardhealthrecord.org/fhir/StructureDefinition/shr-problem-Problem"
          ]
        },
        "clinicalStatus": "active",
        "verificationStatus": "confirmed",
        "code": {
          "coding": [
            {
              "system": "http://snomed.info/sct",
              "code": "444814009",
              "display": "Viral sinusitis (disorder)"
            }
          ],
          "text": "Viral sinusitis (disorder)"
        },
        "subject": {
          "reference": "urn:uuid:cd4cce57-89a7-4f96-a5e9-f4c4e6492f3c"
        },
        "context": {
          "reference": "urn:uuid:e616bb35-cc6f-493d-989c-686ba19ca069"
        },
        "onsetDateTime": "2015-03-24T10:34:19-04:00",
        "abatementDateTime": "2015-04-22T15:47:27-04:00",
        "assertedDate": "2015-03-24",
        "resourceType": "Condition"
      }
    },
    {
      "resource": {
        "meta": {
          "profile": [
            "http://standardhealthrecord.org/fhir/StructureDefinition/shr-medication-MedicationPrescription"
          ]
        },
        "extension": [
          {
            "url": "http://standardhealthrecord.org/fhir/StructureDefinition/shr-base-ActionCode-extension",
            "valueCodeableConcept": {
              "coding": [
                {
                  "system": "http://snomed.info/sct",
                  "code": "33633005",
                  "display": "Prescription of drug (procedure)"
                }
              ],
              "text": "Prescription of drug (procedure)"
            }
          }
        ],
        "status": "stopped",
        "medicationReference": {
          "reference": ""
        },
        "subject": {
          "reference": "urn:uuid:cd4cce57-89a7-4f96-a5e9-f4c4e6492f3c"
        },
        "context": {
          "reference": "urn:uuid:e616bb35-cc6f-493d-989c-686ba19ca069"
        },
        "authoredOn": "2015-03-31",
        "reasonReference": [
          {
            "reference": "urn:uuid:fe5ffc32-e93c-4a67-bd7f-44ff088af911"
          }
        ],
        "dosageInstruction": [
          {

          }
        ],
        "resourceType": "MedicationRequest"
      }
    },
    {
      "fullUrl": "urn:uuid:3e4fb9b0-eb30-45cc-9bf6-0a036025e4ad",
      "resource": {
        "id": "3e4fb9b0-eb30-45cc-9bf6-0a036025e4ad",
        "meta": {
          "profile": [
            "http://standardhealthrecord.org/fhir/StructureDefinition/shr-encounter-Encounter"
          ]
        },
        "status": "finished",
        "class": {
          "code": "outpatient"
        },
        "type": [
          {
            "coding": [
              {
                "system": "http://snomed.info/sct",
                "code": "185349003"
              }
            ],
            "text": "Outpatient Encounter"
          }
        ],
        "subject": {
          "reference": "urn:uuid:cd4cce57-89a7-4f96-a5e9-f4c4e6492f3c"
        },
        "period": {
          "start": "2015-04-04T13:43:36-04:00",
          "end": "2015-04-04T14:43:36-04:00"
        },
        "serviceProvider": {
          "reference": "urn:uuid:53c1a360-aec2-46ea-a9ff-0b45304c3069"
        },
        "resourceType": "Encounter"
      }
    },
    {
      "fullUrl": "urn:uuid:cfbd3d47-5703-4d66-b933-332ba3063c42",
      "resource": {
        "id": "cfbd3d47-5703-4d66-b933-332ba3063c42",
        "meta": {
          "profile": [
            "http://standardhealthrecord.org/fhir/StructureDefinition/shr-observation-Observation"
          ]
        },
        "status": "final",
        "category": [
          {
            "coding": [
              {
                "system": "http://hl7.org/fhir/observation-category",
                "code": "procedure"
              }
            ]
          }
        ],
        "code": {
          "coding": [
            {
              "system": "http://loinc.org",
              "code": "19926-5",
              "display": "FEV1/​FVC"
            }
          ],
          "text": "FEV1/​FVC"
        },
        "subject": {
          "reference": "urn:uuid:cd4cce57-89a7-4f96-a5e9-f4c4e6492f3c"
        },
        "context": {
          "reference": "urn:uuid:3e4fb9b0-eb30-45cc-9bf6-0a036025e4ad"
        },
        "effectiveDateTime": "2015-04-04T13:43:36-04:00",
        "issued": "2015-04-04T13:43:36-04:00",
        "valueQuantity": {
          "value": 30,
          "unit": "%",
          "system": "http://unitsofmeasure.org/",
          "code": "%"
        },
        "resourceType": "Observation"
      }
    },
    {
      "fullUrl": "urn:uuid:dab3bc81-48a7-49f0-8be0-f98f1c43644c",
      "resource": {
        "id": "dab3bc81-48a7-49f0-8be0-f98f1c43644c",
        "meta": {
          "profile": [
            "http://standardhealthrecord.org/fhir/StructureDefinition/shr-observation-Observation",
            "http://standardhealthrecord.org/fhir/StructureDefinition/shr-vital-VitalSign",
            "http://standardhealthrecord.org/fhir/StructureDefinition/shr-vital-BodyHeight"
          ]
        },
        "status": "final",
        "category": [
          {
            "coding": [
              {
                "system": "http://hl7.org/fhir/observation-category",
                "code": "vital-signs"
              }
            ]
          }
        ],
        "code": {
          "coding": [
            {
              "system": "http://loinc.org",
              "code": "8302-2",
              "display": "Body Height"
            }
          ],
          "text": "Body Height"
        },
        "subject": {
          "reference": "urn:uuid:cd4cce57-89a7-4f96-a5e9-f4c4e6492f3c"
        },
        "context": {
          "reference": "urn:uuid:3e4fb9b0-eb30-45cc-9bf6-0a036025e4ad"
        },
        "effectiveDateTime": "2015-04-04T13:43:36-04:00",
        "issued": "2015-04-04T13:43:36-04:00",
        "valueQuantity": {
          "value": 179.66859677330544,
          "unit": "cm",
          "system": "http://unitsofmeasure.org/",
          "code": "cm"
        },
        "resourceType": "Observation"
      }
    },
    {
      "fullUrl": "urn:uuid:65a75035-c523-4b15-b03c-6a8a0432c3ed",
      "resource": {
        "id": "65a75035-c523-4b15-b03c-6a8a0432c3ed",
        "meta": {
          "profile": [
            "http://standardhealthrecord.org/fhir/StructureDefinition/shr-observation-Observation",
            "http://standardhealthrecord.org/fhir/StructureDefinition/shr-vital-VitalSign",
            "http://standardhealthrecord.org/fhir/StructureDefinition/shr-vital-BodyWeight"
          ]
        },
        "status": "final",
        "category": [
          {
            "coding": [
              {
                "system": "http://hl7.org/fhir/observation-category",
                "code": "vital-signs"
              }
            ]
          }
        ],
        "code": {
          "coding": [
            {
              "system": "http://loinc.org",
              "code": "29463-7",
              "display": "Body Weight"
            }
          ],
          "text": "Body Weight"
        },
        "subject": {
          "reference": "urn:uuid:cd4cce57-89a7-4f96-a5e9-f4c4e6492f3c"
        },
        "context": {
          "reference": "urn:uuid:3e4fb9b0-eb30-45cc-9bf6-0a036025e4ad"
        },
        "effectiveDateTime": "2015-04-04T13:43:36-04:00",
        "issued": "2015-04-04T13:43:36-04:00",
        "valueQuantity": {
          "value": 104.83020694880372,
          "unit": "kg",
          "system": "http://unitsofmeasure.org/",
          "code": "kg"
        },
        "resourceType": "Observation"
      }
    },
    {
      "fullUrl": "urn:uuid:ae739a1b-4c59-4223-bb9e-7ff6669c0f98",
      "resource": {
        "id": "ae739a1b-4c59-4223-bb9e-7ff6669c0f98",
        "meta": {
          "profile": [
            "http://standardhealthrecord.org/fhir/StructureDefinition/shr-observation-Observation",
            "http://standardhealthrecord.org/fhir/StructureDefinition/shr-vital-VitalSign",
            "http://standardhealthrecord.org/fhir/StructureDefinition/shr-vital-BodyMassIndex"
          ]
        },
        "status": "final",
        "category": [
          {
            "coding": [
              {
                "system": "http://hl7.org/fhir/observation-category",
                "code": "vital-signs"
              }
            ]
          }
        ],
        "code": {
          "coding": [
            {
              "system": "http://loinc.org",
              "code": "39156-5",
              "display": "Body Mass Index"
            }
          ],
          "text": "Body Mass Index"
        },
        "subject": {
          "reference": "urn:uuid:cd4cce57-89a7-4f96-a5e9-f4c4e6492f3c"
        },
        "context": {
          "reference": "urn:uuid:3e4fb9b0-eb30-45cc-9bf6-0a036025e4ad"
        },
        "effectiveDateTime": "2015-04-04T13:43:36-04:00",
        "issued": "2015-04-04T13:43:36-04:00",
        "valueQuantity": {
          "value": 32.4744714488577,
          "unit": "kg/m2",
          "system": "http://unitsofmeasure.org/",
          "code": "kg/m2"
        },
        "resourceType": "Observation"
      }
    },
    {
      "fullUrl": "urn:uuid:8c8d2719-9cd4-47fe-a3dd-e931b764595f",
      "resource": {
        "id": "8c8d2719-9cd4-47fe-a3dd-e931b764595f",
        "meta": {
          "profile": [
            "http://standardhealthrecord.org/fhir/StructureDefinition/shr-observation-Observation",
            "http://standardhealthrecord.org/fhir/StructureDefinition/shr-vital-BloodPressure"
          ]
        },
        "status": "final",
        "category": [
          {
            "coding": [
              {
                "system": "http://hl7.org/fhir/observation-category",
                "code": "vital-signs"
              }
            ]
          }
        ],
        "code": {
          "coding": [
            {
              "system": "http://loinc.org",
              "code": "55284-4",
              "display": "Blood Pressure"
            }
          ]
        },
        "subject": {
          "reference": "urn:uuid:cd4cce57-89a7-4f96-a5e9-f4c4e6492f3c"
        },
        "context": {
          "reference": "urn:uuid:3e4fb9b0-eb30-45cc-9bf6-0a036025e4ad"
        },
        "effectiveDateTime": "2015-04-04T13:43:36-04:00",
        "issued": "2015-04-04T13:43:36-04:00",
        "component": [
          {
            "code": {
              "coding": [
                {
                  "system": "http://loinc.org",
                  "code": "8480-6",
                  "display": "Systolic Blood Pressure"
                }
              ],
              "text": "Systolic Blood Pressure"
            },
            "valueQuantity": {
              "value": 120,
              "unit": "mmHg",
              "system": "http://unitsofmeasure.org/",
              "code": "mmHg"
            }
          },
          {
            "code": {
              "coding": [
                {
                  "system": "http://loinc.org",
                  "code": "8462-4",
                  "display": "Diastolic Blood Pressure"
                }
              ],
              "text": "Diastolic Blood Pressure"
            },
            "valueQuantity": {
              "value": 83,
              "unit": "mmHg",
              "system": "http://unitsofmeasure.org/",
              "code": "mmHg"
            }
          }
        ],
        "resourceType": "Observation"
      }
    },
    {
      "resource": {
        "meta": {
          "profile": [
            "http://standardhealthrecord.org/fhir/StructureDefinition/shr-procedure-Procedure"
          ]
        },
        "extension": [
          {
            "url": "http://standardhealthrecord.org/fhir/StructureDefinition/shr-core-CodeableConcept-extension",
            "valueCodeableConcept": {
              "coding": [
                {
                  "system": "http://snomed.info/sct",
                  "code": "127783003",
                  "display": "Spirometry (procedure)"
                }
              ],
              "text": "Spirometry (procedure)"
            }
          }
        ],
        "status": "completed",
        "code": {
          "coding": [
            {
              "system": "http://snomed.info/sct",
              "code": "127783003",
              "display": "Spirometry (procedure)"
            }
          ],
          "text": "Spirometry (procedure)"
        },
        "subject": {
          "reference": "urn:uuid:cd4cce57-89a7-4f96-a5e9-f4c4e6492f3c"
        },
        "context": {
          "reference": "urn:uuid:3e4fb9b0-eb30-45cc-9bf6-0a036025e4ad"
        },
        "performedDateTime": "2015-04-04T13:43:36-04:00",
        "reasonReference": {
          "reference": "urn:uuid:5d4b7955-647a-4ae1-bf46-0a919035b43a",
          "display": "Chronic obstructive bronchitis (disorder)"
        },
        "resourceType": "Procedure"
      }
    },
    {
      "resource": {
        "meta": {
          "profile": [
            "http://standardhealthrecord.org/fhir/StructureDefinition/shr-immunization-Immunization"
          ]
        },
        "status": "completed",
        "notGiven": false,
        "vaccineCode": {
          "coding": [
            {
              "system": "http://hl7.org/fhir/sid/cvx",
              "code": "140",
              "display": "Influenza, seasonal, injectable, preservative free"
            }
          ],
          "text": "Influenza, seasonal, injectable, preservative free"
        },
        "patient": {
          "reference": "urn:uuid:cd4cce57-89a7-4f96-a5e9-f4c4e6492f3c"
        },
        "encounter": {
          "reference": "urn:uuid:3e4fb9b0-eb30-45cc-9bf6-0a036025e4ad"
        },
        "date": "2015-04-04T13:43:36-04:00",
        "primarySource": true,
        "resourceType": "Immunization"
      }
    },
    {
      "fullUrl": "urn:uuid:b1cf619b-891b-4c77-8701-ce7054759c9f",
      "resource": {
        "id": "b1cf619b-891b-4c77-8701-ce7054759c9f",
        "meta": {
          "profile": [
            "http://standardhealthrecord.org/fhir/StructureDefinition/shr-encounter-Encounter"
          ]
        },
        "status": "finished",
        "class": {
          "code": "ambulatory"
        },
        "type": [
          {
            "coding": [
              {
                "system": "http://snomed.info/sct",
                "code": "185345009"
              }
            ],
            "text": "Encounter for symptom"
          }
        ],
        "subject": {
          "reference": "urn:uuid:cd4cce57-89a7-4f96-a5e9-f4c4e6492f3c"
        },
        "period": {
          "start": "2016-04-01T08:44:35-04:00",
          "end": "2016-04-01T08:44:35-04:00"
        },
        "reason": {
          "coding": [
            {
              "system": "http://snomed.info/sct",
              "code": "444814009",
              "display": "Viral sinusitis (disorder)"
            }
          ]
        },
        "serviceProvider": {
          "reference": "urn:uuid:53c1a360-aec2-46ea-a9ff-0b45304c3069"
        },
        "resourceType": "Encounter"
      }
    },
    {
      "fullUrl": "urn:uuid:3b2735ef-da66-4b18-a5a9-f8b4fabe9fef",
      "resource": {
        "id": "3b2735ef-da66-4b18-a5a9-f8b4fabe9fef",
        "meta": {
          "profile": [
            "http://standardhealthrecord.org/fhir/StructureDefinition/shr-problem-Problem"
          ]
        },
        "clinicalStatus": "active",
        "verificationStatus": "confirmed",
        "code": {
          "coding": [
            {
              "system": "http://snomed.info/sct",
              "code": "444814009",
              "display": "Viral sinusitis (disorder)"
            }
          ],
          "text": "Viral sinusitis (disorder)"
        },
        "subject": {
          "reference": "urn:uuid:cd4cce57-89a7-4f96-a5e9-f4c4e6492f3c"
        },
        "context": {
          "reference": "urn:uuid:b1cf619b-891b-4c77-8701-ce7054759c9f"
        },
        "onsetDateTime": "2016-03-22T15:47:27-04:00",
        "abatementDateTime": "2016-04-24T03:37:15-04:00",
        "assertedDate": "2016-03-22",
        "resourceType": "Condition"
      }
    },
    {
      "resource": {
        "meta": {
          "profile": [
            "http://standardhealthrecord.org/fhir/StructureDefinition/shr-medication-MedicationPrescription"
          ]
        },
        "extension": [
          {
            "url": "http://standardhealthrecord.org/fhir/StructureDefinition/shr-base-ActionCode-extension",
            "valueCodeableConcept": {
              "coding": [
                {
                  "system": "http://snomed.info/sct",
                  "code": "33633005",
                  "display": "Prescription of drug (procedure)"
                }
              ],
              "text": "Prescription of drug (procedure)"
            }
          }
        ],
        "status": "stopped",
        "medicationReference": {
          "reference": ""
        },
        "subject": {
          "reference": "urn:uuid:cd4cce57-89a7-4f96-a5e9-f4c4e6492f3c"
        },
        "context": {
          "reference": "urn:uuid:b1cf619b-891b-4c77-8701-ce7054759c9f"
        },
        "authoredOn": "2016-04-01",
        "reasonReference": [
          {
            "reference": "urn:uuid:fe5ffc32-e93c-4a67-bd7f-44ff088af911"
          }
        ],
        "dosageInstruction": [
          {

          }
        ],
        "resourceType": "MedicationRequest"
      }
    },
    {
      "fullUrl": "urn:uuid:8c1ca373-6582-4c7b-85cc-9e36d3f25dc7",
      "resource": {
        "id": "8c1ca373-6582-4c7b-85cc-9e36d3f25dc7",
        "meta": {
          "profile": [
            "http://standardhealthrecord.org/fhir/StructureDefinition/shr-encounter-Encounter"
          ]
        },
        "status": "finished",
        "class": {
          "code": "emergency"
        },
        "type": [
          {
            "coding": [
              {
                "system": "http://snomed.info/sct",
                "code": "50849002"
              }
            ],
            "text": "Emergency room admission"
          }
        ],
        "subject": {
          "reference": "urn:uuid:cd4cce57-89a7-4f96-a5e9-f4c4e6492f3c"
        },
        "period": {
          "start": "2017-01-24T08:13:26-05:00",
          "end": "2017-01-24T08:13:26-05:00"
        },
        "serviceProvider": {
          "reference": "urn:uuid:53c1a360-aec2-46ea-a9ff-0b45304c3069"
        },
        "resourceType": "Encounter"
      }
    },
    {
      "fullUrl": "urn:uuid:b701a919-1211-40aa-a6ba-3e5179d25a31",
      "resource": {
        "id": "b701a919-1211-40aa-a6ba-3e5179d25a31",
        "meta": {
          "profile": [
            "http://standardhealthrecord.org/fhir/StructureDefinition/shr-problem-Problem"
          ]
        },
        "clinicalStatus": "active",
        "verificationStatus": "confirmed",
        "code": {
          "coding": [
            {
              "system": "http://snomed.info/sct",
              "code": "44465007",
              "display": "Sprain of ankle"
            }
          ],
          "text": "Sprain of ankle"
        },
        "subject": {
          "reference": "urn:uuid:cd4cce57-89a7-4f96-a5e9-f4c4e6492f3c"
        },
        "context": {
          "reference": "urn:uuid:8c1ca373-6582-4c7b-85cc-9e36d3f25dc7"
        },
        "onsetDateTime": "2017-01-24T08:13:26-05:00",
        "abatementDateTime": "2017-03-05T00:17:11-05:00",
        "assertedDate": "2017-01-24",
        "resourceType": "Condition"
      }
    },
    {
      "resource": {
        "status": "completed",
        "category": [
          {
            "coding": [
              {
                "system": "http://snomed.info/sct",
                "code": "91251008",
                "display": "Physical therapy procedure"
              }
            ]
          }
        ],
        "subject": {
          "reference": "urn:uuid:cd4cce57-89a7-4f96-a5e9-f4c4e6492f3c"
        },
        "context": {
          "reference": "urn:uuid:8c1ca373-6582-4c7b-85cc-9e36d3f25dc7"
        },
        "period": {
          "start": "2017-01-24",
          "end": "2017-03-05"
        },
        "addresses": [
          {
            "reference": "urn:uuid:b701a919-1211-40aa-a6ba-3e5179d25a31"
          }
        ],
        "activity": [
          {
            "detail": {
              "code": {
                "coding": [
                  {
                    "system": "http://snomed.info/sct",
                    "code": "229586001",
                    "display": "Rest, ice, compression and elevation treatment programme"
                  }
                ]
              },
              "status": "completed"
            }
          },
          {
            "detail": {
              "code": {
                "coding": [
                  {
                    "system": "http://snomed.info/sct",
                    "code": "229070002",
                    "display": "Stretching exercises"
                  }
                ]
              },
              "status": "completed"
            }
          }
        ],
        "resourceType": "CarePlan"
      }
    },
    {
      "resource": {
        "meta": {
          "profile": [
            "http://standardhealthrecord.org/fhir/StructureDefinition/shr-medication-Medication"
          ]
        },
        "code": {
          "coding": [
            {
              "system": "http://www.nlm.nih.gov/research/umls/rxnorm",
              "code": "849574",
              "display": "Naproxen sodium 220 MG Oral Tablet"
            }
          ],
          "text": "Naproxen sodium 220 MG Oral Tablet"
        },
        "resourceType": "Medication"
      }
    },
    {
      "resource": {
        "meta": {
          "profile": [
            "http://standardhealthrecord.org/fhir/StructureDefinition/shr-medication-MedicationPrescription"
          ]
        },
        "extension": [
          {
            "url": "http://standardhealthrecord.org/fhir/StructureDefinition/shr-base-ActionCode-extension",
            "valueCodeableConcept": {
              "coding": [
                {
                  "system": "http://snomed.info/sct",
                  "code": "33633005",
                  "display": "Prescription of drug (procedure)"
                }
              ],
              "text": "Prescription of drug (procedure)"
            }
          }
        ],
        "status": "stopped",
        "medicationReference": {
          "reference": ""
        },
        "subject": {
          "reference": "urn:uuid:cd4cce57-89a7-4f96-a5e9-f4c4e6492f3c"
        },
        "context": {
          "reference": "urn:uuid:8c1ca373-6582-4c7b-85cc-9e36d3f25dc7"
        },
        "authoredOn": "2017-01-24",
        "dosageInstruction": [
          {
            "sequence": 1,
            "asNeededBoolean": true
          }
        ],
        "resourceType": "MedicationRequest"
      }
    }
  ],
  "resourceType": "Bundle"
}