{
  "type": "collection",
  "entry": [
    {
      "fullUrl": "urn:uuid:d3e1dcfd-f7b8-4e83-b3f9-9282549831cb",
      "resource": {
        "id": "d3e1dcfd-f7b8-4e83-b3f9-9282549831cb",
        "meta": {
          "profile": [
            "http://standardhealthrecord.org/fhir/StructureDefinition/shr-demographics-PersonOfRecord"
          ]
        },
        "text": {
          "status": "generated",
          "div": "<div>Generated by <a href=\"https://github.com/synthetichealth/synthea\">Synthea</a>. Version identifier: 4d02400401b9fab839e47bf5b2f1f6a8c683ab55</div>"
        },
        "extension": [
          {
            "url": "http://hl7.org/fhir/us/core/StructureDefinition/us-core-race",
            "valueCodeableConcept": {
              "coding": [
                {
                  "system": "http://hl7.org/fhir/v3/Race",
                  "code": "2106-3",
                  "display": "White"
                }
              ],
              "text": "race"
            }
          },
          {
            "url": "http://hl7.org/fhir/us/core/StructureDefinition/us-core-ethnicity",
            "valueCodeableConcept": {
              "coding": [
                {
                  "system": "http://hl7.org/fhir/v3/Ethnicity",
                  "code": "2186-5",
                  "display": "Nonhispanic"
                }
              ],
              "text": "ethnicity"
            }
          },
          {
            "url": "http://hl7.org/fhir/StructureDefinition/birthPlace",
            "valueAddress": {
              "city": "Lawrence",
              "state": "MA",
              "country": "US"
            }
          },
          {
            "url": "http://hl7.org/fhir/StructureDefinition/patient-mothersMaidenName",
            "valueString": "Daisy163 Dickinson436"
          },
          {
            "url": "http://hl7.org/fhir/us/core/StructureDefinition/us-core-birthsex",
            "valueCode": "M"
          },
          {
            "url": "http://hl7.org/fhir/StructureDefinition/patient-interpreterRequired",
            "valueBoolean": false
          },
          {
            "url": "http://standardhealthrecord.org/fhir/StructureDefinition/shr-actor-FictionalPerson-extension",
            "valueBoolean": true
          },
          {
            "url": "http://standardhealthrecord.org/fhir/StructureDefinition/shr-demographics-FathersName-extension",
            "valueHumanName": {
              "text": "Karl89 Abbott992"
            }
          },
          {
            "url": "http://standardhealthrecord.org/fhir/StructureDefinition/shr-demographics-SocialSecurityNumber-extension",
            "valueString": "999-41-3107"
          }
        ],
        "identifier": [
          {
            "system": "https://github.com/synthetichealth/synthea",
            "value": "00093013-11a4-4d88-9406-03456f7e2eb3"
          },
          {
            "type": {
              "coding": [
                {
                  "system": "http://hl7.org/fhir/identifier-type",
                  "code": "SB"
                }
              ]
            },
            "system": "http://hl7.org/fhir/sid/us-ssn",
            "value": "999413107"
          },
          {
            "type": {
              "coding": [
                {
                  "system": "http://hl7.org/fhir/v2/0203",
                  "code": "DL"
                }
              ]
            },
            "system": "urn:oid:2.16.840.1.113883.4.3.25",
            "value": "S99966862"
          },
          {
            "type": {
              "coding": [
                {
                  "system": "http://hl7.org/fhir/v2/0203",
                  "code": "PPN"
                }
              ]
            },
            "system": "http://standardhealthrecord.org/fhir/StructureDefinition/passportNumber",
            "value": "X34199978X"
          }
        ],
        "name": [
          {
            "use": "official",
            "family": "Abbott992",
            "given": [
              "Imani76"
            ],
            "prefix": [
              "Mr."
            ]
          }
        ],
        "telecom": [
          {
            "system": "phone",
            "value": "1-851-819-9843 x91707",
            "use": "home"
          }
        ],
        "gender": "male",
        "birthDate": "1990-03-14",
        "address": [
          {
            "extension": [
              {
                "extension": [
                  {
                    "url": "latitude",
                    "valueDecimal": 42.21978175390974
                  },
                  {
                    "url": "longitude",
                    "valueDecimal": -71.05374016649444
                  }
                ],
                "url": "http://hl7.org/fhir/StructureDefinition/geolocation"
              }
            ],
            "line": [
              "942 Mills Ridges",
              "Apt. 828"
            ],
            "city": "Quincy",
            "state": "MA",
            "postalCode": "02269",
            "country": "US"
          }
        ],
        "maritalStatus": {
          "coding": [
            {
              "system": "http://hl7.org/fhir/v3/MaritalStatus",
              "code": "S"
            }
          ],
          "text": "S"
        },
        "multipleBirthBoolean": false,
        "communication": [
          {
            "language": {
              "coding": [
                {
                  "system": "http://hl7.org/fhir/ValueSet/languages",
                  "code": "en-US",
                  "display": "English (United States)"
                }
              ]
            }
          }
        ],
        "resourceType": "Patient"
      }
    },
    {
      "fullUrl": "urn:uuid:94385020-3293-4bf2-adac-3eb27a79a670",
      "resource": {
        "id": "94385020-3293-4bf2-adac-3eb27a79a670",
        "meta": {
          "profile": [
            "http://standardhealthrecord.org/fhir/StructureDefinition/shr-actor-Organization"
          ]
        },
        "type": [
          {
            "coding": [
              {
                "system": "http://hl7.org/fhir/ValueSet/organization-type",
                "code": "prov",
                "display": "Healthcare Provider"
              }
            ],
            "text": "Healthcare Provider"
          }
        ],
        "name": "Synthetic Provider",
        "resourceType": "Organization"
      }
    },
    {
      "fullUrl": "urn:uuid:7fe81057-2337-44ac-9e85-c929038242d8",
      "resource": {
        "id": "7fe81057-2337-44ac-9e85-c929038242d8",
        "meta": {
          "profile": [
            "http://standardhealthrecord.org/fhir/StructureDefinition/shr-encounter-Encounter"
          ]
        },
        "status": "finished",
        "class": {
          "code": "outpatient"
        },
        "type": [
          {
            "coding": [
              {
                "system": "http://snomed.info/sct",
                "code": "185349003"
              }
            ],
            "text": "Outpatient Encounter"
          }
        ],
        "subject": {
          "reference": "urn:uuid:d3e1dcfd-f7b8-4e83-b3f9-9282549831cb"
        },
        "period": {
          "start": "2013-01-08T08:54:11-05:00",
          "end": "2013-01-08T09:54:11-05:00"
        },
        "serviceProvider": {
          "reference": "urn:uuid:94385020-3293-4bf2-adac-3eb27a79a670"
        },
        "resourceType": "Encounter"
      }
    },
    {
      "fullUrl": "urn:uuid:1e11bac9-5f1b-4f4a-b95e-a273c18951d4",
      "resource": {
        "id": "1e11bac9-5f1b-4f4a-b95e-a273c18951d4",
        "meta": {
          "profile": [
            "http://standardhealthrecord.org/fhir/StructureDefinition/shr-problem-Problem"
          ]
        },
        "clinicalStatus": "active",
        "verificationStatus": "confirmed",
        "code": {
          "coding": [
            {
              "system": "http://snomed.info/sct",
              "code": "15777000",
              "display": "Prediabetes"
            }
          ],
          "text": "Prediabetes"
        },
        "subject": {
          "reference": "urn:uuid:d3e1dcfd-f7b8-4e83-b3f9-9282549831cb"
        },
        "context": {
          "reference": "urn:uuid:7fe81057-2337-44ac-9e85-c929038242d8"
        },
        "onsetDateTime": "2010-03-31T12:22:17-04:00",
        "assertedDate": "2010-03-31",
        "resourceType": "Condition"
      }
    },
    {
      "fullUrl": "urn:uuid:51671dc3-0cda-4113-81ce-01cb6b9df398",
      "resource": {
        "id": "51671dc3-0cda-4113-81ce-01cb6b9df398",
        "meta": {
          "profile": [
            "http://standardhealthrecord.org/fhir/StructureDefinition/shr-observation-Observation"
          ]
        },
        "status": "final",
        "category": [
          {
            "coding": [
              {
                "system": "http://hl7.org/fhir/observation-category",
                "code": "laboratory"
              }
            ]
          }
        ],
        "code": {
          "coding": [
            {
              "system": "http://loinc.org",
              "code": "4548-4",
              "display": "Hemoglobin A1c/Hemoglobin.total in Blood"
            }
          ],
          "text": "Hemoglobin A1c/Hemoglobin.total in Blood"
        },
        "subject": {
          "reference": "urn:uuid:d3e1dcfd-f7b8-4e83-b3f9-9282549831cb"
        },
        "context": {
          "reference": "urn:uuid:7fe81057-2337-44ac-9e85-c929038242d8"
        },
        "effectiveDateTime": "2013-01-08T08:54:11-05:00",
        "issued": "2013-01-08T08:54:11-05:00",
        "valueQuantity": {
          "value": 6.3,
          "unit": "%",
          "system": "http://unitsofmeasure.org/",
          "code": "%"
        },
        "resourceType": "Observation"
      }
    },
    {
      "fullUrl": "urn:uuid:c53b4bad-3b7f-493c-8d68-ab03200ae75d",
      "resource": {
        "id": "c53b4bad-3b7f-493c-8d68-ab03200ae75d",
        "meta": {
          "profile": [
            "http://standardhealthrecord.org/fhir/StructureDefinition/shr-observation-Observation",
            "http://standardhealthrecord.org/fhir/StructureDefinition/shr-vital-VitalSign",
            "http://standardhealthrecord.org/fhir/StructureDefinition/shr-vital-BodyHeight"
          ]
        },
        "status": "final",
        "category": [
          {
            "coding": [
              {
                "system": "http://hl7.org/fhir/observation-category",
                "code": "vital-signs"
              }
            ]
          }
        ],
        "code": {
          "coding": [
            {
              "system": "http://loinc.org",
              "code": "8302-2",
              "display": "Body Height"
            }
          ],
          "text": "Body Height"
        },
        "subject": {
          "reference": "urn:uuid:d3e1dcfd-f7b8-4e83-b3f9-9282549831cb"
        },
        "context": {
          "reference": "urn:uuid:7fe81057-2337-44ac-9e85-c929038242d8"
        },
        "effectiveDateTime": "2013-01-08T08:54:11-05:00",
        "issued": "2013-01-08T08:54:11-05:00",
        "valueQuantity": {
          "value": 173.39742276339572,
          "unit": "cm",
          "system": "http://unitsofmeasure.org/",
          "code": "cm"
        },
        "resourceType": "Observation"
      }
    },
    {
      "fullUrl": "urn:uuid:5aec5c07-0617-42c6-8b0f-7e433b72ff70",
      "resource": {
        "id": "5aec5c07-0617-42c6-8b0f-7e433b72ff70",
        "meta": {
          "profile": [
            "http://standardhealthrecord.org/fhir/StructureDefinition/shr-observation-Observation",
            "http://standardhealthrecord.org/fhir/StructureDefinition/shr-vital-VitalSign",
            "http://standardhealthrecord.org/fhir/StructureDefinition/shr-vital-BodyWeight"
          ]
        },
        "status": "final",
        "category": [
          {
            "coding": [
              {
                "system": "http://hl7.org/fhir/observation-category",
                "code": "vital-signs"
              }
            ]
          }
        ],
        "code": {
          "coding": [
            {
              "system": "http://loinc.org",
              "code": "29463-7",
              "display": "Body Weight"
            }
          ],
          "text": "Body Weight"
        },
        "subject": {
          "reference": "urn:uuid:d3e1dcfd-f7b8-4e83-b3f9-9282549831cb"
        },
        "context": {
          "reference": "urn:uuid:7fe81057-2337-44ac-9e85-c929038242d8"
        },
        "effectiveDateTime": "2013-01-08T08:54:11-05:00",
        "issued": "2013-01-08T08:54:11-05:00",
        "valueQuantity": {
          "value": 71.8447217452008,
          "unit": "kg",
          "system": "http://unitsofmeasure.org/",
          "code": "kg"
        },
        "resourceType": "Observation"
      }
    },
    {
      "fullUrl": "urn:uuid:700a8287-2037-4221-8794-354c67244b1b",
      "resource": {
        "id": "700a8287-2037-4221-8794-354c67244b1b",
        "meta": {
          "profile": [
            "http://standardhealthrecord.org/fhir/StructureDefinition/shr-observation-Observation",
            "http://standardhealthrecord.org/fhir/StructureDefinition/shr-vital-VitalSign",
            "http://standardhealthrecord.org/fhir/StructureDefinition/shr-vital-BodyMassIndex"
          ]
        },
        "status": "final",
        "category": [
          {
            "coding": [
              {
                "system": "http://hl7.org/fhir/observation-category",
                "code": "vital-signs"
              }
            ]
          }
        ],
        "code": {
          "coding": [
            {
              "system": "http://loinc.org",
              "code": "39156-5",
              "display": "Body Mass Index"
            }
          ],
          "text": "Body Mass Index"
        },
        "subject": {
          "reference": "urn:uuid:d3e1dcfd-f7b8-4e83-b3f9-9282549831cb"
        },
        "context": {
          "reference": "urn:uuid:7fe81057-2337-44ac-9e85-c929038242d8"
        },
        "effectiveDateTime": "2013-01-08T08:54:11-05:00",
        "issued": "2013-01-08T08:54:11-05:00",
        "valueQuantity": {
          "value": 23.89514062422065,
          "unit": "kg/m2",
          "system": "http://unitsofmeasure.org/",
          "code": "kg/m2"
        },
        "resourceType": "Observation"
      }
    },
    {
      "fullUrl": "urn:uuid:98bcbd10-cac2-4146-ab3b-c23c7dca4dce",
      "resource": {
        "id": "98bcbd10-cac2-4146-ab3b-c23c7dca4dce",
        "meta": {
          "profile": [
            "http://standardhealthrecord.org/fhir/StructureDefinition/shr-observation-Observation",
            "http://standardhealthrecord.org/fhir/StructureDefinition/shr-vital-BloodPressure"
          ]
        },
        "status": "final",
        "category": [
          {
            "coding": [
              {
                "system": "http://hl7.org/fhir/observation-category",
                "code": "vital-signs"
              }
            ]
          }
        ],
        "code": {
          "coding": [
            {
              "system": "http://loinc.org",
              "code": "55284-4",
              "display": "Blood Pressure"
            }
          ]
        },
        "subject": {
          "reference": "urn:uuid:d3e1dcfd-f7b8-4e83-b3f9-9282549831cb"
        },
        "context": {
          "reference": "urn:uuid:7fe81057-2337-44ac-9e85-c929038242d8"
        },
        "effectiveDateTime": "2013-01-08T08:54:11-05:00",
        "issued": "2013-01-08T08:54:11-05:00",
        "component": [
          {
            "code": {
              "coding": [
                {
                  "system": "http://loinc.org",
                  "code": "8480-6",
                  "display": "Systolic Blood Pressure"
                }
              ],
              "text": "Systolic Blood Pressure"
            },
            "valueQuantity": {
              "value": 101,
              "unit": "mmHg",
              "system": "http://unitsofmeasure.org/",
              "code": "mmHg"
            }
          },
          {
            "code": {
              "coding": [
                {
                  "system": "http://loinc.org",
                  "code": "8462-4",
                  "display": "Diastolic Blood Pressure"
                }
              ],
              "text": "Diastolic Blood Pressure"
            },
            "valueQuantity": {
              "value": 86,
              "unit": "mmHg",
              "system": "http://unitsofmeasure.org/",
              "code": "mmHg"
            }
          }
        ],
        "resourceType": "Observation"
      }
    },
    {
      "fullUrl": "urn:uuid:78901893-f77a-4315-a1be-8cc5a0f9f337",
      "resource": {
        "id": "78901893-f77a-4315-a1be-8cc5a0f9f337",
        "meta": {
          "profile": [
            "http://standardhealthrecord.org/fhir/StructureDefinition/shr-observation-Observation"
          ]
        },
        "status": "final",
        "category": [
          {
            "coding": [
              {
                "system": "http://hl7.org/fhir/observation-category",
                "code": "laboratory"
              }
            ]
          }
        ],
        "code": {
          "coding": [
            {
              "system": "http://loinc.org",
              "code": "4548-4",
              "display": "Hemoglobin A1c/Hemoglobin.total in Blood"
            }
          ],
          "text": "Hemoglobin A1c/Hemoglobin.total in Blood"
        },
        "subject": {
          "reference": "urn:uuid:d3e1dcfd-f7b8-4e83-b3f9-9282549831cb"
        },
        "context": {
          "reference": "urn:uuid:7fe81057-2337-44ac-9e85-c929038242d8"
        },
        "effectiveDateTime": "2013-01-08T08:54:11-05:00",
        "issued": "2013-01-08T08:54:11-05:00",
        "valueQuantity": {
          "value": 6.3,
          "unit": "%",
          "system": "http://unitsofmeasure.org/",
          "code": "%"
        },
        "resourceType": "Observation"
      }
    },
    {
      "fullUrl": "urn:uuid:840f007d-6f3e-4ccd-a9f8-6a10686b1338",
      "resource": {
        "id": "840f007d-6f3e-4ccd-a9f8-6a10686b1338",
        "meta": {
          "profile": [
            "http://standardhealthrecord.org/fhir/StructureDefinition/shr-observation-Observation"
          ]
        },
        "status": "final",
        "category": [
          {
            "coding": [
              {
                "system": "http://hl7.org/fhir/observation-category",
                "code": "laboratory"
              }
            ]
          }
        ],
        "code": {
          "coding": [
            {
              "system": "http://loinc.org",
              "code": "2339-0",
              "display": "Glucose"
            }
          ],
          "text": "Glucose"
        },
        "subject": {
          "reference": "urn:uuid:d3e1dcfd-f7b8-4e83-b3f9-9282549831cb"
        },
        "context": {
          "reference": "urn:uuid:7fe81057-2337-44ac-9e85-c929038242d8"
        },
        "effectiveDateTime": "2013-01-08T08:54:11-05:00",
        "issued": "2013-01-08T08:54:11-05:00",
        "valueQuantity": {
          "value": 74,
          "unit": "mg/dL",
          "system": "http://unitsofmeasure.org/",
          "code": "mg/dL"
        },
        "resourceType": "Observation"
      }
    },
    {
      "fullUrl": "urn:uuid:bf4d2371-be7e-4720-a68b-6a67b84f2a6e",
      "resource": {
        "id": "bf4d2371-be7e-4720-a68b-6a67b84f2a6e",
        "meta": {
          "profile": [
            "http://standardhealthrecord.org/fhir/StructureDefinition/shr-observation-Observation"
          ]
        },
        "status": "final",
        "category": [
          {
            "coding": [
              {
                "system": "http://hl7.org/fhir/observation-category",
                "code": "laboratory"
              }
            ]
          }
        ],
        "code": {
          "coding": [
            {
              "system": "http://loinc.org",
              "code": "6299-2",
              "display": "Urea Nitrogen"
            }
          ],
          "text": "Urea Nitrogen"
        },
        "subject": {
          "reference": "urn:uuid:d3e1dcfd-f7b8-4e83-b3f9-9282549831cb"
        },
        "context": {
          "reference": "urn:uuid:7fe81057-2337-44ac-9e85-c929038242d8"
        },
        "effectiveDateTime": "2013-01-08T08:54:11-05:00",
        "issued": "2013-01-08T08:54:11-05:00",
        "valueQuantity": {
          "value": 14,
          "unit": "mg/dL",
          "system": "http://unitsofmeasure.org/",
          "code": "mg/dL"
        },
        "resourceType": "Observation"
      }
    },
    {
      "fullUrl": "urn:uuid:b5646897-9ece-454c-8b71-31d404aba8cc",
      "resource": {
        "id": "b5646897-9ece-454c-8b71-31d404aba8cc",
        "meta": {
          "profile": [
            "http://standardhealthrecord.org/fhir/StructureDefinition/shr-observation-Observation"
          ]
        },
        "status": "final",
        "category": [
          {
            "coding": [
              {
                "system": "http://hl7.org/fhir/observation-category",
                "code": "laboratory"
              }
            ]
          }
        ],
        "code": {
          "coding": [
            {
              "system": "http://loinc.org",
              "code": "38483-4",
              "display": "Creatinine"
            }
          ],
          "text": "Creatinine"
        },
        "subject": {
          "reference": "urn:uuid:d3e1dcfd-f7b8-4e83-b3f9-9282549831cb"
        },
        "context": {
          "reference": "urn:uuid:7fe81057-2337-44ac-9e85-c929038242d8"
        },
        "effectiveDateTime": "2013-01-08T08:54:11-05:00",
        "issued": "2013-01-08T08:54:11-05:00",
        "valueQuantity": {
          "value": 1.0,
          "unit": "mg/dL",
          "system": "http://unitsofmeasure.org/",
          "code": "mg/dL"
        },
        "resourceType": "Observation"
      }
    },
    {
      "fullUrl": "urn:uuid:78045882-723c-499f-be5c-95e6942cfa19",
      "resource": {
        "id": "78045882-723c-499f-be5c-95e6942cfa19",
        "meta": {
          "profile": [
            "http://standardhealthrecord.org/fhir/StructureDefinition/shr-observation-Observation"
          ]
        },
        "status": "final",
        "category": [
          {
            "coding": [
              {
                "system": "http://hl7.org/fhir/observation-category",
                "code": "laboratory"
              }
            ]
          }
        ],
        "code": {
          "coding": [
            {
              "system": "http://loinc.org",
              "code": "49765-1",
              "display": "Calcium"
            }
          ],
          "text": "Calcium"
        },
        "subject": {
          "reference": "urn:uuid:d3e1dcfd-f7b8-4e83-b3f9-9282549831cb"
        },
        "context": {
          "reference": "urn:uuid:7fe81057-2337-44ac-9e85-c929038242d8"
        },
        "effectiveDateTime": "2013-01-08T08:54:11-05:00",
        "issued": "2013-01-08T08:54:11-05:00",
        "valueQuantity": {
          "value": 8.623698992553656,
          "unit": "mg/dL",
          "system": "http://unitsofmeasure.org/",
          "code": "mg/dL"
        },
        "resourceType": "Observation"
      }
    },
    {
      "fullUrl": "urn:uuid:fd944286-7566-4aa0-96f4-943cafcaf002",
      "resource": {
        "id": "fd944286-7566-4aa0-96f4-943cafcaf002",
        "meta": {
          "profile": [
            "http://standardhealthrecord.org/fhir/StructureDefinition/shr-observation-Observation"
          ]
        },
        "status": "final",
        "category": [
          {
            "coding": [
              {
                "system": "http://hl7.org/fhir/observation-category",
                "code": "laboratory"
              }
            ]
          }
        ],
        "code": {
          "coding": [
            {
              "system": "http://loinc.org",
              "code": "2947-0",
              "display": "Sodium"
            }
          ],
          "text": "Sodium"
        },
        "subject": {
          "reference": "urn:uuid:d3e1dcfd-f7b8-4e83-b3f9-9282549831cb"
        },
        "context": {
          "reference": "urn:uuid:7fe81057-2337-44ac-9e85-c929038242d8"
        },
        "effectiveDateTime": "2013-01-08T08:54:11-05:00",
        "issued": "2013-01-08T08:54:11-05:00",
        "valueQuantity": {
          "value": 136,
          "unit": "mmol/L",
          "system": "http://unitsofmeasure.org/",
          "code": "mmol/L"
        },
        "resourceType": "Observation"
      }
    },
    {
      "fullUrl": "urn:uuid:0ec3c4c0-cd15-4fb9-8178-41794832b740",
      "resource": {
        "id": "0ec3c4c0-cd15-4fb9-8178-41794832b740",
        "meta": {
          "profile": [
            "http://standardhealthrecord.org/fhir/StructureDefinition/shr-observation-Observation"
          ]
        },
        "status": "final",
        "category": [
          {
            "coding": [
              {
                "system": "http://hl7.org/fhir/observation-category",
                "code": "laboratory"
              }
            ]
          }
        ],
        "code": {
          "coding": [
            {
              "system": "http://loinc.org",
              "code": "6298-4",
              "display": "Potassium"
            }
          ],
          "text": "Potassium"
        },
        "subject": {
          "reference": "urn:uuid:d3e1dcfd-f7b8-4e83-b3f9-9282549831cb"
        },
        "context": {
          "reference": "urn:uuid:7fe81057-2337-44ac-9e85-c929038242d8"
        },
        "effectiveDateTime": "2013-01-08T08:54:11-05:00",
        "issued": "2013-01-08T08:54:11-05:00",
        "valueQuantity": {
          "value": 3.944819954008335,
          "unit": "mmol/L",
          "system": "http://unitsofmeasure.org/",
          "code": "mmol/L"
        },
        "resourceType": "Observation"
      }
    },
    {
      "fullUrl": "urn:uuid:6f1e9158-9ec9-4526-a12b-75a17447fa50",
      "resource": {
        "id": "6f1e9158-9ec9-4526-a12b-75a17447fa50",
        "meta": {
          "profile": [
            "http://standardhealthrecord.org/fhir/StructureDefinition/shr-observation-Observation"
          ]
        },
        "status": "final",
        "category": [
          {
            "coding": [
              {
                "system": "http://hl7.org/fhir/observation-category",
                "code": "laboratory"
              }
            ]
          }
        ],
        "code": {
          "coding": [
            {
              "system": "http://loinc.org",
              "code": "2069-3",
              "display": "Chloride"
            }
          ],
          "text": "Chloride"
        },
        "subject": {
          "reference": "urn:uuid:d3e1dcfd-f7b8-4e83-b3f9-9282549831cb"
        },
        "context": {
          "reference": "urn:uuid:7fe81057-2337-44ac-9e85-c929038242d8"
        },
        "effectiveDateTime": "2013-01-08T08:54:11-05:00",
        "issued": "2013-01-08T08:54:11-05:00",
        "valueQuantity": {
          "value": 109,
          "unit": "mmol/L",
          "system": "http://unitsofmeasure.org/",
          "code": "mmol/L"
        },
        "resourceType": "Observation"
      }
    },
    {
      "fullUrl": "urn:uuid:fd3e23af-cf0a-49d1-997d-522c42c5b3b8",
      "resource": {
        "id": "fd3e23af-cf0a-49d1-997d-522c42c5b3b8",
        "meta": {
          "profile": [
            "http://standardhealthrecord.org/fhir/StructureDefinition/shr-observation-Observation"
          ]
        },
        "status": "final",
        "category": [
          {
            "coding": [
              {
                "system": "http://hl7.org/fhir/observation-category",
                "code": "laboratory"
              }
            ]
          }
        ],
        "code": {
          "coding": [
            {
              "system": "http://loinc.org",
              "code": "20565-8",
              "display": "Carbon Dioxide"
            }
          ],
          "text": "Carbon Dioxide"
        },
        "subject": {
          "reference": "urn:uuid:d3e1dcfd-f7b8-4e83-b3f9-9282549831cb"
        },
        "context": {
          "reference": "urn:uuid:7fe81057-2337-44ac-9e85-c929038242d8"
        },
        "effectiveDateTime": "2013-01-08T08:54:11-05:00",
        "issued": "2013-01-08T08:54:11-05:00",
        "valueQuantity": {
          "value": 28,
          "unit": "mmol/L",
          "system": "http://unitsofmeasure.org/",
          "code": "mmol/L"
        },
        "resourceType": "Observation"
      }
    },
    {
      "fullUrl": "urn:uuid:778d6752-6530-42cd-9305-48bcd5d492a1",
      "resource": {
        "id": "778d6752-6530-42cd-9305-48bcd5d492a1",
        "meta": {
          "profile": [
            "http://standardhealthrecord.org/fhir/StructureDefinition/shr-observation-Panel"
          ]
        },
        "status": "final",
        "code": {
          "coding": [
            {
              "system": "http://loinc.org",
              "code": "51990-0",
              "display": "Basic Metabolic Panel"
            }
          ]
        },
        "subject": {
          "reference": "urn:uuid:d3e1dcfd-f7b8-4e83-b3f9-9282549831cb"
        },
        "context": {
          "reference": "urn:uuid:7fe81057-2337-44ac-9e85-c929038242d8"
        },
        "effectiveDateTime": "2013-01-08T08:54:11-05:00",
        "issued": "2013-01-08T08:54:11-05:00",
        "result": [
          {
            "reference": "urn:uuid:840f007d-6f3e-4ccd-a9f8-6a10686b1338",
            "display": "Glucose"
          },
          {
            "reference": "urn:uuid:bf4d2371-be7e-4720-a68b-6a67b84f2a6e",
            "display": "Urea Nitrogen"
          },
          {
            "reference": "urn:uuid:b5646897-9ece-454c-8b71-31d404aba8cc",
            "display": "Creatinine"
          },
          {
            "reference": "urn:uuid:78045882-723c-499f-be5c-95e6942cfa19",
            "display": "Calcium"
          },
          {
            "reference": "urn:uuid:fd944286-7566-4aa0-96f4-943cafcaf002",
            "display": "Sodium"
          },
          {
            "reference": "urn:uuid:0ec3c4c0-cd15-4fb9-8178-41794832b740",
            "display": "Potassium"
          },
          {
            "reference": "urn:uuid:6f1e9158-9ec9-4526-a12b-75a17447fa50",
            "display": "Chloride"
          },
          {
            "reference": "urn:uuid:fd3e23af-cf0a-49d1-997d-522c42c5b3b8",
            "display": "Carbon Dioxide"
          }
        ],
        "resourceType": "DiagnosticReport"
      }
    },
    {
      "resource": {
        "meta": {
          "profile": [
            "http://standardhealthrecord.org/fhir/StructureDefinition/shr-procedure-Procedure"
          ]
        },
        "extension": [
          {
            "url": "http://standardhealthrecord.org/fhir/StructureDefinition/shr-core-CodeableConcept-extension",
            "valueCodeableConcept": {
              "coding": [
                {
                  "system": "http://snomed.info/sct",
                  "code": "428191000124101",
                  "display": "Documentation of current medications"
                }
              ],
              "text": "Documentation of current medications"
            }
          }
        ],
        "status": "completed",
        "code": {
          "coding": [
            {
              "system": "http://snomed.info/sct",
              "code": "428191000124101",
              "display": "Documentation of current medications"
            }
          ],
          "text": "Documentation of current medications"
        },
        "subject": {
          "reference": "urn:uuid:d3e1dcfd-f7b8-4e83-b3f9-9282549831cb"
        },
        "context": {
          "reference": "urn:uuid:7fe81057-2337-44ac-9e85-c929038242d8"
        },
        "performedDateTime": "2013-01-08T08:54:11-05:00",
        "resourceType": "Procedure"
      }
    },
    {
      "resource": {
        "meta": {
          "profile": [
            "http://standardhealthrecord.org/fhir/StructureDefinition/shr-immunization-Immunization"
          ]
        },
        "status": "completed",
        "notGiven": false,
        "vaccineCode": {
          "coding": [
            {
              "system": "http://hl7.org/fhir/sid/cvx",
              "code": "140",
              "display": "Influenza, seasonal, injectable, preservative free"
            }
          ],
          "text": "Influenza, seasonal, injectable, preservative free"
        },
        "patient": {
          "reference": "urn:uuid:d3e1dcfd-f7b8-4e83-b3f9-9282549831cb"
        },
        "encounter": {
          "reference": "urn:uuid:7fe81057-2337-44ac-9e85-c929038242d8"
        },
        "date": "2013-01-08T08:54:11-05:00",
        "primarySource": true,
        "resourceType": "Immunization"
      }
    },
    {
      "resource": {
        "meta": {
          "profile": [
            "http://standardhealthrecord.org/fhir/StructureDefinition/shr-immunization-Immunization"
          ]
        },
        "status": "completed",
        "notGiven": false,
        "vaccineCode": {
          "coding": [
            {
              "system": "http://hl7.org/fhir/sid/cvx",
              "code": "113",
              "display": "Td (adult) preservative free"
            }
          ],
          "text": "Td (adult) preservative free"
        },
        "patient": {
          "reference": "urn:uuid:d3e1dcfd-f7b8-4e83-b3f9-9282549831cb"
        },
        "encounter": {
          "reference": "urn:uuid:7fe81057-2337-44ac-9e85-c929038242d8"
        },
        "date": "2013-01-08T08:54:11-05:00",
        "primarySource": true,
        "resourceType": "Immunization"
      }
    },
    {
      "resource": {
        "status": "in-progress",
        "description": {
          "text": "Hemoglobin A1c total in Blood < 7.0"
        },
        "addresses": [
          {
            "reference": "urn:uuid:1e11bac9-5f1b-4f4a-b95e-a273c18951d4"
          }
        ],
        "resourceType": "Goal"
      }
    },
    {
      "resource": {
        "status": "in-progress",
        "description": {
          "text": "Glucose [Mass/volume] in Blood < 108"
        },
        "addresses": [
          {
            "reference": "urn:uuid:1e11bac9-5f1b-4f4a-b95e-a273c18951d4"
          }
        ],
        "resourceType": "Goal"
      }
    },
    {
      "resource": {
        "status": "in-progress",
        "description": {
          "text": "Maintain blood pressure below 140/90 mmHg"
        },
        "addresses": [
          {
            "reference": "urn:uuid:1e11bac9-5f1b-4f4a-b95e-a273c18951d4"
          }
        ],
        "resourceType": "Goal"
      }
    },
    {
      "resource": {
        "status": "in-progress",
        "description": {
          "text": "Improve and maintenance of optimal foot health: aim at early detection of peripheral vascular problems and neuropathy presumed due to diabetes; and prevention of diabetic foot ulcer, gangrene"
        },
        "addresses": [
          {
            "reference": "urn:uuid:1e11bac9-5f1b-4f4a-b95e-a273c18951d4"
          }
        ],
        "resourceType": "Goal"
      }
    },
    {
      "resource": {
        "status": "in-progress",
        "description": {
          "text": "Address patient knowledge deficit on diabetic self-care"
        },
        "addresses": [
          {
            "reference": "urn:uuid:1e11bac9-5f1b-4f4a-b95e-a273c18951d4"
          }
        ],
        "resourceType": "Goal"
      }
    },
    {
      "resource": {
        "status": "active",
        "category": [
          {
            "coding": [
              {
                "system": "http://snomed.info/sct",
                "code": "698360004",
                "display": "Diabetes self management plan"
              }
            ]
          }
        ],
        "subject": {
          "reference": "urn:uuid:d3e1dcfd-f7b8-4e83-b3f9-9282549831cb"
        },
        "context": {
          "reference": "urn:uuid:7fe81057-2337-44ac-9e85-c929038242d8"
        },
        "period": {
          "start": "2010-03-31"
        },
        "addresses": [
          {
            "reference": "urn:uuid:1e11bac9-5f1b-4f4a-b95e-a273c18951d4"
          }
        ],
        "goal": [
          {
            "reference": ""
          },
          {
            "reference": ""
          },
          {
            "reference": ""
          },
          {
            "reference": ""
          },
          {
            "reference": ""
          }
        ],
        "activity": [
          {
            "detail": {
              "code": {
                "coding": [
                  {
                    "system": "http://snomed.info/sct",
                    "code": "160670007",
                    "display": "Diabetic diet"
                  }
                ]
              },
              "status": "in-progress"
            }
          },
          {
            "detail": {
              "code": {
                "coding": [
                  {
                    "system": "http://snomed.info/sct",
                    "code": "229065009",
                    "display": "Exercise therapy"
                  }
                ]
              },
              "status": "in-progress"
            }
          }
        ],
        "resourceType": "CarePlan"
      }
    },
    {
      "fullUrl": "urn:uuid:9ed19564-623b-4cd2-b1db-4b1c16d455f3",
      "resource": {
        "id": "9ed19564-623b-4cd2-b1db-4b1c16d455f3",
        "meta": {
          "profile": [
            "http://standardhealthrecord.org/fhir/StructureDefinition/shr-encounter-Encounter"
          ]
        },
        "status": "finished",
        "class": {
          "code": "outpatient"
        },
        "type": [
          {
            "coding": [
              {
                "system": "http://snomed.info/sct",
                "code": "185349003"
              }
            ],
            "text": "Outpatient Encounter"
          }
        ],
        "subject": {
          "reference": "urn:uuid:d3e1dcfd-f7b8-4e83-b3f9-9282549831cb"
        },
        "period": {
          "start": "2015-11-23T21:38:38-05:00",
          "end": "2015-11-23T22:38:38-05:00"
        },
        "serviceProvider": {
          "reference": "urn:uuid:94385020-3293-4bf2-adac-3eb27a79a670"
        },
        "resourceType": "Encounter"
      }
    },
    {
      "fullUrl": "urn:uuid:480b7fa1-65b6-485d-8c13-26793e7ce8a0",
      "resource": {
        "id": "480b7fa1-65b6-485d-8c13-26793e7ce8a0",
        "meta": {
          "profile": [
            "http://standardhealthrecord.org/fhir/StructureDefinition/shr-observation-Observation"
          ]
        },
        "status": "final",
        "category": [
          {
            "coding": [
              {
                "system": "http://hl7.org/fhir/observation-category",
                "code": "laboratory"
              }
            ]
          }
        ],
        "code": {
          "coding": [
            {
              "system": "http://loinc.org",
              "code": "4548-4",
              "display": "Hemoglobin A1c/Hemoglobin.total in Blood"
            }
          ],
          "text": "Hemoglobin A1c/Hemoglobin.total in Blood"
        },
        "subject": {
          "reference": "urn:uuid:d3e1dcfd-f7b8-4e83-b3f9-9282549831cb"
        },
        "context": {
          "reference": "urn:uuid:9ed19564-623b-4cd2-b1db-4b1c16d455f3"
        },
        "effectiveDateTime": "2015-11-23T21:38:38-05:00",
        "issued": "2015-11-23T21:38:38-05:00",
        "valueQuantity": {
          "value": 5.8,
          "unit": "%",
          "system": "http://unitsofmeasure.org/",
          "code": "%"
        },
        "resourceType": "Observation"
      }
    },
    {
      "fullUrl": "urn:uuid:2bc695d4-d33f-4533-ac3d-dc6c0bf4564b",
      "resource": {
        "id": "2bc695d4-d33f-4533-ac3d-dc6c0bf4564b",
        "meta": {
          "profile": [
            "http://standardhealthrecord.org/fhir/StructureDefinition/shr-observation-Observation",
            "http://standardhealthrecord.org/fhir/StructureDefinition/shr-vital-VitalSign",
            "http://standardhealthrecord.org/fhir/StructureDefinition/shr-vital-BodyHeight"
          ]
        },
        "status": "final",
        "category": [
          {
            "coding": [
              {
                "system": "http://hl7.org/fhir/observation-category",
                "code": "vital-signs"
              }
            ]
          }
        ],
        "code": {
          "coding": [
            {
              "system": "http://loinc.org",
              "code": "8302-2",
              "display": "Body Height"
            }
          ],
          "text": "Body Height"
        },
        "subject": {
          "reference": "urn:uuid:d3e1dcfd-f7b8-4e83-b3f9-9282549831cb"
        },
        "context": {
          "reference": "urn:uuid:9ed19564-623b-4cd2-b1db-4b1c16d455f3"
        },
        "effectiveDateTime": "2015-11-23T21:38:38-05:00",
        "issued": "2015-11-23T21:38:38-05:00",
        "valueQuantity": {
          "value": 173.39742276339572,
          "unit": "cm",
          "system": "http://unitsofmeasure.org/",
          "code": "cm"
        },
        "resourceType": "Observation"
      }
    },
    {
      "fullUrl": "urn:uuid:a3bf0156-a2ba-448f-aaed-b5c5a1102631",
      "resource": {
        "id": "a3bf0156-a2ba-448f-aaed-b5c5a1102631",
        "meta": {
          "profile": [
            "http://standardhealthrecord.org/fhir/StructureDefinition/shr-observation-Observation",
            "http://standardhealthrecord.org/fhir/StructureDefinition/shr-vital-VitalSign",
            "http://standardhealthrecord.org/fhir/StructureDefinition/shr-vital-BodyWeight"
          ]
        },
        "status": "final",
        "category": [
          {
            "coding": [
              {
                "system": "http://hl7.org/fhir/observation-category",
                "code": "vital-signs"
              }
            ]
          }
        ],
        "code": {
          "coding": [
            {
              "system": "http://loinc.org",
              "code": "29463-7",
              "display": "Body Weight"
            }
          ],
          "text": "Body Weight"
        },
        "subject": {
          "reference": "urn:uuid:d3e1dcfd-f7b8-4e83-b3f9-9282549831cb"
        },
        "context": {
          "reference": "urn:uuid:9ed19564-623b-4cd2-b1db-4b1c16d455f3"
        },
        "effectiveDateTime": "2015-11-23T21:38:38-05:00",
        "issued": "2015-11-23T21:38:38-05:00",
        "valueQuantity": {
          "value": 75.89349330307276,
          "unit": "kg",
          "system": "http://unitsofmeasure.org/",
          "code": "kg"
        },
        "resourceType": "Observation"
      }
    },
    {
      "fullUrl": "urn:uuid:cbdbd2fc-b68a-43c3-846e-f59d54107140",
      "resource": {
        "id": "cbdbd2fc-b68a-43c3-846e-f59d54107140",
        "meta": {
          "profile": [
            "http://standardhealthrecord.org/fhir/StructureDefinition/shr-observation-Observation",
            "http://standardhealthrecord.org/fhir/StructureDefinition/shr-vital-VitalSign",
            "http://standardhealthrecord.org/fhir/StructureDefinition/shr-vital-BodyMassIndex"
          ]
        },
        "status": "final",
        "category": [
          {
            "coding": [
              {
                "system": "http://hl7.org/fhir/observation-category",
                "code": "vital-signs"
              }
            ]
          }
        ],
        "code": {
          "coding": [
            {
              "system": "http://loinc.org",
              "code": "39156-5",
              "display": "Body Mass Index"
            }
          ],
          "text": "Body Mass Index"
        },
        "subject": {
          "reference": "urn:uuid:d3e1dcfd-f7b8-4e83-b3f9-9282549831cb"
        },
        "context": {
          "reference": "urn:uuid:9ed19564-623b-4cd2-b1db-4b1c16d455f3"
        },
        "effectiveDateTime": "2015-11-23T21:38:38-05:00",
        "issued": "2015-11-23T21:38:38-05:00",
        "valueQuantity": {
          "value": 25.241738723296148,
          "unit": "kg/m2",
          "system": "http://unitsofmeasure.org/",
          "code": "kg/m2"
        },
        "resourceType": "Observation"
      }
    },
    {
      "fullUrl": "urn:uuid:b03825e2-d97a-4a9b-bb8d-a909a888a28c",
      "resource": {
        "id": "b03825e2-d97a-4a9b-bb8d-a909a888a28c",
        "meta": {
          "profile": [
            "http://standardhealthrecord.org/fhir/StructureDefinition/shr-observation-Observation",
            "http://standardhealthrecord.org/fhir/StructureDefinition/shr-vital-BloodPressure"
          ]
        },
        "status": "final",
        "category": [
          {
            "coding": [
              {
                "system": "http://hl7.org/fhir/observation-category",
                "code": "vital-signs"
              }
            ]
          }
        ],
        "code": {
          "coding": [
            {
              "system": "http://loinc.org",
              "code": "55284-4",
              "display": "Blood Pressure"
            }
          ]
        },
        "subject": {
          "reference": "urn:uuid:d3e1dcfd-f7b8-4e83-b3f9-9282549831cb"
        },
        "context": {
          "reference": "urn:uuid:9ed19564-623b-4cd2-b1db-4b1c16d455f3"
        },
        "effectiveDateTime": "2015-11-23T21:38:38-05:00",
        "issued": "2015-11-23T21:38:38-05:00",
        "component": [
          {
            "code": {
              "coding": [
                {
                  "system": "http://loinc.org",
                  "code": "8480-6",
                  "display": "Systolic Blood Pressure"
                }
              ],
              "text": "Systolic Blood Pressure"
            },
            "valueQuantity": {
              "value": 136,
              "unit": "mmHg",
              "system": "http://unitsofmeasure.org/",
              "code": "mmHg"
            }
          },
          {
            "code": {
              "coding": [
                {
                  "system": "http://loinc.org",
                  "code": "8462-4",
                  "display": "Diastolic Blood Pressure"
                }
              ],
              "text": "Diastolic Blood Pressure"
            },
            "valueQuantity": {
              "value": 86,
              "unit": "mmHg",
              "system": "http://unitsofmeasure.org/",
              "code": "mmHg"
            }
          }
        ],
        "resourceType": "Observation"
      }
    },
    {
      "fullUrl": "urn:uuid:a46815f5-f296-4a1a-9a42-59ade56f2de2",
      "resource": {
        "id": "a46815f5-f296-4a1a-9a42-59ade56f2de2",
        "meta": {
          "profile": [
            "http://standardhealthrecord.org/fhir/StructureDefinition/shr-observation-Observation"
          ]
        },
        "status": "final",
        "category": [
          {
            "coding": [
              {
                "system": "http://hl7.org/fhir/observation-category",
                "code": "laboratory"
              }
            ]
          }
        ],
        "code": {
          "coding": [
            {
              "system": "http://loinc.org",
              "code": "4548-4",
              "display": "Hemoglobin A1c/Hemoglobin.total in Blood"
            }
          ],
          "text": "Hemoglobin A1c/Hemoglobin.total in Blood"
        },
        "subject": {
          "reference": "urn:uuid:d3e1dcfd-f7b8-4e83-b3f9-9282549831cb"
        },
        "context": {
          "reference": "urn:uuid:9ed19564-623b-4cd2-b1db-4b1c16d455f3"
        },
        "effectiveDateTime": "2015-11-23T21:38:38-05:00",
        "issued": "2015-11-23T21:38:38-05:00",
        "valueQuantity": {
          "value": 5.8,
          "unit": "%",
          "system": "http://unitsofmeasure.org/",
          "code": "%"
        },
        "resourceType": "Observation"
      }
    },
    {
      "fullUrl": "urn:uuid:65ae26a8-2a44-4b6f-8555-7223c0dad0be",
      "resource": {
        "id": "65ae26a8-2a44-4b6f-8555-7223c0dad0be",
        "meta": {
          "profile": [
            "http://standardhealthrecord.org/fhir/StructureDefinition/shr-observation-Observation"
          ]
        },
        "status": "final",
        "category": [
          {
            "coding": [
              {
                "system": "http://hl7.org/fhir/observation-category",
                "code": "laboratory"
              }
            ]
          }
        ],
        "code": {
          "coding": [
            {
              "system": "http://loinc.org",
              "code": "2339-0",
              "display": "Glucose"
            }
          ],
          "text": "Glucose"
        },
        "subject": {
          "reference": "urn:uuid:d3e1dcfd-f7b8-4e83-b3f9-9282549831cb"
        },
        "context": {
          "reference": "urn:uuid:9ed19564-623b-4cd2-b1db-4b1c16d455f3"
        },
        "effectiveDateTime": "2015-11-23T21:38:38-05:00",
        "issued": "2015-11-23T21:38:38-05:00",
        "valueQuantity": {
          "value": 67,
          "unit": "mg/dL",
          "system": "http://unitsofmeasure.org/",
          "code": "mg/dL"
        },
        "resourceType": "Observation"
      }
    },
    {
      "fullUrl": "urn:uuid:ed9884b7-106a-49d5-8d03-b6d09aa09c9f",
      "resource": {
        "id": "ed9884b7-106a-49d5-8d03-b6d09aa09c9f",
        "meta": {
          "profile": [
            "http://standardhealthrecord.org/fhir/StructureDefinition/shr-observation-Observation"
          ]
        },
        "status": "final",
        "category": [
          {
            "coding": [
              {
                "system": "http://hl7.org/fhir/observation-category",
                "code": "laboratory"
              }
            ]
          }
        ],
        "code": {
          "coding": [
            {
              "system": "http://loinc.org",
              "code": "6299-2",
              "display": "Urea Nitrogen"
            }
          ],
          "text": "Urea Nitrogen"
        },
        "subject": {
          "reference": "urn:uuid:d3e1dcfd-f7b8-4e83-b3f9-9282549831cb"
        },
        "context": {
          "reference": "urn:uuid:9ed19564-623b-4cd2-b1db-4b1c16d455f3"
        },
        "effectiveDateTime": "2015-11-23T21:38:38-05:00",
        "issued": "2015-11-23T21:38:38-05:00",
        "valueQuantity": {
          "value": 17,
          "unit": "mg/dL",
          "system": "http://unitsofmeasure.org/",
          "code": "mg/dL"
        },
        "resourceType": "Observation"
      }
    },
    {
      "fullUrl": "urn:uuid:80bb1d6f-da68-4535-a455-cbe8e139011d",
      "resource": {
        "id": "80bb1d6f-da68-4535-a455-cbe8e139011d",
        "meta": {
          "profile": [
            "http://standardhealthrecord.org/fhir/StructureDefinition/shr-observation-Observation"
          ]
        },
        "status": "final",
        "category": [
          {
            "coding": [
              {
                "system": "http://hl7.org/fhir/observation-category",
                "code": "laboratory"
              }
            ]
          }
        ],
        "code": {
          "coding": [
            {
              "system": "http://loinc.org",
              "code": "38483-4",
              "display": "Creatinine"
            }
          ],
          "text": "Creatinine"
        },
        "subject": {
          "reference": "urn:uuid:d3e1dcfd-f7b8-4e83-b3f9-9282549831cb"
        },
        "context": {
          "reference": "urn:uuid:9ed19564-623b-4cd2-b1db-4b1c16d455f3"
        },
        "effectiveDateTime": "2015-11-23T21:38:38-05:00",
        "issued": "2015-11-23T21:38:38-05:00",
        "valueQuantity": {
          "value": 1.0,
          "unit": "mg/dL",
          "system": "http://unitsofmeasure.org/",
          "code": "mg/dL"
        },
        "resourceType": "Observation"
      }
    },
    {
      "fullUrl": "urn:uuid:79b0d565-77ff-40a1-8259-d06c83ca4e87",
      "resource": {
        "id": "79b0d565-77ff-40a1-8259-d06c83ca4e87",
        "meta": {
          "profile": [
            "http://standardhealthrecord.org/fhir/StructureDefinition/shr-observation-Observation"
          ]
        },
        "status": "final",
        "category": [
          {
            "coding": [
              {
                "system": "http://hl7.org/fhir/observation-category",
                "code": "laboratory"
              }
            ]
          }
        ],
        "code": {
          "coding": [
            {
              "system": "http://loinc.org",
              "code": "49765-1",
              "display": "Calcium"
            }
          ],
          "text": "Calcium"
        },
        "subject": {
          "reference": "urn:uuid:d3e1dcfd-f7b8-4e83-b3f9-9282549831cb"
        },
        "context": {
          "reference": "urn:uuid:9ed19564-623b-4cd2-b1db-4b1c16d455f3"
        },
        "effectiveDateTime": "2015-11-23T21:38:38-05:00",
        "issued": "2015-11-23T21:38:38-05:00",
        "valueQuantity": {
          "value": 8.722322502508609,
          "unit": "mg/dL",
          "system": "http://unitsofmeasure.org/",
          "code": "mg/dL"
        },
        "resourceType": "Observation"
      }
    },
    {
      "fullUrl": "urn:uuid:8a771af6-8a9f-4094-b9fb-b2e394be447f",
      "resource": {
        "id": "8a771af6-8a9f-4094-b9fb-b2e394be447f",
        "meta": {
          "profile": [
            "http://standardhealthrecord.org/fhir/StructureDefinition/shr-observation-Observation"
          ]
        },
        "status": "final",
        "category": [
          {
            "coding": [
              {
                "system": "http://hl7.org/fhir/observation-category",
                "code": "laboratory"
              }
            ]
          }
        ],
        "code": {
          "coding": [
            {
              "system": "http://loinc.org",
              "code": "2947-0",
              "display": "Sodium"
            }
          ],
          "text": "Sodium"
        },
        "subject": {
          "reference": "urn:uuid:d3e1dcfd-f7b8-4e83-b3f9-9282549831cb"
        },
        "context": {
          "reference": "urn:uuid:9ed19564-623b-4cd2-b1db-4b1c16d455f3"
        },
        "effectiveDateTime": "2015-11-23T21:38:38-05:00",
        "issued": "2015-11-23T21:38:38-05:00",
        "valueQuantity": {
          "value": 144,
          "unit": "mmol/L",
          "system": "http://unitsofmeasure.org/",
          "code": "mmol/L"
        },
        "resourceType": "Observation"
      }
    },
    {
      "fullUrl": "urn:uuid:615d3217-d5af-4387-a768-ce4a8ceaacdc",
      "resource": {
        "id": "615d3217-d5af-4387-a768-ce4a8ceaacdc",
        "meta": {
          "profile": [
            "http://standardhealthrecord.org/fhir/StructureDefinition/shr-observation-Observation"
          ]
        },
        "status": "final",
        "category": [
          {
            "coding": [
              {
                "system": "http://hl7.org/fhir/observation-category",
                "code": "laboratory"
              }
            ]
          }
        ],
        "code": {
          "coding": [
            {
              "system": "http://loinc.org",
              "code": "6298-4",
              "display": "Potassium"
            }
          ],
          "text": "Potassium"
        },
        "subject": {
          "reference": "urn:uuid:d3e1dcfd-f7b8-4e83-b3f9-9282549831cb"
        },
        "context": {
          "reference": "urn:uuid:9ed19564-623b-4cd2-b1db-4b1c16d455f3"
        },
        "effectiveDateTime": "2015-11-23T21:38:38-05:00",
        "issued": "2015-11-23T21:38:38-05:00",
        "valueQuantity": {
          "value": 3.818182010588632,
          "unit": "mmol/L",
          "system": "http://unitsofmeasure.org/",
          "code": "mmol/L"
        },
        "resourceType": "Observation"
      }
    },
    {
      "fullUrl": "urn:uuid:cb5201ad-0be4-44fd-9466-55df449ef064",
      "resource": {
        "id": "cb5201ad-0be4-44fd-9466-55df449ef064",
        "meta": {
          "profile": [
            "http://standardhealthrecord.org/fhir/StructureDefinition/shr-observation-Observation"
          ]
        },
        "status": "final",
        "category": [
          {
            "coding": [
              {
                "system": "http://hl7.org/fhir/observation-category",
                "code": "laboratory"
              }
            ]
          }
        ],
        "code": {
          "coding": [
            {
              "system": "http://loinc.org",
              "code": "2069-3",
              "display": "Chloride"
            }
          ],
          "text": "Chloride"
        },
        "subject": {
          "reference": "urn:uuid:d3e1dcfd-f7b8-4e83-b3f9-9282549831cb"
        },
        "context": {
          "reference": "urn:uuid:9ed19564-623b-4cd2-b1db-4b1c16d455f3"
        },
        "effectiveDateTime": "2015-11-23T21:38:38-05:00",
        "issued": "2015-11-23T21:38:38-05:00",
        "valueQuantity": {
          "value": 101,
          "unit": "mmol/L",
          "system": "http://unitsofmeasure.org/",
          "code": "mmol/L"
        },
        "resourceType": "Observation"
      }
    },
    {
      "fullUrl": "urn:uuid:852ede8f-6cdb-494c-8d31-025444e1c32e",
      "resource": {
        "id": "852ede8f-6cdb-494c-8d31-025444e1c32e",
        "meta": {
          "profile": [
            "http://standardhealthrecord.org/fhir/StructureDefinition/shr-observation-Observation"
          ]
        },
        "status": "final",
        "category": [
          {
            "coding": [
              {
                "system": "http://hl7.org/fhir/observation-category",
                "code": "laboratory"
              }
            ]
          }
        ],
        "code": {
          "coding": [
            {
              "system": "http://loinc.org",
              "code": "20565-8",
              "display": "Carbon Dioxide"
            }
          ],
          "text": "Carbon Dioxide"
        },
        "subject": {
          "reference": "urn:uuid:d3e1dcfd-f7b8-4e83-b3f9-9282549831cb"
        },
        "context": {
          "reference": "urn:uuid:9ed19564-623b-4cd2-b1db-4b1c16d455f3"
        },
        "effectiveDateTime": "2015-11-23T21:38:38-05:00",
        "issued": "2015-11-23T21:38:38-05:00",
        "valueQuantity": {
          "value": 21,
          "unit": "mmol/L",
          "system": "http://unitsofmeasure.org/",
          "code": "mmol/L"
        },
        "resourceType": "Observation"
      }
    },
    {
      "fullUrl": "urn:uuid:a9f769af-02fe-41cb-9e36-31d7fc419c76",
      "resource": {
        "id": "a9f769af-02fe-41cb-9e36-31d7fc419c76",
        "meta": {
          "profile": [
            "http://standardhealthrecord.org/fhir/StructureDefinition/shr-observation-Panel"
          ]
        },
        "status": "final",
        "code": {
          "coding": [
            {
              "system": "http://loinc.org",
              "code": "51990-0",
              "display": "Basic Metabolic Panel"
            }
          ]
        },
        "subject": {
          "reference": "urn:uuid:d3e1dcfd-f7b8-4e83-b3f9-9282549831cb"
        },
        "context": {
          "reference": "urn:uuid:9ed19564-623b-4cd2-b1db-4b1c16d455f3"
        },
        "effectiveDateTime": "2015-11-23T21:38:38-05:00",
        "issued": "2015-11-23T21:38:38-05:00",
        "result": [
          {
            "reference": "urn:uuid:65ae26a8-2a44-4b6f-8555-7223c0dad0be",
            "display": "Glucose"
          },
          {
            "reference": "urn:uuid:ed9884b7-106a-49d5-8d03-b6d09aa09c9f",
            "display": "Urea Nitrogen"
          },
          {
            "reference": "urn:uuid:80bb1d6f-da68-4535-a455-cbe8e139011d",
            "display": "Creatinine"
          },
          {
            "reference": "urn:uuid:79b0d565-77ff-40a1-8259-d06c83ca4e87",
            "display": "Calcium"
          },
          {
            "reference": "urn:uuid:8a771af6-8a9f-4094-b9fb-b2e394be447f",
            "display": "Sodium"
          },
          {
            "reference": "urn:uuid:615d3217-d5af-4387-a768-ce4a8ceaacdc",
            "display": "Potassium"
          },
          {
            "reference": "urn:uuid:cb5201ad-0be4-44fd-9466-55df449ef064",
            "display": "Chloride"
          },
          {
            "reference": "urn:uuid:852ede8f-6cdb-494c-8d31-025444e1c32e",
            "display": "Carbon Dioxide"
          }
        ],
        "resourceType": "DiagnosticReport"
      }
    },
    {
      "resource": {
        "meta": {
          "profile": [
            "http://standardhealthrecord.org/fhir/StructureDefinition/shr-immunization-Immunization"
          ]
        },
        "status": "completed",
        "notGiven": false,
        "vaccineCode": {
          "coding": [
            {
              "system": "http://hl7.org/fhir/sid/cvx",
              "code": "140",
              "display": "Influenza, seasonal, injectable, preservative free"
            }
          ],
          "text": "Influenza, seasonal, injectable, preservative free"
        },
        "patient": {
          "reference": "urn:uuid:d3e1dcfd-f7b8-4e83-b3f9-9282549831cb"
        },
        "encounter": {
          "reference": "urn:uuid:9ed19564-623b-4cd2-b1db-4b1c16d455f3"
        },
        "date": "2015-11-23T21:38:38-05:00",
        "primarySource": true,
        "resourceType": "Immunization"
      }
    }
  ],
  "resourceType": "Bundle"
}