{
  "type": "collection",
  "entry": [
    {
      "fullUrl": "urn:uuid:c10a9c53-ee1e-4f3d-b888-2f0a3951a3f5",
      "resource": {
        "id": "c10a9c53-ee1e-4f3d-b888-2f0a3951a3f5",
        "meta": {
          "profile": [
            "http://standardhealthrecord.org/fhir/StructureDefinition/shr-demographics-PersonOfRecord"
          ]
        },
        "text": {
          "status": "generated",
          "div": "<div>Generated by <a href=\"https://github.com/synthetichealth/synthea\">Synthea</a>. Version identifier: 4d02400401b9fab839e47bf5b2f1f6a8c683ab55</div>"
        },
        "extension": [
          {
            "url": "http://hl7.org/fhir/us/core/StructureDefinition/us-core-race",
            "valueCodeableConcept": {
              "coding": [
                {
                  "system": "http://hl7.org/fhir/v3/Race",
                  "code": "2106-3",
                  "display": "White"
                }
              ],
              "text": "race"
            }
          },
          {
            "url": "http://hl7.org/fhir/us/core/StructureDefinition/us-core-ethnicity",
            "valueCodeableConcept": {
              "coding": [
                {
                  "system": "http://hl7.org/fhir/v3/Ethnicity",
                  "code": "2186-5",
                  "display": "Nonhispanic"
                }
              ],
              "text": "ethnicity"
            }
          },
          {
            "url": "http://hl7.org/fhir/StructureDefinition/birthPlace",
            "valueAddress": {
              "city": "Easton",
              "state": "MA",
              "country": "US"
            }
          },
          {
            "url": "http://hl7.org/fhir/StructureDefinition/patient-mothersMaidenName",
            "valueString": "Ezequiel542 Ebert948"
          },
          {
            "url": "http://hl7.org/fhir/us/core/StructureDefinition/us-core-birthsex",
            "valueCode": "M"
          },
          {
            "url": "http://hl7.org/fhir/StructureDefinition/patient-interpreterRequired",
            "valueBoolean": false
          },
          {
            "url": "http://standardhealthrecord.org/fhir/StructureDefinition/shr-actor-FictionalPerson-extension",
            "valueBoolean": true
          },
          {
            "url": "http://standardhealthrecord.org/fhir/StructureDefinition/shr-demographics-FathersName-extension",
            "valueHumanName": {
              "text": "Kaitlin934 Abbott992"
            }
          },
          {
            "url": "http://standardhealthrecord.org/fhir/StructureDefinition/shr-demographics-SocialSecurityNumber-extension",
            "valueString": "999-22-5184"
          }
        ],
        "identifier": [
          {
            "system": "https://github.com/synthetichealth/synthea",
            "value": "0dd10e49-197b-41de-9c36-6914b2d1e910"
          },
          {
            "type": {
              "coding": [
                {
                  "system": "http://hl7.org/fhir/identifier-type",
                  "code": "SB"
                }
              ]
            },
            "system": "http://hl7.org/fhir/sid/us-ssn",
            "value": "999225184"
          },
          {
            "type": {
              "coding": [
                {
                  "system": "http://hl7.org/fhir/v2/0203",
                  "code": "DL"
                }
              ]
            },
            "system": "urn:oid:2.16.840.1.113883.4.3.25",
            "value": "S99932045"
          }
        ],
        "name": [
          {
            "use": "official",
            "family": "Abbott992",
            "given": [
              "Efrain882"
            ]
          }
        ],
        "telecom": [
          {
            "system": "phone",
            "value": "249-318-3982",
            "use": "home"
          }
        ],
        "gender": "male",
        "birthDate": "2000-07-16",
        "address": [
          {
            "extension": [
              {
                "extension": [
                  {
                    "url": "latitude",
                    "valueDecimal": 42.073149648406684
                  },
                  {
                    "url": "longitude",
                    "valueDecimal": -70.8495898472349
                  }
                ],
                "url": "http://hl7.org/fhir/StructureDefinition/geolocation"
              }
            ],
            "line": [
              "639 Weissnat Ferry",
              "Suite 399"
            ],
            "city": "Hanson",
            "state": "MA",
            "postalCode": "02341",
            "country": "US"
          }
        ],
        "maritalStatus": {
          "coding": [
            {
              "system": "http://hl7.org/fhir/v3/MaritalStatus",
              "code": "S"
            }
          ],
          "text": "Never Married"
        },
        "multipleBirthBoolean": false,
        "communication": [
          {
            "language": {
              "coding": [
                {
                  "system": "http://hl7.org/fhir/ValueSet/languages",
                  "code": "en-US",
                  "display": "English (United States)"
                }
              ]
            }
          }
        ],
        "resourceType": "Patient"
      }
    },
    {
      "fullUrl": "urn:uuid:d8d28ae8-401b-4b82-b828-a12d98cde564",
      "resource": {
        "id": "d8d28ae8-401b-4b82-b828-a12d98cde564",
        "meta": {
          "profile": [
            "http://standardhealthrecord.org/fhir/StructureDefinition/shr-actor-Organization"
          ]
        },
        "type": [
          {
            "coding": [
              {
                "system": "http://hl7.org/fhir/ValueSet/organization-type",
                "code": "prov",
                "display": "Healthcare Provider"
              }
            ],
            "text": "Healthcare Provider"
          }
        ],
        "name": "Synthetic Provider",
        "resourceType": "Organization"
      }
    },
    {
      "fullUrl": "urn:uuid:8cd8656b-f095-430c-b7e7-dcb48383fbf1",
      "resource": {
        "id": "8cd8656b-f095-430c-b7e7-dcb48383fbf1",
        "meta": {
          "profile": [
            "http://standardhealthrecord.org/fhir/StructureDefinition/shr-encounter-Encounter"
          ]
        },
        "status": "finished",
        "class": {
          "code": "outpatient"
        },
        "type": [
          {
            "coding": [
              {
                "system": "http://snomed.info/sct",
                "code": "170258001"
              }
            ],
            "text": "Outpatient Encounter"
          }
        ],
        "subject": {
          "reference": "urn:uuid:c10a9c53-ee1e-4f3d-b888-2f0a3951a3f5"
        },
        "period": {
          "start": "2011-05-18T06:59:34-04:00",
          "end": "2011-05-18T07:59:34-04:00"
        },
        "serviceProvider": {
          "reference": "urn:uuid:d8d28ae8-401b-4b82-b828-a12d98cde564"
        },
        "resourceType": "Encounter"
      }
    },
    {
      "fullUrl": "urn:uuid:fdc21f4e-882b-41cf-99af-64488ccc4491",
      "resource": {
        "id": "fdc21f4e-882b-41cf-99af-64488ccc4491",
        "meta": {
          "profile": [
            "http://standardhealthrecord.org/fhir/StructureDefinition/shr-observation-Observation",
            "http://standardhealthrecord.org/fhir/StructureDefinition/shr-vital-VitalSign",
            "http://standardhealthrecord.org/fhir/StructureDefinition/shr-vital-BodyHeight"
          ]
        },
        "status": "final",
        "category": [
          {
            "coding": [
              {
                "system": "http://hl7.org/fhir/observation-category",
                "code": "vital-signs"
              }
            ]
          }
        ],
        "code": {
          "coding": [
            {
              "system": "http://loinc.org",
              "code": "8302-2",
              "display": "Body Height"
            }
          ],
          "text": "Body Height"
        },
        "subject": {
          "reference": "urn:uuid:c10a9c53-ee1e-4f3d-b888-2f0a3951a3f5"
        },
        "context": {
          "reference": "urn:uuid:8cd8656b-f095-430c-b7e7-dcb48383fbf1"
        },
        "effectiveDateTime": "2011-05-18T06:59:34-04:00",
        "issued": "2011-05-18T06:59:34-04:00",
        "valueQuantity": {
          "value": 143.76541434257734,
          "unit": "cm",
          "system": "http://unitsofmeasure.org/",
          "code": "cm"
        },
        "resourceType": "Observation"
      }
    },
    {
      "fullUrl": "urn:uuid:6d9b0cbf-d77f-4442-ab3a-7978fd3bc70d",
      "resource": {
        "id": "6d9b0cbf-d77f-4442-ab3a-7978fd3bc70d",
        "meta": {
          "profile": [
            "http://standardhealthrecord.org/fhir/StructureDefinition/shr-observation-Observation",
            "http://standardhealthrecord.org/fhir/StructureDefinition/shr-vital-VitalSign",
            "http://standardhealthrecord.org/fhir/StructureDefinition/shr-vital-BodyWeight"
          ]
        },
        "status": "final",
        "category": [
          {
            "coding": [
              {
                "system": "http://hl7.org/fhir/observation-category",
                "code": "vital-signs"
              }
            ]
          }
        ],
        "code": {
          "coding": [
            {
              "system": "http://loinc.org",
              "code": "29463-7",
              "display": "Body Weight"
            }
          ],
          "text": "Body Weight"
        },
        "subject": {
          "reference": "urn:uuid:c10a9c53-ee1e-4f3d-b888-2f0a3951a3f5"
        },
        "context": {
          "reference": "urn:uuid:8cd8656b-f095-430c-b7e7-dcb48383fbf1"
        },
        "effectiveDateTime": "2011-05-18T06:59:34-04:00",
        "issued": "2011-05-18T06:59:34-04:00",
        "valueQuantity": {
          "value": 34.59898948291006,
          "unit": "kg",
          "system": "http://unitsofmeasure.org/",
          "code": "kg"
        },
        "resourceType": "Observation"
      }
    },
    {
      "fullUrl": "urn:uuid:f1d162cb-bcf9-4d2d-a18d-684106dc967b",
      "resource": {
        "id": "f1d162cb-bcf9-4d2d-a18d-684106dc967b",
        "meta": {
          "profile": [
            "http://standardhealthrecord.org/fhir/StructureDefinition/shr-observation-Observation",
            "http://standardhealthrecord.org/fhir/StructureDefinition/shr-vital-VitalSign",
            "http://standardhealthrecord.org/fhir/StructureDefinition/shr-vital-BodyMassIndex"
          ]
        },
        "status": "final",
        "category": [
          {
            "coding": [
              {
                "system": "http://hl7.org/fhir/observation-category",
                "code": "vital-signs"
              }
            ]
          }
        ],
        "code": {
          "coding": [
            {
              "system": "http://loinc.org",
              "code": "39156-5",
              "display": "Body Mass Index"
            }
          ],
          "text": "Body Mass Index"
        },
        "subject": {
          "reference": "urn:uuid:c10a9c53-ee1e-4f3d-b888-2f0a3951a3f5"
        },
        "context": {
          "reference": "urn:uuid:8cd8656b-f095-430c-b7e7-dcb48383fbf1"
        },
        "effectiveDateTime": "2011-05-18T06:59:34-04:00",
        "issued": "2011-05-18T06:59:34-04:00",
        "valueQuantity": {
          "value": 16.739966094501952,
          "unit": "kg/m2",
          "system": "http://unitsofmeasure.org/",
          "code": "kg/m2"
        },
        "resourceType": "Observation"
      }
    },
    {
      "fullUrl": "urn:uuid:c14854a2-02f3-4a10-9779-8bc170a21504",
      "resource": {
        "id": "c14854a2-02f3-4a10-9779-8bc170a21504",
        "meta": {
          "profile": [
            "http://standardhealthrecord.org/fhir/StructureDefinition/shr-observation-Observation",
            "http://standardhealthrecord.org/fhir/StructureDefinition/shr-vital-BloodPressure"
          ]
        },
        "status": "final",
        "category": [
          {
            "coding": [
              {
                "system": "http://hl7.org/fhir/observation-category",
                "code": "vital-signs"
              }
            ]
          }
        ],
        "code": {
          "coding": [
            {
              "system": "http://loinc.org",
              "code": "55284-4",
              "display": "Blood Pressure"
            }
          ]
        },
        "subject": {
          "reference": "urn:uuid:c10a9c53-ee1e-4f3d-b888-2f0a3951a3f5"
        },
        "context": {
          "reference": "urn:uuid:8cd8656b-f095-430c-b7e7-dcb48383fbf1"
        },
        "effectiveDateTime": "2011-05-18T06:59:34-04:00",
        "issued": "2011-05-18T06:59:34-04:00",
        "component": [
          {
            "code": {
              "coding": [
                {
                  "system": "http://loinc.org",
                  "code": "8480-6",
                  "display": "Systolic Blood Pressure"
                }
              ],
              "text": "Systolic Blood Pressure"
            },
            "valueQuantity": {
              "value": 132,
              "unit": "mmHg",
              "system": "http://unitsofmeasure.org/",
              "code": "mmHg"
            }
          },
          {
            "code": {
              "coding": [
                {
                  "system": "http://loinc.org",
                  "code": "8462-4",
                  "display": "Diastolic Blood Pressure"
                }
              ],
              "text": "Diastolic Blood Pressure"
            },
            "valueQuantity": {
              "value": 76,
              "unit": "mmHg",
              "system": "http://unitsofmeasure.org/",
              "code": "mmHg"
            }
          }
        ],
        "resourceType": "Observation"
      }
    },
    {
      "resource": {
        "meta": {
          "profile": [
            "http://standardhealthrecord.org/fhir/StructureDefinition/shr-procedure-Procedure"
          ]
        },
        "extension": [
          {
            "url": "http://standardhealthrecord.org/fhir/StructureDefinition/shr-core-CodeableConcept-extension",
            "valueCodeableConcept": {
              "coding": [
                {
                  "system": "http://snomed.info/sct",
                  "code": "428191000124101",
                  "display": "Documentation of current medications"
                }
              ],
              "text": "Documentation of current medications"
            }
          }
        ],
        "status": "completed",
        "code": {
          "coding": [
            {
              "system": "http://snomed.info/sct",
              "code": "428191000124101",
              "display": "Documentation of current medications"
            }
          ],
          "text": "Documentation of current medications"
        },
        "subject": {
          "reference": "urn:uuid:c10a9c53-ee1e-4f3d-b888-2f0a3951a3f5"
        },
        "context": {
          "reference": "urn:uuid:8cd8656b-f095-430c-b7e7-dcb48383fbf1"
        },
        "performedDateTime": "2011-05-18T06:59:34-04:00",
        "resourceType": "Procedure"
      }
    },
    {
      "resource": {
        "meta": {
          "profile": [
            "http://standardhealthrecord.org/fhir/StructureDefinition/shr-immunization-Immunization"
          ]
        },
        "status": "completed",
        "notGiven": false,
        "vaccineCode": {
          "coding": [
            {
              "system": "http://hl7.org/fhir/sid/cvx",
              "code": "140",
              "display": "Influenza, seasonal, injectable, preservative free"
            }
          ],
          "text": "Influenza, seasonal, injectable, preservative free"
        },
        "patient": {
          "reference": "urn:uuid:c10a9c53-ee1e-4f3d-b888-2f0a3951a3f5"
        },
        "encounter": {
          "reference": "urn:uuid:8cd8656b-f095-430c-b7e7-dcb48383fbf1"
        },
        "date": "2011-05-18T06:59:34-04:00",
        "primarySource": true,
        "resourceType": "Immunization"
      }
    },
    {
      "fullUrl": "urn:uuid:6849b47b-8fd2-4840-9ace-701a77a5084a",
      "resource": {
        "id": "6849b47b-8fd2-4840-9ace-701a77a5084a",
        "meta": {
          "profile": [
            "http://standardhealthrecord.org/fhir/StructureDefinition/shr-encounter-Encounter"
          ]
        },
        "status": "finished",
        "class": {
          "code": "outpatient"
        },
        "type": [
          {
            "coding": [
              {
                "system": "http://snomed.info/sct",
                "code": "170258001"
              }
            ],
            "text": "Outpatient Encounter"
          }
        ],
        "subject": {
          "reference": "urn:uuid:c10a9c53-ee1e-4f3d-b888-2f0a3951a3f5"
        },
        "period": {
          "start": "2012-05-23T09:09:09-04:00",
          "end": "2012-05-23T10:09:09-04:00"
        },
        "serviceProvider": {
          "reference": "urn:uuid:d8d28ae8-401b-4b82-b828-a12d98cde564"
        },
        "resourceType": "Encounter"
      }
    },
    {
      "fullUrl": "urn:uuid:796dc965-ffb3-43ae-b828-f369fdba5249",
      "resource": {
        "id": "796dc965-ffb3-43ae-b828-f369fdba5249",
        "meta": {
          "profile": [
            "http://standardhealthrecord.org/fhir/StructureDefinition/shr-observation-Observation",
            "http://standardhealthrecord.org/fhir/StructureDefinition/shr-vital-VitalSign",
            "http://standardhealthrecord.org/fhir/StructureDefinition/shr-vital-BodyHeight"
          ]
        },
        "status": "final",
        "category": [
          {
            "coding": [
              {
                "system": "http://hl7.org/fhir/observation-category",
                "code": "vital-signs"
              }
            ]
          }
        ],
        "code": {
          "coding": [
            {
              "system": "http://loinc.org",
              "code": "8302-2",
              "display": "Body Height"
            }
          ],
          "text": "Body Height"
        },
        "subject": {
          "reference": "urn:uuid:c10a9c53-ee1e-4f3d-b888-2f0a3951a3f5"
        },
        "context": {
          "reference": "urn:uuid:6849b47b-8fd2-4840-9ace-701a77a5084a"
        },
        "effectiveDateTime": "2012-05-23T09:09:09-04:00",
        "issued": "2012-05-23T09:09:09-04:00",
        "valueQuantity": {
          "value": 149.65416234572743,
          "unit": "cm",
          "system": "http://unitsofmeasure.org/",
          "code": "cm"
        },
        "resourceType": "Observation"
      }
    },
    {
      "fullUrl": "urn:uuid:4f6ed827-10fa-4803-99c9-6beda27afb1d",
      "resource": {
        "id": "4f6ed827-10fa-4803-99c9-6beda27afb1d",
        "meta": {
          "profile": [
            "http://standardhealthrecord.org/fhir/StructureDefinition/shr-observation-Observation",
            "http://standardhealthrecord.org/fhir/StructureDefinition/shr-vital-VitalSign",
            "http://standardhealthrecord.org/fhir/StructureDefinition/shr-vital-BodyWeight"
          ]
        },
        "status": "final",
        "category": [
          {
            "coding": [
              {
                "system": "http://hl7.org/fhir/observation-category",
                "code": "vital-signs"
              }
            ]
          }
        ],
        "code": {
          "coding": [
            {
              "system": "http://loinc.org",
              "code": "29463-7",
              "display": "Body Weight"
            }
          ],
          "text": "Body Weight"
        },
        "subject": {
          "reference": "urn:uuid:c10a9c53-ee1e-4f3d-b888-2f0a3951a3f5"
        },
        "context": {
          "reference": "urn:uuid:6849b47b-8fd2-4840-9ace-701a77a5084a"
        },
        "effectiveDateTime": "2012-05-23T09:09:09-04:00",
        "issued": "2012-05-23T09:09:09-04:00",
        "valueQuantity": {
          "value": 39.36663767491423,
          "unit": "kg",
          "system": "http://unitsofmeasure.org/",
          "code": "kg"
        },
        "resourceType": "Observation"
      }
    },
    {
      "fullUrl": "urn:uuid:b143390e-55bb-4f1a-a39c-b3195d389800",
      "resource": {
        "id": "b143390e-55bb-4f1a-a39c-b3195d389800",
        "meta": {
          "profile": [
            "http://standardhealthrecord.org/fhir/StructureDefinition/shr-observation-Observation",
            "http://standardhealthrecord.org/fhir/StructureDefinition/shr-vital-VitalSign",
            "http://standardhealthrecord.org/fhir/StructureDefinition/shr-vital-BodyMassIndex"
          ]
        },
        "status": "final",
        "category": [
          {
            "coding": [
              {
                "system": "http://hl7.org/fhir/observation-category",
                "code": "vital-signs"
              }
            ]
          }
        ],
        "code": {
          "coding": [
            {
              "system": "http://loinc.org",
              "code": "39156-5",
              "display": "Body Mass Index"
            }
          ],
          "text": "Body Mass Index"
        },
        "subject": {
          "reference": "urn:uuid:c10a9c53-ee1e-4f3d-b888-2f0a3951a3f5"
        },
        "context": {
          "reference": "urn:uuid:6849b47b-8fd2-4840-9ace-701a77a5084a"
        },
        "effectiveDateTime": "2012-05-23T09:09:09-04:00",
        "issued": "2012-05-23T09:09:09-04:00",
        "valueQuantity": {
          "value": 17.57724160211489,
          "unit": "kg/m2",
          "system": "http://unitsofmeasure.org/",
          "code": "kg/m2"
        },
        "resourceType": "Observation"
      }
    },
    {
      "fullUrl": "urn:uuid:0807c476-cf38-42ee-9c15-3bb45bc731b2",
      "resource": {
        "id": "0807c476-cf38-42ee-9c15-3bb45bc731b2",
        "meta": {
          "profile": [
            "http://standardhealthrecord.org/fhir/StructureDefinition/shr-observation-Observation",
            "http://standardhealthrecord.org/fhir/StructureDefinition/shr-vital-BloodPressure"
          ]
        },
        "status": "final",
        "category": [
          {
            "coding": [
              {
                "system": "http://hl7.org/fhir/observation-category",
                "code": "vital-signs"
              }
            ]
          }
        ],
        "code": {
          "coding": [
            {
              "system": "http://loinc.org",
              "code": "55284-4",
              "display": "Blood Pressure"
            }
          ]
        },
        "subject": {
          "reference": "urn:uuid:c10a9c53-ee1e-4f3d-b888-2f0a3951a3f5"
        },
        "context": {
          "reference": "urn:uuid:6849b47b-8fd2-4840-9ace-701a77a5084a"
        },
        "effectiveDateTime": "2012-05-23T09:09:09-04:00",
        "issued": "2012-05-23T09:09:09-04:00",
        "component": [
          {
            "code": {
              "coding": [
                {
                  "system": "http://loinc.org",
                  "code": "8480-6",
                  "display": "Systolic Blood Pressure"
                }
              ],
              "text": "Systolic Blood Pressure"
            },
            "valueQuantity": {
              "value": 135,
              "unit": "mmHg",
              "system": "http://unitsofmeasure.org/",
              "code": "mmHg"
            }
          },
          {
            "code": {
              "coding": [
                {
                  "system": "http://loinc.org",
                  "code": "8462-4",
                  "display": "Diastolic Blood Pressure"
                }
              ],
              "text": "Diastolic Blood Pressure"
            },
            "valueQuantity": {
              "value": 74,
              "unit": "mmHg",
              "system": "http://unitsofmeasure.org/",
              "code": "mmHg"
            }
          }
        ],
        "resourceType": "Observation"
      }
    },
    {
      "resource": {
        "meta": {
          "profile": [
            "http://standardhealthrecord.org/fhir/StructureDefinition/shr-immunization-Immunization"
          ]
        },
        "status": "completed",
        "notGiven": false,
        "vaccineCode": {
          "coding": [
            {
              "system": "http://hl7.org/fhir/sid/cvx",
              "code": "140",
              "display": "Influenza, seasonal, injectable, preservative free"
            }
          ],
          "text": "Influenza, seasonal, injectable, preservative free"
        },
        "patient": {
          "reference": "urn:uuid:c10a9c53-ee1e-4f3d-b888-2f0a3951a3f5"
        },
        "encounter": {
          "reference": "urn:uuid:6849b47b-8fd2-4840-9ace-701a77a5084a"
        },
        "date": "2012-05-23T09:09:09-04:00",
        "primarySource": true,
        "resourceType": "Immunization"
      }
    },
    {
      "resource": {
        "meta": {
          "profile": [
            "http://standardhealthrecord.org/fhir/StructureDefinition/shr-immunization-Immunization"
          ]
        },
        "status": "completed",
        "notGiven": false,
        "vaccineCode": {
          "coding": [
            {
              "system": "http://hl7.org/fhir/sid/cvx",
              "code": "114",
              "display": "meningococcal MCV4P"
            }
          ],
          "text": "meningococcal MCV4P"
        },
        "patient": {
          "reference": "urn:uuid:c10a9c53-ee1e-4f3d-b888-2f0a3951a3f5"
        },
        "encounter": {
          "reference": "urn:uuid:6849b47b-8fd2-4840-9ace-701a77a5084a"
        },
        "date": "2012-05-23T09:09:09-04:00",
        "primarySource": true,
        "resourceType": "Immunization"
      }
    },
    {
      "resource": {
        "meta": {
          "profile": [
            "http://standardhealthrecord.org/fhir/StructureDefinition/shr-immunization-Immunization"
          ]
        },
        "status": "completed",
        "notGiven": false,
        "vaccineCode": {
          "coding": [
            {
              "system": "http://hl7.org/fhir/sid/cvx",
              "code": "115",
              "display": "Tdap"
            }
          ],
          "text": "Tdap"
        },
        "patient": {
          "reference": "urn:uuid:c10a9c53-ee1e-4f3d-b888-2f0a3951a3f5"
        },
        "encounter": {
          "reference": "urn:uuid:6849b47b-8fd2-4840-9ace-701a77a5084a"
        },
        "date": "2012-05-23T09:09:09-04:00",
        "primarySource": true,
        "resourceType": "Immunization"
      }
    },
    {
      "resource": {
        "meta": {
          "profile": [
            "http://standardhealthrecord.org/fhir/StructureDefinition/shr-immunization-Immunization"
          ]
        },
        "status": "completed",
        "notGiven": false,
        "vaccineCode": {
          "coding": [
            {
              "system": "http://hl7.org/fhir/sid/cvx",
              "code": "62",
              "display": "HPV, quadrivalent"
            }
          ],
          "text": "HPV, quadrivalent"
        },
        "patient": {
          "reference": "urn:uuid:c10a9c53-ee1e-4f3d-b888-2f0a3951a3f5"
        },
        "encounter": {
          "reference": "urn:uuid:6849b47b-8fd2-4840-9ace-701a77a5084a"
        },
        "date": "2012-05-23T09:09:09-04:00",
        "primarySource": true,
        "resourceType": "Immunization"
      }
    },
    {
      "fullUrl": "urn:uuid:5e5f921b-06a6-475b-a98c-3ae9ad313bed",
      "resource": {
        "id": "5e5f921b-06a6-475b-a98c-3ae9ad313bed",
        "meta": {
          "profile": [
            "http://standardhealthrecord.org/fhir/StructureDefinition/shr-encounter-Encounter"
          ]
        },
        "status": "finished",
        "class": {
          "code": "ambulatory"
        },
        "type": [
          {
            "coding": [
              {
                "system": "http://snomed.info/sct",
                "code": "185347001"
              }
            ],
            "text": "Encounter for problem"
          }
        ],
        "subject": {
          "reference": "urn:uuid:c10a9c53-ee1e-4f3d-b888-2f0a3951a3f5"
        },
        "period": {
          "start": "2012-08-29T07:40:00-04:00",
          "end": "2012-08-29T07:40:00-04:00"
        },
        "reason": {
          "coding": [
            {
              "system": "http://snomed.info/sct",
              "code": "192127007",
              "display": "Child attention deficit disorder"
            }
          ]
        },
        "serviceProvider": {
          "reference": "urn:uuid:d8d28ae8-401b-4b82-b828-a12d98cde564"
        },
        "resourceType": "Encounter"
      }
    },
    {
      "fullUrl": "urn:uuid:e4e9befb-778d-42ff-a029-d2e6bfd1f8d0",
      "resource": {
        "id": "e4e9befb-778d-42ff-a029-d2e6bfd1f8d0",
        "meta": {
          "profile": [
            "http://standardhealthrecord.org/fhir/StructureDefinition/shr-problem-Problem"
          ]
        },
        "clinicalStatus": "active",
        "verificationStatus": "confirmed",
        "code": {
          "coding": [
            {
              "system": "http://snomed.info/sct",
              "code": "192127007",
              "display": "Child attention deficit disorder"
            }
          ],
          "text": "Child attention deficit disorder"
        },
        "subject": {
          "reference": "urn:uuid:c10a9c53-ee1e-4f3d-b888-2f0a3951a3f5"
        },
        "context": {
          "reference": "urn:uuid:5e5f921b-06a6-475b-a98c-3ae9ad313bed"
        },
        "onsetDateTime": "2012-08-29T07:40:00-04:00",
        "abatementDateTime": "2012-10-06T10:44:31-04:00",
        "assertedDate": "2012-08-29",
        "resourceType": "Condition"
      }
    },
    {
      "resource": {
        "status": "completed",
        "category": [
          {
            "coding": [
              {
                "system": "http://snomed.info/sct",
                "code": "386522008",
                "display": "Overactivity/inattention behavior management"
              }
            ]
          }
        ],
        "subject": {
          "reference": "urn:uuid:c10a9c53-ee1e-4f3d-b888-2f0a3951a3f5"
        },
        "context": {
          "reference": "urn:uuid:5e5f921b-06a6-475b-a98c-3ae9ad313bed"
        },
        "period": {
          "start": "2012-08-29",
          "end": "2012-10-06"
        },
        "addresses": [
          {
            "reference": "urn:uuid:e4e9befb-778d-42ff-a029-d2e6bfd1f8d0"
          }
        ],
        "activity": [
          {
            "detail": {
              "code": {
                "coding": [
                  {
                    "system": "http://snomed.info/sct",
                    "code": "409063005",
                    "display": "Counseling"
                  }
                ]
              },
              "status": "completed"
            }
          },
          {
            "detail": {
              "code": {
                "coding": [
                  {
                    "system": "http://snomed.info/sct",
                    "code": "405783006",
                    "display": "Psychological assessment"
                  }
                ]
              },
              "status": "completed"
            }
          }
        ],
        "resourceType": "CarePlan"
      }
    },
    {
      "fullUrl": "urn:uuid:6fbb2fbd-8b4f-4e62-8886-18c6cad60a9d",
      "resource": {
        "id": "6fbb2fbd-8b4f-4e62-8886-18c6cad60a9d",
        "meta": {
          "profile": [
            "http://standardhealthrecord.org/fhir/StructureDefinition/shr-encounter-Encounter"
          ]
        },
        "status": "finished",
        "class": {
          "code": "ambulatory"
        },
        "type": [
          {
            "coding": [
              {
                "system": "http://snomed.info/sct",
                "code": "185347001"
              }
            ],
            "text": "Encounter for problem"
          }
        ],
        "subject": {
          "reference": "urn:uuid:c10a9c53-ee1e-4f3d-b888-2f0a3951a3f5"
        },
        "period": {
          "start": "2012-10-06T09:44:31-04:00",
          "end": "2012-10-06T10:44:31-04:00"
        },
        "reason": {
          "coding": [
            {
              "system": "http://snomed.info/sct",
              "code": "192127007",
              "display": "Child attention deficit disorder"
            }
          ]
        },
        "serviceProvider": {
          "reference": "urn:uuid:d8d28ae8-401b-4b82-b828-a12d98cde564"
        },
        "resourceType": "Encounter"
      }
    },
    {
      "resource": {
        "meta": {
          "profile": [
            "http://standardhealthrecord.org/fhir/StructureDefinition/shr-procedure-Procedure"
          ]
        },
        "extension": [
          {
            "url": "http://standardhealthrecord.org/fhir/StructureDefinition/shr-core-CodeableConcept-extension",
            "valueCodeableConcept": {
              "coding": [
                {
                  "system": "http://snomed.info/sct",
                  "code": "228557008",
                  "display": "Cognitive and behavioral therapy"
                }
              ],
              "text": "Cognitive and behavioral therapy"
            }
          }
        ],
        "status": "completed",
        "code": {
          "coding": [
            {
              "system": "http://snomed.info/sct",
              "code": "228557008",
              "display": "Cognitive and behavioral therapy"
            }
          ],
          "text": "Cognitive and behavioral therapy"
        },
        "subject": {
          "reference": "urn:uuid:c10a9c53-ee1e-4f3d-b888-2f0a3951a3f5"
        },
        "context": {
          "reference": "urn:uuid:6fbb2fbd-8b4f-4e62-8886-18c6cad60a9d"
        },
        "performedPeriod": {
          "start": "2012-10-06T09:44:31-04:00",
          "end": "2012-10-06T10:44:31-04:00"
        },
        "reasonReference": {
          "reference": "urn:uuid:e4e9befb-778d-42ff-a029-d2e6bfd1f8d0",
          "display": "Child attention deficit disorder"
        },
        "resourceType": "Procedure"
      }
    },
    {
      "fullUrl": "urn:uuid:29ec786c-12a1-46a7-8f58-94935bdf77c3",
      "resource": {
        "id": "29ec786c-12a1-46a7-8f58-94935bdf77c3",
        "meta": {
          "profile": [
            "http://standardhealthrecord.org/fhir/StructureDefinition/shr-encounter-Encounter"
          ]
        },
        "status": "finished",
        "class": {
          "code": "outpatient"
        },
        "type": [
          {
            "coding": [
              {
                "system": "http://snomed.info/sct",
                "code": "170258001"
              }
            ],
            "text": "Outpatient Encounter"
          }
        ],
        "subject": {
          "reference": "urn:uuid:c10a9c53-ee1e-4f3d-b888-2f0a3951a3f5"
        },
        "period": {
          "start": "2013-07-03T09:25:55-04:00",
          "end": "2013-07-03T10:25:55-04:00"
        },
        "serviceProvider": {
          "reference": "urn:uuid:d8d28ae8-401b-4b82-b828-a12d98cde564"
        },
        "resourceType": "Encounter"
      }
    },
    {
      "fullUrl": "urn:uuid:f252aa61-2a7f-4f9a-8208-2bc6a2081144",
      "resource": {
        "id": "f252aa61-2a7f-4f9a-8208-2bc6a2081144",
        "meta": {
          "profile": [
            "http://standardhealthrecord.org/fhir/StructureDefinition/shr-observation-Observation",
            "http://standardhealthrecord.org/fhir/StructureDefinition/shr-vital-VitalSign",
            "http://standardhealthrecord.org/fhir/StructureDefinition/shr-vital-BodyHeight"
          ]
        },
        "status": "final",
        "category": [
          {
            "coding": [
              {
                "system": "http://hl7.org/fhir/observation-category",
                "code": "vital-signs"
              }
            ]
          }
        ],
        "code": {
          "coding": [
            {
              "system": "http://loinc.org",
              "code": "8302-2",
              "display": "Body Height"
            }
          ],
          "text": "Body Height"
        },
        "subject": {
          "reference": "urn:uuid:c10a9c53-ee1e-4f3d-b888-2f0a3951a3f5"
        },
        "context": {
          "reference": "urn:uuid:29ec786c-12a1-46a7-8f58-94935bdf77c3"
        },
        "effectiveDateTime": "2013-07-03T09:25:55-04:00",
        "issued": "2013-07-03T09:25:55-04:00",
        "valueQuantity": {
          "value": 157.21488053012573,
          "unit": "cm",
          "system": "http://unitsofmeasure.org/",
          "code": "cm"
        },
        "resourceType": "Observation"
      }
    },
    {
      "fullUrl": "urn:uuid:9e1d390f-e944-4256-9dad-569ef728e13c",
      "resource": {
        "id": "9e1d390f-e944-4256-9dad-569ef728e13c",
        "meta": {
          "profile": [
            "http://standardhealthrecord.org/fhir/StructureDefinition/shr-observation-Observation",
            "http://standardhealthrecord.org/fhir/StructureDefinition/shr-vital-VitalSign",
            "http://standardhealthrecord.org/fhir/StructureDefinition/shr-vital-BodyWeight"
          ]
        },
        "status": "final",
        "category": [
          {
            "coding": [
              {
                "system": "http://hl7.org/fhir/observation-category",
                "code": "vital-signs"
              }
            ]
          }
        ],
        "code": {
          "coding": [
            {
              "system": "http://loinc.org",
              "code": "29463-7",
              "display": "Body Weight"
            }
          ],
          "text": "Body Weight"
        },
        "subject": {
          "reference": "urn:uuid:c10a9c53-ee1e-4f3d-b888-2f0a3951a3f5"
        },
        "context": {
          "reference": "urn:uuid:29ec786c-12a1-46a7-8f58-94935bdf77c3"
        },
        "effectiveDateTime": "2013-07-03T09:25:55-04:00",
        "issued": "2013-07-03T09:25:55-04:00",
        "valueQuantity": {
          "value": 44.79787541724499,
          "unit": "kg",
          "system": "http://unitsofmeasure.org/",
          "code": "kg"
        },
        "resourceType": "Observation"
      }
    },
    {
      "fullUrl": "urn:uuid:e653ad5b-bdf2-4be8-a53b-831b9a7caa1d",
      "resource": {
        "id": "e653ad5b-bdf2-4be8-a53b-831b9a7caa1d",
        "meta": {
          "profile": [
            "http://standardhealthrecord.org/fhir/StructureDefinition/shr-observation-Observation",
            "http://standardhealthrecord.org/fhir/StructureDefinition/shr-vital-VitalSign",
            "http://standardhealthrecord.org/fhir/StructureDefinition/shr-vital-BodyMassIndex"
          ]
        },
        "status": "final",
        "category": [
          {
            "coding": [
              {
                "system": "http://hl7.org/fhir/observation-category",
                "code": "vital-signs"
              }
            ]
          }
        ],
        "code": {
          "coding": [
            {
              "system": "http://loinc.org",
              "code": "39156-5",
              "display": "Body Mass Index"
            }
          ],
          "text": "Body Mass Index"
        },
        "subject": {
          "reference": "urn:uuid:c10a9c53-ee1e-4f3d-b888-2f0a3951a3f5"
        },
        "context": {
          "reference": "urn:uuid:29ec786c-12a1-46a7-8f58-94935bdf77c3"
        },
        "effectiveDateTime": "2013-07-03T09:25:55-04:00",
        "issued": "2013-07-03T09:25:55-04:00",
        "valueQuantity": {
          "value": 18.124670400916667,
          "unit": "kg/m2",
          "system": "http://unitsofmeasure.org/",
          "code": "kg/m2"
        },
        "resourceType": "Observation"
      }
    },
    {
      "fullUrl": "urn:uuid:2eb99e1b-8aa5-4bf3-90ef-106db6d5d126",
      "resource": {
        "id": "2eb99e1b-8aa5-4bf3-90ef-106db6d5d126",
        "meta": {
          "profile": [
            "http://standardhealthrecord.org/fhir/StructureDefinition/shr-observation-Observation",
            "http://standardhealthrecord.org/fhir/StructureDefinition/shr-vital-BloodPressure"
          ]
        },
        "status": "final",
        "category": [
          {
            "coding": [
              {
                "system": "http://hl7.org/fhir/observation-category",
                "code": "vital-signs"
              }
            ]
          }
        ],
        "code": {
          "coding": [
            {
              "system": "http://loinc.org",
              "code": "55284-4",
              "display": "Blood Pressure"
            }
          ]
        },
        "subject": {
          "reference": "urn:uuid:c10a9c53-ee1e-4f3d-b888-2f0a3951a3f5"
        },
        "context": {
          "reference": "urn:uuid:29ec786c-12a1-46a7-8f58-94935bdf77c3"
        },
        "effectiveDateTime": "2013-07-03T09:25:55-04:00",
        "issued": "2013-07-03T09:25:55-04:00",
        "component": [
          {
            "code": {
              "coding": [
                {
                  "system": "http://loinc.org",
                  "code": "8480-6",
                  "display": "Systolic Blood Pressure"
                }
              ],
              "text": "Systolic Blood Pressure"
            },
            "valueQuantity": {
              "value": 117,
              "unit": "mmHg",
              "system": "http://unitsofmeasure.org/",
              "code": "mmHg"
            }
          },
          {
            "code": {
              "coding": [
                {
                  "system": "http://loinc.org",
                  "code": "8462-4",
                  "display": "Diastolic Blood Pressure"
                }
              ],
              "text": "Diastolic Blood Pressure"
            },
            "valueQuantity": {
              "value": 80,
              "unit": "mmHg",
              "system": "http://unitsofmeasure.org/",
              "code": "mmHg"
            }
          }
        ],
        "resourceType": "Observation"
      }
    },
    {
      "resource": {
        "meta": {
          "profile": [
            "http://standardhealthrecord.org/fhir/StructureDefinition/shr-immunization-Immunization"
          ]
        },
        "status": "completed",
        "notGiven": false,
        "vaccineCode": {
          "coding": [
            {
              "system": "http://hl7.org/fhir/sid/cvx",
              "code": "140",
              "display": "Influenza, seasonal, injectable, preservative free"
            }
          ],
          "text": "Influenza, seasonal, injectable, preservative free"
        },
        "patient": {
          "reference": "urn:uuid:c10a9c53-ee1e-4f3d-b888-2f0a3951a3f5"
        },
        "encounter": {
          "reference": "urn:uuid:29ec786c-12a1-46a7-8f58-94935bdf77c3"
        },
        "date": "2013-07-03T09:25:55-04:00",
        "primarySource": true,
        "resourceType": "Immunization"
      }
    },
    {
      "resource": {
        "meta": {
          "profile": [
            "http://standardhealthrecord.org/fhir/StructureDefinition/shr-immunization-Immunization"
          ]
        },
        "status": "completed",
        "notGiven": false,
        "vaccineCode": {
          "coding": [
            {
              "system": "http://hl7.org/fhir/sid/cvx",
              "code": "62",
              "display": "HPV, quadrivalent"
            }
          ],
          "text": "HPV, quadrivalent"
        },
        "patient": {
          "reference": "urn:uuid:c10a9c53-ee1e-4f3d-b888-2f0a3951a3f5"
        },
        "encounter": {
          "reference": "urn:uuid:29ec786c-12a1-46a7-8f58-94935bdf77c3"
        },
        "date": "2013-07-03T09:25:55-04:00",
        "primarySource": true,
        "resourceType": "Immunization"
      }
    },
    {
      "fullUrl": "urn:uuid:a2171f64-7e01-48b7-9d90-1fc0859d2005",
      "resource": {
        "id": "a2171f64-7e01-48b7-9d90-1fc0859d2005",
        "meta": {
          "profile": [
            "http://standardhealthrecord.org/fhir/StructureDefinition/shr-encounter-Encounter"
          ]
        },
        "status": "finished",
        "class": {
          "code": "outpatient"
        },
        "type": [
          {
            "coding": [
              {
                "system": "http://snomed.info/sct",
                "code": "170258001"
              }
            ],
            "text": "Outpatient Encounter"
          }
        ],
        "subject": {
          "reference": "urn:uuid:c10a9c53-ee1e-4f3d-b888-2f0a3951a3f5"
        },
        "period": {
          "start": "2014-08-04T07:02:29-04:00",
          "end": "2014-08-04T08:02:29-04:00"
        },
        "serviceProvider": {
          "reference": "urn:uuid:d8d28ae8-401b-4b82-b828-a12d98cde564"
        },
        "resourceType": "Encounter"
      }
    },
    {
      "fullUrl": "urn:uuid:aadbbb21-d92c-45a9-bf38-efea6786475f",
      "resource": {
        "id": "aadbbb21-d92c-45a9-bf38-efea6786475f",
        "meta": {
          "profile": [
            "http://standardhealthrecord.org/fhir/StructureDefinition/shr-observation-Observation",
            "http://standardhealthrecord.org/fhir/StructureDefinition/shr-vital-VitalSign",
            "http://standardhealthrecord.org/fhir/StructureDefinition/shr-vital-BodyHeight"
          ]
        },
        "status": "final",
        "category": [
          {
            "coding": [
              {
                "system": "http://hl7.org/fhir/observation-category",
                "code": "vital-signs"
              }
            ]
          }
        ],
        "code": {
          "coding": [
            {
              "system": "http://loinc.org",
              "code": "8302-2",
              "display": "Body Height"
            }
          ],
          "text": "Body Height"
        },
        "subject": {
          "reference": "urn:uuid:c10a9c53-ee1e-4f3d-b888-2f0a3951a3f5"
        },
        "context": {
          "reference": "urn:uuid:a2171f64-7e01-48b7-9d90-1fc0859d2005"
        },
        "effectiveDateTime": "2014-08-04T07:02:29-04:00",
        "issued": "2014-08-04T07:02:29-04:00",
        "valueQuantity": {
          "value": 165.62173848973706,
          "unit": "cm",
          "system": "http://unitsofmeasure.org/",
          "code": "cm"
        },
        "resourceType": "Observation"
      }
    },
    {
      "fullUrl": "urn:uuid:2556dbda-9194-45e1-80e7-98ad5e8c27ab",
      "resource": {
        "id": "2556dbda-9194-45e1-80e7-98ad5e8c27ab",
        "meta": {
          "profile": [
            "http://standardhealthrecord.org/fhir/StructureDefinition/shr-observation-Observation",
            "http://standardhealthrecord.org/fhir/StructureDefinition/shr-vital-VitalSign",
            "http://standardhealthrecord.org/fhir/StructureDefinition/shr-vital-BodyWeight"
          ]
        },
        "status": "final",
        "category": [
          {
            "coding": [
              {
                "system": "http://hl7.org/fhir/observation-category",
                "code": "vital-signs"
              }
            ]
          }
        ],
        "code": {
          "coding": [
            {
              "system": "http://loinc.org",
              "code": "29463-7",
              "display": "Body Weight"
            }
          ],
          "text": "Body Weight"
        },
        "subject": {
          "reference": "urn:uuid:c10a9c53-ee1e-4f3d-b888-2f0a3951a3f5"
        },
        "context": {
          "reference": "urn:uuid:a2171f64-7e01-48b7-9d90-1fc0859d2005"
        },
        "effectiveDateTime": "2014-08-04T07:02:29-04:00",
        "issued": "2014-08-04T07:02:29-04:00",
        "valueQuantity": {
          "value": 50.60487253794856,
          "unit": "kg",
          "system": "http://unitsofmeasure.org/",
          "code": "kg"
        },
        "resourceType": "Observation"
      }
    },
    {
      "fullUrl": "urn:uuid:2f34a08b-e9fa-4de8-8927-ad37a1b61df5",
      "resource": {
        "id": "2f34a08b-e9fa-4de8-8927-ad37a1b61df5",
        "meta": {
          "profile": [
            "http://standardhealthrecord.org/fhir/StructureDefinition/shr-observation-Observation",
            "http://standardhealthrecord.org/fhir/StructureDefinition/shr-vital-VitalSign",
            "http://standardhealthrecord.org/fhir/StructureDefinition/shr-vital-BodyMassIndex"
          ]
        },
        "status": "final",
        "category": [
          {
            "coding": [
              {
                "system": "http://hl7.org/fhir/observation-category",
                "code": "vital-signs"
              }
            ]
          }
        ],
        "code": {
          "coding": [
            {
              "system": "http://loinc.org",
              "code": "39156-5",
              "display": "Body Mass Index"
            }
          ],
          "text": "Body Mass Index"
        },
        "subject": {
          "reference": "urn:uuid:c10a9c53-ee1e-4f3d-b888-2f0a3951a3f5"
        },
        "context": {
          "reference": "urn:uuid:a2171f64-7e01-48b7-9d90-1fc0859d2005"
        },
        "effectiveDateTime": "2014-08-04T07:02:29-04:00",
        "issued": "2014-08-04T07:02:29-04:00",
        "valueQuantity": {
          "value": 18.44835543190585,
          "unit": "kg/m2",
          "system": "http://unitsofmeasure.org/",
          "code": "kg/m2"
        },
        "resourceType": "Observation"
      }
    },
    {
      "fullUrl": "urn:uuid:646eb60c-4804-4bd6-b661-b19996c6dc05",
      "resource": {
        "id": "646eb60c-4804-4bd6-b661-b19996c6dc05",
        "meta": {
          "profile": [
            "http://standardhealthrecord.org/fhir/StructureDefinition/shr-observation-Observation",
            "http://standardhealthrecord.org/fhir/StructureDefinition/shr-vital-BloodPressure"
          ]
        },
        "status": "final",
        "category": [
          {
            "coding": [
              {
                "system": "http://hl7.org/fhir/observation-category",
                "code": "vital-signs"
              }
            ]
          }
        ],
        "code": {
          "coding": [
            {
              "system": "http://loinc.org",
              "code": "55284-4",
              "display": "Blood Pressure"
            }
          ]
        },
        "subject": {
          "reference": "urn:uuid:c10a9c53-ee1e-4f3d-b888-2f0a3951a3f5"
        },
        "context": {
          "reference": "urn:uuid:a2171f64-7e01-48b7-9d90-1fc0859d2005"
        },
        "effectiveDateTime": "2014-08-04T07:02:29-04:00",
        "issued": "2014-08-04T07:02:29-04:00",
        "component": [
          {
            "code": {
              "coding": [
                {
                  "system": "http://loinc.org",
                  "code": "8480-6",
                  "display": "Systolic Blood Pressure"
                }
              ],
              "text": "Systolic Blood Pressure"
            },
            "valueQuantity": {
              "value": 124,
              "unit": "mmHg",
              "system": "http://unitsofmeasure.org/",
              "code": "mmHg"
            }
          },
          {
            "code": {
              "coding": [
                {
                  "system": "http://loinc.org",
                  "code": "8462-4",
                  "display": "Diastolic Blood Pressure"
                }
              ],
              "text": "Diastolic Blood Pressure"
            },
            "valueQuantity": {
              "value": 76,
              "unit": "mmHg",
              "system": "http://unitsofmeasure.org/",
              "code": "mmHg"
            }
          }
        ],
        "resourceType": "Observation"
      }
    },
    {
      "resource": {
        "meta": {
          "profile": [
            "http://standardhealthrecord.org/fhir/StructureDefinition/shr-immunization-Immunization"
          ]
        },
        "status": "completed",
        "notGiven": false,
        "vaccineCode": {
          "coding": [
            {
              "system": "http://hl7.org/fhir/sid/cvx",
              "code": "140",
              "display": "Influenza, seasonal, injectable, preservative free"
            }
          ],
          "text": "Influenza, seasonal, injectable, preservative free"
        },
        "patient": {
          "reference": "urn:uuid:c10a9c53-ee1e-4f3d-b888-2f0a3951a3f5"
        },
        "encounter": {
          "reference": "urn:uuid:a2171f64-7e01-48b7-9d90-1fc0859d2005"
        },
        "date": "2014-08-04T07:02:29-04:00",
        "primarySource": true,
        "resourceType": "Immunization"
      }
    },
    {
      "resource": {
        "meta": {
          "profile": [
            "http://standardhealthrecord.org/fhir/StructureDefinition/shr-immunization-Immunization"
          ]
        },
        "status": "completed",
        "notGiven": false,
        "vaccineCode": {
          "coding": [
            {
              "system": "http://hl7.org/fhir/sid/cvx",
              "code": "62",
              "display": "HPV, quadrivalent"
            }
          ],
          "text": "HPV, quadrivalent"
        },
        "patient": {
          "reference": "urn:uuid:c10a9c53-ee1e-4f3d-b888-2f0a3951a3f5"
        },
        "encounter": {
          "reference": "urn:uuid:a2171f64-7e01-48b7-9d90-1fc0859d2005"
        },
        "date": "2014-08-04T07:02:29-04:00",
        "primarySource": true,
        "resourceType": "Immunization"
      }
    },
    {
      "fullUrl": "urn:uuid:ea77a2ce-2be3-495d-9af5-99411b8a8bc4",
      "resource": {
        "id": "ea77a2ce-2be3-495d-9af5-99411b8a8bc4",
        "meta": {
          "profile": [
            "http://standardhealthrecord.org/fhir/StructureDefinition/shr-encounter-Encounter"
          ]
        },
        "status": "finished",
        "class": {
          "code": "outpatient"
        },
        "type": [
          {
            "coding": [
              {
                "system": "http://snomed.info/sct",
                "code": "170258001"
              }
            ],
            "text": "Outpatient Encounter"
          }
        ],
        "subject": {
          "reference": "urn:uuid:c10a9c53-ee1e-4f3d-b888-2f0a3951a3f5"
        },
        "period": {
          "start": "2015-08-18T05:56:10-04:00",
          "end": "2015-08-18T06:56:10-04:00"
        },
        "serviceProvider": {
          "reference": "urn:uuid:d8d28ae8-401b-4b82-b828-a12d98cde564"
        },
        "resourceType": "Encounter"
      }
    },
    {
      "fullUrl": "urn:uuid:ea35ef37-72b3-44c7-aa68-50851cb29b4c",
      "resource": {
        "id": "ea35ef37-72b3-44c7-aa68-50851cb29b4c",
        "meta": {
          "profile": [
            "http://standardhealthrecord.org/fhir/StructureDefinition/shr-observation-Observation",
            "http://standardhealthrecord.org/fhir/StructureDefinition/shr-vital-VitalSign",
            "http://standardhealthrecord.org/fhir/StructureDefinition/shr-vital-BodyHeight"
          ]
        },
        "status": "final",
        "category": [
          {
            "coding": [
              {
                "system": "http://hl7.org/fhir/observation-category",
                "code": "vital-signs"
              }
            ]
          }
        ],
        "code": {
          "coding": [
            {
              "system": "http://loinc.org",
              "code": "8302-2",
              "display": "Body Height"
            }
          ],
          "text": "Body Height"
        },
        "subject": {
          "reference": "urn:uuid:c10a9c53-ee1e-4f3d-b888-2f0a3951a3f5"
        },
        "context": {
          "reference": "urn:uuid:ea77a2ce-2be3-495d-9af5-99411b8a8bc4"
        },
        "effectiveDateTime": "2015-08-18T05:56:10-04:00",
        "issued": "2015-08-18T05:56:10-04:00",
        "valueQuantity": {
          "value": 171.57449559027205,
          "unit": "cm",
          "system": "http://unitsofmeasure.org/",
          "code": "cm"
        },
        "resourceType": "Observation"
      }
    },
    {
      "fullUrl": "urn:uuid:6e07c6d8-ebfa-4b83-9214-d5cedfbfc568",
      "resource": {
        "id": "6e07c6d8-ebfa-4b83-9214-d5cedfbfc568",
        "meta": {
          "profile": [
            "http://standardhealthrecord.org/fhir/StructureDefinition/shr-observation-Observation",
            "http://standardhealthrecord.org/fhir/StructureDefinition/shr-vital-VitalSign",
            "http://standardhealthrecord.org/fhir/StructureDefinition/shr-vital-BodyWeight"
          ]
        },
        "status": "final",
        "category": [
          {
            "coding": [
              {
                "system": "http://hl7.org/fhir/observation-category",
                "code": "vital-signs"
              }
            ]
          }
        ],
        "code": {
          "coding": [
            {
              "system": "http://loinc.org",
              "code": "29463-7",
              "display": "Body Weight"
            }
          ],
          "text": "Body Weight"
        },
        "subject": {
          "reference": "urn:uuid:c10a9c53-ee1e-4f3d-b888-2f0a3951a3f5"
        },
        "context": {
          "reference": "urn:uuid:ea77a2ce-2be3-495d-9af5-99411b8a8bc4"
        },
        "effectiveDateTime": "2015-08-18T05:56:10-04:00",
        "issued": "2015-08-18T05:56:10-04:00",
        "valueQuantity": {
          "value": 55.83347940992321,
          "unit": "kg",
          "system": "http://unitsofmeasure.org/",
          "code": "kg"
        },
        "resourceType": "Observation"
      }
    },
    {
      "fullUrl": "urn:uuid:a3a0cc40-f844-4801-80d7-af3cf580a657",
      "resource": {
        "id": "a3a0cc40-f844-4801-80d7-af3cf580a657",
        "meta": {
          "profile": [
            "http://standardhealthrecord.org/fhir/StructureDefinition/shr-observation-Observation",
            "http://standardhealthrecord.org/fhir/StructureDefinition/shr-vital-VitalSign",
            "http://standardhealthrecord.org/fhir/StructureDefinition/shr-vital-BodyMassIndex"
          ]
        },
        "status": "final",
        "category": [
          {
            "coding": [
              {
                "system": "http://hl7.org/fhir/observation-category",
                "code": "vital-signs"
              }
            ]
          }
        ],
        "code": {
          "coding": [
            {
              "system": "http://loinc.org",
              "code": "39156-5",
              "display": "Body Mass Index"
            }
          ],
          "text": "Body Mass Index"
        },
        "subject": {
          "reference": "urn:uuid:c10a9c53-ee1e-4f3d-b888-2f0a3951a3f5"
        },
        "context": {
          "reference": "urn:uuid:ea77a2ce-2be3-495d-9af5-99411b8a8bc4"
        },
        "effectiveDateTime": "2015-08-18T05:56:10-04:00",
        "issued": "2015-08-18T05:56:10-04:00",
        "valueQuantity": {
          "value": 18.966588914490345,
          "unit": "kg/m2",
          "system": "http://unitsofmeasure.org/",
          "code": "kg/m2"
        },
        "resourceType": "Observation"
      }
    },
    {
      "fullUrl": "urn:uuid:2e86bc28-4f26-4226-87f5-bba8dcf3f7f9",
      "resource": {
        "id": "2e86bc28-4f26-4226-87f5-bba8dcf3f7f9",
        "meta": {
          "profile": [
            "http://standardhealthrecord.org/fhir/StructureDefinition/shr-observation-Observation",
            "http://standardhealthrecord.org/fhir/StructureDefinition/shr-vital-BloodPressure"
          ]
        },
        "status": "final",
        "category": [
          {
            "coding": [
              {
                "system": "http://hl7.org/fhir/observation-category",
                "code": "vital-signs"
              }
            ]
          }
        ],
        "code": {
          "coding": [
            {
              "system": "http://loinc.org",
              "code": "55284-4",
              "display": "Blood Pressure"
            }
          ]
        },
        "subject": {
          "reference": "urn:uuid:c10a9c53-ee1e-4f3d-b888-2f0a3951a3f5"
        },
        "context": {
          "reference": "urn:uuid:ea77a2ce-2be3-495d-9af5-99411b8a8bc4"
        },
        "effectiveDateTime": "2015-08-18T05:56:10-04:00",
        "issued": "2015-08-18T05:56:10-04:00",
        "component": [
          {
            "code": {
              "coding": [
                {
                  "system": "http://loinc.org",
                  "code": "8480-6",
                  "display": "Systolic Blood Pressure"
                }
              ],
              "text": "Systolic Blood Pressure"
            },
            "valueQuantity": {
              "value": 109,
              "unit": "mmHg",
              "system": "http://unitsofmeasure.org/",
              "code": "mmHg"
            }
          },
          {
            "code": {
              "coding": [
                {
                  "system": "http://loinc.org",
                  "code": "8462-4",
                  "display": "Diastolic Blood Pressure"
                }
              ],
              "text": "Diastolic Blood Pressure"
            },
            "valueQuantity": {
              "value": 73,
              "unit": "mmHg",
              "system": "http://unitsofmeasure.org/",
              "code": "mmHg"
            }
          }
        ],
        "resourceType": "Observation"
      }
    },
    {
      "resource": {
        "meta": {
          "profile": [
            "http://standardhealthrecord.org/fhir/StructureDefinition/shr-immunization-Immunization"
          ]
        },
        "status": "completed",
        "notGiven": false,
        "vaccineCode": {
          "coding": [
            {
              "system": "http://hl7.org/fhir/sid/cvx",
              "code": "140",
              "display": "Influenza, seasonal, injectable, preservative free"
            }
          ],
          "text": "Influenza, seasonal, injectable, preservative free"
        },
        "patient": {
          "reference": "urn:uuid:c10a9c53-ee1e-4f3d-b888-2f0a3951a3f5"
        },
        "encounter": {
          "reference": "urn:uuid:ea77a2ce-2be3-495d-9af5-99411b8a8bc4"
        },
        "date": "2015-08-18T05:56:10-04:00",
        "primarySource": true,
        "resourceType": "Immunization"
      }
    },
    {
      "fullUrl": "urn:uuid:b7d1889d-4734-47bb-b6d9-1172c34a3182",
      "resource": {
        "id": "b7d1889d-4734-47bb-b6d9-1172c34a3182",
        "meta": {
          "profile": [
            "http://standardhealthrecord.org/fhir/StructureDefinition/shr-encounter-Encounter"
          ]
        },
        "status": "finished",
        "class": {
          "code": "outpatient"
        },
        "type": [
          {
            "coding": [
              {
                "system": "http://snomed.info/sct",
                "code": "170258001"
              }
            ],
            "text": "Outpatient Encounter"
          }
        ],
        "subject": {
          "reference": "urn:uuid:c10a9c53-ee1e-4f3d-b888-2f0a3951a3f5"
        },
        "period": {
          "start": "2016-07-07T22:52:40-04:00",
          "end": "2016-07-07T23:52:40-04:00"
        },
        "serviceProvider": {
          "reference": "urn:uuid:d8d28ae8-401b-4b82-b828-a12d98cde564"
        },
        "resourceType": "Encounter"
      }
    },
    {
      "fullUrl": "urn:uuid:42b77d75-fc64-4b73-a3cb-9e824f36a556",
      "resource": {
        "id": "42b77d75-fc64-4b73-a3cb-9e824f36a556",
        "meta": {
          "profile": [
            "http://standardhealthrecord.org/fhir/StructureDefinition/shr-observation-Observation",
            "http://standardhealthrecord.org/fhir/StructureDefinition/shr-vital-VitalSign",
            "http://standardhealthrecord.org/fhir/StructureDefinition/shr-vital-BodyHeight"
          ]
        },
        "status": "final",
        "category": [
          {
            "coding": [
              {
                "system": "http://hl7.org/fhir/observation-category",
                "code": "vital-signs"
              }
            ]
          }
        ],
        "code": {
          "coding": [
            {
              "system": "http://loinc.org",
              "code": "8302-2",
              "display": "Body Height"
            }
          ],
          "text": "Body Height"
        },
        "subject": {
          "reference": "urn:uuid:c10a9c53-ee1e-4f3d-b888-2f0a3951a3f5"
        },
        "context": {
          "reference": "urn:uuid:b7d1889d-4734-47bb-b6d9-1172c34a3182"
        },
        "effectiveDateTime": "2016-07-07T22:52:40-04:00",
        "issued": "2016-07-07T22:52:40-04:00",
        "valueQuantity": {
          "value": 174.78166192515306,
          "unit": "cm",
          "system": "http://unitsofmeasure.org/",
          "code": "cm"
        },
        "resourceType": "Observation"
      }
    },
    {
      "fullUrl": "urn:uuid:f0c2d1a9-6227-4ae9-b72b-6b58d37785d7",
      "resource": {
        "id": "f0c2d1a9-6227-4ae9-b72b-6b58d37785d7",
        "meta": {
          "profile": [
            "http://standardhealthrecord.org/fhir/StructureDefinition/shr-observation-Observation",
            "http://standardhealthrecord.org/fhir/StructureDefinition/shr-vital-VitalSign",
            "http://standardhealthrecord.org/fhir/StructureDefinition/shr-vital-BodyWeight"
          ]
        },
        "status": "final",
        "category": [
          {
            "coding": [
              {
                "system": "http://hl7.org/fhir/observation-category",
                "code": "vital-signs"
              }
            ]
          }
        ],
        "code": {
          "coding": [
            {
              "system": "http://loinc.org",
              "code": "29463-7",
              "display": "Body Weight"
            }
          ],
          "text": "Body Weight"
        },
        "subject": {
          "reference": "urn:uuid:c10a9c53-ee1e-4f3d-b888-2f0a3951a3f5"
        },
        "context": {
          "reference": "urn:uuid:b7d1889d-4734-47bb-b6d9-1172c34a3182"
        },
        "effectiveDateTime": "2016-07-07T22:52:40-04:00",
        "issued": "2016-07-07T22:52:40-04:00",
        "valueQuantity": {
          "value": 60.07322678156869,
          "unit": "kg",
          "system": "http://unitsofmeasure.org/",
          "code": "kg"
        },
        "resourceType": "Observation"
      }
    },
    {
      "fullUrl": "urn:uuid:9390264f-8b5d-4740-8ec8-0f64d2252db6",
      "resource": {
        "id": "9390264f-8b5d-4740-8ec8-0f64d2252db6",
        "meta": {
          "profile": [
            "http://standardhealthrecord.org/fhir/StructureDefinition/shr-observation-Observation",
            "http://standardhealthrecord.org/fhir/StructureDefinition/shr-vital-VitalSign",
            "http://standardhealthrecord.org/fhir/StructureDefinition/shr-vital-BodyMassIndex"
          ]
        },
        "status": "final",
        "category": [
          {
            "coding": [
              {
                "system": "http://hl7.org/fhir/observation-category",
                "code": "vital-signs"
              }
            ]
          }
        ],
        "code": {
          "coding": [
            {
              "system": "http://loinc.org",
              "code": "39156-5",
              "display": "Body Mass Index"
            }
          ],
          "text": "Body Mass Index"
        },
        "subject": {
          "reference": "urn:uuid:c10a9c53-ee1e-4f3d-b888-2f0a3951a3f5"
        },
        "context": {
          "reference": "urn:uuid:b7d1889d-4734-47bb-b6d9-1172c34a3182"
        },
        "effectiveDateTime": "2016-07-07T22:52:40-04:00",
        "issued": "2016-07-07T22:52:40-04:00",
        "valueQuantity": {
          "value": 19.664786299413716,
          "unit": "kg/m2",
          "system": "http://unitsofmeasure.org/",
          "code": "kg/m2"
        },
        "resourceType": "Observation"
      }
    },
    {
      "fullUrl": "urn:uuid:f47fa967-99fe-4267-ac47-01a42ec9b357",
      "resource": {
        "id": "f47fa967-99fe-4267-ac47-01a42ec9b357",
        "meta": {
          "profile": [
            "http://standardhealthrecord.org/fhir/StructureDefinition/shr-observation-Observation",
            "http://standardhealthrecord.org/fhir/StructureDefinition/shr-vital-BloodPressure"
          ]
        },
        "status": "final",
        "category": [
          {
            "coding": [
              {
                "system": "http://hl7.org/fhir/observation-category",
                "code": "vital-signs"
              }
            ]
          }
        ],
        "code": {
          "coding": [
            {
              "system": "http://loinc.org",
              "code": "55284-4",
              "display": "Blood Pressure"
            }
          ]
        },
        "subject": {
          "reference": "urn:uuid:c10a9c53-ee1e-4f3d-b888-2f0a3951a3f5"
        },
        "context": {
          "reference": "urn:uuid:b7d1889d-4734-47bb-b6d9-1172c34a3182"
        },
        "effectiveDateTime": "2016-07-07T22:52:40-04:00",
        "issued": "2016-07-07T22:52:40-04:00",
        "component": [
          {
            "code": {
              "coding": [
                {
                  "system": "http://loinc.org",
                  "code": "8480-6",
                  "display": "Systolic Blood Pressure"
                }
              ],
              "text": "Systolic Blood Pressure"
            },
            "valueQuantity": {
              "value": 101,
              "unit": "mmHg",
              "system": "http://unitsofmeasure.org/",
              "code": "mmHg"
            }
          },
          {
            "code": {
              "coding": [
                {
                  "system": "http://loinc.org",
                  "code": "8462-4",
                  "display": "Diastolic Blood Pressure"
                }
              ],
              "text": "Diastolic Blood Pressure"
            },
            "valueQuantity": {
              "value": 78,
              "unit": "mmHg",
              "system": "http://unitsofmeasure.org/",
              "code": "mmHg"
            }
          }
        ],
        "resourceType": "Observation"
      }
    },
    {
      "resource": {
        "meta": {
          "profile": [
            "http://standardhealthrecord.org/fhir/StructureDefinition/shr-immunization-Immunization"
          ]
        },
        "status": "completed",
        "notGiven": false,
        "vaccineCode": {
          "coding": [
            {
              "system": "http://hl7.org/fhir/sid/cvx",
              "code": "140",
              "display": "Influenza, seasonal, injectable, preservative free"
            }
          ],
          "text": "Influenza, seasonal, injectable, preservative free"
        },
        "patient": {
          "reference": "urn:uuid:c10a9c53-ee1e-4f3d-b888-2f0a3951a3f5"
        },
        "encounter": {
          "reference": "urn:uuid:b7d1889d-4734-47bb-b6d9-1172c34a3182"
        },
        "date": "2016-07-07T22:52:40-04:00",
        "primarySource": true,
        "resourceType": "Immunization"
      }
    },
    {
      "fullUrl": "urn:uuid:b21391fc-e496-4ffa-98fa-d802a9ec08ae",
      "resource": {
        "id": "b21391fc-e496-4ffa-98fa-d802a9ec08ae",
        "meta": {
          "profile": [
            "http://standardhealthrecord.org/fhir/StructureDefinition/shr-encounter-Encounter"
          ]
        },
        "status": "finished",
        "class": {
          "code": "ambulatory"
        },
        "type": [
          {
            "coding": [
              {
                "system": "http://snomed.info/sct",
                "code": "185345009"
              }
            ],
            "text": "Encounter for symptom"
          }
        ],
        "subject": {
          "reference": "urn:uuid:c10a9c53-ee1e-4f3d-b888-2f0a3951a3f5"
        },
        "period": {
          "start": "2017-02-25T02:22:57-05:00",
          "end": "2017-02-25T02:22:57-05:00"
        },
        "reason": {
          "coding": [
            {
              "system": "http://snomed.info/sct",
              "code": "195662009",
              "display": "Acute viral pharyngitis (disorder)"
            }
          ]
        },
        "serviceProvider": {
          "reference": "urn:uuid:d8d28ae8-401b-4b82-b828-a12d98cde564"
        },
        "resourceType": "Encounter"
      }
    },
    {
      "fullUrl": "urn:uuid:55eb817c-990a-4e0c-a6ff-351d8bc6a3e3",
      "resource": {
        "id": "55eb817c-990a-4e0c-a6ff-351d8bc6a3e3",
        "meta": {
          "profile": [
            "http://standardhealthrecord.org/fhir/StructureDefinition/shr-problem-Problem"
          ]
        },
        "clinicalStatus": "active",
        "verificationStatus": "confirmed",
        "code": {
          "coding": [
            {
              "system": "http://snomed.info/sct",
              "code": "195662009",
              "display": "Acute viral pharyngitis (disorder)"
            }
          ],
          "text": "Acute viral pharyngitis (disorder)"
        },
        "subject": {
          "reference": "urn:uuid:c10a9c53-ee1e-4f3d-b888-2f0a3951a3f5"
        },
        "context": {
          "reference": "urn:uuid:b21391fc-e496-4ffa-98fa-d802a9ec08ae"
        },
        "onsetDateTime": "2017-02-25T02:22:57-05:00",
        "abatementDateTime": "2017-03-08T05:31:04-05:00",
        "assertedDate": "2017-02-25",
        "resourceType": "Condition"
      }
    },
    {
      "fullUrl": "urn:uuid:2797ae62-73cc-4329-8aab-2a4bb0d6b344",
      "resource": {
        "id": "2797ae62-73cc-4329-8aab-2a4bb0d6b344",
        "meta": {
          "profile": [
            "http://standardhealthrecord.org/fhir/StructureDefinition/shr-observation-Observation",
            "http://standardhealthrecord.org/fhir/StructureDefinition/shr-vital-VitalSign"
          ]
        },
        "status": "final",
        "category": [
          {
            "coding": [
              {
                "system": "http://hl7.org/fhir/observation-category",
                "code": "vital-signs"
              }
            ]
          }
        ],
        "code": {
          "coding": [
            {
              "system": "http://loinc.org",
              "code": "8331-1",
              "display": "Oral temperature"
            }
          ],
          "text": "Oral temperature"
        },
        "subject": {
          "reference": "urn:uuid:c10a9c53-ee1e-4f3d-b888-2f0a3951a3f5"
        },
        "context": {
          "reference": "urn:uuid:b21391fc-e496-4ffa-98fa-d802a9ec08ae"
        },
        "effectiveDateTime": "2017-02-25T02:22:57-05:00",
        "issued": "2017-02-25T02:22:57-05:00",
        "valueQuantity": {
          "value": 38,
          "unit": "Cel",
          "system": "http://unitsofmeasure.org/",
          "code": "Cel"
        },
        "resourceType": "Observation"
      }
    },
    {
      "fullUrl": "urn:uuid:3010826e-25fa-4eab-bb11-9b64a3924595",
      "resource": {
        "id": "3010826e-25fa-4eab-bb11-9b64a3924595",
        "meta": {
          "profile": [
            "http://standardhealthrecord.org/fhir/StructureDefinition/shr-encounter-Encounter"
          ]
        },
        "status": "finished",
        "class": {
          "code": "outpatient"
        },
        "type": [
          {
            "coding": [
              {
                "system": "http://snomed.info/sct",
                "code": "170258001"
              }
            ],
            "text": "Outpatient Encounter"
          }
        ],
        "subject": {
          "reference": "urn:uuid:c10a9c53-ee1e-4f3d-b888-2f0a3951a3f5"
        },
        "period": {
          "start": "2017-03-19T06:22:22-04:00",
          "end": "2017-03-19T07:22:22-04:00"
        },
        "serviceProvider": {
          "reference": "urn:uuid:d8d28ae8-401b-4b82-b828-a12d98cde564"
        },
        "resourceType": "Encounter"
      }
    },
    {
      "fullUrl": "urn:uuid:5417aaf6-ff7b-4528-9408-5860e8725e5f",
      "resource": {
        "id": "5417aaf6-ff7b-4528-9408-5860e8725e5f",
        "meta": {
          "profile": [
            "http://standardhealthrecord.org/fhir/StructureDefinition/shr-observation-Observation",
            "http://standardhealthrecord.org/fhir/StructureDefinition/shr-vital-VitalSign",
            "http://standardhealthrecord.org/fhir/StructureDefinition/shr-vital-BodyHeight"
          ]
        },
        "status": "final",
        "category": [
          {
            "coding": [
              {
                "system": "http://hl7.org/fhir/observation-category",
                "code": "vital-signs"
              }
            ]
          }
        ],
        "code": {
          "coding": [
            {
              "system": "http://loinc.org",
              "code": "8302-2",
              "display": "Body Height"
            }
          ],
          "text": "Body Height"
        },
        "subject": {
          "reference": "urn:uuid:c10a9c53-ee1e-4f3d-b888-2f0a3951a3f5"
        },
        "context": {
          "reference": "urn:uuid:3010826e-25fa-4eab-bb11-9b64a3924595"
        },
        "effectiveDateTime": "2017-03-19T06:22:22-04:00",
        "issued": "2017-03-19T06:22:22-04:00",
        "valueQuantity": {
          "value": 176.11860760316236,
          "unit": "cm",
          "system": "http://unitsofmeasure.org/",
          "code": "cm"
        },
        "resourceType": "Observation"
      }
    },
    {
      "fullUrl": "urn:uuid:087b88d0-dfc7-4524-8e7d-d006209e85ce",
      "resource": {
        "id": "087b88d0-dfc7-4524-8e7d-d006209e85ce",
        "meta": {
          "profile": [
            "http://standardhealthrecord.org/fhir/StructureDefinition/shr-observation-Observation",
            "http://standardhealthrecord.org/fhir/StructureDefinition/shr-vital-VitalSign",
            "http://standardhealthrecord.org/fhir/StructureDefinition/shr-vital-BodyWeight"
          ]
        },
        "status": "final",
        "category": [
          {
            "coding": [
              {
                "system": "http://hl7.org/fhir/observation-category",
                "code": "vital-signs"
              }
            ]
          }
        ],
        "code": {
          "coding": [
            {
              "system": "http://loinc.org",
              "code": "29463-7",
              "display": "Body Weight"
            }
          ],
          "text": "Body Weight"
        },
        "subject": {
          "reference": "urn:uuid:c10a9c53-ee1e-4f3d-b888-2f0a3951a3f5"
        },
        "context": {
          "reference": "urn:uuid:3010826e-25fa-4eab-bb11-9b64a3924595"
        },
        "effectiveDateTime": "2017-03-19T06:22:22-04:00",
        "issued": "2017-03-19T06:22:22-04:00",
        "valueQuantity": {
          "value": 62.647296287767276,
          "unit": "kg",
          "system": "http://unitsofmeasure.org/",
          "code": "kg"
        },
        "resourceType": "Observation"
      }
    },
    {
      "fullUrl": "urn:uuid:18f8c6e0-6604-4713-a56e-758b1b688d2b",
      "resource": {
        "id": "18f8c6e0-6604-4713-a56e-758b1b688d2b",
        "meta": {
          "profile": [
            "http://standardhealthrecord.org/fhir/StructureDefinition/shr-observation-Observation",
            "http://standardhealthrecord.org/fhir/StructureDefinition/shr-vital-VitalSign",
            "http://standardhealthrecord.org/fhir/StructureDefinition/shr-vital-BodyMassIndex"
          ]
        },
        "status": "final",
        "category": [
          {
            "coding": [
              {
                "system": "http://hl7.org/fhir/observation-category",
                "code": "vital-signs"
              }
            ]
          }
        ],
        "code": {
          "coding": [
            {
              "system": "http://loinc.org",
              "code": "39156-5",
              "display": "Body Mass Index"
            }
          ],
          "text": "Body Mass Index"
        },
        "subject": {
          "reference": "urn:uuid:c10a9c53-ee1e-4f3d-b888-2f0a3951a3f5"
        },
        "context": {
          "reference": "urn:uuid:3010826e-25fa-4eab-bb11-9b64a3924595"
        },
        "effectiveDateTime": "2017-03-19T06:22:22-04:00",
        "issued": "2017-03-19T06:22:22-04:00",
        "valueQuantity": {
          "value": 20.197231625308937,
          "unit": "kg/m2",
          "system": "http://unitsofmeasure.org/",
          "code": "kg/m2"
        },
        "resourceType": "Observation"
      }
    },
    {
      "fullUrl": "urn:uuid:93dc73f5-a762-4bdd-bcd4-f2e8c5e1bf4f",
      "resource": {
        "id": "93dc73f5-a762-4bdd-bcd4-f2e8c5e1bf4f",
        "meta": {
          "profile": [
            "http://standardhealthrecord.org/fhir/StructureDefinition/shr-observation-Observation",
            "http://standardhealthrecord.org/fhir/StructureDefinition/shr-vital-BloodPressure"
          ]
        },
        "status": "final",
        "category": [
          {
            "coding": [
              {
                "system": "http://hl7.org/fhir/observation-category",
                "code": "vital-signs"
              }
            ]
          }
        ],
        "code": {
          "coding": [
            {
              "system": "http://loinc.org",
              "code": "55284-4",
              "display": "Blood Pressure"
            }
          ]
        },
        "subject": {
          "reference": "urn:uuid:c10a9c53-ee1e-4f3d-b888-2f0a3951a3f5"
        },
        "context": {
          "reference": "urn:uuid:3010826e-25fa-4eab-bb11-9b64a3924595"
        },
        "effectiveDateTime": "2017-03-19T06:22:22-04:00",
        "issued": "2017-03-19T06:22:22-04:00",
        "component": [
          {
            "code": {
              "coding": [
                {
                  "system": "http://loinc.org",
                  "code": "8480-6",
                  "display": "Systolic Blood Pressure"
                }
              ],
              "text": "Systolic Blood Pressure"
            },
            "valueQuantity": {
              "value": 115,
              "unit": "mmHg",
              "system": "http://unitsofmeasure.org/",
              "code": "mmHg"
            }
          },
          {
            "code": {
              "coding": [
                {
                  "system": "http://loinc.org",
                  "code": "8462-4",
                  "display": "Diastolic Blood Pressure"
                }
              ],
              "text": "Diastolic Blood Pressure"
            },
            "valueQuantity": {
              "value": 72,
              "unit": "mmHg",
              "system": "http://unitsofmeasure.org/",
              "code": "mmHg"
            }
          }
        ],
        "resourceType": "Observation"
      }
    },
    {
      "resource": {
        "meta": {
          "profile": [
            "http://standardhealthrecord.org/fhir/StructureDefinition/shr-procedure-Procedure"
          ]
        },
        "extension": [
          {
            "url": "http://standardhealthrecord.org/fhir/StructureDefinition/shr-core-CodeableConcept-extension",
            "valueCodeableConcept": {
              "coding": [
                {
                  "system": "http://snomed.info/sct",
                  "code": "428191000124101",
                  "display": "Documentation of current medications"
                }
              ],
              "text": "Documentation of current medications"
            }
          }
        ],
        "status": "completed",
        "code": {
          "coding": [
            {
              "system": "http://snomed.info/sct",
              "code": "428191000124101",
              "display": "Documentation of current medications"
            }
          ],
          "text": "Documentation of current medications"
        },
        "subject": {
          "reference": "urn:uuid:c10a9c53-ee1e-4f3d-b888-2f0a3951a3f5"
        },
        "context": {
          "reference": "urn:uuid:3010826e-25fa-4eab-bb11-9b64a3924595"
        },
        "performedDateTime": "2017-03-19T06:22:22-04:00",
        "resourceType": "Procedure"
      }
    },
    {
      "resource": {
        "meta": {
          "profile": [
            "http://standardhealthrecord.org/fhir/StructureDefinition/shr-immunization-Immunization"
          ]
        },
        "status": "completed",
        "notGiven": false,
        "vaccineCode": {
          "coding": [
            {
              "system": "http://hl7.org/fhir/sid/cvx",
              "code": "140",
              "display": "Influenza, seasonal, injectable, preservative free"
            }
          ],
          "text": "Influenza, seasonal, injectable, preservative free"
        },
        "patient": {
          "reference": "urn:uuid:c10a9c53-ee1e-4f3d-b888-2f0a3951a3f5"
        },
        "encounter": {
          "reference": "urn:uuid:3010826e-25fa-4eab-bb11-9b64a3924595"
        },
        "date": "2017-03-19T06:22:22-04:00",
        "primarySource": true,
        "resourceType": "Immunization"
      }
    },
    {
      "resource": {
        "meta": {
          "profile": [
            "http://standardhealthrecord.org/fhir/StructureDefinition/shr-immunization-Immunization"
          ]
        },
        "status": "completed",
        "notGiven": false,
        "vaccineCode": {
          "coding": [
            {
              "system": "http://hl7.org/fhir/sid/cvx",
              "code": "114",
              "display": "meningococcal MCV4P"
            }
          ],
          "text": "meningococcal MCV4P"
        },
        "patient": {
          "reference": "urn:uuid:c10a9c53-ee1e-4f3d-b888-2f0a3951a3f5"
        },
        "encounter": {
          "reference": "urn:uuid:3010826e-25fa-4eab-bb11-9b64a3924595"
        },
        "date": "2017-03-19T06:22:22-04:00",
        "primarySource": true,
        "resourceType": "Immunization"
      }
    }
  ],
  "resourceType": "Bundle"
}