{
  "type": "collection",
  "entry": [
    {
      "fullUrl": "urn:uuid:a6da0ec3-bb47-4930-bb8e-d67c705a8d78",
      "resource": {
        "id": "a6da0ec3-bb47-4930-bb8e-d67c705a8d78",
        "meta": {
          "profile": [
            "http://standardhealthrecord.org/fhir/StructureDefinition/shr-demographics-PersonOfRecord"
          ]
        },
        "text": {
          "status": "generated",
          "div": "<div>Generated by <a href=\"https://github.com/synthetichealth/synthea\">Synthea</a>. Version identifier: 4d02400401b9fab839e47bf5b2f1f6a8c683ab55</div>"
        },
        "extension": [
          {
            "url": "http://hl7.org/fhir/us/core/StructureDefinition/us-core-race",
            "valueCodeableConcept": {
              "coding": [
                {
                  "system": "http://hl7.org/fhir/v3/Race",
                  "code": "2106-3",
                  "display": "White"
                }
              ],
              "text": "race"
            }
          },
          {
            "url": "http://hl7.org/fhir/us/core/StructureDefinition/us-core-ethnicity",
            "valueCodeableConcept": {
              "coding": [
                {
                  "system": "http://hl7.org/fhir/v3/Ethnicity",
                  "code": "2186-5",
                  "display": "Nonhispanic"
                }
              ],
              "text": "ethnicity"
            }
          },
          {
            "url": "http://hl7.org/fhir/StructureDefinition/birthPlace",
            "valueAddress": {
              "city": "Lunenburg",
              "state": "MA",
              "country": "US"
            }
          },
          {
            "url": "http://hl7.org/fhir/StructureDefinition/patient-mothersMaidenName",
            "valueString": "Ayden699 Medhurst401"
          },
          {
            "url": "http://hl7.org/fhir/us/core/StructureDefinition/us-core-birthsex",
            "valueCode": "F"
          },
          {
            "url": "http://hl7.org/fhir/StructureDefinition/patient-interpreterRequired",
            "valueBoolean": false
          },
          {
            "url": "http://standardhealthrecord.org/fhir/StructureDefinition/shr-actor-FictionalPerson-extension",
            "valueBoolean": true
          },
          {
            "url": "http://standardhealthrecord.org/fhir/StructureDefinition/shr-demographics-FathersName-extension",
            "valueHumanName": {
              "text": "Deontae588 Daniel479"
            }
          },
          {
            "url": "http://standardhealthrecord.org/fhir/StructureDefinition/shr-demographics-SocialSecurityNumber-extension",
            "valueString": "999-36-2987"
          }
        ],
        "identifier": [
          {
            "system": "https://github.com/synthetichealth/synthea",
            "value": "06dcac26-aedc-45fc-a8b7-9bb5e43de12e"
          },
          {
            "type": {
              "coding": [
                {
                  "system": "http://hl7.org/fhir/identifier-type",
                  "code": "SB"
                }
              ]
            },
            "system": "http://hl7.org/fhir/sid/us-ssn",
            "value": "999362987"
          },
          {
            "type": {
              "coding": [
                {
                  "system": "http://hl7.org/fhir/v2/0203",
                  "code": "DL"
                }
              ]
            },
            "system": "urn:oid:2.16.840.1.113883.4.3.25",
            "value": "S99993074"
          }
        ],
        "name": [
          {
            "use": "official",
            "family": "Abbott992",
            "given": [
              "Savion21"
            ],
            "prefix": [
              "Mrs."
            ]
          },
          {
            "use": "maiden",
            "family": "Daniel479",
            "given": [
              "Savion21"
            ]
          }
        ],
        "telecom": [
          {
            "system": "phone",
            "value": "361.819.7147 x3896",
            "use": "home"
          }
        ],
        "gender": "female",
        "birthDate": "1954-06-08",
        "deceasedDateTime": "1988-03-08T12:07:19-05:00",
        "address": [
          {
            "extension": [
              {
                "extension": [
                  {
                    "url": "latitude",
                    "valueDecimal": 42.460460068464876
                  },
                  {
                    "url": "longitude",
                    "valueDecimal": -70.95809071869564
                  }
                ],
                "url": "http://hl7.org/fhir/StructureDefinition/geolocation"
              }
            ],
            "line": [
              "8978 Braxton Via",
              "Suite 875"
            ],
            "city": "Lynn",
            "state": "MA",
            "postalCode": "01910",
            "country": "US"
          }
        ],
        "maritalStatus": {
          "coding": [
            {
              "system": "http://hl7.org/fhir/v3/MaritalStatus",
              "code": "M"
            }
          ],
          "text": "M"
        },
        "multipleBirthBoolean": false,
        "communication": [
          {
            "language": {
              "coding": [
                {
                  "system": "http://hl7.org/fhir/ValueSet/languages",
                  "code": "en-US",
                  "display": "English (United States)"
                }
              ]
            }
          }
        ],
        "resourceType": "Patient"
      }
    },
    {
      "fullUrl": "urn:uuid:47bf98dd-2388-4975-8bbc-2d3771c96e85",
      "resource": {
        "id": "47bf98dd-2388-4975-8bbc-2d3771c96e85",
        "meta": {
          "profile": [
            "http://standardhealthrecord.org/fhir/StructureDefinition/shr-actor-Organization"
          ]
        },
        "type": [
          {
            "coding": [
              {
                "system": "http://hl7.org/fhir/ValueSet/organization-type",
                "code": "prov",
                "display": "Healthcare Provider"
              }
            ],
            "text": "Healthcare Provider"
          }
        ],
        "name": "Synthetic Provider",
        "resourceType": "Organization"
      }
    },
    {
      "fullUrl": "urn:uuid:141b9cdb-c5dd-4d34-9b24-8c9448587e83",
      "resource": {
        "id": "141b9cdb-c5dd-4d34-9b24-8c9448587e83",
        "meta": {
          "profile": [
            "http://standardhealthrecord.org/fhir/StructureDefinition/shr-encounter-Encounter"
          ]
        },
        "status": "finished",
        "class": {
          "code": "ambulatory"
        },
        "type": [
          {
            "coding": [
              {
                "system": "http://snomed.info/sct",
                "code": "308646001"
              }
            ],
            "text": "Death Certification"
          }
        ],
        "subject": {
          "reference": "urn:uuid:a6da0ec3-bb47-4930-bb8e-d67c705a8d78"
        },
        "period": {
          "start": "1988-03-08T12:07:19-05:00",
          "end": "1988-03-08T12:22:19-05:00"
        },
        "serviceProvider": {
          "reference": "urn:uuid:47bf98dd-2388-4975-8bbc-2d3771c96e85"
        },
        "resourceType": "Encounter"
      }
    },
    {
      "fullUrl": "urn:uuid:a0d1843c-a6f9-4dae-acd0-d233aa97070b",
      "resource": {
        "id": "a0d1843c-a6f9-4dae-acd0-d233aa97070b",
        "meta": {
          "profile": [
            "http://standardhealthrecord.org/fhir/StructureDefinition/shr-problem-Problem"
          ]
        },
        "clinicalStatus": "active",
        "verificationStatus": "confirmed",
        "code": {
          "coding": [
            {
              "system": "http://snomed.info/sct",
              "code": "230690007",
              "display": "Stroke"
            }
          ],
          "text": "Stroke"
        },
        "subject": {
          "reference": "urn:uuid:a6da0ec3-bb47-4930-bb8e-d67c705a8d78"
        },
        "context": {
          "reference": "urn:uuid:141b9cdb-c5dd-4d34-9b24-8c9448587e83"
        },
        "onsetDateTime": "1988-03-08T12:07:19-05:00",
        "assertedDate": "1988-03-08",
        "resourceType": "Condition"
      }
    },
    {
      "fullUrl": "urn:uuid:b29b3a50-d356-4885-9eec-a4315938bd14",
      "resource": {
        "id": "b29b3a50-d356-4885-9eec-a4315938bd14",
        "meta": {
          "profile": [
            "http://standardhealthrecord.org/fhir/StructureDefinition/shr-observation-Observation"
          ]
        },
        "status": "final",
        "category": [
          {
            "coding": [
              {
                "system": "http://hl7.org/fhir/observation-category"
              }
            ]
          }
        ],
        "code": {
          "coding": [
            {
              "system": "http://loinc.org",
              "code": "69453-9",
              "display": "Cause of Death [US Standard Certificate of Death]"
            }
          ],
          "text": "Cause of Death [US Standard Certificate of Death]"
        },
        "subject": {
          "reference": "urn:uuid:a6da0ec3-bb47-4930-bb8e-d67c705a8d78"
        },
        "context": {
          "reference": "urn:uuid:141b9cdb-c5dd-4d34-9b24-8c9448587e83"
        },
        "effectiveDateTime": "1988-03-08T12:07:19-05:00",
        "issued": "1988-03-08T12:07:19-05:00",
        "valueCodeableConcept": {
          "coding": [
            {
              "system": "http://snomed.info/sct",
              "code": "230690007",
              "display": "Stroke"
            }
          ],
          "text": "Stroke"
        },
        "resourceType": "Observation"
      }
    },
    {
      "fullUrl": "urn:uuid:9081f684-61be-4f75-8fd6-58a7e4a96f0e",
      "resource": {
        "id": "9081f684-61be-4f75-8fd6-58a7e4a96f0e",
        "meta": {
          "profile": [
            "http://standardhealthrecord.org/fhir/StructureDefinition/shr-observation-Panel"
          ]
        },
        "status": "final",
        "code": {
          "coding": [
            {
              "system": "http://loinc.org",
              "code": "69409-1",
              "display": "U.S. standard certificate of death - 2003 revision"
            }
          ]
        },
        "subject": {
          "reference": "urn:uuid:a6da0ec3-bb47-4930-bb8e-d67c705a8d78"
        },
        "context": {
          "reference": "urn:uuid:141b9cdb-c5dd-4d34-9b24-8c9448587e83"
        },
        "effectiveDateTime": "1988-03-08T12:07:19-05:00",
        "issued": "1988-03-08T12:07:19-05:00",
        "result": [
          {
            "reference": "urn:uuid:b29b3a50-d356-4885-9eec-a4315938bd14",
            "display": "Cause of Death [US Standard Certificate of Death]"
          }
        ],
        "resourceType": "DiagnosticReport"
      }
    },
    {
      "resource": {
        "meta": {
          "profile": [
            "http://standardhealthrecord.org/fhir/StructureDefinition/shr-medication-Medication"
          ]
        },
        "code": {
          "coding": [
            {
              "system": "http://www.nlm.nih.gov/research/umls/rxnorm",
              "code": "834060",
              "display": "Penicillin V Potassium 250 MG"
            }
          ],
          "text": "Penicillin V Potassium 250 MG"
        },
        "resourceType": "Medication"
      }
    },
    {
      "resource": {
        "meta": {
          "profile": [
            "http://standardhealthrecord.org/fhir/StructureDefinition/shr-medication-MedicationPrescription"
          ]
        },
        "extension": [
          {
            "url": "http://standardhealthrecord.org/fhir/StructureDefinition/shr-base-ActionCode-extension",
            "valueCodeableConcept": {
              "coding": [
                {
                  "system": "http://snomed.info/sct",
                  "code": "33633005",
                  "display": "Prescription of drug (procedure)"
                }
              ],
              "text": "Prescription of drug (procedure)"
            }
          }
        ],
        "status": "active",
        "medicationReference": {
          "reference": ""
        },
        "subject": {
          "reference": "urn:uuid:a6da0ec3-bb47-4930-bb8e-d67c705a8d78"
        },
        "context": {
          "reference": "urn:uuid:141b9cdb-c5dd-4d34-9b24-8c9448587e83"
        },
        "authoredOn": "1967-12-18",
        "dosageInstruction": [
          {

          }
        ],
        "resourceType": "MedicationRequest"
      }
    }
  ],
  "resourceType": "Bundle"
}