{
  "type": "collection",
  "entry": [
    {
      "fullUrl": "urn:uuid:d651ab87-31bc-4d76-ade8-741cc9eb9cc3",
      "resource": {
        "id": "d651ab87-31bc-4d76-ade8-741cc9eb9cc3",
        "meta": {
          "profile": [
            "http://standardhealthrecord.org/fhir/StructureDefinition/shr-demographics-PersonOfRecord"
          ]
        },
        "text": {
          "status": "generated",
          "div": "<div>Generated by <a href=\"https://github.com/synthetichealth/synthea\">Synthea</a>. Version identifier: 4d02400401b9fab839e47bf5b2f1f6a8c683ab55</div>"
        },
        "extension": [
          {
            "url": "http://hl7.org/fhir/us/core/StructureDefinition/us-core-race",
            "valueCodeableConcept": {
              "coding": [
                {
                  "system": "http://hl7.org/fhir/v3/Race",
                  "code": "2054-5",
                  "display": "Black"
                }
              ],
              "text": "race"
            }
          },
          {
            "url": "http://hl7.org/fhir/us/core/StructureDefinition/us-core-ethnicity",
            "valueCodeableConcept": {
              "coding": [
                {
                  "system": "http://hl7.org/fhir/v3/Ethnicity",
                  "code": "2186-5",
                  "display": "Nonhispanic"
                }
              ],
              "text": "ethnicity"
            }
          },
          {
            "url": "http://hl7.org/fhir/StructureDefinition/birthPlace",
            "valueAddress": {
              "city": "North Adams",
              "state": "MA",
              "country": "US"
            }
          },
          {
            "url": "http://hl7.org/fhir/StructureDefinition/patient-mothersMaidenName",
            "valueString": "Maeve92 Braun162"
          },
          {
            "url": "http://hl7.org/fhir/us/core/StructureDefinition/us-core-birthsex",
            "valueCode": "M"
          },
          {
            "url": "http://hl7.org/fhir/StructureDefinition/patient-interpreterRequired",
            "valueBoolean": false
          },
          {
            "url": "http://standardhealthrecord.org/fhir/StructureDefinition/shr-actor-FictionalPerson-extension",
            "valueBoolean": true
          },
          {
            "url": "http://standardhealthrecord.org/fhir/StructureDefinition/shr-demographics-FathersName-extension",
            "valueHumanName": {
              "text": "Arlie348 Abbott992"
            }
          },
          {
            "url": "http://standardhealthrecord.org/fhir/StructureDefinition/shr-demographics-SocialSecurityNumber-extension",
            "valueString": "999-75-3307"
          }
        ],
        "identifier": [
          {
            "system": "https://github.com/synthetichealth/synthea",
            "value": "1f4b9fc4-d00d-4add-a66d-b9772a1c8ef9"
          },
          {
            "type": {
              "coding": [
                {
                  "system": "http://hl7.org/fhir/identifier-type",
                  "code": "SB"
                }
              ]
            },
            "system": "http://hl7.org/fhir/sid/us-ssn",
            "value": "999753307"
          },
          {
            "type": {
              "coding": [
                {
                  "system": "http://hl7.org/fhir/v2/0203",
                  "code": "DL"
                }
              ]
            },
            "system": "urn:oid:2.16.840.1.113883.4.3.25",
            "value": "S99912610"
          }
        ],
        "name": [
          {
            "use": "official",
            "family": "Abbott992",
            "given": [
              "Oral8"
            ],
            "prefix": [
              "Mr."
            ]
          }
        ],
        "telecom": [
          {
            "system": "phone",
            "value": "826-094-8927 x63212",
            "use": "home"
          }
        ],
        "gender": "male",
        "birthDate": "1945-04-21",
        "deceasedDateTime": "2000-07-29T14:50:03-04:00",
        "address": [
          {
            "extension": [
              {
                "extension": [
                  {
                    "url": "latitude",
                    "valueDecimal": 42.40320249757342
                  },
                  {
                    "url": "longitude",
                    "valueDecimal": -70.9947388957765
                  }
                ],
                "url": "http://hl7.org/fhir/StructureDefinition/geolocation"
              }
            ],
            "line": [
              "33141 Carter Turnpike"
            ],
            "city": "Revere",
            "state": "MA",
            "postalCode": "02151",
            "country": "US"
          }
        ],
        "maritalStatus": {
          "coding": [
            {
              "system": "http://hl7.org/fhir/v3/MaritalStatus",
              "code": "M"
            }
          ],
          "text": "M"
        },
        "multipleBirthBoolean": false,
        "communication": [
          {
            "language": {
              "coding": [
                {
                  "system": "http://hl7.org/fhir/ValueSet/languages",
                  "code": "en-US",
                  "display": "English (United States)"
                }
              ]
            }
          }
        ],
        "resourceType": "Patient"
      }
    },
    {
      "fullUrl": "urn:uuid:2a5aad31-00e5-445f-a003-1c555d632e2f",
      "resource": {
        "id": "2a5aad31-00e5-445f-a003-1c555d632e2f",
        "meta": {
          "profile": [
            "http://standardhealthrecord.org/fhir/StructureDefinition/shr-actor-Organization"
          ]
        },
        "type": [
          {
            "coding": [
              {
                "system": "http://hl7.org/fhir/ValueSet/organization-type",
                "code": "prov",
                "display": "Healthcare Provider"
              }
            ],
            "text": "Healthcare Provider"
          }
        ],
        "name": "Synthetic Provider",
        "resourceType": "Organization"
      }
    },
    {
      "fullUrl": "urn:uuid:449e78ec-f378-40d4-a894-1d585c963d4b",
      "resource": {
        "id": "449e78ec-f378-40d4-a894-1d585c963d4b",
        "meta": {
          "profile": [
            "http://standardhealthrecord.org/fhir/StructureDefinition/shr-encounter-Encounter"
          ]
        },
        "status": "finished",
        "class": {
          "code": "ambulatory"
        },
        "type": [
          {
            "coding": [
              {
                "system": "http://snomed.info/sct",
                "code": "308646001"
              }
            ],
            "text": "Death Certification"
          }
        ],
        "subject": {
          "reference": "urn:uuid:d651ab87-31bc-4d76-ade8-741cc9eb9cc3"
        },
        "period": {
          "start": "2000-07-29T14:50:03-04:00",
          "end": "2000-07-29T15:05:03-04:00"
        },
        "serviceProvider": {
          "reference": "urn:uuid:2a5aad31-00e5-445f-a003-1c555d632e2f"
        },
        "resourceType": "Encounter"
      }
    },
    {
      "fullUrl": "urn:uuid:4b65f3d1-4c4e-45aa-86f6-a9713f284e6b",
      "resource": {
        "id": "4b65f3d1-4c4e-45aa-86f6-a9713f284e6b",
        "meta": {
          "profile": [
            "http://standardhealthrecord.org/fhir/StructureDefinition/shr-problem-Problem"
          ]
        },
        "clinicalStatus": "active",
        "verificationStatus": "confirmed",
        "code": {
          "coding": [
            {
              "system": "http://snomed.info/sct",
              "code": "40055000",
              "display": "Chronic sinusitis (disorder)"
            }
          ],
          "text": "Chronic sinusitis (disorder)"
        },
        "subject": {
          "reference": "urn:uuid:d651ab87-31bc-4d76-ade8-741cc9eb9cc3"
        },
        "context": {
          "reference": "urn:uuid:449e78ec-f378-40d4-a894-1d585c963d4b"
        },
        "onsetDateTime": "1958-02-03T02:22:18-05:00",
        "assertedDate": "1958-02-03",
        "resourceType": "Condition"
      }
    },
    {
      "fullUrl": "urn:uuid:8979bfd2-89db-435c-90e7-6c7abedd79ce",
      "resource": {
        "id": "8979bfd2-89db-435c-90e7-6c7abedd79ce",
        "meta": {
          "profile": [
            "http://standardhealthrecord.org/fhir/StructureDefinition/shr-problem-Problem"
          ]
        },
        "clinicalStatus": "active",
        "verificationStatus": "confirmed",
        "code": {
          "coding": [
            {
              "system": "http://snomed.info/sct",
              "code": "15777000",
              "display": "Prediabetes"
            }
          ],
          "text": "Prediabetes"
        },
        "subject": {
          "reference": "urn:uuid:d651ab87-31bc-4d76-ade8-741cc9eb9cc3"
        },
        "context": {
          "reference": "urn:uuid:449e78ec-f378-40d4-a894-1d585c963d4b"
        },
        "onsetDateTime": "1979-09-20T22:54:35-04:00",
        "assertedDate": "1979-09-20",
        "resourceType": "Condition"
      }
    },
    {
      "fullUrl": "urn:uuid:82fffb6d-5f1e-4c42-bbc2-ecf4324d10ce",
      "resource": {
        "id": "82fffb6d-5f1e-4c42-bbc2-ecf4324d10ce",
        "meta": {
          "profile": [
            "http://standardhealthrecord.org/fhir/StructureDefinition/shr-problem-Problem"
          ]
        },
        "clinicalStatus": "active",
        "verificationStatus": "confirmed",
        "code": {
          "coding": [
            {
              "system": "http://snomed.info/sct",
              "code": "162573006",
              "display": "Suspected lung cancer (situation)"
            }
          ],
          "text": "Suspected lung cancer (situation)"
        },
        "subject": {
          "reference": "urn:uuid:d651ab87-31bc-4d76-ade8-741cc9eb9cc3"
        },
        "context": {
          "reference": "urn:uuid:449e78ec-f378-40d4-a894-1d585c963d4b"
        },
        "onsetDateTime": "1999-11-01T22:35:23-05:00",
        "assertedDate": "1999-11-01",
        "resourceType": "Condition"
      }
    },
    {
      "fullUrl": "urn:uuid:af4d7df9-5ead-4aba-839c-bb7a546c340b",
      "resource": {
        "id": "af4d7df9-5ead-4aba-839c-bb7a546c340b",
        "meta": {
          "profile": [
            "http://standardhealthrecord.org/fhir/StructureDefinition/shr-problem-Problem"
          ]
        },
        "clinicalStatus": "active",
        "verificationStatus": "confirmed",
        "code": {
          "coding": [
            {
              "system": "http://snomed.info/sct",
              "code": "254637007",
              "display": "Non-small cell lung cancer (disorder)"
            }
          ],
          "text": "Non-small cell lung cancer (disorder)"
        },
        "subject": {
          "reference": "urn:uuid:d651ab87-31bc-4d76-ade8-741cc9eb9cc3"
        },
        "context": {
          "reference": "urn:uuid:449e78ec-f378-40d4-a894-1d585c963d4b"
        },
        "onsetDateTime": "1999-11-12T05:48:52-05:00",
        "assertedDate": "1999-11-12",
        "resourceType": "Condition"
      }
    },
    {
      "fullUrl": "urn:uuid:8ab98d0e-8ec0-4734-90bd-27f1ad27235a",
      "resource": {
        "id": "8ab98d0e-8ec0-4734-90bd-27f1ad27235a",
        "meta": {
          "profile": [
            "http://standardhealthrecord.org/fhir/StructureDefinition/shr-problem-Problem"
          ]
        },
        "clinicalStatus": "active",
        "verificationStatus": "confirmed",
        "code": {
          "coding": [
            {
              "system": "http://snomed.info/sct",
              "code": "423121009",
              "display": "Non-small cell carcinoma of lung, TNM stage 4 (disorder)"
            }
          ],
          "text": "Non-small cell carcinoma of lung, TNM stage 4 (disorder)"
        },
        "subject": {
          "reference": "urn:uuid:d651ab87-31bc-4d76-ade8-741cc9eb9cc3"
        },
        "context": {
          "reference": "urn:uuid:449e78ec-f378-40d4-a894-1d585c963d4b"
        },
        "onsetDateTime": "1999-11-13T10:56:01-05:00",
        "assertedDate": "1999-11-13",
        "resourceType": "Condition"
      }
    },
    {
      "fullUrl": "urn:uuid:58ed1361-6638-4145-9f54-d88cde597041",
      "resource": {
        "id": "58ed1361-6638-4145-9f54-d88cde597041",
        "meta": {
          "profile": [
            "http://standardhealthrecord.org/fhir/StructureDefinition/shr-observation-Observation"
          ]
        },
        "status": "final",
        "category": [
          {
            "coding": [
              {
                "system": "http://hl7.org/fhir/observation-category"
              }
            ]
          }
        ],
        "code": {
          "coding": [
            {
              "system": "http://loinc.org",
              "code": "69453-9",
              "display": "Cause of Death [US Standard Certificate of Death]"
            }
          ],
          "text": "Cause of Death [US Standard Certificate of Death]"
        },
        "subject": {
          "reference": "urn:uuid:d651ab87-31bc-4d76-ade8-741cc9eb9cc3"
        },
        "context": {
          "reference": "urn:uuid:449e78ec-f378-40d4-a894-1d585c963d4b"
        },
        "effectiveDateTime": "2000-07-29T14:50:03-04:00",
        "issued": "2000-07-29T14:50:03-04:00",
        "valueCodeableConcept": {
          "coding": [
            {
              "system": "http://snomed.info/sct",
              "code": "254637007",
              "display": "Non-small cell lung cancer (disorder)"
            }
          ],
          "text": "Non-small cell lung cancer (disorder)"
        },
        "resourceType": "Observation"
      }
    },
    {
      "fullUrl": "urn:uuid:f241cad4-7a1b-4ba9-bf74-a72ce7e181c4",
      "resource": {
        "id": "f241cad4-7a1b-4ba9-bf74-a72ce7e181c4",
        "meta": {
          "profile": [
            "http://standardhealthrecord.org/fhir/StructureDefinition/shr-observation-Panel"
          ]
        },
        "status": "final",
        "code": {
          "coding": [
            {
              "system": "http://loinc.org",
              "code": "69409-1",
              "display": "U.S. standard certificate of death - 2003 revision"
            }
          ]
        },
        "subject": {
          "reference": "urn:uuid:d651ab87-31bc-4d76-ade8-741cc9eb9cc3"
        },
        "context": {
          "reference": "urn:uuid:449e78ec-f378-40d4-a894-1d585c963d4b"
        },
        "effectiveDateTime": "2000-07-29T14:50:03-04:00",
        "issued": "2000-07-29T14:50:03-04:00",
        "result": [
          {
            "reference": "urn:uuid:58ed1361-6638-4145-9f54-d88cde597041",
            "display": "Cause of Death [US Standard Certificate of Death]"
          }
        ],
        "resourceType": "DiagnosticReport"
      }
    },
    {
      "resource": {
        "status": "in-progress",
        "description": {
          "text": "Hemoglobin A1c total in Blood < 7.0"
        },
        "addresses": [
          {
            "reference": "urn:uuid:8979bfd2-89db-435c-90e7-6c7abedd79ce"
          }
        ],
        "resourceType": "Goal"
      }
    },
    {
      "resource": {
        "status": "in-progress",
        "description": {
          "text": "Glucose [Mass/volume] in Blood < 108"
        },
        "addresses": [
          {
            "reference": "urn:uuid:8979bfd2-89db-435c-90e7-6c7abedd79ce"
          }
        ],
        "resourceType": "Goal"
      }
    },
    {
      "resource": {
        "status": "in-progress",
        "description": {
          "text": "Maintain blood pressure below 140/90 mmHg"
        },
        "addresses": [
          {
            "reference": "urn:uuid:8979bfd2-89db-435c-90e7-6c7abedd79ce"
          }
        ],
        "resourceType": "Goal"
      }
    },
    {
      "resource": {
        "status": "in-progress",
        "description": {
          "text": "Improve and maintenance of optimal foot health: aim at early detection of peripheral vascular problems and neuropathy presumed due to diabetes; and prevention of diabetic foot ulcer, gangrene"
        },
        "addresses": [
          {
            "reference": "urn:uuid:8979bfd2-89db-435c-90e7-6c7abedd79ce"
          }
        ],
        "resourceType": "Goal"
      }
    },
    {
      "resource": {
        "status": "in-progress",
        "description": {
          "text": "Address patient knowledge deficit on diabetic self-care"
        },
        "addresses": [
          {
            "reference": "urn:uuid:8979bfd2-89db-435c-90e7-6c7abedd79ce"
          }
        ],
        "resourceType": "Goal"
      }
    },
    {
      "resource": {
        "status": "active",
        "category": [
          {
            "coding": [
              {
                "system": "http://snomed.info/sct",
                "code": "698360004",
                "display": "Diabetes self management plan"
              }
            ]
          }
        ],
        "subject": {
          "reference": "urn:uuid:d651ab87-31bc-4d76-ade8-741cc9eb9cc3"
        },
        "context": {
          "reference": "urn:uuid:449e78ec-f378-40d4-a894-1d585c963d4b"
        },
        "period": {
          "start": "1979-09-20"
        },
        "addresses": [
          {
            "reference": "urn:uuid:8979bfd2-89db-435c-90e7-6c7abedd79ce"
          }
        ],
        "goal": [
          {
            "reference": ""
          },
          {
            "reference": ""
          },
          {
            "reference": ""
          },
          {
            "reference": ""
          },
          {
            "reference": ""
          }
        ],
        "activity": [
          {
            "detail": {
              "code": {
                "coding": [
                  {
                    "system": "http://snomed.info/sct",
                    "code": "160670007",
                    "display": "Diabetic diet"
                  }
                ]
              },
              "status": "in-progress"
            }
          },
          {
            "detail": {
              "code": {
                "coding": [
                  {
                    "system": "http://snomed.info/sct",
                    "code": "229065009",
                    "display": "Exercise therapy"
                  }
                ]
              },
              "status": "in-progress"
            }
          }
        ],
        "resourceType": "CarePlan"
      }
    },
    {
      "resource": {
        "status": "active",
        "category": [
          {
            "coding": [
              {
                "system": "http://snomed.info/sct",
                "code": "182964004",
                "display": "Terminal care"
              }
            ]
          }
        ],
        "subject": {
          "reference": "urn:uuid:d651ab87-31bc-4d76-ade8-741cc9eb9cc3"
        },
        "context": {
          "reference": "urn:uuid:449e78ec-f378-40d4-a894-1d585c963d4b"
        },
        "period": {
          "start": "1999-11-13"
        },
        "addresses": [
          {
            "reference": "urn:uuid:8ab98d0e-8ec0-4734-90bd-27f1ad27235a"
          }
        ],
        "activity": [
          {
            "detail": {
              "code": {
                "coding": [
                  {
                    "system": "http://snomed.info/sct",
                    "code": "133918004",
                    "display": "Comfort measures"
                  }
                ]
              },
              "status": "in-progress"
            }
          },
          {
            "detail": {
              "code": {
                "coding": [
                  {
                    "system": "http://snomed.info/sct",
                    "code": "408957008",
                    "display": "Chronic pain control management"
                  }
                ]
              },
              "status": "in-progress"
            }
          },
          {
            "detail": {
              "code": {
                "coding": [
                  {
                    "system": "http://snomed.info/sct",
                    "code": "243072006",
                    "display": "Cancer education"
                  }
                ]
              },
              "status": "in-progress"
            }
          }
        ],
        "resourceType": "CarePlan"
      }
    }
  ],
  "resourceType": "Bundle"
}