{
  "type": "collection",
  "entry": [
    {
      "fullUrl": "urn:uuid:bcc1212d-837c-4f0a-b833-18356b139159",
      "resource": {
        "id": "bcc1212d-837c-4f0a-b833-18356b139159",
        "meta": {
          "profile": [
            "http://standardhealthrecord.org/fhir/StructureDefinition/shr-demographics-PersonOfRecord"
          ]
        },
        "text": {
          "status": "generated",
          "div": "<div>Generated by <a href=\"https://github.com/synthetichealth/synthea\">Synthea</a>. Version identifier: 4d02400401b9fab839e47bf5b2f1f6a8c683ab55</div>"
        },
        "extension": [
          {
            "url": "http://hl7.org/fhir/us/core/StructureDefinition/us-core-race",
            "valueCodeableConcept": {
              "coding": [
                {
                  "system": "http://hl7.org/fhir/v3/Race",
                  "code": "2106-3",
                  "display": "White"
                }
              ],
              "text": "race"
            }
          },
          {
            "url": "http://hl7.org/fhir/us/core/StructureDefinition/us-core-ethnicity",
            "valueCodeableConcept": {
              "coding": [
                {
                  "system": "http://hl7.org/fhir/v3/Ethnicity",
                  "code": "2186-5",
                  "display": "Nonhispanic"
                }
              ],
              "text": "ethnicity"
            }
          },
          {
            "url": "http://hl7.org/fhir/StructureDefinition/birthPlace",
            "valueAddress": {
              "city": "Charlton",
              "state": "MA",
              "country": "US"
            }
          },
          {
            "url": "http://hl7.org/fhir/StructureDefinition/patient-mothersMaidenName",
            "valueString": "Cheyanne282 Simonis859"
          },
          {
            "url": "http://hl7.org/fhir/us/core/StructureDefinition/us-core-birthsex",
            "valueCode": "M"
          },
          {
            "url": "http://hl7.org/fhir/StructureDefinition/patient-interpreterRequired",
            "valueBoolean": false
          },
          {
            "url": "http://standardhealthrecord.org/fhir/StructureDefinition/shr-actor-FictionalPerson-extension",
            "valueBoolean": true
          },
          {
            "url": "http://standardhealthrecord.org/fhir/StructureDefinition/shr-demographics-FathersName-extension",
            "valueHumanName": {
              "text": "Margot275 Abbott992"
            }
          },
          {
            "url": "http://standardhealthrecord.org/fhir/StructureDefinition/shr-demographics-SocialSecurityNumber-extension",
            "valueString": "999-11-6514"
          }
        ],
        "identifier": [
          {
            "system": "https://github.com/synthetichealth/synthea",
            "value": "2ddc5ec4-91a0-40e2-a873-12bfbe762eac"
          },
          {
            "type": {
              "coding": [
                {
                  "system": "http://hl7.org/fhir/identifier-type",
                  "code": "SB"
                }
              ]
            },
            "system": "http://hl7.org/fhir/sid/us-ssn",
            "value": "999116514"
          },
          {
            "type": {
              "coding": [
                {
                  "system": "http://hl7.org/fhir/v2/0203",
                  "code": "DL"
                }
              ]
            },
            "system": "urn:oid:2.16.840.1.113883.4.3.25",
            "value": "S99961888"
          }
        ],
        "name": [
          {
            "use": "official",
            "family": "Abbott992",
            "given": [
              "Kathryne443"
            ],
            "prefix": [
              "Mr."
            ]
          }
        ],
        "telecom": [
          {
            "system": "phone",
            "value": "(236) 808-4628",
            "use": "home"
          }
        ],
        "gender": "male",
        "birthDate": "1994-03-23",
        "address": [
          {
            "extension": [
              {
                "extension": [
                  {
                    "url": "latitude",
                    "valueDecimal": 41.83790784558524
                  },
                  {
                    "url": "longitude",
                    "valueDecimal": -71.32103995428375
                  }
                ],
                "url": "http://hl7.org/fhir/StructureDefinition/geolocation"
              }
            ],
            "line": [
              "10866 McKenzie Forest",
              "Apt. 110"
            ],
            "city": "Seekonk",
            "state": "MA",
            "postalCode": "02771",
            "country": "US"
          }
        ],
        "maritalStatus": {
          "coding": [
            {
              "system": "http://hl7.org/fhir/v3/MaritalStatus",
              "code": "S"
            }
          ],
          "text": "Never Married"
        },
        "multipleBirthBoolean": false,
        "communication": [
          {
            "language": {
              "coding": [
                {
                  "system": "http://hl7.org/fhir/ValueSet/languages",
                  "code": "en-US",
                  "display": "English (United States)"
                }
              ]
            }
          }
        ],
        "resourceType": "Patient"
      }
    },
    {
      "fullUrl": "urn:uuid:8e5e0409-0271-4151-96ca-55385c4ad924",
      "resource": {
        "id": "8e5e0409-0271-4151-96ca-55385c4ad924",
        "meta": {
          "profile": [
            "http://standardhealthrecord.org/fhir/StructureDefinition/shr-actor-Organization"
          ]
        },
        "type": [
          {
            "coding": [
              {
                "system": "http://hl7.org/fhir/ValueSet/organization-type",
                "code": "prov",
                "display": "Healthcare Provider"
              }
            ],
            "text": "Healthcare Provider"
          }
        ],
        "name": "Synthetic Provider",
        "resourceType": "Organization"
      }
    },
    {
      "fullUrl": "urn:uuid:932b3fc7-bd4e-4e34-bbad-d304b35f6a98",
      "resource": {
        "id": "932b3fc7-bd4e-4e34-bbad-d304b35f6a98",
        "meta": {
          "profile": [
            "http://standardhealthrecord.org/fhir/StructureDefinition/shr-encounter-Encounter"
          ]
        },
        "status": "finished",
        "class": {
          "code": "outpatient"
        },
        "type": [
          {
            "coding": [
              {
                "system": "http://snomed.info/sct",
                "code": "170258001"
              }
            ],
            "text": "Outpatient Encounter"
          }
        ],
        "subject": {
          "reference": "urn:uuid:bcc1212d-837c-4f0a-b833-18356b139159"
        },
        "period": {
          "start": "2011-06-13T06:57:49-04:00",
          "end": "2011-06-13T07:57:49-04:00"
        },
        "serviceProvider": {
          "reference": "urn:uuid:8e5e0409-0271-4151-96ca-55385c4ad924"
        },
        "resourceType": "Encounter"
      }
    },
    {
      "fullUrl": "urn:uuid:76142138-3784-4d70-8323-25b26ae90bf5",
      "resource": {
        "id": "76142138-3784-4d70-8323-25b26ae90bf5",
        "meta": {
          "profile": [
            "http://standardhealthrecord.org/fhir/StructureDefinition/shr-problem-Problem"
          ]
        },
        "clinicalStatus": "active",
        "verificationStatus": "confirmed",
        "code": {
          "coding": [
            {
              "system": "http://snomed.info/sct",
              "code": "74400008",
              "display": "Appendicitis"
            }
          ],
          "text": "Appendicitis"
        },
        "subject": {
          "reference": "urn:uuid:bcc1212d-837c-4f0a-b833-18356b139159"
        },
        "context": {
          "reference": "urn:uuid:932b3fc7-bd4e-4e34-bbad-d304b35f6a98"
        },
        "onsetDateTime": "2007-04-28T17:14:28-04:00",
        "assertedDate": "2007-04-28",
        "resourceType": "Condition"
      }
    },
    {
      "fullUrl": "urn:uuid:13d31605-b73e-4acc-853a-d77d4dd37c04",
      "resource": {
        "id": "13d31605-b73e-4acc-853a-d77d4dd37c04",
        "meta": {
          "profile": [
            "http://standardhealthrecord.org/fhir/StructureDefinition/shr-problem-Problem"
          ]
        },
        "clinicalStatus": "active",
        "verificationStatus": "confirmed",
        "code": {
          "coding": [
            {
              "system": "http://snomed.info/sct",
              "code": "47693006",
              "display": "Rupture of appendix"
            }
          ],
          "text": "Rupture of appendix"
        },
        "subject": {
          "reference": "urn:uuid:bcc1212d-837c-4f0a-b833-18356b139159"
        },
        "context": {
          "reference": "urn:uuid:932b3fc7-bd4e-4e34-bbad-d304b35f6a98"
        },
        "onsetDateTime": "2007-04-28T17:14:28-04:00",
        "assertedDate": "2007-04-28",
        "resourceType": "Condition"
      }
    },
    {
      "fullUrl": "urn:uuid:ffdad022-9f39-4983-bb4b-788f8e240c9b",
      "resource": {
        "id": "ffdad022-9f39-4983-bb4b-788f8e240c9b",
        "meta": {
          "profile": [
            "http://standardhealthrecord.org/fhir/StructureDefinition/shr-problem-Problem"
          ]
        },
        "clinicalStatus": "active",
        "verificationStatus": "confirmed",
        "code": {
          "coding": [
            {
              "system": "http://snomed.info/sct",
              "code": "428251008",
              "display": "History of appendectomy"
            }
          ],
          "text": "History of appendectomy"
        },
        "subject": {
          "reference": "urn:uuid:bcc1212d-837c-4f0a-b833-18356b139159"
        },
        "context": {
          "reference": "urn:uuid:932b3fc7-bd4e-4e34-bbad-d304b35f6a98"
        },
        "onsetDateTime": "2007-04-28T17:14:28-04:00",
        "assertedDate": "2007-04-28",
        "resourceType": "Condition"
      }
    },
    {
      "fullUrl": "urn:uuid:dbacb146-4095-4b12-99ff-a0e5144d1cf1",
      "resource": {
        "id": "dbacb146-4095-4b12-99ff-a0e5144d1cf1",
        "meta": {
          "profile": [
            "http://standardhealthrecord.org/fhir/StructureDefinition/shr-observation-Observation",
            "http://standardhealthrecord.org/fhir/StructureDefinition/shr-vital-VitalSign",
            "http://standardhealthrecord.org/fhir/StructureDefinition/shr-vital-BodyHeight"
          ]
        },
        "status": "final",
        "category": [
          {
            "coding": [
              {
                "system": "http://hl7.org/fhir/observation-category",
                "code": "vital-signs"
              }
            ]
          }
        ],
        "code": {
          "coding": [
            {
              "system": "http://loinc.org",
              "code": "8302-2",
              "display": "Body Height"
            }
          ],
          "text": "Body Height"
        },
        "subject": {
          "reference": "urn:uuid:bcc1212d-837c-4f0a-b833-18356b139159"
        },
        "context": {
          "reference": "urn:uuid:932b3fc7-bd4e-4e34-bbad-d304b35f6a98"
        },
        "effectiveDateTime": "2011-06-13T06:57:49-04:00",
        "issued": "2011-06-13T06:57:49-04:00",
        "valueQuantity": {
          "value": 181.43613963938242,
          "unit": "cm",
          "system": "http://unitsofmeasure.org/",
          "code": "cm"
        },
        "resourceType": "Observation"
      }
    },
    {
      "fullUrl": "urn:uuid:abf6f07a-02f2-4bd4-a910-316fd8f796d9",
      "resource": {
        "id": "abf6f07a-02f2-4bd4-a910-316fd8f796d9",
        "meta": {
          "profile": [
            "http://standardhealthrecord.org/fhir/StructureDefinition/shr-observation-Observation",
            "http://standardhealthrecord.org/fhir/StructureDefinition/shr-vital-VitalSign",
            "http://standardhealthrecord.org/fhir/StructureDefinition/shr-vital-BodyWeight"
          ]
        },
        "status": "final",
        "category": [
          {
            "coding": [
              {
                "system": "http://hl7.org/fhir/observation-category",
                "code": "vital-signs"
              }
            ]
          }
        ],
        "code": {
          "coding": [
            {
              "system": "http://loinc.org",
              "code": "29463-7",
              "display": "Body Weight"
            }
          ],
          "text": "Body Weight"
        },
        "subject": {
          "reference": "urn:uuid:bcc1212d-837c-4f0a-b833-18356b139159"
        },
        "context": {
          "reference": "urn:uuid:932b3fc7-bd4e-4e34-bbad-d304b35f6a98"
        },
        "effectiveDateTime": "2011-06-13T06:57:49-04:00",
        "issued": "2011-06-13T06:57:49-04:00",
        "valueQuantity": {
          "value": 60.10841648688216,
          "unit": "kg",
          "system": "http://unitsofmeasure.org/",
          "code": "kg"
        },
        "resourceType": "Observation"
      }
    },
    {
      "fullUrl": "urn:uuid:c463db95-07c4-41bd-b46a-5d56cf24a896",
      "resource": {
        "id": "c463db95-07c4-41bd-b46a-5d56cf24a896",
        "meta": {
          "profile": [
            "http://standardhealthrecord.org/fhir/StructureDefinition/shr-observation-Observation",
            "http://standardhealthrecord.org/fhir/StructureDefinition/shr-vital-VitalSign",
            "http://standardhealthrecord.org/fhir/StructureDefinition/shr-vital-BodyMassIndex"
          ]
        },
        "status": "final",
        "category": [
          {
            "coding": [
              {
                "system": "http://hl7.org/fhir/observation-category",
                "code": "vital-signs"
              }
            ]
          }
        ],
        "code": {
          "coding": [
            {
              "system": "http://loinc.org",
              "code": "39156-5",
              "display": "Body Mass Index"
            }
          ],
          "text": "Body Mass Index"
        },
        "subject": {
          "reference": "urn:uuid:bcc1212d-837c-4f0a-b833-18356b139159"
        },
        "context": {
          "reference": "urn:uuid:932b3fc7-bd4e-4e34-bbad-d304b35f6a98"
        },
        "effectiveDateTime": "2011-06-13T06:57:49-04:00",
        "issued": "2011-06-13T06:57:49-04:00",
        "valueQuantity": {
          "value": 18.259450049485427,
          "unit": "kg/m2",
          "system": "http://unitsofmeasure.org/",
          "code": "kg/m2"
        },
        "resourceType": "Observation"
      }
    },
    {
      "fullUrl": "urn:uuid:922b69a2-38ff-4aba-ae01-24c13cf469a5",
      "resource": {
        "id": "922b69a2-38ff-4aba-ae01-24c13cf469a5",
        "meta": {
          "profile": [
            "http://standardhealthrecord.org/fhir/StructureDefinition/shr-observation-Observation",
            "http://standardhealthrecord.org/fhir/StructureDefinition/shr-vital-BloodPressure"
          ]
        },
        "status": "final",
        "category": [
          {
            "coding": [
              {
                "system": "http://hl7.org/fhir/observation-category",
                "code": "vital-signs"
              }
            ]
          }
        ],
        "code": {
          "coding": [
            {
              "system": "http://loinc.org",
              "code": "55284-4",
              "display": "Blood Pressure"
            }
          ]
        },
        "subject": {
          "reference": "urn:uuid:bcc1212d-837c-4f0a-b833-18356b139159"
        },
        "context": {
          "reference": "urn:uuid:932b3fc7-bd4e-4e34-bbad-d304b35f6a98"
        },
        "effectiveDateTime": "2011-06-13T06:57:49-04:00",
        "issued": "2011-06-13T06:57:49-04:00",
        "component": [
          {
            "code": {
              "coding": [
                {
                  "system": "http://loinc.org",
                  "code": "8480-6",
                  "display": "Systolic Blood Pressure"
                }
              ],
              "text": "Systolic Blood Pressure"
            },
            "valueQuantity": {
              "value": 138,
              "unit": "mmHg",
              "system": "http://unitsofmeasure.org/",
              "code": "mmHg"
            }
          },
          {
            "code": {
              "coding": [
                {
                  "system": "http://loinc.org",
                  "code": "8462-4",
                  "display": "Diastolic Blood Pressure"
                }
              ],
              "text": "Diastolic Blood Pressure"
            },
            "valueQuantity": {
              "value": 80,
              "unit": "mmHg",
              "system": "http://unitsofmeasure.org/",
              "code": "mmHg"
            }
          }
        ],
        "resourceType": "Observation"
      }
    },
    {
      "resource": {
        "meta": {
          "profile": [
            "http://standardhealthrecord.org/fhir/StructureDefinition/shr-procedure-Procedure"
          ]
        },
        "extension": [
          {
            "url": "http://standardhealthrecord.org/fhir/StructureDefinition/shr-core-CodeableConcept-extension",
            "valueCodeableConcept": {
              "coding": [
                {
                  "system": "http://snomed.info/sct",
                  "code": "428191000124101",
                  "display": "Documentation of current medications"
                }
              ],
              "text": "Documentation of current medications"
            }
          }
        ],
        "status": "completed",
        "code": {
          "coding": [
            {
              "system": "http://snomed.info/sct",
              "code": "428191000124101",
              "display": "Documentation of current medications"
            }
          ],
          "text": "Documentation of current medications"
        },
        "subject": {
          "reference": "urn:uuid:bcc1212d-837c-4f0a-b833-18356b139159"
        },
        "context": {
          "reference": "urn:uuid:932b3fc7-bd4e-4e34-bbad-d304b35f6a98"
        },
        "performedDateTime": "2011-06-13T06:57:49-04:00",
        "resourceType": "Procedure"
      }
    },
    {
      "resource": {
        "meta": {
          "profile": [
            "http://standardhealthrecord.org/fhir/StructureDefinition/shr-immunization-Immunization"
          ]
        },
        "status": "completed",
        "notGiven": false,
        "vaccineCode": {
          "coding": [
            {
              "system": "http://hl7.org/fhir/sid/cvx",
              "code": "140",
              "display": "Influenza, seasonal, injectable, preservative free"
            }
          ],
          "text": "Influenza, seasonal, injectable, preservative free"
        },
        "patient": {
          "reference": "urn:uuid:bcc1212d-837c-4f0a-b833-18356b139159"
        },
        "encounter": {
          "reference": "urn:uuid:932b3fc7-bd4e-4e34-bbad-d304b35f6a98"
        },
        "date": "2011-06-13T06:57:49-04:00",
        "primarySource": true,
        "resourceType": "Immunization"
      }
    },
    {
      "fullUrl": "urn:uuid:6aabb8be-09b0-498e-8720-03b57202f126",
      "resource": {
        "id": "6aabb8be-09b0-498e-8720-03b57202f126",
        "meta": {
          "profile": [
            "http://standardhealthrecord.org/fhir/StructureDefinition/shr-encounter-Encounter"
          ]
        },
        "status": "finished",
        "class": {
          "code": "outpatient"
        },
        "type": [
          {
            "coding": [
              {
                "system": "http://snomed.info/sct",
                "code": "185349003"
              }
            ],
            "text": "Outpatient Encounter"
          }
        ],
        "subject": {
          "reference": "urn:uuid:bcc1212d-837c-4f0a-b833-18356b139159"
        },
        "period": {
          "start": "2012-07-25T10:03:25-04:00",
          "end": "2012-07-25T11:03:25-04:00"
        },
        "serviceProvider": {
          "reference": "urn:uuid:8e5e0409-0271-4151-96ca-55385c4ad924"
        },
        "resourceType": "Encounter"
      }
    },
    {
      "fullUrl": "urn:uuid:e6cbbfe8-2a4b-4efa-a868-97dacd63e9e7",
      "resource": {
        "id": "e6cbbfe8-2a4b-4efa-a868-97dacd63e9e7",
        "meta": {
          "profile": [
            "http://standardhealthrecord.org/fhir/StructureDefinition/shr-problem-Problem"
          ]
        },
        "clinicalStatus": "active",
        "verificationStatus": "confirmed",
        "code": {
          "coding": [
            {
              "system": "http://snomed.info/sct",
              "code": "38341003",
              "display": "Hypertension"
            }
          ],
          "text": "Hypertension"
        },
        "subject": {
          "reference": "urn:uuid:bcc1212d-837c-4f0a-b833-18356b139159"
        },
        "context": {
          "reference": "urn:uuid:6aabb8be-09b0-498e-8720-03b57202f126"
        },
        "onsetDateTime": "2012-07-25T10:03:25-04:00",
        "assertedDate": "2012-07-25",
        "resourceType": "Condition"
      }
    },
    {
      "fullUrl": "urn:uuid:b307e2dd-d747-41c3-8370-96ee62f6c1bf",
      "resource": {
        "id": "b307e2dd-d747-41c3-8370-96ee62f6c1bf",
        "meta": {
          "profile": [
            "http://standardhealthrecord.org/fhir/StructureDefinition/shr-observation-Observation",
            "http://standardhealthrecord.org/fhir/StructureDefinition/shr-vital-VitalSign",
            "http://standardhealthrecord.org/fhir/StructureDefinition/shr-vital-BodyHeight"
          ]
        },
        "status": "final",
        "category": [
          {
            "coding": [
              {
                "system": "http://hl7.org/fhir/observation-category",
                "code": "vital-signs"
              }
            ]
          }
        ],
        "code": {
          "coding": [
            {
              "system": "http://loinc.org",
              "code": "8302-2",
              "display": "Body Height"
            }
          ],
          "text": "Body Height"
        },
        "subject": {
          "reference": "urn:uuid:bcc1212d-837c-4f0a-b833-18356b139159"
        },
        "context": {
          "reference": "urn:uuid:6aabb8be-09b0-498e-8720-03b57202f126"
        },
        "effectiveDateTime": "2012-07-25T10:03:25-04:00",
        "issued": "2012-07-25T10:03:25-04:00",
        "valueQuantity": {
          "value": 182.2297048745365,
          "unit": "cm",
          "system": "http://unitsofmeasure.org/",
          "code": "cm"
        },
        "resourceType": "Observation"
      }
    },
    {
      "fullUrl": "urn:uuid:dbb38cd3-a29b-42c0-87a9-0fce76d708cd",
      "resource": {
        "id": "dbb38cd3-a29b-42c0-87a9-0fce76d708cd",
        "meta": {
          "profile": [
            "http://standardhealthrecord.org/fhir/StructureDefinition/shr-observation-Observation",
            "http://standardhealthrecord.org/fhir/StructureDefinition/shr-vital-VitalSign",
            "http://standardhealthrecord.org/fhir/StructureDefinition/shr-vital-BodyWeight"
          ]
        },
        "status": "final",
        "category": [
          {
            "coding": [
              {
                "system": "http://hl7.org/fhir/observation-category",
                "code": "vital-signs"
              }
            ]
          }
        ],
        "code": {
          "coding": [
            {
              "system": "http://loinc.org",
              "code": "29463-7",
              "display": "Body Weight"
            }
          ],
          "text": "Body Weight"
        },
        "subject": {
          "reference": "urn:uuid:bcc1212d-837c-4f0a-b833-18356b139159"
        },
        "context": {
          "reference": "urn:uuid:6aabb8be-09b0-498e-8720-03b57202f126"
        },
        "effectiveDateTime": "2012-07-25T10:03:25-04:00",
        "issued": "2012-07-25T10:03:25-04:00",
        "valueQuantity": {
          "value": 62.79513958758997,
          "unit": "kg",
          "system": "http://unitsofmeasure.org/",
          "code": "kg"
        },
        "resourceType": "Observation"
      }
    },
    {
      "fullUrl": "urn:uuid:23a17f53-4bbf-410d-95e6-7ecffe1e4963",
      "resource": {
        "id": "23a17f53-4bbf-410d-95e6-7ecffe1e4963",
        "meta": {
          "profile": [
            "http://standardhealthrecord.org/fhir/StructureDefinition/shr-observation-Observation",
            "http://standardhealthrecord.org/fhir/StructureDefinition/shr-vital-VitalSign",
            "http://standardhealthrecord.org/fhir/StructureDefinition/shr-vital-BodyMassIndex"
          ]
        },
        "status": "final",
        "category": [
          {
            "coding": [
              {
                "system": "http://hl7.org/fhir/observation-category",
                "code": "vital-signs"
              }
            ]
          }
        ],
        "code": {
          "coding": [
            {
              "system": "http://loinc.org",
              "code": "39156-5",
              "display": "Body Mass Index"
            }
          ],
          "text": "Body Mass Index"
        },
        "subject": {
          "reference": "urn:uuid:bcc1212d-837c-4f0a-b833-18356b139159"
        },
        "context": {
          "reference": "urn:uuid:6aabb8be-09b0-498e-8720-03b57202f126"
        },
        "effectiveDateTime": "2012-07-25T10:03:25-04:00",
        "issued": "2012-07-25T10:03:25-04:00",
        "valueQuantity": {
          "value": 18.909832698923065,
          "unit": "kg/m2",
          "system": "http://unitsofmeasure.org/",
          "code": "kg/m2"
        },
        "resourceType": "Observation"
      }
    },
    {
      "fullUrl": "urn:uuid:d0e8cec6-4360-4026-bd0f-ac0cc19bc9d8",
      "resource": {
        "id": "d0e8cec6-4360-4026-bd0f-ac0cc19bc9d8",
        "meta": {
          "profile": [
            "http://standardhealthrecord.org/fhir/StructureDefinition/shr-observation-Observation",
            "http://standardhealthrecord.org/fhir/StructureDefinition/shr-vital-BloodPressure"
          ]
        },
        "status": "final",
        "category": [
          {
            "coding": [
              {
                "system": "http://hl7.org/fhir/observation-category",
                "code": "vital-signs"
              }
            ]
          }
        ],
        "code": {
          "coding": [
            {
              "system": "http://loinc.org",
              "code": "55284-4",
              "display": "Blood Pressure"
            }
          ]
        },
        "subject": {
          "reference": "urn:uuid:bcc1212d-837c-4f0a-b833-18356b139159"
        },
        "context": {
          "reference": "urn:uuid:6aabb8be-09b0-498e-8720-03b57202f126"
        },
        "effectiveDateTime": "2012-07-25T10:03:25-04:00",
        "issued": "2012-07-25T10:03:25-04:00",
        "component": [
          {
            "code": {
              "coding": [
                {
                  "system": "http://loinc.org",
                  "code": "8480-6",
                  "display": "Systolic Blood Pressure"
                }
              ],
              "text": "Systolic Blood Pressure"
            },
            "valueQuantity": {
              "value": 172,
              "unit": "mmHg",
              "system": "http://unitsofmeasure.org/",
              "code": "mmHg"
            }
          },
          {
            "code": {
              "coding": [
                {
                  "system": "http://loinc.org",
                  "code": "8462-4",
                  "display": "Diastolic Blood Pressure"
                }
              ],
              "text": "Diastolic Blood Pressure"
            },
            "valueQuantity": {
              "value": 92,
              "unit": "mmHg",
              "system": "http://unitsofmeasure.org/",
              "code": "mmHg"
            }
          }
        ],
        "resourceType": "Observation"
      }
    },
    {
      "fullUrl": "urn:uuid:0bf58335-d9f8-4b24-8fe0-2e96991ea6f5",
      "resource": {
        "id": "0bf58335-d9f8-4b24-8fe0-2e96991ea6f5",
        "meta": {
          "profile": [
            "http://standardhealthrecord.org/fhir/StructureDefinition/shr-observation-Observation"
          ]
        },
        "status": "final",
        "category": [
          {
            "coding": [
              {
                "system": "http://hl7.org/fhir/observation-category",
                "code": "laboratory"
              }
            ]
          }
        ],
        "code": {
          "coding": [
            {
              "system": "http://loinc.org",
              "code": "33914-3",
              "display": "Estimated Glomerular Filtration Rate"
            }
          ],
          "text": "Estimated Glomerular Filtration Rate"
        },
        "subject": {
          "reference": "urn:uuid:bcc1212d-837c-4f0a-b833-18356b139159"
        },
        "context": {
          "reference": "urn:uuid:6aabb8be-09b0-498e-8720-03b57202f126"
        },
        "effectiveDateTime": "2012-07-25T10:03:25-04:00",
        "issued": "2012-07-25T10:03:25-04:00",
        "valueQuantity": {
          "value": 60,
          "unit": "mL/min/{1.73_m2}",
          "system": "http://unitsofmeasure.org/",
          "code": "mL/min/{1.73_m2}"
        },
        "resourceType": "Observation"
      }
    },
    {
      "resource": {
        "meta": {
          "profile": [
            "http://standardhealthrecord.org/fhir/StructureDefinition/shr-immunization-Immunization"
          ]
        },
        "status": "completed",
        "notGiven": false,
        "vaccineCode": {
          "coding": [
            {
              "system": "http://hl7.org/fhir/sid/cvx",
              "code": "140",
              "display": "Influenza, seasonal, injectable, preservative free"
            }
          ],
          "text": "Influenza, seasonal, injectable, preservative free"
        },
        "patient": {
          "reference": "urn:uuid:bcc1212d-837c-4f0a-b833-18356b139159"
        },
        "encounter": {
          "reference": "urn:uuid:6aabb8be-09b0-498e-8720-03b57202f126"
        },
        "date": "2012-07-25T10:03:25-04:00",
        "primarySource": true,
        "resourceType": "Immunization"
      }
    },
    {
      "fullUrl": "urn:uuid:78091987-8549-491e-a267-f6aaacdd89d5",
      "resource": {
        "id": "78091987-8549-491e-a267-f6aaacdd89d5",
        "meta": {
          "profile": [
            "http://standardhealthrecord.org/fhir/StructureDefinition/shr-encounter-Encounter"
          ]
        },
        "status": "finished",
        "class": {
          "code": "outpatient"
        },
        "type": [
          {
            "coding": [
              {
                "system": "http://snomed.info/sct",
                "code": "185349003"
              }
            ],
            "text": "Outpatient Encounter"
          }
        ],
        "subject": {
          "reference": "urn:uuid:bcc1212d-837c-4f0a-b833-18356b139159"
        },
        "period": {
          "start": "2013-08-25T20:49:30-04:00",
          "end": "2013-08-25T21:49:30-04:00"
        },
        "serviceProvider": {
          "reference": "urn:uuid:8e5e0409-0271-4151-96ca-55385c4ad924"
        },
        "resourceType": "Encounter"
      }
    },
    {
      "fullUrl": "urn:uuid:ce16c521-f1b3-4e97-8e26-5643536dea93",
      "resource": {
        "id": "ce16c521-f1b3-4e97-8e26-5643536dea93",
        "meta": {
          "profile": [
            "http://standardhealthrecord.org/fhir/StructureDefinition/shr-observation-Observation",
            "http://standardhealthrecord.org/fhir/StructureDefinition/shr-vital-VitalSign",
            "http://standardhealthrecord.org/fhir/StructureDefinition/shr-vital-BodyHeight"
          ]
        },
        "status": "final",
        "category": [
          {
            "coding": [
              {
                "system": "http://hl7.org/fhir/observation-category",
                "code": "vital-signs"
              }
            ]
          }
        ],
        "code": {
          "coding": [
            {
              "system": "http://loinc.org",
              "code": "8302-2",
              "display": "Body Height"
            }
          ],
          "text": "Body Height"
        },
        "subject": {
          "reference": "urn:uuid:bcc1212d-837c-4f0a-b833-18356b139159"
        },
        "context": {
          "reference": "urn:uuid:78091987-8549-491e-a267-f6aaacdd89d5"
        },
        "effectiveDateTime": "2013-08-25T20:49:30-04:00",
        "issued": "2013-08-25T20:49:30-04:00",
        "valueQuantity": {
          "value": 182.58398578346814,
          "unit": "cm",
          "system": "http://unitsofmeasure.org/",
          "code": "cm"
        },
        "resourceType": "Observation"
      }
    },
    {
      "fullUrl": "urn:uuid:4ab50909-1911-42f5-bf88-fb0c3598bcb3",
      "resource": {
        "id": "4ab50909-1911-42f5-bf88-fb0c3598bcb3",
        "meta": {
          "profile": [
            "http://standardhealthrecord.org/fhir/StructureDefinition/shr-observation-Observation",
            "http://standardhealthrecord.org/fhir/StructureDefinition/shr-vital-VitalSign",
            "http://standardhealthrecord.org/fhir/StructureDefinition/shr-vital-BodyWeight"
          ]
        },
        "status": "final",
        "category": [
          {
            "coding": [
              {
                "system": "http://hl7.org/fhir/observation-category",
                "code": "vital-signs"
              }
            ]
          }
        ],
        "code": {
          "coding": [
            {
              "system": "http://loinc.org",
              "code": "29463-7",
              "display": "Body Weight"
            }
          ],
          "text": "Body Weight"
        },
        "subject": {
          "reference": "urn:uuid:bcc1212d-837c-4f0a-b833-18356b139159"
        },
        "context": {
          "reference": "urn:uuid:78091987-8549-491e-a267-f6aaacdd89d5"
        },
        "effectiveDateTime": "2013-08-25T20:49:30-04:00",
        "issued": "2013-08-25T20:49:30-04:00",
        "valueQuantity": {
          "value": 64.44615556116604,
          "unit": "kg",
          "system": "http://unitsofmeasure.org/",
          "code": "kg"
        },
        "resourceType": "Observation"
      }
    },
    {
      "fullUrl": "urn:uuid:08e6783d-1461-43aa-a37b-2b729e91c6d2",
      "resource": {
        "id": "08e6783d-1461-43aa-a37b-2b729e91c6d2",
        "meta": {
          "profile": [
            "http://standardhealthrecord.org/fhir/StructureDefinition/shr-observation-Observation",
            "http://standardhealthrecord.org/fhir/StructureDefinition/shr-vital-VitalSign",
            "http://standardhealthrecord.org/fhir/StructureDefinition/shr-vital-BodyMassIndex"
          ]
        },
        "status": "final",
        "category": [
          {
            "coding": [
              {
                "system": "http://hl7.org/fhir/observation-category",
                "code": "vital-signs"
              }
            ]
          }
        ],
        "code": {
          "coding": [
            {
              "system": "http://loinc.org",
              "code": "39156-5",
              "display": "Body Mass Index"
            }
          ],
          "text": "Body Mass Index"
        },
        "subject": {
          "reference": "urn:uuid:bcc1212d-837c-4f0a-b833-18356b139159"
        },
        "context": {
          "reference": "urn:uuid:78091987-8549-491e-a267-f6aaacdd89d5"
        },
        "effectiveDateTime": "2013-08-25T20:49:30-04:00",
        "issued": "2013-08-25T20:49:30-04:00",
        "valueQuantity": {
          "value": 19.331771287922933,
          "unit": "kg/m2",
          "system": "http://unitsofmeasure.org/",
          "code": "kg/m2"
        },
        "resourceType": "Observation"
      }
    },
    {
      "fullUrl": "urn:uuid:17def883-ce34-404c-bb8c-6dd54ff00adb",
      "resource": {
        "id": "17def883-ce34-404c-bb8c-6dd54ff00adb",
        "meta": {
          "profile": [
            "http://standardhealthrecord.org/fhir/StructureDefinition/shr-observation-Observation",
            "http://standardhealthrecord.org/fhir/StructureDefinition/shr-vital-BloodPressure"
          ]
        },
        "status": "final",
        "category": [
          {
            "coding": [
              {
                "system": "http://hl7.org/fhir/observation-category",
                "code": "vital-signs"
              }
            ]
          }
        ],
        "code": {
          "coding": [
            {
              "system": "http://loinc.org",
              "code": "55284-4",
              "display": "Blood Pressure"
            }
          ]
        },
        "subject": {
          "reference": "urn:uuid:bcc1212d-837c-4f0a-b833-18356b139159"
        },
        "context": {
          "reference": "urn:uuid:78091987-8549-491e-a267-f6aaacdd89d5"
        },
        "effectiveDateTime": "2013-08-25T20:49:30-04:00",
        "issued": "2013-08-25T20:49:30-04:00",
        "component": [
          {
            "code": {
              "coding": [
                {
                  "system": "http://loinc.org",
                  "code": "8480-6",
                  "display": "Systolic Blood Pressure"
                }
              ],
              "text": "Systolic Blood Pressure"
            },
            "valueQuantity": {
              "value": 160,
              "unit": "mmHg",
              "system": "http://unitsofmeasure.org/",
              "code": "mmHg"
            }
          },
          {
            "code": {
              "coding": [
                {
                  "system": "http://loinc.org",
                  "code": "8462-4",
                  "display": "Diastolic Blood Pressure"
                }
              ],
              "text": "Diastolic Blood Pressure"
            },
            "valueQuantity": {
              "value": 103,
              "unit": "mmHg",
              "system": "http://unitsofmeasure.org/",
              "code": "mmHg"
            }
          }
        ],
        "resourceType": "Observation"
      }
    },
    {
      "fullUrl": "urn:uuid:67d24d8a-f72e-4b08-a2e5-f08c4923f6b6",
      "resource": {
        "id": "67d24d8a-f72e-4b08-a2e5-f08c4923f6b6",
        "meta": {
          "profile": [
            "http://standardhealthrecord.org/fhir/StructureDefinition/shr-observation-Observation"
          ]
        },
        "status": "final",
        "category": [
          {
            "coding": [
              {
                "system": "http://hl7.org/fhir/observation-category",
                "code": "laboratory"
              }
            ]
          }
        ],
        "code": {
          "coding": [
            {
              "system": "http://loinc.org",
              "code": "33914-3",
              "display": "Estimated Glomerular Filtration Rate"
            }
          ],
          "text": "Estimated Glomerular Filtration Rate"
        },
        "subject": {
          "reference": "urn:uuid:bcc1212d-837c-4f0a-b833-18356b139159"
        },
        "context": {
          "reference": "urn:uuid:78091987-8549-491e-a267-f6aaacdd89d5"
        },
        "effectiveDateTime": "2013-08-25T20:49:30-04:00",
        "issued": "2013-08-25T20:49:30-04:00",
        "valueQuantity": {
          "value": 60,
          "unit": "mL/min/{1.73_m2}",
          "system": "http://unitsofmeasure.org/",
          "code": "mL/min/{1.73_m2}"
        },
        "resourceType": "Observation"
      }
    },
    {
      "resource": {
        "meta": {
          "profile": [
            "http://standardhealthrecord.org/fhir/StructureDefinition/shr-procedure-Procedure"
          ]
        },
        "extension": [
          {
            "url": "http://standardhealthrecord.org/fhir/StructureDefinition/shr-core-CodeableConcept-extension",
            "valueCodeableConcept": {
              "coding": [
                {
                  "system": "http://snomed.info/sct",
                  "code": "428191000124101",
                  "display": "Documentation of current medications"
                }
              ],
              "text": "Documentation of current medications"
            }
          }
        ],
        "status": "completed",
        "code": {
          "coding": [
            {
              "system": "http://snomed.info/sct",
              "code": "428191000124101",
              "display": "Documentation of current medications"
            }
          ],
          "text": "Documentation of current medications"
        },
        "subject": {
          "reference": "urn:uuid:bcc1212d-837c-4f0a-b833-18356b139159"
        },
        "context": {
          "reference": "urn:uuid:78091987-8549-491e-a267-f6aaacdd89d5"
        },
        "performedDateTime": "2013-08-25T20:49:30-04:00",
        "resourceType": "Procedure"
      }
    },
    {
      "resource": {
        "meta": {
          "profile": [
            "http://standardhealthrecord.org/fhir/StructureDefinition/shr-immunization-Immunization"
          ]
        },
        "status": "completed",
        "notGiven": false,
        "vaccineCode": {
          "coding": [
            {
              "system": "http://hl7.org/fhir/sid/cvx",
              "code": "140",
              "display": "Influenza, seasonal, injectable, preservative free"
            }
          ],
          "text": "Influenza, seasonal, injectable, preservative free"
        },
        "patient": {
          "reference": "urn:uuid:bcc1212d-837c-4f0a-b833-18356b139159"
        },
        "encounter": {
          "reference": "urn:uuid:78091987-8549-491e-a267-f6aaacdd89d5"
        },
        "date": "2013-08-25T20:49:30-04:00",
        "primarySource": true,
        "resourceType": "Immunization"
      }
    },
    {
      "fullUrl": "urn:uuid:0a05fe7a-fa71-4eb7-a33f-250d27384ac7",
      "resource": {
        "id": "0a05fe7a-fa71-4eb7-a33f-250d27384ac7",
        "meta": {
          "profile": [
            "http://standardhealthrecord.org/fhir/StructureDefinition/shr-encounter-Encounter"
          ]
        },
        "status": "finished",
        "class": {
          "code": "outpatient"
        },
        "type": [
          {
            "coding": [
              {
                "system": "http://snomed.info/sct",
                "code": "185345009"
              }
            ],
            "text": "Encounter for symptom"
          }
        ],
        "subject": {
          "reference": "urn:uuid:bcc1212d-837c-4f0a-b833-18356b139159"
        },
        "period": {
          "start": "2013-11-12T09:33:48-05:00",
          "end": "2013-11-12T09:33:48-05:00"
        },
        "reason": {
          "coding": [
            {
              "system": "http://snomed.info/sct",
              "code": "195662009",
              "display": "Acute viral pharyngitis (disorder)"
            }
          ]
        },
        "serviceProvider": {
          "reference": "urn:uuid:8e5e0409-0271-4151-96ca-55385c4ad924"
        },
        "resourceType": "Encounter"
      }
    },
    {
      "fullUrl": "urn:uuid:094ea7a8-259e-488c-89bb-5fd5c1325f15",
      "resource": {
        "id": "094ea7a8-259e-488c-89bb-5fd5c1325f15",
        "meta": {
          "profile": [
            "http://standardhealthrecord.org/fhir/StructureDefinition/shr-problem-Problem"
          ]
        },
        "clinicalStatus": "active",
        "verificationStatus": "confirmed",
        "code": {
          "coding": [
            {
              "system": "http://snomed.info/sct",
              "code": "195662009",
              "display": "Acute viral pharyngitis (disorder)"
            }
          ],
          "text": "Acute viral pharyngitis (disorder)"
        },
        "subject": {
          "reference": "urn:uuid:bcc1212d-837c-4f0a-b833-18356b139159"
        },
        "context": {
          "reference": "urn:uuid:0a05fe7a-fa71-4eb7-a33f-250d27384ac7"
        },
        "onsetDateTime": "2013-11-08T13:46:48-05:00",
        "abatementDateTime": "2013-11-26T03:51:37-05:00",
        "assertedDate": "2013-11-08",
        "resourceType": "Condition"
      }
    },
    {
      "fullUrl": "urn:uuid:dd0ef85b-9799-475e-b28d-87600bab98bf",
      "resource": {
        "id": "dd0ef85b-9799-475e-b28d-87600bab98bf",
        "meta": {
          "profile": [
            "http://standardhealthrecord.org/fhir/StructureDefinition/shr-observation-Observation",
            "http://standardhealthrecord.org/fhir/StructureDefinition/shr-vital-VitalSign"
          ]
        },
        "status": "final",
        "category": [
          {
            "coding": [
              {
                "system": "http://hl7.org/fhir/observation-category",
                "code": "vital-signs"
              }
            ]
          }
        ],
        "code": {
          "coding": [
            {
              "system": "http://loinc.org",
              "code": "8331-1",
              "display": "Oral temperature"
            }
          ],
          "text": "Oral temperature"
        },
        "subject": {
          "reference": "urn:uuid:bcc1212d-837c-4f0a-b833-18356b139159"
        },
        "context": {
          "reference": "urn:uuid:0a05fe7a-fa71-4eb7-a33f-250d27384ac7"
        },
        "effectiveDateTime": "2013-11-12T09:33:48-05:00",
        "issued": "2013-11-12T09:33:48-05:00",
        "valueQuantity": {
          "value": 38,
          "unit": "Cel",
          "system": "http://unitsofmeasure.org/",
          "code": "Cel"
        },
        "resourceType": "Observation"
      }
    },
    {
      "resource": {
        "meta": {
          "profile": [
            "http://standardhealthrecord.org/fhir/StructureDefinition/shr-procedure-Procedure"
          ]
        },
        "extension": [
          {
            "url": "http://standardhealthrecord.org/fhir/StructureDefinition/shr-core-CodeableConcept-extension",
            "valueCodeableConcept": {
              "coding": [
                {
                  "system": "http://snomed.info/sct",
                  "code": "117015009",
                  "display": "Throat culture (procedure) "
                }
              ],
              "text": "Throat culture (procedure) "
            }
          }
        ],
        "status": "completed",
        "code": {
          "coding": [
            {
              "system": "http://snomed.info/sct",
              "code": "117015009",
              "display": "Throat culture (procedure) "
            }
          ],
          "text": "Throat culture (procedure) "
        },
        "subject": {
          "reference": "urn:uuid:bcc1212d-837c-4f0a-b833-18356b139159"
        },
        "context": {
          "reference": "urn:uuid:0a05fe7a-fa71-4eb7-a33f-250d27384ac7"
        },
        "performedDateTime": "2013-11-12T09:33:48-05:00",
        "reasonReference": {
          "reference": "urn:uuid:094ea7a8-259e-488c-89bb-5fd5c1325f15",
          "display": "Acute viral pharyngitis (disorder)"
        },
        "resourceType": "Procedure"
      }
    },
    {
      "fullUrl": "urn:uuid:7b8bee99-535a-4a61-a1c7-69355878de10",
      "resource": {
        "id": "7b8bee99-535a-4a61-a1c7-69355878de10",
        "meta": {
          "profile": [
            "http://standardhealthrecord.org/fhir/StructureDefinition/shr-encounter-Encounter"
          ]
        },
        "status": "finished",
        "class": {
          "code": "outpatient"
        },
        "type": [
          {
            "coding": [
              {
                "system": "http://snomed.info/sct",
                "code": "185349003"
              }
            ],
            "text": "Outpatient Encounter"
          }
        ],
        "subject": {
          "reference": "urn:uuid:bcc1212d-837c-4f0a-b833-18356b139159"
        },
        "period": {
          "start": "2014-10-01T14:14:43-04:00",
          "end": "2014-10-01T15:14:43-04:00"
        },
        "serviceProvider": {
          "reference": "urn:uuid:8e5e0409-0271-4151-96ca-55385c4ad924"
        },
        "resourceType": "Encounter"
      }
    },
    {
      "fullUrl": "urn:uuid:6733c097-40b4-40e8-8558-a4bfef4f3336",
      "resource": {
        "id": "6733c097-40b4-40e8-8558-a4bfef4f3336",
        "meta": {
          "profile": [
            "http://standardhealthrecord.org/fhir/StructureDefinition/shr-observation-Observation",
            "http://standardhealthrecord.org/fhir/StructureDefinition/shr-vital-VitalSign",
            "http://standardhealthrecord.org/fhir/StructureDefinition/shr-vital-BodyHeight"
          ]
        },
        "status": "final",
        "category": [
          {
            "coding": [
              {
                "system": "http://hl7.org/fhir/observation-category",
                "code": "vital-signs"
              }
            ]
          }
        ],
        "code": {
          "coding": [
            {
              "system": "http://loinc.org",
              "code": "8302-2",
              "display": "Body Height"
            }
          ],
          "text": "Body Height"
        },
        "subject": {
          "reference": "urn:uuid:bcc1212d-837c-4f0a-b833-18356b139159"
        },
        "context": {
          "reference": "urn:uuid:7b8bee99-535a-4a61-a1c7-69355878de10"
        },
        "effectiveDateTime": "2014-10-01T14:14:43-04:00",
        "issued": "2014-10-01T14:14:43-04:00",
        "valueQuantity": {
          "value": 182.71999016493376,
          "unit": "cm",
          "system": "http://unitsofmeasure.org/",
          "code": "cm"
        },
        "resourceType": "Observation"
      }
    },
    {
      "fullUrl": "urn:uuid:b896ea56-ac30-42ca-978f-d6b852f62ce1",
      "resource": {
        "id": "b896ea56-ac30-42ca-978f-d6b852f62ce1",
        "meta": {
          "profile": [
            "http://standardhealthrecord.org/fhir/StructureDefinition/shr-observation-Observation",
            "http://standardhealthrecord.org/fhir/StructureDefinition/shr-vital-VitalSign",
            "http://standardhealthrecord.org/fhir/StructureDefinition/shr-vital-BodyWeight"
          ]
        },
        "status": "final",
        "category": [
          {
            "coding": [
              {
                "system": "http://hl7.org/fhir/observation-category",
                "code": "vital-signs"
              }
            ]
          }
        ],
        "code": {
          "coding": [
            {
              "system": "http://loinc.org",
              "code": "29463-7",
              "display": "Body Weight"
            }
          ],
          "text": "Body Weight"
        },
        "subject": {
          "reference": "urn:uuid:bcc1212d-837c-4f0a-b833-18356b139159"
        },
        "context": {
          "reference": "urn:uuid:7b8bee99-535a-4a61-a1c7-69355878de10"
        },
        "effectiveDateTime": "2014-10-01T14:14:43-04:00",
        "issued": "2014-10-01T14:14:43-04:00",
        "valueQuantity": {
          "value": 66.9557169178868,
          "unit": "kg",
          "system": "http://unitsofmeasure.org/",
          "code": "kg"
        },
        "resourceType": "Observation"
      }
    },
    {
      "fullUrl": "urn:uuid:2fe6d480-bd19-415d-ab13-d32fb3832b79",
      "resource": {
        "id": "2fe6d480-bd19-415d-ab13-d32fb3832b79",
        "meta": {
          "profile": [
            "http://standardhealthrecord.org/fhir/StructureDefinition/shr-observation-Observation",
            "http://standardhealthrecord.org/fhir/StructureDefinition/shr-vital-VitalSign",
            "http://standardhealthrecord.org/fhir/StructureDefinition/shr-vital-BodyMassIndex"
          ]
        },
        "status": "final",
        "category": [
          {
            "coding": [
              {
                "system": "http://hl7.org/fhir/observation-category",
                "code": "vital-signs"
              }
            ]
          }
        ],
        "code": {
          "coding": [
            {
              "system": "http://loinc.org",
              "code": "39156-5",
              "display": "Body Mass Index"
            }
          ],
          "text": "Body Mass Index"
        },
        "subject": {
          "reference": "urn:uuid:bcc1212d-837c-4f0a-b833-18356b139159"
        },
        "context": {
          "reference": "urn:uuid:7b8bee99-535a-4a61-a1c7-69355878de10"
        },
        "effectiveDateTime": "2014-10-01T14:14:43-04:00",
        "issued": "2014-10-01T14:14:43-04:00",
        "valueQuantity": {
          "value": 20.05467083636445,
          "unit": "kg/m2",
          "system": "http://unitsofmeasure.org/",
          "code": "kg/m2"
        },
        "resourceType": "Observation"
      }
    },
    {
      "fullUrl": "urn:uuid:7bc476c4-9f10-4ea5-90b0-f08a441d0aee",
      "resource": {
        "id": "7bc476c4-9f10-4ea5-90b0-f08a441d0aee",
        "meta": {
          "profile": [
            "http://standardhealthrecord.org/fhir/StructureDefinition/shr-observation-Observation",
            "http://standardhealthrecord.org/fhir/StructureDefinition/shr-vital-BloodPressure"
          ]
        },
        "status": "final",
        "category": [
          {
            "coding": [
              {
                "system": "http://hl7.org/fhir/observation-category",
                "code": "vital-signs"
              }
            ]
          }
        ],
        "code": {
          "coding": [
            {
              "system": "http://loinc.org",
              "code": "55284-4",
              "display": "Blood Pressure"
            }
          ]
        },
        "subject": {
          "reference": "urn:uuid:bcc1212d-837c-4f0a-b833-18356b139159"
        },
        "context": {
          "reference": "urn:uuid:7b8bee99-535a-4a61-a1c7-69355878de10"
        },
        "effectiveDateTime": "2014-10-01T14:14:43-04:00",
        "issued": "2014-10-01T14:14:43-04:00",
        "component": [
          {
            "code": {
              "coding": [
                {
                  "system": "http://loinc.org",
                  "code": "8480-6",
                  "display": "Systolic Blood Pressure"
                }
              ],
              "text": "Systolic Blood Pressure"
            },
            "valueQuantity": {
              "value": 195,
              "unit": "mmHg",
              "system": "http://unitsofmeasure.org/",
              "code": "mmHg"
            }
          },
          {
            "code": {
              "coding": [
                {
                  "system": "http://loinc.org",
                  "code": "8462-4",
                  "display": "Diastolic Blood Pressure"
                }
              ],
              "text": "Diastolic Blood Pressure"
            },
            "valueQuantity": {
              "value": 110,
              "unit": "mmHg",
              "system": "http://unitsofmeasure.org/",
              "code": "mmHg"
            }
          }
        ],
        "resourceType": "Observation"
      }
    },
    {
      "fullUrl": "urn:uuid:82ed02c6-65d5-4a51-9d82-01568fd6b641",
      "resource": {
        "id": "82ed02c6-65d5-4a51-9d82-01568fd6b641",
        "meta": {
          "profile": [
            "http://standardhealthrecord.org/fhir/StructureDefinition/shr-observation-Observation"
          ]
        },
        "status": "final",
        "category": [
          {
            "coding": [
              {
                "system": "http://hl7.org/fhir/observation-category",
                "code": "laboratory"
              }
            ]
          }
        ],
        "code": {
          "coding": [
            {
              "system": "http://loinc.org",
              "code": "33914-3",
              "display": "Estimated Glomerular Filtration Rate"
            }
          ],
          "text": "Estimated Glomerular Filtration Rate"
        },
        "subject": {
          "reference": "urn:uuid:bcc1212d-837c-4f0a-b833-18356b139159"
        },
        "context": {
          "reference": "urn:uuid:7b8bee99-535a-4a61-a1c7-69355878de10"
        },
        "effectiveDateTime": "2014-10-01T14:14:43-04:00",
        "issued": "2014-10-01T14:14:43-04:00",
        "valueQuantity": {
          "value": 60,
          "unit": "mL/min/{1.73_m2}",
          "system": "http://unitsofmeasure.org/",
          "code": "mL/min/{1.73_m2}"
        },
        "resourceType": "Observation"
      }
    },
    {
      "resource": {
        "meta": {
          "profile": [
            "http://standardhealthrecord.org/fhir/StructureDefinition/shr-immunization-Immunization"
          ]
        },
        "status": "completed",
        "notGiven": false,
        "vaccineCode": {
          "coding": [
            {
              "system": "http://hl7.org/fhir/sid/cvx",
              "code": "140",
              "display": "Influenza, seasonal, injectable, preservative free"
            }
          ],
          "text": "Influenza, seasonal, injectable, preservative free"
        },
        "patient": {
          "reference": "urn:uuid:bcc1212d-837c-4f0a-b833-18356b139159"
        },
        "encounter": {
          "reference": "urn:uuid:7b8bee99-535a-4a61-a1c7-69355878de10"
        },
        "date": "2014-10-01T14:14:43-04:00",
        "primarySource": true,
        "resourceType": "Immunization"
      }
    },
    {
      "fullUrl": "urn:uuid:af50eff1-c104-4ec1-b104-457f87a737ff",
      "resource": {
        "id": "af50eff1-c104-4ec1-b104-457f87a737ff",
        "meta": {
          "profile": [
            "http://standardhealthrecord.org/fhir/StructureDefinition/shr-encounter-Encounter"
          ]
        },
        "status": "finished",
        "class": {
          "code": "emergency"
        },
        "type": [
          {
            "coding": [
              {
                "system": "http://snomed.info/sct",
                "code": "50849002"
              }
            ],
            "text": "Emergency room admission"
          }
        ],
        "subject": {
          "reference": "urn:uuid:bcc1212d-837c-4f0a-b833-18356b139159"
        },
        "period": {
          "start": "2016-06-26T10:51:33-04:00",
          "end": "2016-06-26T10:51:33-04:00"
        },
        "serviceProvider": {
          "reference": "urn:uuid:8e5e0409-0271-4151-96ca-55385c4ad924"
        },
        "resourceType": "Encounter"
      }
    },
    {
      "fullUrl": "urn:uuid:e61201a1-8821-4240-b27a-6a3a54b009ed",
      "resource": {
        "id": "e61201a1-8821-4240-b27a-6a3a54b009ed",
        "meta": {
          "profile": [
            "http://standardhealthrecord.org/fhir/StructureDefinition/shr-problem-Problem"
          ]
        },
        "clinicalStatus": "active",
        "verificationStatus": "confirmed",
        "code": {
          "coding": [
            {
              "system": "http://snomed.info/sct",
              "code": "44465007",
              "display": "Sprain of ankle"
            }
          ],
          "text": "Sprain of ankle"
        },
        "subject": {
          "reference": "urn:uuid:bcc1212d-837c-4f0a-b833-18356b139159"
        },
        "context": {
          "reference": "urn:uuid:af50eff1-c104-4ec1-b104-457f87a737ff"
        },
        "onsetDateTime": "2016-06-26T10:51:33-04:00",
        "abatementDateTime": "2016-07-30T03:42:38-04:00",
        "assertedDate": "2016-06-26",
        "resourceType": "Condition"
      }
    },
    {
      "resource": {
        "status": "completed",
        "category": [
          {
            "coding": [
              {
                "system": "http://snomed.info/sct",
                "code": "91251008",
                "display": "Physical therapy procedure"
              }
            ]
          }
        ],
        "subject": {
          "reference": "urn:uuid:bcc1212d-837c-4f0a-b833-18356b139159"
        },
        "context": {
          "reference": "urn:uuid:af50eff1-c104-4ec1-b104-457f87a737ff"
        },
        "period": {
          "start": "2016-06-26",
          "end": "2016-07-30"
        },
        "addresses": [
          {
            "reference": "urn:uuid:e61201a1-8821-4240-b27a-6a3a54b009ed"
          }
        ],
        "activity": [
          {
            "detail": {
              "code": {
                "coding": [
                  {
                    "system": "http://snomed.info/sct",
                    "code": "229586001",
                    "display": "Rest, ice, compression and elevation treatment programme"
                  }
                ]
              },
              "status": "completed"
            }
          },
          {
            "detail": {
              "code": {
                "coding": [
                  {
                    "system": "http://snomed.info/sct",
                    "code": "229070002",
                    "display": "Stretching exercises"
                  }
                ]
              },
              "status": "completed"
            }
          }
        ],
        "resourceType": "CarePlan"
      }
    },
    {
      "resource": {
        "meta": {
          "profile": [
            "http://standardhealthrecord.org/fhir/StructureDefinition/shr-medication-Medication"
          ]
        },
        "code": {
          "coding": [
            {
              "system": "http://www.nlm.nih.gov/research/umls/rxnorm",
              "code": "313782",
              "display": "Acetaminophen 325 MG Oral Tablet"
            }
          ],
          "text": "Acetaminophen 325 MG Oral Tablet"
        },
        "resourceType": "Medication"
      }
    },
    {
      "resource": {
        "meta": {
          "profile": [
            "http://standardhealthrecord.org/fhir/StructureDefinition/shr-medication-MedicationPrescription"
          ]
        },
        "extension": [
          {
            "url": "http://standardhealthrecord.org/fhir/StructureDefinition/shr-base-ActionCode-extension",
            "valueCodeableConcept": {
              "coding": [
                {
                  "system": "http://snomed.info/sct",
                  "code": "33633005",
                  "display": "Prescription of drug (procedure)"
                }
              ],
              "text": "Prescription of drug (procedure)"
            }
          }
        ],
        "status": "stopped",
        "medicationReference": {
          "reference": ""
        },
        "subject": {
          "reference": "urn:uuid:bcc1212d-837c-4f0a-b833-18356b139159"
        },
        "context": {
          "reference": "urn:uuid:af50eff1-c104-4ec1-b104-457f87a737ff"
        },
        "authoredOn": "2016-06-26",
        "dosageInstruction": [
          {
            "sequence": 1,
            "asNeededBoolean": true
          }
        ],
        "resourceType": "MedicationRequest"
      }
    }
  ],
  "resourceType": "Bundle"
}