{
  "type": "collection",
  "entry": [
    {
      "fullUrl": "urn:uuid:3f075949-9a27-4bf6-9013-d5be6cbccccd",
      "resource": {
        "id": "3f075949-9a27-4bf6-9013-d5be6cbccccd",
        "meta": {
          "profile": [
            "http://standardhealthrecord.org/fhir/StructureDefinition/shr-demographics-PersonOfRecord"
          ]
        },
        "text": {
          "status": "generated",
          "div": "<div>Generated by <a href=\"https://github.com/synthetichealth/synthea\">Synthea</a>. Version identifier: 4d02400401b9fab839e47bf5b2f1f6a8c683ab55</div>"
        },
        "extension": [
          {
            "url": "http://hl7.org/fhir/us/core/StructureDefinition/us-core-race",
            "valueCodeableConcept": {
              "coding": [
                {
                  "system": "http://hl7.org/fhir/v3/Race",
                  "code": "2054-5",
                  "display": "Black"
                }
              ],
              "text": "race"
            }
          },
          {
            "url": "http://hl7.org/fhir/us/core/StructureDefinition/us-core-ethnicity",
            "valueCodeableConcept": {
              "coding": [
                {
                  "system": "http://hl7.org/fhir/v3/Ethnicity",
                  "code": "2186-5",
                  "display": "Nonhispanic"
                }
              ],
              "text": "ethnicity"
            }
          },
          {
            "url": "http://hl7.org/fhir/StructureDefinition/birthPlace",
            "valueAddress": {
              "city": "Lawrence",
              "state": "MA",
              "country": "US"
            }
          },
          {
            "url": "http://hl7.org/fhir/StructureDefinition/patient-mothersMaidenName",
            "valueString": "Ursula608 Green294"
          },
          {
            "url": "http://hl7.org/fhir/us/core/StructureDefinition/us-core-birthsex",
            "valueCode": "M"
          },
          {
            "url": "http://hl7.org/fhir/StructureDefinition/patient-interpreterRequired",
            "valueBoolean": false
          },
          {
            "url": "http://standardhealthrecord.org/fhir/StructureDefinition/shr-actor-FictionalPerson-extension",
            "valueBoolean": true
          },
          {
            "url": "http://standardhealthrecord.org/fhir/StructureDefinition/shr-demographics-FathersName-extension",
            "valueHumanName": {
              "text": "Elyssa697 Abbott992"
            }
          },
          {
            "url": "http://standardhealthrecord.org/fhir/StructureDefinition/shr-demographics-SocialSecurityNumber-extension",
            "valueString": "999-13-6786"
          }
        ],
        "identifier": [
          {
            "system": "https://github.com/synthetichealth/synthea",
            "value": "c5e66a20-75bc-42c4-b2ae-465bd743ad1c"
          },
          {
            "type": {
              "coding": [
                {
                  "system": "http://hl7.org/fhir/identifier-type",
                  "code": "SB"
                }
              ]
            },
            "system": "http://hl7.org/fhir/sid/us-ssn",
            "value": "999136786"
          },
          {
            "type": {
              "coding": [
                {
                  "system": "http://hl7.org/fhir/v2/0203",
                  "code": "DL"
                }
              ]
            },
            "system": "urn:oid:2.16.840.1.113883.4.3.25",
            "value": "S99970908"
          },
          {
            "type": {
              "coding": [
                {
                  "system": "http://hl7.org/fhir/v2/0203",
                  "code": "PPN"
                }
              ]
            },
            "system": "http://standardhealthrecord.org/fhir/StructureDefinition/passportNumber",
            "value": "X94053725X"
          }
        ],
        "name": [
          {
            "use": "official",
            "family": "Abbott992",
            "given": [
              "Fred166"
            ],
            "prefix": [
              "Mr."
            ]
          }
        ],
        "telecom": [
          {
            "system": "phone",
            "value": "617.530.8346",
            "use": "home"
          }
        ],
        "gender": "male",
        "birthDate": "1992-04-22",
        "address": [
          {
            "extension": [
              {
                "extension": [
                  {
                    "url": "latitude",
                    "valueDecimal": 42.325966685086975
                  },
                  {
                    "url": "longitude",
                    "valueDecimal": -70.92451711086875
                  }
                ],
                "url": "http://hl7.org/fhir/StructureDefinition/geolocation"
              }
            ],
            "line": [
              "8466 Hyatt Pike",
              "Apt. 822"
            ],
            "city": "Boston",
            "state": "MA",
            "postalCode": "02293",
            "country": "US"
          }
        ],
        "maritalStatus": {
          "coding": [
            {
              "system": "http://hl7.org/fhir/v3/MaritalStatus",
              "code": "S"
            }
          ],
          "text": "Never Married"
        },
        "multipleBirthBoolean": false,
        "communication": [
          {
            "language": {
              "coding": [
                {
                  "system": "http://hl7.org/fhir/ValueSet/languages",
                  "code": "es",
                  "display": "Spanish"
                }
              ]
            }
          }
        ],
        "resourceType": "Patient"
      }
    },
    {
      "fullUrl": "urn:uuid:09df918e-f4a5-4e2e-adde-213997e11cc4",
      "resource": {
        "id": "09df918e-f4a5-4e2e-adde-213997e11cc4",
        "meta": {
          "profile": [
            "http://standardhealthrecord.org/fhir/StructureDefinition/shr-actor-Organization"
          ]
        },
        "type": [
          {
            "coding": [
              {
                "system": "http://hl7.org/fhir/ValueSet/organization-type",
                "code": "prov",
                "display": "Healthcare Provider"
              }
            ],
            "text": "Healthcare Provider"
          }
        ],
        "name": "Synthetic Provider",
        "resourceType": "Organization"
      }
    },
    {
      "fullUrl": "urn:uuid:d43e4547-6052-4fd1-9a20-9e72b8bd863e",
      "resource": {
        "id": "d43e4547-6052-4fd1-9a20-9e72b8bd863e",
        "meta": {
          "profile": [
            "http://standardhealthrecord.org/fhir/StructureDefinition/shr-encounter-Encounter"
          ]
        },
        "status": "finished",
        "class": {
          "code": "outpatient"
        },
        "type": [
          {
            "coding": [
              {
                "system": "http://snomed.info/sct",
                "code": "185349003"
              }
            ],
            "text": "Outpatient Encounter"
          }
        ],
        "subject": {
          "reference": "urn:uuid:3f075949-9a27-4bf6-9013-d5be6cbccccd"
        },
        "period": {
          "start": "2010-09-09T19:00:35-04:00",
          "end": "2010-09-09T20:00:35-04:00"
        },
        "serviceProvider": {
          "reference": "urn:uuid:09df918e-f4a5-4e2e-adde-213997e11cc4"
        },
        "resourceType": "Encounter"
      }
    },
    {
      "resource": {
        "meta": {
          "profile": [
            "http://standardhealthrecord.org/fhir/StructureDefinition/shr-allergy-AllergyIntolerance"
          ]
        },
        "modifierExtension": [
          {
            "extension": [
              {
                "url": "http://standardhealthrecord.org/fhir/StructureDefinition/primitive-boolean-extension",
                "valueBoolean": false
              }
            ],
            "url": "http://standardhealthrecord.org/fhir/StructureDefinition/shr-base-NonOccurrenceModifier-extension"
          }
        ],
        "clinicalStatus": "active",
        "verificationStatus": "confirmed",
        "type": "allergy",
        "category": [
          "food"
        ],
        "criticality": "low",
        "code": {
          "coding": [
            {
              "system": "http://snomed.info/sct",
              "code": "91935009",
              "display": "Allergy to peanuts"
            }
          ]
        },
        "patient": {
          "reference": "urn:uuid:3f075949-9a27-4bf6-9013-d5be6cbccccd"
        },
        "assertedDate": "1992-12-16T10:57:53-05:00",
        "resourceType": "AllergyIntolerance"
      }
    },
    {
      "fullUrl": "urn:uuid:5f7568b8-4132-4c43-b66b-c570fba76622",
      "resource": {
        "id": "5f7568b8-4132-4c43-b66b-c570fba76622",
        "meta": {
          "profile": [
            "http://standardhealthrecord.org/fhir/StructureDefinition/shr-problem-Problem"
          ]
        },
        "clinicalStatus": "active",
        "verificationStatus": "confirmed",
        "code": {
          "coding": [
            {
              "system": "http://snomed.info/sct",
              "code": "410429000",
              "display": "Cardiac Arrest"
            }
          ],
          "text": "Cardiac Arrest"
        },
        "subject": {
          "reference": "urn:uuid:3f075949-9a27-4bf6-9013-d5be6cbccccd"
        },
        "context": {
          "reference": "urn:uuid:d43e4547-6052-4fd1-9a20-9e72b8bd863e"
        },
        "onsetDateTime": "1998-09-09T13:18:42-04:00",
        "assertedDate": "1998-09-09",
        "resourceType": "Condition"
      }
    },
    {
      "fullUrl": "urn:uuid:df9369a6-0a81-4d12-a80d-b33e812ef9d1",
      "resource": {
        "id": "df9369a6-0a81-4d12-a80d-b33e812ef9d1",
        "meta": {
          "profile": [
            "http://standardhealthrecord.org/fhir/StructureDefinition/shr-problem-Problem"
          ]
        },
        "clinicalStatus": "active",
        "verificationStatus": "confirmed",
        "code": {
          "coding": [
            {
              "system": "http://snomed.info/sct",
              "code": "429007001",
              "display": "History of cardiac arrest (situation)"
            }
          ],
          "text": "History of cardiac arrest (situation)"
        },
        "subject": {
          "reference": "urn:uuid:3f075949-9a27-4bf6-9013-d5be6cbccccd"
        },
        "context": {
          "reference": "urn:uuid:d43e4547-6052-4fd1-9a20-9e72b8bd863e"
        },
        "onsetDateTime": "1998-09-09T13:18:42-04:00",
        "assertedDate": "1998-09-09",
        "resourceType": "Condition"
      }
    },
    {
      "fullUrl": "urn:uuid:bcd5c78e-40f2-4aad-82a8-03a401ba39ee",
      "resource": {
        "id": "bcd5c78e-40f2-4aad-82a8-03a401ba39ee",
        "meta": {
          "profile": [
            "http://standardhealthrecord.org/fhir/StructureDefinition/shr-problem-Problem"
          ]
        },
        "clinicalStatus": "active",
        "verificationStatus": "confirmed",
        "code": {
          "coding": [
            {
              "system": "http://snomed.info/sct",
              "code": "38341003",
              "display": "Hypertension"
            }
          ],
          "text": "Hypertension"
        },
        "subject": {
          "reference": "urn:uuid:3f075949-9a27-4bf6-9013-d5be6cbccccd"
        },
        "context": {
          "reference": "urn:uuid:d43e4547-6052-4fd1-9a20-9e72b8bd863e"
        },
        "onsetDateTime": "2010-09-09T19:00:35-04:00",
        "assertedDate": "2010-09-09",
        "resourceType": "Condition"
      }
    },
    {
      "fullUrl": "urn:uuid:98794f2c-f193-4545-a7a7-91d523d64680",
      "resource": {
        "id": "98794f2c-f193-4545-a7a7-91d523d64680",
        "meta": {
          "profile": [
            "http://standardhealthrecord.org/fhir/StructureDefinition/shr-observation-Observation",
            "http://standardhealthrecord.org/fhir/StructureDefinition/shr-vital-VitalSign",
            "http://standardhealthrecord.org/fhir/StructureDefinition/shr-vital-BodyHeight"
          ]
        },
        "status": "final",
        "category": [
          {
            "coding": [
              {
                "system": "http://hl7.org/fhir/observation-category",
                "code": "vital-signs"
              }
            ]
          }
        ],
        "code": {
          "coding": [
            {
              "system": "http://loinc.org",
              "code": "8302-2",
              "display": "Body Height"
            }
          ],
          "text": "Body Height"
        },
        "subject": {
          "reference": "urn:uuid:3f075949-9a27-4bf6-9013-d5be6cbccccd"
        },
        "context": {
          "reference": "urn:uuid:d43e4547-6052-4fd1-9a20-9e72b8bd863e"
        },
        "effectiveDateTime": "2010-09-09T19:00:35-04:00",
        "issued": "2010-09-09T19:00:35-04:00",
        "valueQuantity": {
          "value": 181.1780010932869,
          "unit": "cm",
          "system": "http://unitsofmeasure.org/",
          "code": "cm"
        },
        "resourceType": "Observation"
      }
    },
    {
      "fullUrl": "urn:uuid:4f5af61a-7def-406c-b4bf-c05e7d0a7149",
      "resource": {
        "id": "4f5af61a-7def-406c-b4bf-c05e7d0a7149",
        "meta": {
          "profile": [
            "http://standardhealthrecord.org/fhir/StructureDefinition/shr-observation-Observation",
            "http://standardhealthrecord.org/fhir/StructureDefinition/shr-vital-VitalSign",
            "http://standardhealthrecord.org/fhir/StructureDefinition/shr-vital-BodyWeight"
          ]
        },
        "status": "final",
        "category": [
          {
            "coding": [
              {
                "system": "http://hl7.org/fhir/observation-category",
                "code": "vital-signs"
              }
            ]
          }
        ],
        "code": {
          "coding": [
            {
              "system": "http://loinc.org",
              "code": "29463-7",
              "display": "Body Weight"
            }
          ],
          "text": "Body Weight"
        },
        "subject": {
          "reference": "urn:uuid:3f075949-9a27-4bf6-9013-d5be6cbccccd"
        },
        "context": {
          "reference": "urn:uuid:d43e4547-6052-4fd1-9a20-9e72b8bd863e"
        },
        "effectiveDateTime": "2010-09-09T19:00:35-04:00",
        "issued": "2010-09-09T19:00:35-04:00",
        "valueQuantity": {
          "value": 59.12247101907651,
          "unit": "kg",
          "system": "http://unitsofmeasure.org/",
          "code": "kg"
        },
        "resourceType": "Observation"
      }
    },
    {
      "fullUrl": "urn:uuid:1b04e06e-368e-4b3a-b08a-c4d56c6ed2f5",
      "resource": {
        "id": "1b04e06e-368e-4b3a-b08a-c4d56c6ed2f5",
        "meta": {
          "profile": [
            "http://standardhealthrecord.org/fhir/StructureDefinition/shr-observation-Observation",
            "http://standardhealthrecord.org/fhir/StructureDefinition/shr-vital-VitalSign",
            "http://standardhealthrecord.org/fhir/StructureDefinition/shr-vital-BodyMassIndex"
          ]
        },
        "status": "final",
        "category": [
          {
            "coding": [
              {
                "system": "http://hl7.org/fhir/observation-category",
                "code": "vital-signs"
              }
            ]
          }
        ],
        "code": {
          "coding": [
            {
              "system": "http://loinc.org",
              "code": "39156-5",
              "display": "Body Mass Index"
            }
          ],
          "text": "Body Mass Index"
        },
        "subject": {
          "reference": "urn:uuid:3f075949-9a27-4bf6-9013-d5be6cbccccd"
        },
        "context": {
          "reference": "urn:uuid:d43e4547-6052-4fd1-9a20-9e72b8bd863e"
        },
        "effectiveDateTime": "2010-09-09T19:00:35-04:00",
        "issued": "2010-09-09T19:00:35-04:00",
        "valueQuantity": {
          "value": 18.011158553687867,
          "unit": "kg/m2",
          "system": "http://unitsofmeasure.org/",
          "code": "kg/m2"
        },
        "resourceType": "Observation"
      }
    },
    {
      "fullUrl": "urn:uuid:453c41c2-12c2-48d1-a466-9b30b8973169",
      "resource": {
        "id": "453c41c2-12c2-48d1-a466-9b30b8973169",
        "meta": {
          "profile": [
            "http://standardhealthrecord.org/fhir/StructureDefinition/shr-observation-Observation",
            "http://standardhealthrecord.org/fhir/StructureDefinition/shr-vital-BloodPressure"
          ]
        },
        "status": "final",
        "category": [
          {
            "coding": [
              {
                "system": "http://hl7.org/fhir/observation-category",
                "code": "vital-signs"
              }
            ]
          }
        ],
        "code": {
          "coding": [
            {
              "system": "http://loinc.org",
              "code": "55284-4",
              "display": "Blood Pressure"
            }
          ]
        },
        "subject": {
          "reference": "urn:uuid:3f075949-9a27-4bf6-9013-d5be6cbccccd"
        },
        "context": {
          "reference": "urn:uuid:d43e4547-6052-4fd1-9a20-9e72b8bd863e"
        },
        "effectiveDateTime": "2010-09-09T19:00:35-04:00",
        "issued": "2010-09-09T19:00:35-04:00",
        "component": [
          {
            "code": {
              "coding": [
                {
                  "system": "http://loinc.org",
                  "code": "8480-6",
                  "display": "Systolic Blood Pressure"
                }
              ],
              "text": "Systolic Blood Pressure"
            },
            "valueQuantity": {
              "value": 197,
              "unit": "mmHg",
              "system": "http://unitsofmeasure.org/",
              "code": "mmHg"
            }
          },
          {
            "code": {
              "coding": [
                {
                  "system": "http://loinc.org",
                  "code": "8462-4",
                  "display": "Diastolic Blood Pressure"
                }
              ],
              "text": "Diastolic Blood Pressure"
            },
            "valueQuantity": {
              "value": 101,
              "unit": "mmHg",
              "system": "http://unitsofmeasure.org/",
              "code": "mmHg"
            }
          }
        ],
        "resourceType": "Observation"
      }
    },
    {
      "fullUrl": "urn:uuid:0015f202-9d35-4c14-802c-040c9e097a61",
      "resource": {
        "id": "0015f202-9d35-4c14-802c-040c9e097a61",
        "meta": {
          "profile": [
            "http://standardhealthrecord.org/fhir/StructureDefinition/shr-observation-Observation"
          ]
        },
        "status": "final",
        "category": [
          {
            "coding": [
              {
                "system": "http://hl7.org/fhir/observation-category",
                "code": "laboratory"
              }
            ]
          }
        ],
        "code": {
          "coding": [
            {
              "system": "http://loinc.org",
              "code": "33914-3",
              "display": "Estimated Glomerular Filtration Rate"
            }
          ],
          "text": "Estimated Glomerular Filtration Rate"
        },
        "subject": {
          "reference": "urn:uuid:3f075949-9a27-4bf6-9013-d5be6cbccccd"
        },
        "context": {
          "reference": "urn:uuid:d43e4547-6052-4fd1-9a20-9e72b8bd863e"
        },
        "effectiveDateTime": "2010-09-09T19:00:35-04:00",
        "issued": "2010-09-09T19:00:35-04:00",
        "valueQuantity": {
          "value": 60,
          "unit": "mL/min/{1.73_m2}",
          "system": "http://unitsofmeasure.org/",
          "code": "mL/min/{1.73_m2}"
        },
        "resourceType": "Observation"
      }
    },
    {
      "resource": {
        "meta": {
          "profile": [
            "http://standardhealthrecord.org/fhir/StructureDefinition/shr-immunization-Immunization"
          ]
        },
        "status": "completed",
        "notGiven": false,
        "vaccineCode": {
          "coding": [
            {
              "system": "http://hl7.org/fhir/sid/cvx",
              "code": "140",
              "display": "Influenza, seasonal, injectable, preservative free"
            }
          ],
          "text": "Influenza, seasonal, injectable, preservative free"
        },
        "patient": {
          "reference": "urn:uuid:3f075949-9a27-4bf6-9013-d5be6cbccccd"
        },
        "encounter": {
          "reference": "urn:uuid:d43e4547-6052-4fd1-9a20-9e72b8bd863e"
        },
        "date": "2010-09-09T19:00:35-04:00",
        "primarySource": true,
        "resourceType": "Immunization"
      }
    },
    {
      "resource": {
        "status": "active",
        "category": [
          {
            "coding": [
              {
                "system": "http://snomed.info/sct",
                "code": "326051000000105",
                "display": "Self care"
              }
            ]
          }
        ],
        "subject": {
          "reference": "urn:uuid:3f075949-9a27-4bf6-9013-d5be6cbccccd"
        },
        "context": {
          "reference": "urn:uuid:d43e4547-6052-4fd1-9a20-9e72b8bd863e"
        },
        "period": {
          "start": "1992-11-30"
        },
        "activity": [
          {
            "detail": {
              "code": {
                "coding": [
                  {
                    "system": "http://snomed.info/sct",
                    "code": "409002",
                    "display": "Food allergy diet"
                  }
                ]
              },
              "status": "in-progress"
            }
          },
          {
            "detail": {
              "code": {
                "coding": [
                  {
                    "system": "http://snomed.info/sct",
                    "code": "58332002",
                    "display": "Allergy education"
                  }
                ]
              },
              "status": "in-progress"
            }
          }
        ],
        "resourceType": "CarePlan"
      }
    },
    {
      "resource": {
        "status": "active",
        "category": [
          {
            "coding": [
              {
                "system": "http://snomed.info/sct",
                "code": "326051000000105",
                "display": "Self care"
              }
            ]
          }
        ],
        "subject": {
          "reference": "urn:uuid:3f075949-9a27-4bf6-9013-d5be6cbccccd"
        },
        "context": {
          "reference": "urn:uuid:d43e4547-6052-4fd1-9a20-9e72b8bd863e"
        },
        "period": {
          "start": "1992-12-16"
        },
        "activity": [
          {
            "detail": {
              "code": {
                "coding": [
                  {
                    "system": "http://snomed.info/sct",
                    "code": "58332002",
                    "display": "Allergy education"
                  }
                ]
              },
              "status": "in-progress"
            }
          }
        ],
        "resourceType": "CarePlan"
      }
    },
    {
      "resource": {
        "meta": {
          "profile": [
            "http://standardhealthrecord.org/fhir/StructureDefinition/shr-medication-Medication"
          ]
        },
        "code": {
          "coding": [
            {
              "system": "http://www.nlm.nih.gov/research/umls/rxnorm",
              "code": "665078",
              "display": "Loratadine 5 MG Chewable Tablet"
            }
          ],
          "text": "Loratadine 5 MG Chewable Tablet"
        },
        "resourceType": "Medication"
      }
    },
    {
      "resource": {
        "meta": {
          "profile": [
            "http://standardhealthrecord.org/fhir/StructureDefinition/shr-medication-MedicationPrescription"
          ]
        },
        "extension": [
          {
            "url": "http://standardhealthrecord.org/fhir/StructureDefinition/shr-base-ActionCode-extension",
            "valueCodeableConcept": {
              "coding": [
                {
                  "system": "http://snomed.info/sct",
                  "code": "33633005",
                  "display": "Prescription of drug (procedure)"
                }
              ],
              "text": "Prescription of drug (procedure)"
            }
          }
        ],
        "status": "active",
        "medicationReference": {
          "reference": ""
        },
        "subject": {
          "reference": "urn:uuid:3f075949-9a27-4bf6-9013-d5be6cbccccd"
        },
        "context": {
          "reference": "urn:uuid:d43e4547-6052-4fd1-9a20-9e72b8bd863e"
        },
        "authoredOn": "1992-12-16",
        "dosageInstruction": [
          {
            "sequence": 1,
            "asNeededBoolean": true
          }
        ],
        "resourceType": "MedicationRequest"
      }
    },
    {
      "resource": {
        "meta": {
          "profile": [
            "http://standardhealthrecord.org/fhir/StructureDefinition/shr-medication-Medication"
          ]
        },
        "code": {
          "coding": [
            {
              "system": "http://www.nlm.nih.gov/research/umls/rxnorm",
              "code": "727316",
              "display": "0.3 ML EPINEPHrine 0.5 MG/ML Auto-Injector"
            }
          ],
          "text": "0.3 ML EPINEPHrine 0.5 MG/ML Auto-Injector"
        },
        "resourceType": "Medication"
      }
    },
    {
      "resource": {
        "meta": {
          "profile": [
            "http://standardhealthrecord.org/fhir/StructureDefinition/shr-medication-MedicationPrescription"
          ]
        },
        "extension": [
          {
            "url": "http://standardhealthrecord.org/fhir/StructureDefinition/shr-base-ActionCode-extension",
            "valueCodeableConcept": {
              "coding": [
                {
                  "system": "http://snomed.info/sct",
                  "code": "33633005",
                  "display": "Prescription of drug (procedure)"
                }
              ],
              "text": "Prescription of drug (procedure)"
            }
          }
        ],
        "status": "active",
        "medicationReference": {
          "reference": ""
        },
        "subject": {
          "reference": "urn:uuid:3f075949-9a27-4bf6-9013-d5be6cbccccd"
        },
        "context": {
          "reference": "urn:uuid:d43e4547-6052-4fd1-9a20-9e72b8bd863e"
        },
        "authoredOn": "1992-12-16",
        "dosageInstruction": [
          {
            "sequence": 1,
            "asNeededBoolean": true
          }
        ],
        "resourceType": "MedicationRequest"
      }
    },
    {
      "fullUrl": "urn:uuid:2ae10c69-e085-4c8a-a06d-457ce5523f6d",
      "resource": {
        "id": "2ae10c69-e085-4c8a-a06d-457ce5523f6d",
        "meta": {
          "profile": [
            "http://standardhealthrecord.org/fhir/StructureDefinition/shr-encounter-Encounter"
          ]
        },
        "status": "finished",
        "class": {
          "code": "outpatient"
        },
        "type": [
          {
            "coding": [
              {
                "system": "http://snomed.info/sct",
                "code": "185349003"
              }
            ],
            "text": "Outpatient Encounter"
          }
        ],
        "subject": {
          "reference": "urn:uuid:3f075949-9a27-4bf6-9013-d5be6cbccccd"
        },
        "period": {
          "start": "2011-09-26T20:09:11-04:00",
          "end": "2011-09-26T21:09:11-04:00"
        },
        "serviceProvider": {
          "reference": "urn:uuid:09df918e-f4a5-4e2e-adde-213997e11cc4"
        },
        "resourceType": "Encounter"
      }
    },
    {
      "fullUrl": "urn:uuid:5b5d55af-4225-4663-9900-40425732ebcb",
      "resource": {
        "id": "5b5d55af-4225-4663-9900-40425732ebcb",
        "meta": {
          "profile": [
            "http://standardhealthrecord.org/fhir/StructureDefinition/shr-observation-Observation",
            "http://standardhealthrecord.org/fhir/StructureDefinition/shr-vital-VitalSign",
            "http://standardhealthrecord.org/fhir/StructureDefinition/shr-vital-BodyHeight"
          ]
        },
        "status": "final",
        "category": [
          {
            "coding": [
              {
                "system": "http://hl7.org/fhir/observation-category",
                "code": "vital-signs"
              }
            ]
          }
        ],
        "code": {
          "coding": [
            {
              "system": "http://loinc.org",
              "code": "8302-2",
              "display": "Body Height"
            }
          ],
          "text": "Body Height"
        },
        "subject": {
          "reference": "urn:uuid:3f075949-9a27-4bf6-9013-d5be6cbccccd"
        },
        "context": {
          "reference": "urn:uuid:2ae10c69-e085-4c8a-a06d-457ce5523f6d"
        },
        "effectiveDateTime": "2011-09-26T20:09:11-04:00",
        "issued": "2011-09-26T20:09:11-04:00",
        "valueQuantity": {
          "value": 181.5300912479491,
          "unit": "cm",
          "system": "http://unitsofmeasure.org/",
          "code": "cm"
        },
        "resourceType": "Observation"
      }
    },
    {
      "fullUrl": "urn:uuid:de5456ad-fc32-41ba-bbe7-d795657841d8",
      "resource": {
        "id": "de5456ad-fc32-41ba-bbe7-d795657841d8",
        "meta": {
          "profile": [
            "http://standardhealthrecord.org/fhir/StructureDefinition/shr-observation-Observation",
            "http://standardhealthrecord.org/fhir/StructureDefinition/shr-vital-VitalSign",
            "http://standardhealthrecord.org/fhir/StructureDefinition/shr-vital-BodyWeight"
          ]
        },
        "status": "final",
        "category": [
          {
            "coding": [
              {
                "system": "http://hl7.org/fhir/observation-category",
                "code": "vital-signs"
              }
            ]
          }
        ],
        "code": {
          "coding": [
            {
              "system": "http://loinc.org",
              "code": "29463-7",
              "display": "Body Weight"
            }
          ],
          "text": "Body Weight"
        },
        "subject": {
          "reference": "urn:uuid:3f075949-9a27-4bf6-9013-d5be6cbccccd"
        },
        "context": {
          "reference": "urn:uuid:2ae10c69-e085-4c8a-a06d-457ce5523f6d"
        },
        "effectiveDateTime": "2011-09-26T20:09:11-04:00",
        "issued": "2011-09-26T20:09:11-04:00",
        "valueQuantity": {
          "value": 60.67139141307357,
          "unit": "kg",
          "system": "http://unitsofmeasure.org/",
          "code": "kg"
        },
        "resourceType": "Observation"
      }
    },
    {
      "fullUrl": "urn:uuid:af64581e-bf67-428d-9b5a-7f63215bb0b1",
      "resource": {
        "id": "af64581e-bf67-428d-9b5a-7f63215bb0b1",
        "meta": {
          "profile": [
            "http://standardhealthrecord.org/fhir/StructureDefinition/shr-observation-Observation",
            "http://standardhealthrecord.org/fhir/StructureDefinition/shr-vital-VitalSign",
            "http://standardhealthrecord.org/fhir/StructureDefinition/shr-vital-BodyMassIndex"
          ]
        },
        "status": "final",
        "category": [
          {
            "coding": [
              {
                "system": "http://hl7.org/fhir/observation-category",
                "code": "vital-signs"
              }
            ]
          }
        ],
        "code": {
          "coding": [
            {
              "system": "http://loinc.org",
              "code": "39156-5",
              "display": "Body Mass Index"
            }
          ],
          "text": "Body Mass Index"
        },
        "subject": {
          "reference": "urn:uuid:3f075949-9a27-4bf6-9013-d5be6cbccccd"
        },
        "context": {
          "reference": "urn:uuid:2ae10c69-e085-4c8a-a06d-457ce5523f6d"
        },
        "effectiveDateTime": "2011-09-26T20:09:11-04:00",
        "issued": "2011-09-26T20:09:11-04:00",
        "valueQuantity": {
          "value": 18.411395321319233,
          "unit": "kg/m2",
          "system": "http://unitsofmeasure.org/",
          "code": "kg/m2"
        },
        "resourceType": "Observation"
      }
    },
    {
      "fullUrl": "urn:uuid:de658fc3-7399-49ef-a6bd-1425734eb6ae",
      "resource": {
        "id": "de658fc3-7399-49ef-a6bd-1425734eb6ae",
        "meta": {
          "profile": [
            "http://standardhealthrecord.org/fhir/StructureDefinition/shr-observation-Observation",
            "http://standardhealthrecord.org/fhir/StructureDefinition/shr-vital-BloodPressure"
          ]
        },
        "status": "final",
        "category": [
          {
            "coding": [
              {
                "system": "http://hl7.org/fhir/observation-category",
                "code": "vital-signs"
              }
            ]
          }
        ],
        "code": {
          "coding": [
            {
              "system": "http://loinc.org",
              "code": "55284-4",
              "display": "Blood Pressure"
            }
          ]
        },
        "subject": {
          "reference": "urn:uuid:3f075949-9a27-4bf6-9013-d5be6cbccccd"
        },
        "context": {
          "reference": "urn:uuid:2ae10c69-e085-4c8a-a06d-457ce5523f6d"
        },
        "effectiveDateTime": "2011-09-26T20:09:11-04:00",
        "issued": "2011-09-26T20:09:11-04:00",
        "component": [
          {
            "code": {
              "coding": [
                {
                  "system": "http://loinc.org",
                  "code": "8480-6",
                  "display": "Systolic Blood Pressure"
                }
              ],
              "text": "Systolic Blood Pressure"
            },
            "valueQuantity": {
              "value": 192,
              "unit": "mmHg",
              "system": "http://unitsofmeasure.org/",
              "code": "mmHg"
            }
          },
          {
            "code": {
              "coding": [
                {
                  "system": "http://loinc.org",
                  "code": "8462-4",
                  "display": "Diastolic Blood Pressure"
                }
              ],
              "text": "Diastolic Blood Pressure"
            },
            "valueQuantity": {
              "value": 92,
              "unit": "mmHg",
              "system": "http://unitsofmeasure.org/",
              "code": "mmHg"
            }
          }
        ],
        "resourceType": "Observation"
      }
    },
    {
      "fullUrl": "urn:uuid:bb5b8353-995e-48c5-8ae3-c6be6c8907a0",
      "resource": {
        "id": "bb5b8353-995e-48c5-8ae3-c6be6c8907a0",
        "meta": {
          "profile": [
            "http://standardhealthrecord.org/fhir/StructureDefinition/shr-observation-Observation"
          ]
        },
        "status": "final",
        "category": [
          {
            "coding": [
              {
                "system": "http://hl7.org/fhir/observation-category",
                "code": "laboratory"
              }
            ]
          }
        ],
        "code": {
          "coding": [
            {
              "system": "http://loinc.org",
              "code": "33914-3",
              "display": "Estimated Glomerular Filtration Rate"
            }
          ],
          "text": "Estimated Glomerular Filtration Rate"
        },
        "subject": {
          "reference": "urn:uuid:3f075949-9a27-4bf6-9013-d5be6cbccccd"
        },
        "context": {
          "reference": "urn:uuid:2ae10c69-e085-4c8a-a06d-457ce5523f6d"
        },
        "effectiveDateTime": "2011-09-26T20:09:11-04:00",
        "issued": "2011-09-26T20:09:11-04:00",
        "valueQuantity": {
          "value": 60,
          "unit": "mL/min/{1.73_m2}",
          "system": "http://unitsofmeasure.org/",
          "code": "mL/min/{1.73_m2}"
        },
        "resourceType": "Observation"
      }
    },
    {
      "resource": {
        "meta": {
          "profile": [
            "http://standardhealthrecord.org/fhir/StructureDefinition/shr-immunization-Immunization"
          ]
        },
        "status": "completed",
        "notGiven": false,
        "vaccineCode": {
          "coding": [
            {
              "system": "http://hl7.org/fhir/sid/cvx",
              "code": "140",
              "display": "Influenza, seasonal, injectable, preservative free"
            }
          ],
          "text": "Influenza, seasonal, injectable, preservative free"
        },
        "patient": {
          "reference": "urn:uuid:3f075949-9a27-4bf6-9013-d5be6cbccccd"
        },
        "encounter": {
          "reference": "urn:uuid:2ae10c69-e085-4c8a-a06d-457ce5523f6d"
        },
        "date": "2011-09-26T20:09:11-04:00",
        "primarySource": true,
        "resourceType": "Immunization"
      }
    },
    {
      "fullUrl": "urn:uuid:59fd6806-77b8-415b-8709-d0d607ba2dcf",
      "resource": {
        "id": "59fd6806-77b8-415b-8709-d0d607ba2dcf",
        "meta": {
          "profile": [
            "http://standardhealthrecord.org/fhir/StructureDefinition/shr-encounter-Encounter"
          ]
        },
        "status": "finished",
        "class": {
          "code": "ambulatory"
        },
        "type": [
          {
            "coding": [
              {
                "system": "http://snomed.info/sct",
                "code": "185345009"
              }
            ],
            "text": "Encounter for symptom"
          }
        ],
        "subject": {
          "reference": "urn:uuid:3f075949-9a27-4bf6-9013-d5be6cbccccd"
        },
        "period": {
          "start": "2011-09-30T16:56:37-04:00",
          "end": "2011-09-30T17:16:50-04:00"
        },
        "reason": {
          "coding": [
            {
              "system": "http://snomed.info/sct",
              "code": "10509002",
              "display": "Acute bronchitis (disorder)"
            }
          ]
        },
        "serviceProvider": {
          "reference": "urn:uuid:09df918e-f4a5-4e2e-adde-213997e11cc4"
        },
        "resourceType": "Encounter"
      }
    },
    {
      "fullUrl": "urn:uuid:8985c609-1e2a-462d-aa20-681e5436570d",
      "resource": {
        "id": "8985c609-1e2a-462d-aa20-681e5436570d",
        "meta": {
          "profile": [
            "http://standardhealthrecord.org/fhir/StructureDefinition/shr-problem-Problem"
          ]
        },
        "clinicalStatus": "active",
        "verificationStatus": "confirmed",
        "code": {
          "coding": [
            {
              "system": "http://snomed.info/sct",
              "code": "10509002",
              "display": "Acute bronchitis (disorder)"
            }
          ],
          "text": "Acute bronchitis (disorder)"
        },
        "subject": {
          "reference": "urn:uuid:3f075949-9a27-4bf6-9013-d5be6cbccccd"
        },
        "context": {
          "reference": "urn:uuid:59fd6806-77b8-415b-8709-d0d607ba2dcf"
        },
        "onsetDateTime": "2011-09-30T16:56:37-04:00",
        "abatementDateTime": "2011-10-18T15:38:30-04:00",
        "assertedDate": "2011-09-30",
        "resourceType": "Condition"
      }
    },
    {
      "resource": {
        "meta": {
          "profile": [
            "http://standardhealthrecord.org/fhir/StructureDefinition/shr-procedure-Procedure"
          ]
        },
        "extension": [
          {
            "url": "http://standardhealthrecord.org/fhir/StructureDefinition/shr-core-CodeableConcept-extension",
            "valueCodeableConcept": {
              "coding": [
                {
                  "system": "http://snomed.info/sct",
                  "code": "399208008",
                  "display": "Plain chest X-ray (procedure)"
                }
              ],
              "text": "Plain chest X-ray (procedure)"
            }
          }
        ],
        "status": "completed",
        "code": {
          "coding": [
            {
              "system": "http://snomed.info/sct",
              "code": "399208008",
              "display": "Plain chest X-ray (procedure)"
            }
          ],
          "text": "Plain chest X-ray (procedure)"
        },
        "subject": {
          "reference": "urn:uuid:3f075949-9a27-4bf6-9013-d5be6cbccccd"
        },
        "context": {
          "reference": "urn:uuid:59fd6806-77b8-415b-8709-d0d607ba2dcf"
        },
        "performedPeriod": {
          "start": "2011-09-30T16:56:37-04:00",
          "end": "2011-09-30T17:15:52-04:00"
        },
        "reasonReference": {
          "reference": "urn:uuid:8985c609-1e2a-462d-aa20-681e5436570d",
          "display": "Acute bronchitis (disorder)"
        },
        "resourceType": "Procedure"
      }
    },
    {
      "resource": {
        "meta": {
          "profile": [
            "http://standardhealthrecord.org/fhir/StructureDefinition/shr-medication-Medication"
          ]
        },
        "code": {
          "coding": [
            {
              "system": "http://www.nlm.nih.gov/research/umls/rxnorm",
              "code": "1020137",
              "display": "Dextromethorphan Hydrobromide 1 MG/ML"
            }
          ],
          "text": "Dextromethorphan Hydrobromide 1 MG/ML"
        },
        "resourceType": "Medication"
      }
    },
    {
      "resource": {
        "meta": {
          "profile": [
            "http://standardhealthrecord.org/fhir/StructureDefinition/shr-medication-MedicationPrescription"
          ]
        },
        "extension": [
          {
            "url": "http://standardhealthrecord.org/fhir/StructureDefinition/shr-base-ActionCode-extension",
            "valueCodeableConcept": {
              "coding": [
                {
                  "system": "http://snomed.info/sct",
                  "code": "33633005",
                  "display": "Prescription of drug (procedure)"
                }
              ],
              "text": "Prescription of drug (procedure)"
            }
          }
        ],
        "status": "stopped",
        "medicationReference": {
          "reference": ""
        },
        "subject": {
          "reference": "urn:uuid:3f075949-9a27-4bf6-9013-d5be6cbccccd"
        },
        "context": {
          "reference": "urn:uuid:59fd6806-77b8-415b-8709-d0d607ba2dcf"
        },
        "authoredOn": "2011-09-30",
        "reasonReference": [
          {
            "reference": "urn:uuid:8985c609-1e2a-462d-aa20-681e5436570d"
          }
        ],
        "dosageInstruction": [
          {

          }
        ],
        "resourceType": "MedicationRequest"
      }
    },
    {
      "fullUrl": "urn:uuid:ebfe65dd-b91b-4711-bfb1-747b85b9d2e6",
      "resource": {
        "id": "ebfe65dd-b91b-4711-bfb1-747b85b9d2e6",
        "meta": {
          "profile": [
            "http://standardhealthrecord.org/fhir/StructureDefinition/shr-encounter-Encounter"
          ]
        },
        "status": "finished",
        "class": {
          "code": "outpatient"
        },
        "type": [
          {
            "coding": [
              {
                "system": "http://snomed.info/sct",
                "code": "185349003"
              }
            ],
            "text": "Outpatient Encounter"
          }
        ],
        "subject": {
          "reference": "urn:uuid:3f075949-9a27-4bf6-9013-d5be6cbccccd"
        },
        "period": {
          "start": "2012-09-20T10:07:51-04:00",
          "end": "2012-09-20T11:07:51-04:00"
        },
        "serviceProvider": {
          "reference": "urn:uuid:09df918e-f4a5-4e2e-adde-213997e11cc4"
        },
        "resourceType": "Encounter"
      }
    },
    {
      "fullUrl": "urn:uuid:954a7349-d873-4920-8633-c12cad100523",
      "resource": {
        "id": "954a7349-d873-4920-8633-c12cad100523",
        "meta": {
          "profile": [
            "http://standardhealthrecord.org/fhir/StructureDefinition/shr-observation-Observation",
            "http://standardhealthrecord.org/fhir/StructureDefinition/shr-vital-VitalSign",
            "http://standardhealthrecord.org/fhir/StructureDefinition/shr-vital-BodyHeight"
          ]
        },
        "status": "final",
        "category": [
          {
            "coding": [
              {
                "system": "http://hl7.org/fhir/observation-category",
                "code": "vital-signs"
              }
            ]
          }
        ],
        "code": {
          "coding": [
            {
              "system": "http://loinc.org",
              "code": "8302-2",
              "display": "Body Height"
            }
          ],
          "text": "Body Height"
        },
        "subject": {
          "reference": "urn:uuid:3f075949-9a27-4bf6-9013-d5be6cbccccd"
        },
        "context": {
          "reference": "urn:uuid:ebfe65dd-b91b-4711-bfb1-747b85b9d2e6"
        },
        "effectiveDateTime": "2012-09-20T10:07:51-04:00",
        "issued": "2012-09-20T10:07:51-04:00",
        "valueQuantity": {
          "value": 181.66436688984822,
          "unit": "cm",
          "system": "http://unitsofmeasure.org/",
          "code": "cm"
        },
        "resourceType": "Observation"
      }
    },
    {
      "fullUrl": "urn:uuid:412cb9d8-c17b-4791-b2d7-27b9306f5212",
      "resource": {
        "id": "412cb9d8-c17b-4791-b2d7-27b9306f5212",
        "meta": {
          "profile": [
            "http://standardhealthrecord.org/fhir/StructureDefinition/shr-observation-Observation",
            "http://standardhealthrecord.org/fhir/StructureDefinition/shr-vital-VitalSign",
            "http://standardhealthrecord.org/fhir/StructureDefinition/shr-vital-BodyWeight"
          ]
        },
        "status": "final",
        "category": [
          {
            "coding": [
              {
                "system": "http://hl7.org/fhir/observation-category",
                "code": "vital-signs"
              }
            ]
          }
        ],
        "code": {
          "coding": [
            {
              "system": "http://loinc.org",
              "code": "29463-7",
              "display": "Body Weight"
            }
          ],
          "text": "Body Weight"
        },
        "subject": {
          "reference": "urn:uuid:3f075949-9a27-4bf6-9013-d5be6cbccccd"
        },
        "context": {
          "reference": "urn:uuid:ebfe65dd-b91b-4711-bfb1-747b85b9d2e6"
        },
        "effectiveDateTime": "2012-09-20T10:07:51-04:00",
        "issued": "2012-09-20T10:07:51-04:00",
        "valueQuantity": {
          "value": 63.01232888014347,
          "unit": "kg",
          "system": "http://unitsofmeasure.org/",
          "code": "kg"
        },
        "resourceType": "Observation"
      }
    },
    {
      "fullUrl": "urn:uuid:58f0bf16-4ca1-42c7-a101-499147c24682",
      "resource": {
        "id": "58f0bf16-4ca1-42c7-a101-499147c24682",
        "meta": {
          "profile": [
            "http://standardhealthrecord.org/fhir/StructureDefinition/shr-observation-Observation",
            "http://standardhealthrecord.org/fhir/StructureDefinition/shr-vital-VitalSign",
            "http://standardhealthrecord.org/fhir/StructureDefinition/shr-vital-BodyMassIndex"
          ]
        },
        "status": "final",
        "category": [
          {
            "coding": [
              {
                "system": "http://hl7.org/fhir/observation-category",
                "code": "vital-signs"
              }
            ]
          }
        ],
        "code": {
          "coding": [
            {
              "system": "http://loinc.org",
              "code": "39156-5",
              "display": "Body Mass Index"
            }
          ],
          "text": "Body Mass Index"
        },
        "subject": {
          "reference": "urn:uuid:3f075949-9a27-4bf6-9013-d5be6cbccccd"
        },
        "context": {
          "reference": "urn:uuid:ebfe65dd-b91b-4711-bfb1-747b85b9d2e6"
        },
        "effectiveDateTime": "2012-09-20T10:07:51-04:00",
        "issued": "2012-09-20T10:07:51-04:00",
        "valueQuantity": {
          "value": 19.093521376125896,
          "unit": "kg/m2",
          "system": "http://unitsofmeasure.org/",
          "code": "kg/m2"
        },
        "resourceType": "Observation"
      }
    },
    {
      "fullUrl": "urn:uuid:88853b43-97f9-4d0c-948f-35506c078a00",
      "resource": {
        "id": "88853b43-97f9-4d0c-948f-35506c078a00",
        "meta": {
          "profile": [
            "http://standardhealthrecord.org/fhir/StructureDefinition/shr-observation-Observation",
            "http://standardhealthrecord.org/fhir/StructureDefinition/shr-vital-BloodPressure"
          ]
        },
        "status": "final",
        "category": [
          {
            "coding": [
              {
                "system": "http://hl7.org/fhir/observation-category",
                "code": "vital-signs"
              }
            ]
          }
        ],
        "code": {
          "coding": [
            {
              "system": "http://loinc.org",
              "code": "55284-4",
              "display": "Blood Pressure"
            }
          ]
        },
        "subject": {
          "reference": "urn:uuid:3f075949-9a27-4bf6-9013-d5be6cbccccd"
        },
        "context": {
          "reference": "urn:uuid:ebfe65dd-b91b-4711-bfb1-747b85b9d2e6"
        },
        "effectiveDateTime": "2012-09-20T10:07:51-04:00",
        "issued": "2012-09-20T10:07:51-04:00",
        "component": [
          {
            "code": {
              "coding": [
                {
                  "system": "http://loinc.org",
                  "code": "8480-6",
                  "display": "Systolic Blood Pressure"
                }
              ],
              "text": "Systolic Blood Pressure"
            },
            "valueQuantity": {
              "value": 194,
              "unit": "mmHg",
              "system": "http://unitsofmeasure.org/",
              "code": "mmHg"
            }
          },
          {
            "code": {
              "coding": [
                {
                  "system": "http://loinc.org",
                  "code": "8462-4",
                  "display": "Diastolic Blood Pressure"
                }
              ],
              "text": "Diastolic Blood Pressure"
            },
            "valueQuantity": {
              "value": 117,
              "unit": "mmHg",
              "system": "http://unitsofmeasure.org/",
              "code": "mmHg"
            }
          }
        ],
        "resourceType": "Observation"
      }
    },
    {
      "fullUrl": "urn:uuid:95ba7f65-df09-4d8e-89e1-76350932b5e8",
      "resource": {
        "id": "95ba7f65-df09-4d8e-89e1-76350932b5e8",
        "meta": {
          "profile": [
            "http://standardhealthrecord.org/fhir/StructureDefinition/shr-observation-Observation"
          ]
        },
        "status": "final",
        "category": [
          {
            "coding": [
              {
                "system": "http://hl7.org/fhir/observation-category",
                "code": "laboratory"
              }
            ]
          }
        ],
        "code": {
          "coding": [
            {
              "system": "http://loinc.org",
              "code": "33914-3",
              "display": "Estimated Glomerular Filtration Rate"
            }
          ],
          "text": "Estimated Glomerular Filtration Rate"
        },
        "subject": {
          "reference": "urn:uuid:3f075949-9a27-4bf6-9013-d5be6cbccccd"
        },
        "context": {
          "reference": "urn:uuid:ebfe65dd-b91b-4711-bfb1-747b85b9d2e6"
        },
        "effectiveDateTime": "2012-09-20T10:07:51-04:00",
        "issued": "2012-09-20T10:07:51-04:00",
        "valueQuantity": {
          "value": 60,
          "unit": "mL/min/{1.73_m2}",
          "system": "http://unitsofmeasure.org/",
          "code": "mL/min/{1.73_m2}"
        },
        "resourceType": "Observation"
      }
    },
    {
      "resource": {
        "meta": {
          "profile": [
            "http://standardhealthrecord.org/fhir/StructureDefinition/shr-immunization-Immunization"
          ]
        },
        "status": "completed",
        "notGiven": false,
        "vaccineCode": {
          "coding": [
            {
              "system": "http://hl7.org/fhir/sid/cvx",
              "code": "140",
              "display": "Influenza, seasonal, injectable, preservative free"
            }
          ],
          "text": "Influenza, seasonal, injectable, preservative free"
        },
        "patient": {
          "reference": "urn:uuid:3f075949-9a27-4bf6-9013-d5be6cbccccd"
        },
        "encounter": {
          "reference": "urn:uuid:ebfe65dd-b91b-4711-bfb1-747b85b9d2e6"
        },
        "date": "2012-09-20T10:07:51-04:00",
        "primarySource": true,
        "resourceType": "Immunization"
      }
    },
    {
      "fullUrl": "urn:uuid:07114913-9706-4a18-a6c8-1f704b11c5d3",
      "resource": {
        "id": "07114913-9706-4a18-a6c8-1f704b11c5d3",
        "meta": {
          "profile": [
            "http://standardhealthrecord.org/fhir/StructureDefinition/shr-encounter-Encounter"
          ]
        },
        "status": "finished",
        "class": {
          "code": "outpatient"
        },
        "type": [
          {
            "coding": [
              {
                "system": "http://snomed.info/sct",
                "code": "185349003"
              }
            ],
            "text": "Outpatient Encounter"
          }
        ],
        "subject": {
          "reference": "urn:uuid:3f075949-9a27-4bf6-9013-d5be6cbccccd"
        },
        "period": {
          "start": "2016-02-25T15:50:43-05:00",
          "end": "2016-02-25T16:50:43-05:00"
        },
        "serviceProvider": {
          "reference": "urn:uuid:09df918e-f4a5-4e2e-adde-213997e11cc4"
        },
        "resourceType": "Encounter"
      }
    },
    {
      "fullUrl": "urn:uuid:40118f9e-0dc9-4431-87ae-912e3ee59958",
      "resource": {
        "id": "40118f9e-0dc9-4431-87ae-912e3ee59958",
        "meta": {
          "profile": [
            "http://standardhealthrecord.org/fhir/StructureDefinition/shr-observation-Observation",
            "http://standardhealthrecord.org/fhir/StructureDefinition/shr-vital-VitalSign",
            "http://standardhealthrecord.org/fhir/StructureDefinition/shr-vital-BodyHeight"
          ]
        },
        "status": "final",
        "category": [
          {
            "coding": [
              {
                "system": "http://hl7.org/fhir/observation-category",
                "code": "vital-signs"
              }
            ]
          }
        ],
        "code": {
          "coding": [
            {
              "system": "http://loinc.org",
              "code": "8302-2",
              "display": "Body Height"
            }
          ],
          "text": "Body Height"
        },
        "subject": {
          "reference": "urn:uuid:3f075949-9a27-4bf6-9013-d5be6cbccccd"
        },
        "context": {
          "reference": "urn:uuid:07114913-9706-4a18-a6c8-1f704b11c5d3"
        },
        "effectiveDateTime": "2016-02-25T15:50:43-05:00",
        "issued": "2016-02-25T15:50:43-05:00",
        "valueQuantity": {
          "value": 181.66436688984822,
          "unit": "cm",
          "system": "http://unitsofmeasure.org/",
          "code": "cm"
        },
        "resourceType": "Observation"
      }
    },
    {
      "fullUrl": "urn:uuid:f2fded5b-66fb-4d3f-8062-37e1a8fb5e76",
      "resource": {
        "id": "f2fded5b-66fb-4d3f-8062-37e1a8fb5e76",
        "meta": {
          "profile": [
            "http://standardhealthrecord.org/fhir/StructureDefinition/shr-observation-Observation",
            "http://standardhealthrecord.org/fhir/StructureDefinition/shr-vital-VitalSign",
            "http://standardhealthrecord.org/fhir/StructureDefinition/shr-vital-BodyWeight"
          ]
        },
        "status": "final",
        "category": [
          {
            "coding": [
              {
                "system": "http://hl7.org/fhir/observation-category",
                "code": "vital-signs"
              }
            ]
          }
        ],
        "code": {
          "coding": [
            {
              "system": "http://loinc.org",
              "code": "29463-7",
              "display": "Body Weight"
            }
          ],
          "text": "Body Weight"
        },
        "subject": {
          "reference": "urn:uuid:3f075949-9a27-4bf6-9013-d5be6cbccccd"
        },
        "context": {
          "reference": "urn:uuid:07114913-9706-4a18-a6c8-1f704b11c5d3"
        },
        "effectiveDateTime": "2016-02-25T15:50:43-05:00",
        "issued": "2016-02-25T15:50:43-05:00",
        "valueQuantity": {
          "value": 67.43515347530591,
          "unit": "kg",
          "system": "http://unitsofmeasure.org/",
          "code": "kg"
        },
        "resourceType": "Observation"
      }
    },
    {
      "fullUrl": "urn:uuid:2a16a3b4-ec1b-4ff5-9160-dfbef7db7d9e",
      "resource": {
        "id": "2a16a3b4-ec1b-4ff5-9160-dfbef7db7d9e",
        "meta": {
          "profile": [
            "http://standardhealthrecord.org/fhir/StructureDefinition/shr-observation-Observation",
            "http://standardhealthrecord.org/fhir/StructureDefinition/shr-vital-VitalSign",
            "http://standardhealthrecord.org/fhir/StructureDefinition/shr-vital-BodyMassIndex"
          ]
        },
        "status": "final",
        "category": [
          {
            "coding": [
              {
                "system": "http://hl7.org/fhir/observation-category",
                "code": "vital-signs"
              }
            ]
          }
        ],
        "code": {
          "coding": [
            {
              "system": "http://loinc.org",
              "code": "39156-5",
              "display": "Body Mass Index"
            }
          ],
          "text": "Body Mass Index"
        },
        "subject": {
          "reference": "urn:uuid:3f075949-9a27-4bf6-9013-d5be6cbccccd"
        },
        "context": {
          "reference": "urn:uuid:07114913-9706-4a18-a6c8-1f704b11c5d3"
        },
        "effectiveDateTime": "2016-02-25T15:50:43-05:00",
        "issued": "2016-02-25T15:50:43-05:00",
        "valueQuantity": {
          "value": 20.433692378394635,
          "unit": "kg/m2",
          "system": "http://unitsofmeasure.org/",
          "code": "kg/m2"
        },
        "resourceType": "Observation"
      }
    },
    {
      "fullUrl": "urn:uuid:8dc2df08-5877-4749-ae06-cfda50e873eb",
      "resource": {
        "id": "8dc2df08-5877-4749-ae06-cfda50e873eb",
        "meta": {
          "profile": [
            "http://standardhealthrecord.org/fhir/StructureDefinition/shr-observation-Observation",
            "http://standardhealthrecord.org/fhir/StructureDefinition/shr-vital-BloodPressure"
          ]
        },
        "status": "final",
        "category": [
          {
            "coding": [
              {
                "system": "http://hl7.org/fhir/observation-category",
                "code": "vital-signs"
              }
            ]
          }
        ],
        "code": {
          "coding": [
            {
              "system": "http://loinc.org",
              "code": "55284-4",
              "display": "Blood Pressure"
            }
          ]
        },
        "subject": {
          "reference": "urn:uuid:3f075949-9a27-4bf6-9013-d5be6cbccccd"
        },
        "context": {
          "reference": "urn:uuid:07114913-9706-4a18-a6c8-1f704b11c5d3"
        },
        "effectiveDateTime": "2016-02-25T15:50:43-05:00",
        "issued": "2016-02-25T15:50:43-05:00",
        "component": [
          {
            "code": {
              "coding": [
                {
                  "system": "http://loinc.org",
                  "code": "8480-6",
                  "display": "Systolic Blood Pressure"
                }
              ],
              "text": "Systolic Blood Pressure"
            },
            "valueQuantity": {
              "value": 182,
              "unit": "mmHg",
              "system": "http://unitsofmeasure.org/",
              "code": "mmHg"
            }
          },
          {
            "code": {
              "coding": [
                {
                  "system": "http://loinc.org",
                  "code": "8462-4",
                  "display": "Diastolic Blood Pressure"
                }
              ],
              "text": "Diastolic Blood Pressure"
            },
            "valueQuantity": {
              "value": 112,
              "unit": "mmHg",
              "system": "http://unitsofmeasure.org/",
              "code": "mmHg"
            }
          }
        ],
        "resourceType": "Observation"
      }
    },
    {
      "fullUrl": "urn:uuid:1f2b92f1-dd5b-4a1d-b3af-feeb7cd90c61",
      "resource": {
        "id": "1f2b92f1-dd5b-4a1d-b3af-feeb7cd90c61",
        "meta": {
          "profile": [
            "http://standardhealthrecord.org/fhir/StructureDefinition/shr-observation-Observation"
          ]
        },
        "status": "final",
        "category": [
          {
            "coding": [
              {
                "system": "http://hl7.org/fhir/observation-category",
                "code": "laboratory"
              }
            ]
          }
        ],
        "code": {
          "coding": [
            {
              "system": "http://loinc.org",
              "code": "33914-3",
              "display": "Estimated Glomerular Filtration Rate"
            }
          ],
          "text": "Estimated Glomerular Filtration Rate"
        },
        "subject": {
          "reference": "urn:uuid:3f075949-9a27-4bf6-9013-d5be6cbccccd"
        },
        "context": {
          "reference": "urn:uuid:07114913-9706-4a18-a6c8-1f704b11c5d3"
        },
        "effectiveDateTime": "2016-02-25T15:50:43-05:00",
        "issued": "2016-02-25T15:50:43-05:00",
        "valueQuantity": {
          "value": 60,
          "unit": "mL/min/{1.73_m2}",
          "system": "http://unitsofmeasure.org/",
          "code": "mL/min/{1.73_m2}"
        },
        "resourceType": "Observation"
      }
    },
    {
      "resource": {
        "meta": {
          "profile": [
            "http://standardhealthrecord.org/fhir/StructureDefinition/shr-immunization-Immunization"
          ]
        },
        "status": "completed",
        "notGiven": false,
        "vaccineCode": {
          "coding": [
            {
              "system": "http://hl7.org/fhir/sid/cvx",
              "code": "140",
              "display": "Influenza, seasonal, injectable, preservative free"
            }
          ],
          "text": "Influenza, seasonal, injectable, preservative free"
        },
        "patient": {
          "reference": "urn:uuid:3f075949-9a27-4bf6-9013-d5be6cbccccd"
        },
        "encounter": {
          "reference": "urn:uuid:07114913-9706-4a18-a6c8-1f704b11c5d3"
        },
        "date": "2016-02-25T15:50:43-05:00",
        "primarySource": true,
        "resourceType": "Immunization"
      }
    },
    {
      "resource": {
        "meta": {
          "profile": [
            "http://standardhealthrecord.org/fhir/StructureDefinition/shr-immunization-Immunization"
          ]
        },
        "status": "completed",
        "notGiven": false,
        "vaccineCode": {
          "coding": [
            {
              "system": "http://hl7.org/fhir/sid/cvx",
              "code": "113",
              "display": "Td (adult) preservative free"
            }
          ],
          "text": "Td (adult) preservative free"
        },
        "patient": {
          "reference": "urn:uuid:3f075949-9a27-4bf6-9013-d5be6cbccccd"
        },
        "encounter": {
          "reference": "urn:uuid:07114913-9706-4a18-a6c8-1f704b11c5d3"
        },
        "date": "2016-02-25T15:50:43-05:00",
        "primarySource": true,
        "resourceType": "Immunization"
      }
    },
    {
      "resource": {
        "status": "active",
        "category": [
          {
            "coding": [
              {
                "system": "http://snomed.info/sct",
                "code": "698358001",
                "display": "Angina self management plan"
              }
            ]
          }
        ],
        "subject": {
          "reference": "urn:uuid:3f075949-9a27-4bf6-9013-d5be6cbccccd"
        },
        "context": {
          "reference": "urn:uuid:07114913-9706-4a18-a6c8-1f704b11c5d3"
        },
        "period": {
          "start": "1998-11-21"
        },
        "addresses": [
          {
            "reference": "urn:uuid:5f7568b8-4132-4c43-b66b-c570fba76622"
          }
        ],
        "activity": [
          {
            "detail": {
              "code": {
                "coding": [
                  {
                    "system": "http://snomed.info/sct",
                    "code": "229065009",
                    "display": "Exercise therapy"
                  }
                ]
              },
              "status": "in-progress"
            }
          },
          {
            "detail": {
              "code": {
                "coding": [
                  {
                    "system": "http://snomed.info/sct",
                    "code": "226060000",
                    "display": "Stress management"
                  }
                ]
              },
              "status": "in-progress"
            }
          },
          {
            "detail": {
              "code": {
                "coding": [
                  {
                    "system": "http://snomed.info/sct",
                    "code": "710081004",
                    "display": "Smoking cessation therapy"
                  }
                ]
              },
              "status": "in-progress"
            }
          },
          {
            "detail": {
              "code": {
                "coding": [
                  {
                    "system": "http://snomed.info/sct",
                    "code": "226234005",
                    "display": "Healthy diet"
                  }
                ]
              },
              "status": "in-progress"
            }
          }
        ],
        "resourceType": "CarePlan"
      }
    },
    {
      "resource": {
        "status": "completed",
        "category": [
          {
            "coding": [
              {
                "system": "http://snomed.info/sct",
                "code": "53950000",
                "display": "Respiratory therapy"
              }
            ]
          }
        ],
        "subject": {
          "reference": "urn:uuid:3f075949-9a27-4bf6-9013-d5be6cbccccd"
        },
        "context": {
          "reference": "urn:uuid:07114913-9706-4a18-a6c8-1f704b11c5d3"
        },
        "period": {
          "start": "2011-09-30",
          "end": "2012-09-20"
        },
        "addresses": [
          {
            "reference": "urn:uuid:8985c609-1e2a-462d-aa20-681e5436570d"
          }
        ],
        "activity": [
          {
            "detail": {
              "code": {
                "coding": [
                  {
                    "system": "http://snomed.info/sct",
                    "code": "710081004",
                    "display": "Smoking cessation therapy"
                  }
                ]
              },
              "status": "completed"
            }
          },
          {
            "detail": {
              "code": {
                "coding": [
                  {
                    "system": "http://snomed.info/sct",
                    "code": "304510005",
                    "display": "Recommendation to avoid exercise"
                  }
                ]
              },
              "status": "completed"
            }
          },
          {
            "detail": {
              "code": {
                "coding": [
                  {
                    "system": "http://snomed.info/sct",
                    "code": "371605008",
                    "display": "Deep breathing and coughing exercises"
                  }
                ]
              },
              "status": "completed"
            }
          }
        ],
        "resourceType": "CarePlan"
      }
    }
  ],
  "resourceType": "Bundle"
}