{
  "type": "collection",
  "entry": [
    {
      "fullUrl": "urn:uuid:8c8cd6d7-9aa5-4b1c-a5bf-98d6cc44d546",
      "resource": {
        "id": "8c8cd6d7-9aa5-4b1c-a5bf-98d6cc44d546",
        "meta": {
          "profile": [
            "http://standardhealthrecord.org/fhir/StructureDefinition/shr-demographics-PersonOfRecord"
          ]
        },
        "text": {
          "status": "generated",
          "div": "<div>Generated by <a href=\"https://github.com/synthetichealth/synthea\">Synthea</a>. Version identifier: 4d02400401b9fab839e47bf5b2f1f6a8c683ab55</div>"
        },
        "extension": [
          {
            "url": "http://hl7.org/fhir/us/core/StructureDefinition/us-core-race",
            "valueCodeableConcept": {
              "coding": [
                {
                  "system": "http://hl7.org/fhir/v3/Race",
                  "code": "2131-1",
                  "display": "Other"
                }
              ],
              "text": "race"
            }
          },
          {
            "url": "http://hl7.org/fhir/us/core/StructureDefinition/us-core-ethnicity",
            "valueCodeableConcept": {
              "coding": [
                {
                  "system": "http://hl7.org/fhir/v3/Ethnicity",
                  "code": "2148-5",
                  "display": "Mexican"
                }
              ],
              "text": "ethnicity"
            }
          },
          {
            "url": "http://hl7.org/fhir/StructureDefinition/birthPlace",
            "valueAddress": {
              "city": "Chelsea",
              "state": "MA",
              "country": "US"
            }
          },
          {
            "url": "http://hl7.org/fhir/StructureDefinition/patient-mothersMaidenName",
            "valueString": "Lenora407 Lynch582"
          },
          {
            "url": "http://hl7.org/fhir/us/core/StructureDefinition/us-core-birthsex",
            "valueCode": "F"
          },
          {
            "url": "http://hl7.org/fhir/StructureDefinition/patient-interpreterRequired",
            "valueBoolean": false
          },
          {
            "url": "http://standardhealthrecord.org/fhir/StructureDefinition/shr-actor-FictionalPerson-extension",
            "valueBoolean": true
          },
          {
            "url": "http://standardhealthrecord.org/fhir/StructureDefinition/shr-demographics-FathersName-extension",
            "valueHumanName": {
              "text": "Cleo72 White834"
            }
          },
          {
            "url": "http://standardhealthrecord.org/fhir/StructureDefinition/shr-demographics-SocialSecurityNumber-extension",
            "valueString": "999-65-6819"
          }
        ],
        "identifier": [
          {
            "system": "https://github.com/synthetichealth/synthea",
            "value": "2d14de76-8e6e-4c6f-b162-1fc163da9856"
          },
          {
            "type": {
              "coding": [
                {
                  "system": "http://hl7.org/fhir/identifier-type",
                  "code": "SB"
                }
              ]
            },
            "system": "http://hl7.org/fhir/sid/us-ssn",
            "value": "999656819"
          },
          {
            "type": {
              "coding": [
                {
                  "system": "http://hl7.org/fhir/v2/0203",
                  "code": "DL"
                }
              ]
            },
            "system": "urn:oid:2.16.840.1.113883.4.3.25",
            "value": "S99944257"
          },
          {
            "type": {
              "coding": [
                {
                  "system": "http://hl7.org/fhir/v2/0203",
                  "code": "PPN"
                }
              ]
            },
            "system": "http://standardhealthrecord.org/fhir/StructureDefinition/passportNumber",
            "value": "X87448185X"
          }
        ],
        "name": [
          {
            "use": "official",
            "family": "Abbott992",
            "given": [
              "Heber716"
            ],
            "prefix": [
              "Mrs."
            ]
          },
          {
            "use": "maiden",
            "family": "White834",
            "given": [
              "Heber716"
            ]
          }
        ],
        "telecom": [
          {
            "system": "phone",
            "value": "283.631.9153",
            "use": "home"
          }
        ],
        "gender": "female",
        "birthDate": "1929-12-15",
        "deceasedDateTime": "1978-06-27T10:11:34-04:00",
        "address": [
          {
            "extension": [
              {
                "extension": [
                  {
                    "url": "latitude",
                    "valueDecimal": 42.249432694065966
                  },
                  {
                    "url": "longitude",
                    "valueDecimal": -72.68074602485463
                  }
                ],
                "url": "http://hl7.org/fhir/StructureDefinition/geolocation"
              }
            ],
            "line": [
              "50290 Austin Stream"
            ],
            "city": "Easthampton",
            "state": "MA",
            "postalCode": "01027",
            "country": "US"
          }
        ],
        "maritalStatus": {
          "coding": [
            {
              "system": "http://hl7.org/fhir/v3/MaritalStatus",
              "code": "M"
            }
          ],
          "text": "M"
        },
        "multipleBirthBoolean": false,
        "communication": [
          {
            "language": {
              "coding": [
                {
                  "system": "http://hl7.org/fhir/ValueSet/languages",
                  "code": "es",
                  "display": "Spanish"
                }
              ]
            }
          }
        ],
        "resourceType": "Patient"
      }
    },
    {
      "fullUrl": "urn:uuid:8739bb03-3f1d-4e39-98fa-31aab66eee00",
      "resource": {
        "id": "8739bb03-3f1d-4e39-98fa-31aab66eee00",
        "meta": {
          "profile": [
            "http://standardhealthrecord.org/fhir/StructureDefinition/shr-actor-Organization"
          ]
        },
        "type": [
          {
            "coding": [
              {
                "system": "http://hl7.org/fhir/ValueSet/organization-type",
                "code": "prov",
                "display": "Healthcare Provider"
              }
            ],
            "text": "Healthcare Provider"
          }
        ],
        "name": "Synthetic Provider",
        "resourceType": "Organization"
      }
    },
    {
      "fullUrl": "urn:uuid:9fd524d8-97d4-4b31-bb62-571eb23cfc3c",
      "resource": {
        "id": "9fd524d8-97d4-4b31-bb62-571eb23cfc3c",
        "meta": {
          "profile": [
            "http://standardhealthrecord.org/fhir/StructureDefinition/shr-encounter-Encounter"
          ]
        },
        "status": "finished",
        "class": {
          "code": "ambulatory"
        },
        "type": [
          {
            "coding": [
              {
                "system": "http://snomed.info/sct",
                "code": "308646001"
              }
            ],
            "text": "Death Certification"
          }
        ],
        "subject": {
          "reference": "urn:uuid:8c8cd6d7-9aa5-4b1c-a5bf-98d6cc44d546"
        },
        "period": {
          "start": "1978-06-27T10:11:34-04:00",
          "end": "1978-06-27T10:26:34-04:00"
        },
        "serviceProvider": {
          "reference": "urn:uuid:8739bb03-3f1d-4e39-98fa-31aab66eee00"
        },
        "resourceType": "Encounter"
      }
    },
    {
      "fullUrl": "urn:uuid:3b5b68bd-5773-455e-8a42-bc196ad38243",
      "resource": {
        "id": "3b5b68bd-5773-455e-8a42-bc196ad38243",
        "meta": {
          "profile": [
            "http://standardhealthrecord.org/fhir/StructureDefinition/shr-problem-Problem"
          ]
        },
        "clinicalStatus": "active",
        "verificationStatus": "confirmed",
        "code": {
          "coding": [
            {
              "system": "http://snomed.info/sct",
              "code": "38341003",
              "display": "Hypertension"
            }
          ],
          "text": "Hypertension"
        },
        "subject": {
          "reference": "urn:uuid:8c8cd6d7-9aa5-4b1c-a5bf-98d6cc44d546"
        },
        "context": {
          "reference": "urn:uuid:9fd524d8-97d4-4b31-bb62-571eb23cfc3c"
        },
        "onsetDateTime": "1948-02-10T20:39:48-05:00",
        "assertedDate": "1948-02-10",
        "resourceType": "Condition"
      }
    },
    {
      "fullUrl": "urn:uuid:3c2b921d-8b62-4614-a3e4-5ea88604d552",
      "resource": {
        "id": "3c2b921d-8b62-4614-a3e4-5ea88604d552",
        "meta": {
          "profile": [
            "http://standardhealthrecord.org/fhir/StructureDefinition/shr-problem-Problem"
          ]
        },
        "clinicalStatus": "active",
        "verificationStatus": "confirmed",
        "code": {
          "coding": [
            {
              "system": "http://snomed.info/sct",
              "code": "15777000",
              "display": "Prediabetes"
            }
          ],
          "text": "Prediabetes"
        },
        "subject": {
          "reference": "urn:uuid:8c8cd6d7-9aa5-4b1c-a5bf-98d6cc44d546"
        },
        "context": {
          "reference": "urn:uuid:9fd524d8-97d4-4b31-bb62-571eb23cfc3c"
        },
        "onsetDateTime": "1965-09-29T03:45:54-04:00",
        "assertedDate": "1965-09-29",
        "resourceType": "Condition"
      }
    },
    {
      "fullUrl": "urn:uuid:947278db-b7c5-42c2-99fa-d55658c268dd",
      "resource": {
        "id": "947278db-b7c5-42c2-99fa-d55658c268dd",
        "meta": {
          "profile": [
            "http://standardhealthrecord.org/fhir/StructureDefinition/shr-problem-Problem"
          ]
        },
        "clinicalStatus": "active",
        "verificationStatus": "confirmed",
        "code": {
          "coding": [
            {
              "system": "http://snomed.info/sct",
              "code": "162573006",
              "display": "Suspected lung cancer (situation)"
            }
          ],
          "text": "Suspected lung cancer (situation)"
        },
        "subject": {
          "reference": "urn:uuid:8c8cd6d7-9aa5-4b1c-a5bf-98d6cc44d546"
        },
        "context": {
          "reference": "urn:uuid:9fd524d8-97d4-4b31-bb62-571eb23cfc3c"
        },
        "onsetDateTime": "1977-11-07T13:34:52-05:00",
        "assertedDate": "1977-11-07",
        "resourceType": "Condition"
      }
    },
    {
      "fullUrl": "urn:uuid:410708a5-b6cf-42f9-b937-22f3ae60b62f",
      "resource": {
        "id": "410708a5-b6cf-42f9-b937-22f3ae60b62f",
        "meta": {
          "profile": [
            "http://standardhealthrecord.org/fhir/StructureDefinition/shr-problem-Problem"
          ]
        },
        "clinicalStatus": "active",
        "verificationStatus": "confirmed",
        "code": {
          "coding": [
            {
              "system": "http://snomed.info/sct",
              "code": "254637007",
              "display": "Non-small cell lung cancer (disorder)"
            }
          ],
          "text": "Non-small cell lung cancer (disorder)"
        },
        "subject": {
          "reference": "urn:uuid:8c8cd6d7-9aa5-4b1c-a5bf-98d6cc44d546"
        },
        "context": {
          "reference": "urn:uuid:9fd524d8-97d4-4b31-bb62-571eb23cfc3c"
        },
        "onsetDateTime": "1977-11-19T16:46:01-05:00",
        "assertedDate": "1977-11-19",
        "resourceType": "Condition"
      }
    },
    {
      "fullUrl": "urn:uuid:c0845092-9dd4-4637-af44-15eaad225f65",
      "resource": {
        "id": "c0845092-9dd4-4637-af44-15eaad225f65",
        "meta": {
          "profile": [
            "http://standardhealthrecord.org/fhir/StructureDefinition/shr-problem-Problem"
          ]
        },
        "clinicalStatus": "active",
        "verificationStatus": "confirmed",
        "code": {
          "coding": [
            {
              "system": "http://snomed.info/sct",
              "code": "423121009",
              "display": "Non-small cell carcinoma of lung, TNM stage 4 (disorder)"
            }
          ],
          "text": "Non-small cell carcinoma of lung, TNM stage 4 (disorder)"
        },
        "subject": {
          "reference": "urn:uuid:8c8cd6d7-9aa5-4b1c-a5bf-98d6cc44d546"
        },
        "context": {
          "reference": "urn:uuid:9fd524d8-97d4-4b31-bb62-571eb23cfc3c"
        },
        "onsetDateTime": "1977-11-21T14:56:04-05:00",
        "assertedDate": "1977-11-21",
        "resourceType": "Condition"
      }
    },
    {
      "fullUrl": "urn:uuid:14cf6681-1c52-4536-bae3-af5fb7a9c298",
      "resource": {
        "id": "14cf6681-1c52-4536-bae3-af5fb7a9c298",
        "meta": {
          "profile": [
            "http://standardhealthrecord.org/fhir/StructureDefinition/shr-observation-Observation"
          ]
        },
        "status": "final",
        "category": [
          {
            "coding": [
              {
                "system": "http://hl7.org/fhir/observation-category"
              }
            ]
          }
        ],
        "code": {
          "coding": [
            {
              "system": "http://loinc.org",
              "code": "69453-9",
              "display": "Cause of Death [US Standard Certificate of Death]"
            }
          ],
          "text": "Cause of Death [US Standard Certificate of Death]"
        },
        "subject": {
          "reference": "urn:uuid:8c8cd6d7-9aa5-4b1c-a5bf-98d6cc44d546"
        },
        "context": {
          "reference": "urn:uuid:9fd524d8-97d4-4b31-bb62-571eb23cfc3c"
        },
        "effectiveDateTime": "1978-06-27T10:11:34-04:00",
        "issued": "1978-06-27T10:11:34-04:00",
        "valueCodeableConcept": {
          "coding": [
            {
              "system": "http://snomed.info/sct",
              "code": "254637007",
              "display": "Non-small cell lung cancer (disorder)"
            }
          ],
          "text": "Non-small cell lung cancer (disorder)"
        },
        "resourceType": "Observation"
      }
    },
    {
      "fullUrl": "urn:uuid:0f058102-912c-419d-9253-1a10aa65e5fe",
      "resource": {
        "id": "0f058102-912c-419d-9253-1a10aa65e5fe",
        "meta": {
          "profile": [
            "http://standardhealthrecord.org/fhir/StructureDefinition/shr-observation-Panel"
          ]
        },
        "status": "final",
        "code": {
          "coding": [
            {
              "system": "http://loinc.org",
              "code": "69409-1",
              "display": "U.S. standard certificate of death - 2003 revision"
            }
          ]
        },
        "subject": {
          "reference": "urn:uuid:8c8cd6d7-9aa5-4b1c-a5bf-98d6cc44d546"
        },
        "context": {
          "reference": "urn:uuid:9fd524d8-97d4-4b31-bb62-571eb23cfc3c"
        },
        "effectiveDateTime": "1978-06-27T10:11:34-04:00",
        "issued": "1978-06-27T10:11:34-04:00",
        "result": [
          {
            "reference": "urn:uuid:14cf6681-1c52-4536-bae3-af5fb7a9c298",
            "display": "Cause of Death [US Standard Certificate of Death]"
          }
        ],
        "resourceType": "DiagnosticReport"
      }
    },
    {
      "resource": {
        "status": "in-progress",
        "description": {
          "text": "Hemoglobin A1c total in Blood < 7.0"
        },
        "addresses": [
          {
            "reference": "urn:uuid:3c2b921d-8b62-4614-a3e4-5ea88604d552"
          }
        ],
        "resourceType": "Goal"
      }
    },
    {
      "resource": {
        "status": "in-progress",
        "description": {
          "text": "Glucose [Mass/volume] in Blood < 108"
        },
        "addresses": [
          {
            "reference": "urn:uuid:3c2b921d-8b62-4614-a3e4-5ea88604d552"
          }
        ],
        "resourceType": "Goal"
      }
    },
    {
      "resource": {
        "status": "in-progress",
        "description": {
          "text": "Maintain blood pressure below 140/90 mmHg"
        },
        "addresses": [
          {
            "reference": "urn:uuid:3c2b921d-8b62-4614-a3e4-5ea88604d552"
          }
        ],
        "resourceType": "Goal"
      }
    },
    {
      "resource": {
        "status": "in-progress",
        "description": {
          "text": "Improve and maintenance of optimal foot health: aim at early detection of peripheral vascular problems and neuropathy presumed due to diabetes; and prevention of diabetic foot ulcer, gangrene"
        },
        "addresses": [
          {
            "reference": "urn:uuid:3c2b921d-8b62-4614-a3e4-5ea88604d552"
          }
        ],
        "resourceType": "Goal"
      }
    },
    {
      "resource": {
        "status": "in-progress",
        "description": {
          "text": "Address patient knowledge deficit on diabetic self-care"
        },
        "addresses": [
          {
            "reference": "urn:uuid:3c2b921d-8b62-4614-a3e4-5ea88604d552"
          }
        ],
        "resourceType": "Goal"
      }
    },
    {
      "resource": {
        "status": "active",
        "category": [
          {
            "coding": [
              {
                "system": "http://snomed.info/sct",
                "code": "698360004",
                "display": "Diabetes self management plan"
              }
            ]
          }
        ],
        "subject": {
          "reference": "urn:uuid:8c8cd6d7-9aa5-4b1c-a5bf-98d6cc44d546"
        },
        "context": {
          "reference": "urn:uuid:9fd524d8-97d4-4b31-bb62-571eb23cfc3c"
        },
        "period": {
          "start": "1965-09-29"
        },
        "addresses": [
          {
            "reference": "urn:uuid:3c2b921d-8b62-4614-a3e4-5ea88604d552"
          }
        ],
        "goal": [
          {
            "reference": ""
          },
          {
            "reference": ""
          },
          {
            "reference": ""
          },
          {
            "reference": ""
          },
          {
            "reference": ""
          }
        ],
        "activity": [
          {
            "detail": {
              "code": {
                "coding": [
                  {
                    "system": "http://snomed.info/sct",
                    "code": "160670007",
                    "display": "Diabetic diet"
                  }
                ]
              },
              "status": "in-progress"
            }
          },
          {
            "detail": {
              "code": {
                "coding": [
                  {
                    "system": "http://snomed.info/sct",
                    "code": "229065009",
                    "display": "Exercise therapy"
                  }
                ]
              },
              "status": "in-progress"
            }
          }
        ],
        "resourceType": "CarePlan"
      }
    },
    {
      "resource": {
        "status": "active",
        "category": [
          {
            "coding": [
              {
                "system": "http://snomed.info/sct",
                "code": "182964004",
                "display": "Terminal care"
              }
            ]
          }
        ],
        "subject": {
          "reference": "urn:uuid:8c8cd6d7-9aa5-4b1c-a5bf-98d6cc44d546"
        },
        "context": {
          "reference": "urn:uuid:9fd524d8-97d4-4b31-bb62-571eb23cfc3c"
        },
        "period": {
          "start": "1977-11-21"
        },
        "addresses": [
          {
            "reference": "urn:uuid:c0845092-9dd4-4637-af44-15eaad225f65"
          }
        ],
        "activity": [
          {
            "detail": {
              "code": {
                "coding": [
                  {
                    "system": "http://snomed.info/sct",
                    "code": "133918004",
                    "display": "Comfort measures"
                  }
                ]
              },
              "status": "in-progress"
            }
          },
          {
            "detail": {
              "code": {
                "coding": [
                  {
                    "system": "http://snomed.info/sct",
                    "code": "408957008",
                    "display": "Chronic pain control management"
                  }
                ]
              },
              "status": "in-progress"
            }
          },
          {
            "detail": {
              "code": {
                "coding": [
                  {
                    "system": "http://snomed.info/sct",
                    "code": "243072006",
                    "display": "Cancer education"
                  }
                ]
              },
              "status": "in-progress"
            }
          }
        ],
        "resourceType": "CarePlan"
      }
    },
    {
      "resource": {
        "meta": {
          "profile": [
            "http://standardhealthrecord.org/fhir/StructureDefinition/shr-medication-Medication"
          ]
        },
        "code": {
          "coding": [
            {
              "system": "http://www.nlm.nih.gov/research/umls/rxnorm",
              "code": "235389",
              "display": "Mestranol / Norethynodrel [Enovid]"
            }
          ],
          "text": "Mestranol / Norethynodrel [Enovid]"
        },
        "resourceType": "Medication"
      }
    },
    {
      "resource": {
        "meta": {
          "profile": [
            "http://standardhealthrecord.org/fhir/StructureDefinition/shr-medication-MedicationPrescription"
          ]
        },
        "extension": [
          {
            "url": "http://standardhealthrecord.org/fhir/StructureDefinition/shr-base-ActionCode-extension",
            "valueCodeableConcept": {
              "coding": [
                {
                  "system": "http://snomed.info/sct",
                  "code": "33633005",
                  "display": "Prescription of drug (procedure)"
                }
              ],
              "text": "Prescription of drug (procedure)"
            }
          }
        ],
        "status": "stopped",
        "medicationReference": {
          "reference": ""
        },
        "subject": {
          "reference": "urn:uuid:8c8cd6d7-9aa5-4b1c-a5bf-98d6cc44d546"
        },
        "context": {
          "reference": "urn:uuid:9fd524d8-97d4-4b31-bb62-571eb23cfc3c"
        },
        "authoredOn": "1964-12-20",
        "dosageInstruction": [
          {

          }
        ],
        "resourceType": "MedicationRequest"
      }
    },
    {
      "resource": {
        "meta": {
          "profile": [
            "http://standardhealthrecord.org/fhir/StructureDefinition/shr-medication-MedicationPrescription"
          ]
        },
        "extension": [
          {
            "url": "http://standardhealthrecord.org/fhir/StructureDefinition/shr-base-ActionCode-extension",
            "valueCodeableConcept": {
              "coding": [
                {
                  "system": "http://snomed.info/sct",
                  "code": "33633005",
                  "display": "Prescription of drug (procedure)"
                }
              ],
              "text": "Prescription of drug (procedure)"
            }
          }
        ],
        "status": "stopped",
        "medicationReference": {
          "reference": ""
        },
        "subject": {
          "reference": "urn:uuid:8c8cd6d7-9aa5-4b1c-a5bf-98d6cc44d546"
        },
        "context": {
          "reference": "urn:uuid:9fd524d8-97d4-4b31-bb62-571eb23cfc3c"
        },
        "authoredOn": "1966-01-16",
        "dosageInstruction": [
          {

          }
        ],
        "resourceType": "MedicationRequest"
      }
    },
    {
      "resource": {
        "meta": {
          "profile": [
            "http://standardhealthrecord.org/fhir/StructureDefinition/shr-medication-MedicationPrescription"
          ]
        },
        "extension": [
          {
            "url": "http://standardhealthrecord.org/fhir/StructureDefinition/shr-base-ActionCode-extension",
            "valueCodeableConcept": {
              "coding": [
                {
                  "system": "http://snomed.info/sct",
                  "code": "33633005",
                  "display": "Prescription of drug (procedure)"
                }
              ],
              "text": "Prescription of drug (procedure)"
            }
          }
        ],
        "status": "active",
        "medicationReference": {
          "reference": ""
        },
        "subject": {
          "reference": "urn:uuid:8c8cd6d7-9aa5-4b1c-a5bf-98d6cc44d546"
        },
        "context": {
          "reference": "urn:uuid:9fd524d8-97d4-4b31-bb62-571eb23cfc3c"
        },
        "authoredOn": "1970-02-22",
        "dosageInstruction": [
          {

          }
        ],
        "resourceType": "MedicationRequest"
      }
    },
    {
      "resource": {
        "meta": {
          "profile": [
            "http://standardhealthrecord.org/fhir/StructureDefinition/shr-medication-Medication"
          ]
        },
        "code": {
          "coding": [
            {
              "system": "http://www.nlm.nih.gov/research/umls/rxnorm",
              "code": "834101",
              "display": "Penicillin V Potassium 500 MG"
            }
          ],
          "text": "Penicillin V Potassium 500 MG"
        },
        "resourceType": "Medication"
      }
    },
    {
      "resource": {
        "meta": {
          "profile": [
            "http://standardhealthrecord.org/fhir/StructureDefinition/shr-medication-MedicationPrescription"
          ]
        },
        "extension": [
          {
            "url": "http://standardhealthrecord.org/fhir/StructureDefinition/shr-base-ActionCode-extension",
            "valueCodeableConcept": {
              "coding": [
                {
                  "system": "http://snomed.info/sct",
                  "code": "33633005",
                  "display": "Prescription of drug (procedure)"
                }
              ],
              "text": "Prescription of drug (procedure)"
            }
          }
        ],
        "status": "active",
        "medicationReference": {
          "reference": ""
        },
        "subject": {
          "reference": "urn:uuid:8c8cd6d7-9aa5-4b1c-a5bf-98d6cc44d546"
        },
        "context": {
          "reference": "urn:uuid:9fd524d8-97d4-4b31-bb62-571eb23cfc3c"
        },
        "authoredOn": "1975-04-06",
        "dosageInstruction": [
          {

          }
        ],
        "resourceType": "MedicationRequest"
      }
    }
  ],
  "resourceType": "Bundle"
}