{
  "type": "collection",
  "entry": [
    {
      "fullUrl": "urn:uuid:ceaafa55-3958-4eef-82a2-6b0ceb631f4d",
      "resource": {
        "id": "ceaafa55-3958-4eef-82a2-6b0ceb631f4d",
        "meta": {
          "profile": [
            "http://standardhealthrecord.org/fhir/StructureDefinition/shr-demographics-PersonOfRecord"
          ]
        },
        "text": {
          "status": "generated",
          "div": "<div>Generated by <a href=\"https://github.com/synthetichealth/synthea\">Synthea</a>. Version identifier: 4d02400401b9fab839e47bf5b2f1f6a8c683ab55</div>"
        },
        "extension": [
          {
            "url": "http://hl7.org/fhir/us/core/StructureDefinition/us-core-race",
            "valueCodeableConcept": {
              "coding": [
                {
                  "system": "http://hl7.org/fhir/v3/Race",
                  "code": "2106-3",
                  "display": "White"
                }
              ],
              "text": "race"
            }
          },
          {
            "url": "http://hl7.org/fhir/us/core/StructureDefinition/us-core-ethnicity",
            "valueCodeableConcept": {
              "coding": [
                {
                  "system": "http://hl7.org/fhir/v3/Ethnicity",
                  "code": "2186-5",
                  "display": "Nonhispanic"
                }
              ],
              "text": "ethnicity"
            }
          },
          {
            "url": "http://hl7.org/fhir/StructureDefinition/birthPlace",
            "valueAddress": {
              "city": "Brookline",
              "state": "MA",
              "country": "US"
            }
          },
          {
            "url": "http://hl7.org/fhir/StructureDefinition/patient-mothersMaidenName",
            "valueString": "Blanca208 Jaskolski12"
          },
          {
            "url": "http://hl7.org/fhir/us/core/StructureDefinition/us-core-birthsex",
            "valueCode": "F"
          },
          {
            "url": "http://hl7.org/fhir/StructureDefinition/patient-interpreterRequired",
            "valueBoolean": false
          },
          {
            "url": "http://standardhealthrecord.org/fhir/StructureDefinition/shr-actor-FictionalPerson-extension",
            "valueBoolean": true
          },
          {
            "url": "http://standardhealthrecord.org/fhir/StructureDefinition/shr-demographics-FathersName-extension",
            "valueHumanName": {
              "text": "Giovanny327 Abbott992"
            }
          },
          {
            "url": "http://standardhealthrecord.org/fhir/StructureDefinition/shr-demographics-SocialSecurityNumber-extension",
            "valueString": "999-10-6459"
          }
        ],
        "identifier": [
          {
            "system": "https://github.com/synthetichealth/synthea",
            "value": "dcb681ec-8f59-4dcb-8ef2-8bfcfc1c692d"
          },
          {
            "type": {
              "coding": [
                {
                  "system": "http://hl7.org/fhir/identifier-type",
                  "code": "SB"
                }
              ]
            },
            "system": "http://hl7.org/fhir/sid/us-ssn",
            "value": "999106459"
          },
          {
            "type": {
              "coding": [
                {
                  "system": "http://hl7.org/fhir/v2/0203",
                  "code": "DL"
                }
              ]
            },
            "system": "urn:oid:2.16.840.1.113883.4.3.25",
            "value": "S99985119"
          },
          {
            "type": {
              "coding": [
                {
                  "system": "http://hl7.org/fhir/v2/0203",
                  "code": "PPN"
                }
              ]
            },
            "system": "http://standardhealthrecord.org/fhir/StructureDefinition/passportNumber",
            "value": "X43432657X"
          }
        ],
        "name": [
          {
            "use": "official",
            "family": "Abbott992",
            "given": [
              "Sophie178"
            ],
            "prefix": [
              "Ms."
            ]
          }
        ],
        "telecom": [
          {
            "system": "phone",
            "value": "1-869-869-1443 x787",
            "use": "home"
          }
        ],
        "gender": "female",
        "birthDate": "1982-10-23",
        "address": [
          {
            "extension": [
              {
                "extension": [
                  {
                    "url": "latitude",
                    "valueDecimal": 42.15254681902438
                  },
                  {
                    "url": "longitude",
                    "valueDecimal": -72.26847176599021
                  }
                ],
                "url": "http://hl7.org/fhir/StructureDefinition/geolocation"
              }
            ],
            "line": [
              "1541 Kunze Via",
              "Apt. 320"
            ],
            "city": "Palmer",
            "state": "MA",
            "postalCode": "01069",
            "country": "US"
          }
        ],
        "maritalStatus": {
          "coding": [
            {
              "system": "http://hl7.org/fhir/v3/MaritalStatus",
              "code": "S"
            }
          ],
          "text": "S"
        },
        "multipleBirthBoolean": false,
        "communication": [
          {
            "language": {
              "coding": [
                {
                  "system": "http://hl7.org/fhir/ValueSet/languages",
                  "code": "en-US",
                  "display": "English (United States)"
                }
              ]
            }
          }
        ],
        "resourceType": "Patient"
      }
    },
    {
      "fullUrl": "urn:uuid:2f764705-5b35-440f-9043-703729ad84f8",
      "resource": {
        "id": "2f764705-5b35-440f-9043-703729ad84f8",
        "meta": {
          "profile": [
            "http://standardhealthrecord.org/fhir/StructureDefinition/shr-actor-Organization"
          ]
        },
        "type": [
          {
            "coding": [
              {
                "system": "http://hl7.org/fhir/ValueSet/organization-type",
                "code": "prov",
                "display": "Healthcare Provider"
              }
            ],
            "text": "Healthcare Provider"
          }
        ],
        "name": "Synthetic Provider",
        "resourceType": "Organization"
      }
    },
    {
      "fullUrl": "urn:uuid:65cab657-3754-4bdc-8c11-46157cf10806",
      "resource": {
        "id": "65cab657-3754-4bdc-8c11-46157cf10806",
        "meta": {
          "profile": [
            "http://standardhealthrecord.org/fhir/StructureDefinition/shr-encounter-Encounter"
          ]
        },
        "status": "finished",
        "class": {
          "code": "ambulatory"
        },
        "type": [
          {
            "coding": [
              {
                "system": "http://snomed.info/sct",
                "code": "424619006"
              }
            ],
            "text": "Prenatal visit"
          }
        ],
        "subject": {
          "reference": "urn:uuid:ceaafa55-3958-4eef-82a2-6b0ceb631f4d"
        },
        "period": {
          "start": "2010-06-19T21:36:28-04:00",
          "end": "2010-06-19T21:36:28-04:00"
        },
        "reason": {
          "coding": [
            {
              "system": "http://snomed.info/sct",
              "code": "72892002",
              "display": "Normal pregnancy"
            }
          ]
        },
        "serviceProvider": {
          "reference": "urn:uuid:2f764705-5b35-440f-9043-703729ad84f8"
        },
        "resourceType": "Encounter"
      }
    },
    {
      "fullUrl": "urn:uuid:1a28d841-4eb4-4fce-85bb-751045a1ec2e",
      "resource": {
        "id": "1a28d841-4eb4-4fce-85bb-751045a1ec2e",
        "meta": {
          "profile": [
            "http://standardhealthrecord.org/fhir/StructureDefinition/shr-problem-Problem"
          ]
        },
        "clinicalStatus": "active",
        "verificationStatus": "confirmed",
        "code": {
          "coding": [
            {
              "system": "http://snomed.info/sct",
              "code": "72892002",
              "display": "Normal pregnancy"
            }
          ],
          "text": "Normal pregnancy"
        },
        "subject": {
          "reference": "urn:uuid:ceaafa55-3958-4eef-82a2-6b0ceb631f4d"
        },
        "context": {
          "reference": "urn:uuid:65cab657-3754-4bdc-8c11-46157cf10806"
        },
        "onsetDateTime": "2009-10-10T21:36:28-04:00",
        "abatementDateTime": "2010-07-17T21:36:28-04:00",
        "assertedDate": "2009-10-10",
        "resourceType": "Condition"
      }
    },
    {
      "resource": {
        "status": "completed",
        "category": [
          {
            "coding": [
              {
                "system": "http://snomed.info/sct",
                "code": "134435003",
                "display": "Routine antenatal care"
              }
            ]
          }
        ],
        "subject": {
          "reference": "urn:uuid:ceaafa55-3958-4eef-82a2-6b0ceb631f4d"
        },
        "context": {
          "reference": "urn:uuid:65cab657-3754-4bdc-8c11-46157cf10806"
        },
        "period": {
          "start": "2009-12-19",
          "end": "2010-07-17"
        },
        "addresses": [
          {
            "reference": "urn:uuid:1a28d841-4eb4-4fce-85bb-751045a1ec2e"
          }
        ],
        "activity": [
          {
            "detail": {
              "code": {
                "coding": [
                  {
                    "system": "http://snomed.info/sct",
                    "code": "135892000",
                    "display": "Antenatal education"
                  }
                ]
              },
              "status": "completed"
            }
          },
          {
            "detail": {
              "code": {
                "coding": [
                  {
                    "system": "http://snomed.info/sct",
                    "code": "226060000",
                    "display": "Stress management"
                  }
                ]
              },
              "status": "completed"
            }
          },
          {
            "detail": {
              "code": {
                "coding": [
                  {
                    "system": "http://snomed.info/sct",
                    "code": "171054004",
                    "display": "Pregnancy diet education"
                  }
                ]
              },
              "status": "completed"
            }
          }
        ],
        "resourceType": "CarePlan"
      }
    },
    {
      "resource": {
        "meta": {
          "profile": [
            "http://standardhealthrecord.org/fhir/StructureDefinition/shr-medication-Medication"
          ]
        },
        "code": {
          "coding": [
            {
              "system": "http://www.nlm.nih.gov/research/umls/rxnorm",
              "code": "834060",
              "display": "Penicillin V Potassium 250 MG"
            }
          ],
          "text": "Penicillin V Potassium 250 MG"
        },
        "resourceType": "Medication"
      }
    },
    {
      "resource": {
        "meta": {
          "profile": [
            "http://standardhealthrecord.org/fhir/StructureDefinition/shr-medication-MedicationPrescription"
          ]
        },
        "extension": [
          {
            "url": "http://standardhealthrecord.org/fhir/StructureDefinition/shr-base-ActionCode-extension",
            "valueCodeableConcept": {
              "coding": [
                {
                  "system": "http://snomed.info/sct",
                  "code": "33633005",
                  "display": "Prescription of drug (procedure)"
                }
              ],
              "text": "Prescription of drug (procedure)"
            }
          }
        ],
        "status": "active",
        "medicationReference": {
          "reference": ""
        },
        "subject": {
          "reference": "urn:uuid:ceaafa55-3958-4eef-82a2-6b0ceb631f4d"
        },
        "context": {
          "reference": "urn:uuid:65cab657-3754-4bdc-8c11-46157cf10806"
        },
        "authoredOn": "1987-12-02",
        "dosageInstruction": [
          {

          }
        ],
        "resourceType": "MedicationRequest"
      }
    },
    {
      "resource": {
        "meta": {
          "profile": [
            "http://standardhealthrecord.org/fhir/StructureDefinition/shr-medication-MedicationPrescription"
          ]
        },
        "extension": [
          {
            "url": "http://standardhealthrecord.org/fhir/StructureDefinition/shr-base-ActionCode-extension",
            "valueCodeableConcept": {
              "coding": [
                {
                  "system": "http://snomed.info/sct",
                  "code": "33633005",
                  "display": "Prescription of drug (procedure)"
                }
              ],
              "text": "Prescription of drug (procedure)"
            }
          }
        ],
        "status": "active",
        "medicationReference": {
          "reference": ""
        },
        "subject": {
          "reference": "urn:uuid:ceaafa55-3958-4eef-82a2-6b0ceb631f4d"
        },
        "context": {
          "reference": "urn:uuid:65cab657-3754-4bdc-8c11-46157cf10806"
        },
        "authoredOn": "1997-05-30",
        "dosageInstruction": [
          {

          }
        ],
        "resourceType": "MedicationRequest"
      }
    },
    {
      "resource": {
        "meta": {
          "profile": [
            "http://standardhealthrecord.org/fhir/StructureDefinition/shr-medication-Medication"
          ]
        },
        "code": {
          "coding": [
            {
              "system": "http://www.nlm.nih.gov/research/umls/rxnorm",
              "code": "834101",
              "display": "Penicillin V Potassium 500 MG"
            }
          ],
          "text": "Penicillin V Potassium 500 MG"
        },
        "resourceType": "Medication"
      }
    },
    {
      "resource": {
        "meta": {
          "profile": [
            "http://standardhealthrecord.org/fhir/StructureDefinition/shr-medication-MedicationPrescription"
          ]
        },
        "extension": [
          {
            "url": "http://standardhealthrecord.org/fhir/StructureDefinition/shr-base-ActionCode-extension",
            "valueCodeableConcept": {
              "coding": [
                {
                  "system": "http://snomed.info/sct",
                  "code": "33633005",
                  "display": "Prescription of drug (procedure)"
                }
              ],
              "text": "Prescription of drug (procedure)"
            }
          }
        ],
        "status": "active",
        "medicationReference": {
          "reference": ""
        },
        "subject": {
          "reference": "urn:uuid:ceaafa55-3958-4eef-82a2-6b0ceb631f4d"
        },
        "context": {
          "reference": "urn:uuid:65cab657-3754-4bdc-8c11-46157cf10806"
        },
        "authoredOn": "2001-05-10",
        "dosageInstruction": [
          {

          }
        ],
        "resourceType": "MedicationRequest"
      }
    },
    {
      "fullUrl": "urn:uuid:77fbc05e-39f6-41c5-92c3-15f45200a386",
      "resource": {
        "id": "77fbc05e-39f6-41c5-92c3-15f45200a386",
        "meta": {
          "profile": [
            "http://standardhealthrecord.org/fhir/StructureDefinition/shr-encounter-Encounter"
          ]
        },
        "status": "finished",
        "class": {
          "code": "ambulatory"
        },
        "type": [
          {
            "coding": [
              {
                "system": "http://snomed.info/sct",
                "code": "424619006"
              }
            ],
            "text": "Prenatal visit"
          }
        ],
        "subject": {
          "reference": "urn:uuid:ceaafa55-3958-4eef-82a2-6b0ceb631f4d"
        },
        "period": {
          "start": "2010-07-03T21:36:28-04:00",
          "end": "2010-07-03T21:36:28-04:00"
        },
        "reason": {
          "coding": [
            {
              "system": "http://snomed.info/sct",
              "code": "72892002",
              "display": "Normal pregnancy"
            }
          ]
        },
        "serviceProvider": {
          "reference": "urn:uuid:2f764705-5b35-440f-9043-703729ad84f8"
        },
        "resourceType": "Encounter"
      }
    },
    {
      "fullUrl": "urn:uuid:7ba1cded-0f7b-4abd-9f9f-9d243e792a89",
      "resource": {
        "id": "7ba1cded-0f7b-4abd-9f9f-9d243e792a89",
        "meta": {
          "profile": [
            "http://standardhealthrecord.org/fhir/StructureDefinition/shr-encounter-Encounter"
          ]
        },
        "status": "finished",
        "class": {
          "code": "ambulatory"
        },
        "type": [
          {
            "coding": [
              {
                "system": "http://snomed.info/sct",
                "code": "424619006"
              }
            ],
            "text": "Prenatal visit"
          }
        ],
        "subject": {
          "reference": "urn:uuid:ceaafa55-3958-4eef-82a2-6b0ceb631f4d"
        },
        "period": {
          "start": "2010-07-10T21:36:28-04:00",
          "end": "2010-07-10T21:36:28-04:00"
        },
        "reason": {
          "coding": [
            {
              "system": "http://snomed.info/sct",
              "code": "72892002",
              "display": "Normal pregnancy"
            }
          ]
        },
        "serviceProvider": {
          "reference": "urn:uuid:2f764705-5b35-440f-9043-703729ad84f8"
        },
        "resourceType": "Encounter"
      }
    },
    {
      "fullUrl": "urn:uuid:b71094e4-9111-4406-a263-24d5c7079c31",
      "resource": {
        "id": "b71094e4-9111-4406-a263-24d5c7079c31",
        "meta": {
          "profile": [
            "http://standardhealthrecord.org/fhir/StructureDefinition/shr-encounter-Encounter"
          ]
        },
        "status": "finished",
        "class": {
          "code": "emergency"
        },
        "type": [
          {
            "coding": [
              {
                "system": "http://snomed.info/sct",
                "code": "183460006"
              }
            ],
            "text": "Obstetric emergency hospital admission"
          }
        ],
        "subject": {
          "reference": "urn:uuid:ceaafa55-3958-4eef-82a2-6b0ceb631f4d"
        },
        "period": {
          "start": "2010-07-17T21:36:28-04:00",
          "end": "2010-07-17T21:36:28-04:00"
        },
        "reason": {
          "coding": [
            {
              "system": "http://snomed.info/sct",
              "code": "72892002",
              "display": "Normal pregnancy"
            }
          ]
        },
        "serviceProvider": {
          "reference": "urn:uuid:2f764705-5b35-440f-9043-703729ad84f8"
        },
        "resourceType": "Encounter"
      }
    },
    {
      "resource": {
        "meta": {
          "profile": [
            "http://standardhealthrecord.org/fhir/StructureDefinition/shr-procedure-Procedure"
          ]
        },
        "extension": [
          {
            "url": "http://standardhealthrecord.org/fhir/StructureDefinition/shr-core-CodeableConcept-extension",
            "valueCodeableConcept": {
              "coding": [
                {
                  "system": "http://snomed.info/sct",
                  "code": "85548006",
                  "display": "Episiotomy"
                }
              ],
              "text": "Episiotomy"
            }
          }
        ],
        "status": "completed",
        "code": {
          "coding": [
            {
              "system": "http://snomed.info/sct",
              "code": "85548006",
              "display": "Episiotomy"
            }
          ],
          "text": "Episiotomy"
        },
        "subject": {
          "reference": "urn:uuid:ceaafa55-3958-4eef-82a2-6b0ceb631f4d"
        },
        "context": {
          "reference": "urn:uuid:b71094e4-9111-4406-a263-24d5c7079c31"
        },
        "performedDateTime": "2010-07-17T21:36:28-04:00",
        "reasonReference": {
          "reference": "urn:uuid:1a28d841-4eb4-4fce-85bb-751045a1ec2e",
          "display": "Normal pregnancy"
        },
        "resourceType": "Procedure"
      }
    },
    {
      "resource": {
        "meta": {
          "profile": [
            "http://standardhealthrecord.org/fhir/StructureDefinition/shr-procedure-Procedure"
          ]
        },
        "extension": [
          {
            "url": "http://standardhealthrecord.org/fhir/StructureDefinition/shr-core-CodeableConcept-extension",
            "valueCodeableConcept": {
              "coding": [
                {
                  "system": "http://snomed.info/sct",
                  "code": "66348005",
                  "display": "Childbirth"
                }
              ],
              "text": "Childbirth"
            }
          }
        ],
        "status": "completed",
        "code": {
          "coding": [
            {
              "system": "http://snomed.info/sct",
              "code": "66348005",
              "display": "Childbirth"
            }
          ],
          "text": "Childbirth"
        },
        "subject": {
          "reference": "urn:uuid:ceaafa55-3958-4eef-82a2-6b0ceb631f4d"
        },
        "context": {
          "reference": "urn:uuid:b71094e4-9111-4406-a263-24d5c7079c31"
        },
        "performedDateTime": "2010-07-17T21:36:28-04:00",
        "reasonReference": {
          "reference": "urn:uuid:1a28d841-4eb4-4fce-85bb-751045a1ec2e",
          "display": "Normal pregnancy"
        },
        "resourceType": "Procedure"
      }
    },
    {
      "fullUrl": "urn:uuid:c0f24cfe-f8ce-46c7-8376-4cf5d721af4d",
      "resource": {
        "id": "c0f24cfe-f8ce-46c7-8376-4cf5d721af4d",
        "meta": {
          "profile": [
            "http://standardhealthrecord.org/fhir/StructureDefinition/shr-encounter-Encounter"
          ]
        },
        "status": "finished",
        "class": {
          "code": "outpatient"
        },
        "type": [
          {
            "coding": [
              {
                "system": "http://snomed.info/sct",
                "code": "185349003"
              }
            ],
            "text": "Outpatient Encounter"
          }
        ],
        "subject": {
          "reference": "urn:uuid:ceaafa55-3958-4eef-82a2-6b0ceb631f4d"
        },
        "period": {
          "start": "2012-09-15T00:48:31-04:00",
          "end": "2012-09-15T01:48:31-04:00"
        },
        "serviceProvider": {
          "reference": "urn:uuid:2f764705-5b35-440f-9043-703729ad84f8"
        },
        "resourceType": "Encounter"
      }
    },
    {
      "fullUrl": "urn:uuid:7f6d68a4-dd0b-4b2c-8208-5b440b903542",
      "resource": {
        "id": "7f6d68a4-dd0b-4b2c-8208-5b440b903542",
        "meta": {
          "profile": [
            "http://standardhealthrecord.org/fhir/StructureDefinition/shr-observation-Observation",
            "http://standardhealthrecord.org/fhir/StructureDefinition/shr-vital-VitalSign",
            "http://standardhealthrecord.org/fhir/StructureDefinition/shr-vital-BodyHeight"
          ]
        },
        "status": "final",
        "category": [
          {
            "coding": [
              {
                "system": "http://hl7.org/fhir/observation-category",
                "code": "vital-signs"
              }
            ]
          }
        ],
        "code": {
          "coding": [
            {
              "system": "http://loinc.org",
              "code": "8302-2",
              "display": "Body Height"
            }
          ],
          "text": "Body Height"
        },
        "subject": {
          "reference": "urn:uuid:ceaafa55-3958-4eef-82a2-6b0ceb631f4d"
        },
        "context": {
          "reference": "urn:uuid:c0f24cfe-f8ce-46c7-8376-4cf5d721af4d"
        },
        "effectiveDateTime": "2012-09-15T00:48:31-04:00",
        "issued": "2012-09-15T00:48:31-04:00",
        "valueQuantity": {
          "value": 161.1059256270341,
          "unit": "cm",
          "system": "http://unitsofmeasure.org/",
          "code": "cm"
        },
        "resourceType": "Observation"
      }
    },
    {
      "fullUrl": "urn:uuid:0547a3d4-6941-417e-8c2a-968bcda8f744",
      "resource": {
        "id": "0547a3d4-6941-417e-8c2a-968bcda8f744",
        "meta": {
          "profile": [
            "http://standardhealthrecord.org/fhir/StructureDefinition/shr-observation-Observation",
            "http://standardhealthrecord.org/fhir/StructureDefinition/shr-vital-VitalSign",
            "http://standardhealthrecord.org/fhir/StructureDefinition/shr-vital-BodyWeight"
          ]
        },
        "status": "final",
        "category": [
          {
            "coding": [
              {
                "system": "http://hl7.org/fhir/observation-category",
                "code": "vital-signs"
              }
            ]
          }
        ],
        "code": {
          "coding": [
            {
              "system": "http://loinc.org",
              "code": "29463-7",
              "display": "Body Weight"
            }
          ],
          "text": "Body Weight"
        },
        "subject": {
          "reference": "urn:uuid:ceaafa55-3958-4eef-82a2-6b0ceb631f4d"
        },
        "context": {
          "reference": "urn:uuid:c0f24cfe-f8ce-46c7-8376-4cf5d721af4d"
        },
        "effectiveDateTime": "2012-09-15T00:48:31-04:00",
        "issued": "2012-09-15T00:48:31-04:00",
        "valueQuantity": {
          "value": 68.133752775839,
          "unit": "kg",
          "system": "http://unitsofmeasure.org/",
          "code": "kg"
        },
        "resourceType": "Observation"
      }
    },
    {
      "fullUrl": "urn:uuid:611eede5-17cc-4fae-aedb-4bc18907bed5",
      "resource": {
        "id": "611eede5-17cc-4fae-aedb-4bc18907bed5",
        "meta": {
          "profile": [
            "http://standardhealthrecord.org/fhir/StructureDefinition/shr-observation-Observation",
            "http://standardhealthrecord.org/fhir/StructureDefinition/shr-vital-VitalSign",
            "http://standardhealthrecord.org/fhir/StructureDefinition/shr-vital-BodyMassIndex"
          ]
        },
        "status": "final",
        "category": [
          {
            "coding": [
              {
                "system": "http://hl7.org/fhir/observation-category",
                "code": "vital-signs"
              }
            ]
          }
        ],
        "code": {
          "coding": [
            {
              "system": "http://loinc.org",
              "code": "39156-5",
              "display": "Body Mass Index"
            }
          ],
          "text": "Body Mass Index"
        },
        "subject": {
          "reference": "urn:uuid:ceaafa55-3958-4eef-82a2-6b0ceb631f4d"
        },
        "context": {
          "reference": "urn:uuid:c0f24cfe-f8ce-46c7-8376-4cf5d721af4d"
        },
        "effectiveDateTime": "2012-09-15T00:48:31-04:00",
        "issued": "2012-09-15T00:48:31-04:00",
        "valueQuantity": {
          "value": 26.25060284310237,
          "unit": "kg/m2",
          "system": "http://unitsofmeasure.org/",
          "code": "kg/m2"
        },
        "resourceType": "Observation"
      }
    },
    {
      "fullUrl": "urn:uuid:2930556e-1020-4844-a76f-cc1ed98602ea",
      "resource": {
        "id": "2930556e-1020-4844-a76f-cc1ed98602ea",
        "meta": {
          "profile": [
            "http://standardhealthrecord.org/fhir/StructureDefinition/shr-observation-Observation",
            "http://standardhealthrecord.org/fhir/StructureDefinition/shr-vital-BloodPressure"
          ]
        },
        "status": "final",
        "category": [
          {
            "coding": [
              {
                "system": "http://hl7.org/fhir/observation-category",
                "code": "vital-signs"
              }
            ]
          }
        ],
        "code": {
          "coding": [
            {
              "system": "http://loinc.org",
              "code": "55284-4",
              "display": "Blood Pressure"
            }
          ]
        },
        "subject": {
          "reference": "urn:uuid:ceaafa55-3958-4eef-82a2-6b0ceb631f4d"
        },
        "context": {
          "reference": "urn:uuid:c0f24cfe-f8ce-46c7-8376-4cf5d721af4d"
        },
        "effectiveDateTime": "2012-09-15T00:48:31-04:00",
        "issued": "2012-09-15T00:48:31-04:00",
        "component": [
          {
            "code": {
              "coding": [
                {
                  "system": "http://loinc.org",
                  "code": "8480-6",
                  "display": "Systolic Blood Pressure"
                }
              ],
              "text": "Systolic Blood Pressure"
            },
            "valueQuantity": {
              "value": 113,
              "unit": "mmHg",
              "system": "http://unitsofmeasure.org/",
              "code": "mmHg"
            }
          },
          {
            "code": {
              "coding": [
                {
                  "system": "http://loinc.org",
                  "code": "8462-4",
                  "display": "Diastolic Blood Pressure"
                }
              ],
              "text": "Diastolic Blood Pressure"
            },
            "valueQuantity": {
              "value": 87,
              "unit": "mmHg",
              "system": "http://unitsofmeasure.org/",
              "code": "mmHg"
            }
          }
        ],
        "resourceType": "Observation"
      }
    },
    {
      "resource": {
        "meta": {
          "profile": [
            "http://standardhealthrecord.org/fhir/StructureDefinition/shr-immunization-Immunization"
          ]
        },
        "status": "completed",
        "notGiven": false,
        "vaccineCode": {
          "coding": [
            {
              "system": "http://hl7.org/fhir/sid/cvx",
              "code": "140",
              "display": "Influenza, seasonal, injectable, preservative free"
            }
          ],
          "text": "Influenza, seasonal, injectable, preservative free"
        },
        "patient": {
          "reference": "urn:uuid:ceaafa55-3958-4eef-82a2-6b0ceb631f4d"
        },
        "encounter": {
          "reference": "urn:uuid:c0f24cfe-f8ce-46c7-8376-4cf5d721af4d"
        },
        "date": "2012-09-15T00:48:31-04:00",
        "primarySource": true,
        "resourceType": "Immunization"
      }
    },
    {
      "fullUrl": "urn:uuid:8cd0cafd-2fef-4993-8709-bf82d04a4df2",
      "resource": {
        "id": "8cd0cafd-2fef-4993-8709-bf82d04a4df2",
        "meta": {
          "profile": [
            "http://standardhealthrecord.org/fhir/StructureDefinition/shr-encounter-Encounter"
          ]
        },
        "status": "finished",
        "class": {
          "code": "ambulatory"
        },
        "type": [
          {
            "coding": [
              {
                "system": "http://snomed.info/sct",
                "code": "424441002"
              }
            ],
            "text": "Prenatal initial visit"
          }
        ],
        "subject": {
          "reference": "urn:uuid:ceaafa55-3958-4eef-82a2-6b0ceb631f4d"
        },
        "period": {
          "start": "2013-03-09T21:36:28-05:00",
          "end": "2013-03-09T21:36:28-05:00"
        },
        "reason": {
          "coding": [
            {
              "system": "http://snomed.info/sct",
              "code": "72892002",
              "display": "Normal pregnancy"
            }
          ]
        },
        "serviceProvider": {
          "reference": "urn:uuid:2f764705-5b35-440f-9043-703729ad84f8"
        },
        "resourceType": "Encounter"
      }
    },
    {
      "fullUrl": "urn:uuid:9df8c04c-9276-455d-a2aa-696a431116f8",
      "resource": {
        "id": "9df8c04c-9276-455d-a2aa-696a431116f8",
        "meta": {
          "profile": [
            "http://standardhealthrecord.org/fhir/StructureDefinition/shr-problem-Problem"
          ]
        },
        "clinicalStatus": "active",
        "verificationStatus": "confirmed",
        "code": {
          "coding": [
            {
              "system": "http://snomed.info/sct",
              "code": "72892002",
              "display": "Normal pregnancy"
            }
          ],
          "text": "Normal pregnancy"
        },
        "subject": {
          "reference": "urn:uuid:ceaafa55-3958-4eef-82a2-6b0ceb631f4d"
        },
        "context": {
          "reference": "urn:uuid:8cd0cafd-2fef-4993-8709-bf82d04a4df2"
        },
        "onsetDateTime": "2012-12-29T21:36:28-05:00",
        "abatementDateTime": "2013-09-21T21:36:28-04:00",
        "assertedDate": "2012-12-29",
        "resourceType": "Condition"
      }
    },
    {
      "resource": {
        "meta": {
          "profile": [
            "http://standardhealthrecord.org/fhir/StructureDefinition/shr-procedure-Procedure"
          ]
        },
        "extension": [
          {
            "url": "http://standardhealthrecord.org/fhir/StructureDefinition/shr-core-CodeableConcept-extension",
            "valueCodeableConcept": {
              "coding": [
                {
                  "system": "http://snomed.info/sct",
                  "code": "252160004",
                  "display": "Standard pregnancy test"
                }
              ],
              "text": "Standard pregnancy test"
            }
          }
        ],
        "status": "completed",
        "code": {
          "coding": [
            {
              "system": "http://snomed.info/sct",
              "code": "252160004",
              "display": "Standard pregnancy test"
            }
          ],
          "text": "Standard pregnancy test"
        },
        "subject": {
          "reference": "urn:uuid:ceaafa55-3958-4eef-82a2-6b0ceb631f4d"
        },
        "context": {
          "reference": "urn:uuid:8cd0cafd-2fef-4993-8709-bf82d04a4df2"
        },
        "performedDateTime": "2013-03-09T21:36:28-05:00",
        "reasonReference": {
          "reference": "urn:uuid:1a28d841-4eb4-4fce-85bb-751045a1ec2e",
          "display": "Normal pregnancy"
        },
        "resourceType": "Procedure"
      }
    },
    {
      "resource": {
        "status": "completed",
        "category": [
          {
            "coding": [
              {
                "system": "http://snomed.info/sct",
                "code": "134435003",
                "display": "Routine antenatal care"
              }
            ]
          }
        ],
        "subject": {
          "reference": "urn:uuid:ceaafa55-3958-4eef-82a2-6b0ceb631f4d"
        },
        "context": {
          "reference": "urn:uuid:8cd0cafd-2fef-4993-8709-bf82d04a4df2"
        },
        "period": {
          "start": "2013-03-09",
          "end": "2013-09-21"
        },
        "addresses": [
          {
            "reference": "urn:uuid:1a28d841-4eb4-4fce-85bb-751045a1ec2e"
          }
        ],
        "activity": [
          {
            "detail": {
              "code": {
                "coding": [
                  {
                    "system": "http://snomed.info/sct",
                    "code": "135892000",
                    "display": "Antenatal education"
                  }
                ]
              },
              "status": "completed"
            }
          },
          {
            "detail": {
              "code": {
                "coding": [
                  {
                    "system": "http://snomed.info/sct",
                    "code": "226060000",
                    "display": "Stress management"
                  }
                ]
              },
              "status": "completed"
            }
          },
          {
            "detail": {
              "code": {
                "coding": [
                  {
                    "system": "http://snomed.info/sct",
                    "code": "171054004",
                    "display": "Pregnancy diet education"
                  }
                ]
              },
              "status": "completed"
            }
          }
        ],
        "resourceType": "CarePlan"
      }
    },
    {
      "fullUrl": "urn:uuid:252f73d0-420a-43fa-9169-0b824979324c",
      "resource": {
        "id": "252f73d0-420a-43fa-9169-0b824979324c",
        "meta": {
          "profile": [
            "http://standardhealthrecord.org/fhir/StructureDefinition/shr-encounter-Encounter"
          ]
        },
        "status": "finished",
        "class": {
          "code": "ambulatory"
        },
        "type": [
          {
            "coding": [
              {
                "system": "http://snomed.info/sct",
                "code": "424619006"
              }
            ],
            "text": "Prenatal visit"
          }
        ],
        "subject": {
          "reference": "urn:uuid:ceaafa55-3958-4eef-82a2-6b0ceb631f4d"
        },
        "period": {
          "start": "2013-04-13T21:36:28-04:00",
          "end": "2013-04-13T21:36:28-04:00"
        },
        "reason": {
          "coding": [
            {
              "system": "http://snomed.info/sct",
              "code": "72892002",
              "display": "Normal pregnancy"
            }
          ]
        },
        "serviceProvider": {
          "reference": "urn:uuid:2f764705-5b35-440f-9043-703729ad84f8"
        },
        "resourceType": "Encounter"
      }
    },
    {
      "fullUrl": "urn:uuid:ea1bb3bc-b6d3-4c8a-8c46-fce6c1f47997",
      "resource": {
        "id": "ea1bb3bc-b6d3-4c8a-8c46-fce6c1f47997",
        "meta": {
          "profile": [
            "http://standardhealthrecord.org/fhir/StructureDefinition/shr-encounter-Encounter"
          ]
        },
        "status": "finished",
        "class": {
          "code": "ambulatory"
        },
        "type": [
          {
            "coding": [
              {
                "system": "http://snomed.info/sct",
                "code": "424619006"
              }
            ],
            "text": "Prenatal visit"
          }
        ],
        "subject": {
          "reference": "urn:uuid:ceaafa55-3958-4eef-82a2-6b0ceb631f4d"
        },
        "period": {
          "start": "2013-06-29T21:36:28-04:00",
          "end": "2013-06-29T21:36:28-04:00"
        },
        "reason": {
          "coding": [
            {
              "system": "http://snomed.info/sct",
              "code": "72892002",
              "display": "Normal pregnancy"
            }
          ]
        },
        "serviceProvider": {
          "reference": "urn:uuid:2f764705-5b35-440f-9043-703729ad84f8"
        },
        "resourceType": "Encounter"
      }
    },
    {
      "fullUrl": "urn:uuid:3cb368f4-9bdd-42e3-bdce-a461946aba58",
      "resource": {
        "id": "3cb368f4-9bdd-42e3-bdce-a461946aba58",
        "meta": {
          "profile": [
            "http://standardhealthrecord.org/fhir/StructureDefinition/shr-encounter-Encounter"
          ]
        },
        "status": "finished",
        "class": {
          "code": "ambulatory"
        },
        "type": [
          {
            "coding": [
              {
                "system": "http://snomed.info/sct",
                "code": "424619006"
              }
            ],
            "text": "Prenatal visit"
          }
        ],
        "subject": {
          "reference": "urn:uuid:ceaafa55-3958-4eef-82a2-6b0ceb631f4d"
        },
        "period": {
          "start": "2013-08-10T21:36:28-04:00",
          "end": "2013-08-10T21:36:28-04:00"
        },
        "reason": {
          "coding": [
            {
              "system": "http://snomed.info/sct",
              "code": "72892002",
              "display": "Normal pregnancy"
            }
          ]
        },
        "serviceProvider": {
          "reference": "urn:uuid:2f764705-5b35-440f-9043-703729ad84f8"
        },
        "resourceType": "Encounter"
      }
    },
    {
      "fullUrl": "urn:uuid:47e25d94-9bfc-43e6-b993-2a40c78499eb",
      "resource": {
        "id": "47e25d94-9bfc-43e6-b993-2a40c78499eb",
        "meta": {
          "profile": [
            "http://standardhealthrecord.org/fhir/StructureDefinition/shr-encounter-Encounter"
          ]
        },
        "status": "finished",
        "class": {
          "code": "ambulatory"
        },
        "type": [
          {
            "coding": [
              {
                "system": "http://snomed.info/sct",
                "code": "424619006"
              }
            ],
            "text": "Prenatal visit"
          }
        ],
        "subject": {
          "reference": "urn:uuid:ceaafa55-3958-4eef-82a2-6b0ceb631f4d"
        },
        "period": {
          "start": "2013-09-07T21:36:28-04:00",
          "end": "2013-09-07T21:36:28-04:00"
        },
        "reason": {
          "coding": [
            {
              "system": "http://snomed.info/sct",
              "code": "72892002",
              "display": "Normal pregnancy"
            }
          ]
        },
        "serviceProvider": {
          "reference": "urn:uuid:2f764705-5b35-440f-9043-703729ad84f8"
        },
        "resourceType": "Encounter"
      }
    },
    {
      "fullUrl": "urn:uuid:41410d7b-562e-481a-9fb6-e4188cfe3c3b",
      "resource": {
        "id": "41410d7b-562e-481a-9fb6-e4188cfe3c3b",
        "meta": {
          "profile": [
            "http://standardhealthrecord.org/fhir/StructureDefinition/shr-encounter-Encounter"
          ]
        },
        "status": "finished",
        "class": {
          "code": "emergency"
        },
        "type": [
          {
            "coding": [
              {
                "system": "http://snomed.info/sct",
                "code": "183460006"
              }
            ],
            "text": "Obstetric emergency hospital admission"
          }
        ],
        "subject": {
          "reference": "urn:uuid:ceaafa55-3958-4eef-82a2-6b0ceb631f4d"
        },
        "period": {
          "start": "2013-09-21T21:36:28-04:00",
          "end": "2013-09-21T21:36:28-04:00"
        },
        "reason": {
          "coding": [
            {
              "system": "http://snomed.info/sct",
              "code": "72892002",
              "display": "Normal pregnancy"
            }
          ]
        },
        "serviceProvider": {
          "reference": "urn:uuid:2f764705-5b35-440f-9043-703729ad84f8"
        },
        "resourceType": "Encounter"
      }
    },
    {
      "resource": {
        "meta": {
          "profile": [
            "http://standardhealthrecord.org/fhir/StructureDefinition/shr-procedure-Procedure"
          ]
        },
        "extension": [
          {
            "url": "http://standardhealthrecord.org/fhir/StructureDefinition/shr-core-CodeableConcept-extension",
            "valueCodeableConcept": {
              "coding": [
                {
                  "system": "http://snomed.info/sct",
                  "code": "85548006",
                  "display": "Episiotomy"
                }
              ],
              "text": "Episiotomy"
            }
          }
        ],
        "status": "completed",
        "code": {
          "coding": [
            {
              "system": "http://snomed.info/sct",
              "code": "85548006",
              "display": "Episiotomy"
            }
          ],
          "text": "Episiotomy"
        },
        "subject": {
          "reference": "urn:uuid:ceaafa55-3958-4eef-82a2-6b0ceb631f4d"
        },
        "context": {
          "reference": "urn:uuid:41410d7b-562e-481a-9fb6-e4188cfe3c3b"
        },
        "performedDateTime": "2013-09-21T21:36:28-04:00",
        "reasonReference": {
          "reference": "urn:uuid:1a28d841-4eb4-4fce-85bb-751045a1ec2e",
          "display": "Normal pregnancy"
        },
        "resourceType": "Procedure"
      }
    },
    {
      "resource": {
        "meta": {
          "profile": [
            "http://standardhealthrecord.org/fhir/StructureDefinition/shr-procedure-Procedure"
          ]
        },
        "extension": [
          {
            "url": "http://standardhealthrecord.org/fhir/StructureDefinition/shr-core-CodeableConcept-extension",
            "valueCodeableConcept": {
              "coding": [
                {
                  "system": "http://snomed.info/sct",
                  "code": "65588006",
                  "display": "Premature birth of newborn"
                }
              ],
              "text": "Premature birth of newborn"
            }
          }
        ],
        "status": "completed",
        "code": {
          "coding": [
            {
              "system": "http://snomed.info/sct",
              "code": "65588006",
              "display": "Premature birth of newborn"
            }
          ],
          "text": "Premature birth of newborn"
        },
        "subject": {
          "reference": "urn:uuid:ceaafa55-3958-4eef-82a2-6b0ceb631f4d"
        },
        "context": {
          "reference": "urn:uuid:41410d7b-562e-481a-9fb6-e4188cfe3c3b"
        },
        "performedDateTime": "2013-09-21T21:36:28-04:00",
        "reasonReference": {
          "reference": "urn:uuid:1a28d841-4eb4-4fce-85bb-751045a1ec2e",
          "display": "Normal pregnancy"
        },
        "resourceType": "Procedure"
      }
    },
    {
      "fullUrl": "urn:uuid:e4f206ba-69e6-4935-9a1a-7985333441c6",
      "resource": {
        "id": "e4f206ba-69e6-4935-9a1a-7985333441c6",
        "meta": {
          "profile": [
            "http://standardhealthrecord.org/fhir/StructureDefinition/shr-encounter-Encounter"
          ]
        },
        "status": "finished",
        "class": {
          "code": "ambulatory"
        },
        "type": [
          {
            "coding": [
              {
                "system": "http://snomed.info/sct",
                "code": "424441002"
              }
            ],
            "text": "Prenatal initial visit"
          }
        ],
        "subject": {
          "reference": "urn:uuid:ceaafa55-3958-4eef-82a2-6b0ceb631f4d"
        },
        "period": {
          "start": "2015-05-09T21:36:28-04:00",
          "end": "2015-05-09T21:36:28-04:00"
        },
        "reason": {
          "coding": [
            {
              "system": "http://snomed.info/sct",
              "code": "72892002",
              "display": "Normal pregnancy"
            }
          ]
        },
        "serviceProvider": {
          "reference": "urn:uuid:2f764705-5b35-440f-9043-703729ad84f8"
        },
        "resourceType": "Encounter"
      }
    },
    {
      "fullUrl": "urn:uuid:14dc5381-ecfc-45ab-9a7a-516a7bcffbca",
      "resource": {
        "id": "14dc5381-ecfc-45ab-9a7a-516a7bcffbca",
        "meta": {
          "profile": [
            "http://standardhealthrecord.org/fhir/StructureDefinition/shr-problem-Problem"
          ]
        },
        "clinicalStatus": "active",
        "verificationStatus": "confirmed",
        "code": {
          "coding": [
            {
              "system": "http://snomed.info/sct",
              "code": "72892002",
              "display": "Normal pregnancy"
            }
          ],
          "text": "Normal pregnancy"
        },
        "subject": {
          "reference": "urn:uuid:ceaafa55-3958-4eef-82a2-6b0ceb631f4d"
        },
        "context": {
          "reference": "urn:uuid:e4f206ba-69e6-4935-9a1a-7985333441c6"
        },
        "onsetDateTime": "2015-02-28T21:36:28-05:00",
        "abatementDateTime": "2015-11-28T21:36:28-05:00",
        "assertedDate": "2015-02-28",
        "resourceType": "Condition"
      }
    },
    {
      "resource": {
        "meta": {
          "profile": [
            "http://standardhealthrecord.org/fhir/StructureDefinition/shr-procedure-Procedure"
          ]
        },
        "extension": [
          {
            "url": "http://standardhealthrecord.org/fhir/StructureDefinition/shr-core-CodeableConcept-extension",
            "valueCodeableConcept": {
              "coding": [
                {
                  "system": "http://snomed.info/sct",
                  "code": "252160004",
                  "display": "Standard pregnancy test"
                }
              ],
              "text": "Standard pregnancy test"
            }
          }
        ],
        "status": "completed",
        "code": {
          "coding": [
            {
              "system": "http://snomed.info/sct",
              "code": "252160004",
              "display": "Standard pregnancy test"
            }
          ],
          "text": "Standard pregnancy test"
        },
        "subject": {
          "reference": "urn:uuid:ceaafa55-3958-4eef-82a2-6b0ceb631f4d"
        },
        "context": {
          "reference": "urn:uuid:e4f206ba-69e6-4935-9a1a-7985333441c6"
        },
        "performedDateTime": "2015-05-09T21:36:28-04:00",
        "reasonReference": {
          "reference": "urn:uuid:1a28d841-4eb4-4fce-85bb-751045a1ec2e",
          "display": "Normal pregnancy"
        },
        "resourceType": "Procedure"
      }
    },
    {
      "resource": {
        "status": "completed",
        "category": [
          {
            "coding": [
              {
                "system": "http://snomed.info/sct",
                "code": "134435003",
                "display": "Routine antenatal care"
              }
            ]
          }
        ],
        "subject": {
          "reference": "urn:uuid:ceaafa55-3958-4eef-82a2-6b0ceb631f4d"
        },
        "context": {
          "reference": "urn:uuid:e4f206ba-69e6-4935-9a1a-7985333441c6"
        },
        "period": {
          "start": "2015-05-09",
          "end": "2015-11-28"
        },
        "addresses": [
          {
            "reference": "urn:uuid:1a28d841-4eb4-4fce-85bb-751045a1ec2e"
          }
        ],
        "activity": [
          {
            "detail": {
              "code": {
                "coding": [
                  {
                    "system": "http://snomed.info/sct",
                    "code": "135892000",
                    "display": "Antenatal education"
                  }
                ]
              },
              "status": "completed"
            }
          },
          {
            "detail": {
              "code": {
                "coding": [
                  {
                    "system": "http://snomed.info/sct",
                    "code": "226060000",
                    "display": "Stress management"
                  }
                ]
              },
              "status": "completed"
            }
          },
          {
            "detail": {
              "code": {
                "coding": [
                  {
                    "system": "http://snomed.info/sct",
                    "code": "171054004",
                    "display": "Pregnancy diet education"
                  }
                ]
              },
              "status": "completed"
            }
          }
        ],
        "resourceType": "CarePlan"
      }
    },
    {
      "fullUrl": "urn:uuid:5039a933-a96a-4a61-b676-85dc2b410f20",
      "resource": {
        "id": "5039a933-a96a-4a61-b676-85dc2b410f20",
        "meta": {
          "profile": [
            "http://standardhealthrecord.org/fhir/StructureDefinition/shr-encounter-Encounter"
          ]
        },
        "status": "finished",
        "class": {
          "code": "ambulatory"
        },
        "type": [
          {
            "coding": [
              {
                "system": "http://snomed.info/sct",
                "code": "185345009"
              }
            ],
            "text": "Encounter for symptom"
          }
        ],
        "subject": {
          "reference": "urn:uuid:ceaafa55-3958-4eef-82a2-6b0ceb631f4d"
        },
        "period": {
          "start": "2015-06-04T16:16:07-04:00",
          "end": "2015-06-04T16:16:07-04:00"
        },
        "reason": {
          "coding": [
            {
              "system": "http://snomed.info/sct",
              "code": "444814009",
              "display": "Viral sinusitis (disorder)"
            }
          ]
        },
        "serviceProvider": {
          "reference": "urn:uuid:2f764705-5b35-440f-9043-703729ad84f8"
        },
        "resourceType": "Encounter"
      }
    },
    {
      "fullUrl": "urn:uuid:c2db2ea2-c4e7-41a5-90ed-574218f2d694",
      "resource": {
        "id": "c2db2ea2-c4e7-41a5-90ed-574218f2d694",
        "meta": {
          "profile": [
            "http://standardhealthrecord.org/fhir/StructureDefinition/shr-problem-Problem"
          ]
        },
        "clinicalStatus": "active",
        "verificationStatus": "confirmed",
        "code": {
          "coding": [
            {
              "system": "http://snomed.info/sct",
              "code": "444814009",
              "display": "Viral sinusitis (disorder)"
            }
          ],
          "text": "Viral sinusitis (disorder)"
        },
        "subject": {
          "reference": "urn:uuid:ceaafa55-3958-4eef-82a2-6b0ceb631f4d"
        },
        "context": {
          "reference": "urn:uuid:5039a933-a96a-4a61-b676-85dc2b410f20"
        },
        "onsetDateTime": "2015-05-26T04:17:51-04:00",
        "abatementDateTime": "2015-06-13T23:05:20-04:00",
        "assertedDate": "2015-05-26",
        "resourceType": "Condition"
      }
    },
    {
      "resource": {
        "meta": {
          "profile": [
            "http://standardhealthrecord.org/fhir/StructureDefinition/shr-medication-Medication"
          ]
        },
        "code": {
          "coding": [
            {
              "system": "http://www.nlm.nih.gov/research/umls/rxnorm",
              "code": "824184",
              "display": " Amoxicillin 250 MG / Clavulanate 125 MG [Augmentin]"
            }
          ],
          "text": " Amoxicillin 250 MG / Clavulanate 125 MG [Augmentin]"
        },
        "resourceType": "Medication"
      }
    },
    {
      "resource": {
        "meta": {
          "profile": [
            "http://standardhealthrecord.org/fhir/StructureDefinition/shr-medication-MedicationPrescription"
          ]
        },
        "extension": [
          {
            "url": "http://standardhealthrecord.org/fhir/StructureDefinition/shr-base-ActionCode-extension",
            "valueCodeableConcept": {
              "coding": [
                {
                  "system": "http://snomed.info/sct",
                  "code": "33633005",
                  "display": "Prescription of drug (procedure)"
                }
              ],
              "text": "Prescription of drug (procedure)"
            }
          }
        ],
        "status": "stopped",
        "medicationReference": {
          "reference": ""
        },
        "subject": {
          "reference": "urn:uuid:ceaafa55-3958-4eef-82a2-6b0ceb631f4d"
        },
        "context": {
          "reference": "urn:uuid:5039a933-a96a-4a61-b676-85dc2b410f20"
        },
        "authoredOn": "2015-06-04",
        "reasonReference": [
          {
            "reference": "urn:uuid:c2db2ea2-c4e7-41a5-90ed-574218f2d694"
          }
        ],
        "dosageInstruction": [
          {

          }
        ],
        "resourceType": "MedicationRequest"
      }
    },
    {
      "fullUrl": "urn:uuid:bba7eb02-5332-45c9-ba74-a9642a41970e",
      "resource": {
        "id": "bba7eb02-5332-45c9-ba74-a9642a41970e",
        "meta": {
          "profile": [
            "http://standardhealthrecord.org/fhir/StructureDefinition/shr-encounter-Encounter"
          ]
        },
        "status": "finished",
        "class": {
          "code": "ambulatory"
        },
        "type": [
          {
            "coding": [
              {
                "system": "http://snomed.info/sct",
                "code": "424619006"
              }
            ],
            "text": "Prenatal visit"
          }
        ],
        "subject": {
          "reference": "urn:uuid:ceaafa55-3958-4eef-82a2-6b0ceb631f4d"
        },
        "period": {
          "start": "2015-06-13T21:36:28-04:00",
          "end": "2015-06-13T21:36:28-04:00"
        },
        "reason": {
          "coding": [
            {
              "system": "http://snomed.info/sct",
              "code": "72892002",
              "display": "Normal pregnancy"
            }
          ]
        },
        "serviceProvider": {
          "reference": "urn:uuid:2f764705-5b35-440f-9043-703729ad84f8"
        },
        "resourceType": "Encounter"
      }
    },
    {
      "fullUrl": "urn:uuid:ec0ab2fd-dd55-43e5-937d-8f584e92bf8a",
      "resource": {
        "id": "ec0ab2fd-dd55-43e5-937d-8f584e92bf8a",
        "meta": {
          "profile": [
            "http://standardhealthrecord.org/fhir/StructureDefinition/shr-encounter-Encounter"
          ]
        },
        "status": "finished",
        "class": {
          "code": "ambulatory"
        },
        "type": [
          {
            "coding": [
              {
                "system": "http://snomed.info/sct",
                "code": "424619006"
              }
            ],
            "text": "Prenatal visit"
          }
        ],
        "subject": {
          "reference": "urn:uuid:ceaafa55-3958-4eef-82a2-6b0ceb631f4d"
        },
        "period": {
          "start": "2015-08-29T21:36:28-04:00",
          "end": "2015-08-29T21:36:28-04:00"
        },
        "reason": {
          "coding": [
            {
              "system": "http://snomed.info/sct",
              "code": "72892002",
              "display": "Normal pregnancy"
            }
          ]
        },
        "serviceProvider": {
          "reference": "urn:uuid:2f764705-5b35-440f-9043-703729ad84f8"
        },
        "resourceType": "Encounter"
      }
    },
    {
      "fullUrl": "urn:uuid:6b8a090c-fabb-4bc3-b01d-37d773816657",
      "resource": {
        "id": "6b8a090c-fabb-4bc3-b01d-37d773816657",
        "meta": {
          "profile": [
            "http://standardhealthrecord.org/fhir/StructureDefinition/shr-encounter-Encounter"
          ]
        },
        "status": "finished",
        "class": {
          "code": "ambulatory"
        },
        "type": [
          {
            "coding": [
              {
                "system": "http://snomed.info/sct",
                "code": "424619006"
              }
            ],
            "text": "Prenatal visit"
          }
        ],
        "subject": {
          "reference": "urn:uuid:ceaafa55-3958-4eef-82a2-6b0ceb631f4d"
        },
        "period": {
          "start": "2015-10-10T21:36:28-04:00",
          "end": "2015-10-10T21:36:28-04:00"
        },
        "reason": {
          "coding": [
            {
              "system": "http://snomed.info/sct",
              "code": "72892002",
              "display": "Normal pregnancy"
            }
          ]
        },
        "serviceProvider": {
          "reference": "urn:uuid:2f764705-5b35-440f-9043-703729ad84f8"
        },
        "resourceType": "Encounter"
      }
    },
    {
      "fullUrl": "urn:uuid:30618853-670a-4833-af9f-7829146967f3",
      "resource": {
        "id": "30618853-670a-4833-af9f-7829146967f3",
        "meta": {
          "profile": [
            "http://standardhealthrecord.org/fhir/StructureDefinition/shr-encounter-Encounter"
          ]
        },
        "status": "finished",
        "class": {
          "code": "ambulatory"
        },
        "type": [
          {
            "coding": [
              {
                "system": "http://snomed.info/sct",
                "code": "424619006"
              }
            ],
            "text": "Prenatal visit"
          }
        ],
        "subject": {
          "reference": "urn:uuid:ceaafa55-3958-4eef-82a2-6b0ceb631f4d"
        },
        "period": {
          "start": "2015-11-07T21:36:28-05:00",
          "end": "2015-11-07T21:36:28-05:00"
        },
        "reason": {
          "coding": [
            {
              "system": "http://snomed.info/sct",
              "code": "72892002",
              "display": "Normal pregnancy"
            }
          ]
        },
        "serviceProvider": {
          "reference": "urn:uuid:2f764705-5b35-440f-9043-703729ad84f8"
        },
        "resourceType": "Encounter"
      }
    },
    {
      "fullUrl": "urn:uuid:51f6d133-fd48-4829-a78d-bb50c7a267c7",
      "resource": {
        "id": "51f6d133-fd48-4829-a78d-bb50c7a267c7",
        "meta": {
          "profile": [
            "http://standardhealthrecord.org/fhir/StructureDefinition/shr-encounter-Encounter"
          ]
        },
        "status": "finished",
        "class": {
          "code": "ambulatory"
        },
        "type": [
          {
            "coding": [
              {
                "system": "http://snomed.info/sct",
                "code": "424619006"
              }
            ],
            "text": "Prenatal visit"
          }
        ],
        "subject": {
          "reference": "urn:uuid:ceaafa55-3958-4eef-82a2-6b0ceb631f4d"
        },
        "period": {
          "start": "2015-11-21T21:36:28-05:00",
          "end": "2015-11-21T21:36:28-05:00"
        },
        "reason": {
          "coding": [
            {
              "system": "http://snomed.info/sct",
              "code": "72892002",
              "display": "Normal pregnancy"
            }
          ]
        },
        "serviceProvider": {
          "reference": "urn:uuid:2f764705-5b35-440f-9043-703729ad84f8"
        },
        "resourceType": "Encounter"
      }
    },
    {
      "fullUrl": "urn:uuid:45250b08-2c26-4330-89ef-f53e97b61f24",
      "resource": {
        "id": "45250b08-2c26-4330-89ef-f53e97b61f24",
        "meta": {
          "profile": [
            "http://standardhealthrecord.org/fhir/StructureDefinition/shr-encounter-Encounter"
          ]
        },
        "status": "finished",
        "class": {
          "code": "emergency"
        },
        "type": [
          {
            "coding": [
              {
                "system": "http://snomed.info/sct",
                "code": "183460006"
              }
            ],
            "text": "Obstetric emergency hospital admission"
          }
        ],
        "subject": {
          "reference": "urn:uuid:ceaafa55-3958-4eef-82a2-6b0ceb631f4d"
        },
        "period": {
          "start": "2015-11-28T21:36:28-05:00",
          "end": "2015-11-28T21:36:28-05:00"
        },
        "reason": {
          "coding": [
            {
              "system": "http://snomed.info/sct",
              "code": "72892002",
              "display": "Normal pregnancy"
            }
          ]
        },
        "serviceProvider": {
          "reference": "urn:uuid:2f764705-5b35-440f-9043-703729ad84f8"
        },
        "resourceType": "Encounter"
      }
    },
    {
      "resource": {
        "meta": {
          "profile": [
            "http://standardhealthrecord.org/fhir/StructureDefinition/shr-procedure-Procedure"
          ]
        },
        "extension": [
          {
            "url": "http://standardhealthrecord.org/fhir/StructureDefinition/shr-core-CodeableConcept-extension",
            "valueCodeableConcept": {
              "coding": [
                {
                  "system": "http://snomed.info/sct",
                  "code": "85548006",
                  "display": "Episiotomy"
                }
              ],
              "text": "Episiotomy"
            }
          }
        ],
        "status": "completed",
        "code": {
          "coding": [
            {
              "system": "http://snomed.info/sct",
              "code": "85548006",
              "display": "Episiotomy"
            }
          ],
          "text": "Episiotomy"
        },
        "subject": {
          "reference": "urn:uuid:ceaafa55-3958-4eef-82a2-6b0ceb631f4d"
        },
        "context": {
          "reference": "urn:uuid:45250b08-2c26-4330-89ef-f53e97b61f24"
        },
        "performedDateTime": "2015-11-28T21:36:28-05:00",
        "reasonReference": {
          "reference": "urn:uuid:1a28d841-4eb4-4fce-85bb-751045a1ec2e",
          "display": "Normal pregnancy"
        },
        "resourceType": "Procedure"
      }
    },
    {
      "resource": {
        "meta": {
          "profile": [
            "http://standardhealthrecord.org/fhir/StructureDefinition/shr-procedure-Procedure"
          ]
        },
        "extension": [
          {
            "url": "http://standardhealthrecord.org/fhir/StructureDefinition/shr-core-CodeableConcept-extension",
            "valueCodeableConcept": {
              "coding": [
                {
                  "system": "http://snomed.info/sct",
                  "code": "65588006",
                  "display": "Premature birth of newborn"
                }
              ],
              "text": "Premature birth of newborn"
            }
          }
        ],
        "status": "completed",
        "code": {
          "coding": [
            {
              "system": "http://snomed.info/sct",
              "code": "65588006",
              "display": "Premature birth of newborn"
            }
          ],
          "text": "Premature birth of newborn"
        },
        "subject": {
          "reference": "urn:uuid:ceaafa55-3958-4eef-82a2-6b0ceb631f4d"
        },
        "context": {
          "reference": "urn:uuid:45250b08-2c26-4330-89ef-f53e97b61f24"
        },
        "performedDateTime": "2015-11-28T21:36:28-05:00",
        "reasonReference": {
          "reference": "urn:uuid:1a28d841-4eb4-4fce-85bb-751045a1ec2e",
          "display": "Normal pregnancy"
        },
        "resourceType": "Procedure"
      }
    },
    {
      "fullUrl": "urn:uuid:57212812-2ef1-4fce-9f72-4ad29ede3065",
      "resource": {
        "id": "57212812-2ef1-4fce-9f72-4ad29ede3065",
        "meta": {
          "profile": [
            "http://standardhealthrecord.org/fhir/StructureDefinition/shr-encounter-Encounter"
          ]
        },
        "status": "finished",
        "class": {
          "code": "outpatient"
        },
        "type": [
          {
            "coding": [
              {
                "system": "http://snomed.info/sct",
                "code": "698314001"
              }
            ],
            "text": "Consultation for treatment"
          }
        ],
        "subject": {
          "reference": "urn:uuid:ceaafa55-3958-4eef-82a2-6b0ceb631f4d"
        },
        "period": {
          "start": "2015-12-05T21:36:28-05:00",
          "end": "2015-12-05T21:36:28-05:00"
        },
        "serviceProvider": {
          "reference": "urn:uuid:2f764705-5b35-440f-9043-703729ad84f8"
        },
        "resourceType": "Encounter"
      }
    },
    {
      "resource": {
        "meta": {
          "profile": [
            "http://standardhealthrecord.org/fhir/StructureDefinition/shr-medication-Medication"
          ]
        },
        "code": {
          "coding": [
            {
              "system": "http://www.nlm.nih.gov/research/umls/rxnorm",
              "code": "1367439",
              "display": "NuvaRing 0.12/0.015 MG per 24HR 21 Day Vaginal Ring"
            }
          ],
          "text": "NuvaRing 0.12/0.015 MG per 24HR 21 Day Vaginal Ring"
        },
        "resourceType": "Medication"
      }
    },
    {
      "resource": {
        "meta": {
          "profile": [
            "http://standardhealthrecord.org/fhir/StructureDefinition/shr-medication-MedicationPrescription"
          ]
        },
        "extension": [
          {
            "url": "http://standardhealthrecord.org/fhir/StructureDefinition/shr-base-ActionCode-extension",
            "valueCodeableConcept": {
              "coding": [
                {
                  "system": "http://snomed.info/sct",
                  "code": "33633005",
                  "display": "Prescription of drug (procedure)"
                }
              ],
              "text": "Prescription of drug (procedure)"
            }
          }
        ],
        "status": "active",
        "medicationReference": {
          "reference": ""
        },
        "subject": {
          "reference": "urn:uuid:ceaafa55-3958-4eef-82a2-6b0ceb631f4d"
        },
        "context": {
          "reference": "urn:uuid:57212812-2ef1-4fce-9f72-4ad29ede3065"
        },
        "authoredOn": "2015-12-05",
        "dosageInstruction": [
          {

          }
        ],
        "resourceType": "MedicationRequest"
      }
    },
    {
      "fullUrl": "urn:uuid:0d291cae-2fd0-4abc-8720-4affc4a28f78",
      "resource": {
        "id": "0d291cae-2fd0-4abc-8720-4affc4a28f78",
        "meta": {
          "profile": [
            "http://standardhealthrecord.org/fhir/StructureDefinition/shr-encounter-Encounter"
          ]
        },
        "status": "finished",
        "class": {
          "code": "outpatient"
        },
        "type": [
          {
            "coding": [
              {
                "system": "http://snomed.info/sct",
                "code": "185349003"
              }
            ],
            "text": "Outpatient Encounter"
          }
        ],
        "subject": {
          "reference": "urn:uuid:ceaafa55-3958-4eef-82a2-6b0ceb631f4d"
        },
        "period": {
          "start": "2016-02-23T05:31:10-05:00",
          "end": "2016-02-23T06:31:10-05:00"
        },
        "serviceProvider": {
          "reference": "urn:uuid:2f764705-5b35-440f-9043-703729ad84f8"
        },
        "resourceType": "Encounter"
      }
    },
    {
      "fullUrl": "urn:uuid:51e2d3e0-4d0c-4f8c-bf89-7ea4299d58bd",
      "resource": {
        "id": "51e2d3e0-4d0c-4f8c-bf89-7ea4299d58bd",
        "meta": {
          "profile": [
            "http://standardhealthrecord.org/fhir/StructureDefinition/shr-observation-Observation",
            "http://standardhealthrecord.org/fhir/StructureDefinition/shr-vital-VitalSign",
            "http://standardhealthrecord.org/fhir/StructureDefinition/shr-vital-BodyHeight"
          ]
        },
        "status": "final",
        "category": [
          {
            "coding": [
              {
                "system": "http://hl7.org/fhir/observation-category",
                "code": "vital-signs"
              }
            ]
          }
        ],
        "code": {
          "coding": [
            {
              "system": "http://loinc.org",
              "code": "8302-2",
              "display": "Body Height"
            }
          ],
          "text": "Body Height"
        },
        "subject": {
          "reference": "urn:uuid:ceaafa55-3958-4eef-82a2-6b0ceb631f4d"
        },
        "context": {
          "reference": "urn:uuid:0d291cae-2fd0-4abc-8720-4affc4a28f78"
        },
        "effectiveDateTime": "2016-02-23T05:31:10-05:00",
        "issued": "2016-02-23T05:31:10-05:00",
        "valueQuantity": {
          "value": 161.1059256270341,
          "unit": "cm",
          "system": "http://unitsofmeasure.org/",
          "code": "cm"
        },
        "resourceType": "Observation"
      }
    },
    {
      "fullUrl": "urn:uuid:e6b80ab6-b446-432a-a78e-8b43c5a980d6",
      "resource": {
        "id": "e6b80ab6-b446-432a-a78e-8b43c5a980d6",
        "meta": {
          "profile": [
            "http://standardhealthrecord.org/fhir/StructureDefinition/shr-observation-Observation",
            "http://standardhealthrecord.org/fhir/StructureDefinition/shr-vital-VitalSign",
            "http://standardhealthrecord.org/fhir/StructureDefinition/shr-vital-BodyWeight"
          ]
        },
        "status": "final",
        "category": [
          {
            "coding": [
              {
                "system": "http://hl7.org/fhir/observation-category",
                "code": "vital-signs"
              }
            ]
          }
        ],
        "code": {
          "coding": [
            {
              "system": "http://loinc.org",
              "code": "29463-7",
              "display": "Body Weight"
            }
          ],
          "text": "Body Weight"
        },
        "subject": {
          "reference": "urn:uuid:ceaafa55-3958-4eef-82a2-6b0ceb631f4d"
        },
        "context": {
          "reference": "urn:uuid:0d291cae-2fd0-4abc-8720-4affc4a28f78"
        },
        "effectiveDateTime": "2016-02-23T05:31:10-05:00",
        "issued": "2016-02-23T05:31:10-05:00",
        "valueQuantity": {
          "value": 74.98776168467352,
          "unit": "kg",
          "system": "http://unitsofmeasure.org/",
          "code": "kg"
        },
        "resourceType": "Observation"
      }
    },
    {
      "fullUrl": "urn:uuid:43d5c182-bfa0-4537-b16e-979f0de64115",
      "resource": {
        "id": "43d5c182-bfa0-4537-b16e-979f0de64115",
        "meta": {
          "profile": [
            "http://standardhealthrecord.org/fhir/StructureDefinition/shr-observation-Observation",
            "http://standardhealthrecord.org/fhir/StructureDefinition/shr-vital-VitalSign",
            "http://standardhealthrecord.org/fhir/StructureDefinition/shr-vital-BodyMassIndex"
          ]
        },
        "status": "final",
        "category": [
          {
            "coding": [
              {
                "system": "http://hl7.org/fhir/observation-category",
                "code": "vital-signs"
              }
            ]
          }
        ],
        "code": {
          "coding": [
            {
              "system": "http://loinc.org",
              "code": "39156-5",
              "display": "Body Mass Index"
            }
          ],
          "text": "Body Mass Index"
        },
        "subject": {
          "reference": "urn:uuid:ceaafa55-3958-4eef-82a2-6b0ceb631f4d"
        },
        "context": {
          "reference": "urn:uuid:0d291cae-2fd0-4abc-8720-4affc4a28f78"
        },
        "effectiveDateTime": "2016-02-23T05:31:10-05:00",
        "issued": "2016-02-23T05:31:10-05:00",
        "valueQuantity": {
          "value": 28.891318471094355,
          "unit": "kg/m2",
          "system": "http://unitsofmeasure.org/",
          "code": "kg/m2"
        },
        "resourceType": "Observation"
      }
    },
    {
      "fullUrl": "urn:uuid:a79af33c-924e-4241-ad69-3f9993cbddaf",
      "resource": {
        "id": "a79af33c-924e-4241-ad69-3f9993cbddaf",
        "meta": {
          "profile": [
            "http://standardhealthrecord.org/fhir/StructureDefinition/shr-observation-Observation",
            "http://standardhealthrecord.org/fhir/StructureDefinition/shr-vital-BloodPressure"
          ]
        },
        "status": "final",
        "category": [
          {
            "coding": [
              {
                "system": "http://hl7.org/fhir/observation-category",
                "code": "vital-signs"
              }
            ]
          }
        ],
        "code": {
          "coding": [
            {
              "system": "http://loinc.org",
              "code": "55284-4",
              "display": "Blood Pressure"
            }
          ]
        },
        "subject": {
          "reference": "urn:uuid:ceaafa55-3958-4eef-82a2-6b0ceb631f4d"
        },
        "context": {
          "reference": "urn:uuid:0d291cae-2fd0-4abc-8720-4affc4a28f78"
        },
        "effectiveDateTime": "2016-02-23T05:31:10-05:00",
        "issued": "2016-02-23T05:31:10-05:00",
        "component": [
          {
            "code": {
              "coding": [
                {
                  "system": "http://loinc.org",
                  "code": "8480-6",
                  "display": "Systolic Blood Pressure"
                }
              ],
              "text": "Systolic Blood Pressure"
            },
            "valueQuantity": {
              "value": 120,
              "unit": "mmHg",
              "system": "http://unitsofmeasure.org/",
              "code": "mmHg"
            }
          },
          {
            "code": {
              "coding": [
                {
                  "system": "http://loinc.org",
                  "code": "8462-4",
                  "display": "Diastolic Blood Pressure"
                }
              ],
              "text": "Diastolic Blood Pressure"
            },
            "valueQuantity": {
              "value": 86,
              "unit": "mmHg",
              "system": "http://unitsofmeasure.org/",
              "code": "mmHg"
            }
          }
        ],
        "resourceType": "Observation"
      }
    },
    {
      "fullUrl": "urn:uuid:687bb0e3-1015-4c45-9f4b-286ac64be421",
      "resource": {
        "id": "687bb0e3-1015-4c45-9f4b-286ac64be421",
        "meta": {
          "profile": [
            "http://standardhealthrecord.org/fhir/StructureDefinition/shr-observation-Observation"
          ]
        },
        "status": "final",
        "category": [
          {
            "coding": [
              {
                "system": "http://hl7.org/fhir/observation-category",
                "code": "laboratory"
              }
            ]
          }
        ],
        "code": {
          "coding": [
            {
              "system": "http://loinc.org",
              "code": "2093-3",
              "display": "Total Cholesterol"
            }
          ],
          "text": "Total Cholesterol"
        },
        "subject": {
          "reference": "urn:uuid:ceaafa55-3958-4eef-82a2-6b0ceb631f4d"
        },
        "context": {
          "reference": "urn:uuid:0d291cae-2fd0-4abc-8720-4affc4a28f78"
        },
        "effectiveDateTime": "2016-02-23T05:31:10-05:00",
        "issued": "2016-02-23T05:31:10-05:00",
        "valueQuantity": {
          "value": 183,
          "unit": "mg/dL",
          "system": "http://unitsofmeasure.org/",
          "code": "mg/dL"
        },
        "resourceType": "Observation"
      }
    },
    {
      "fullUrl": "urn:uuid:ba625256-b5f8-4cb5-a1ef-f6f042850d8e",
      "resource": {
        "id": "ba625256-b5f8-4cb5-a1ef-f6f042850d8e",
        "meta": {
          "profile": [
            "http://standardhealthrecord.org/fhir/StructureDefinition/shr-observation-Observation"
          ]
        },
        "status": "final",
        "category": [
          {
            "coding": [
              {
                "system": "http://hl7.org/fhir/observation-category",
                "code": "laboratory"
              }
            ]
          }
        ],
        "code": {
          "coding": [
            {
              "system": "http://loinc.org",
              "code": "2571-8",
              "display": "Triglycerides"
            }
          ],
          "text": "Triglycerides"
        },
        "subject": {
          "reference": "urn:uuid:ceaafa55-3958-4eef-82a2-6b0ceb631f4d"
        },
        "context": {
          "reference": "urn:uuid:0d291cae-2fd0-4abc-8720-4affc4a28f78"
        },
        "effectiveDateTime": "2016-02-23T05:31:10-05:00",
        "issued": "2016-02-23T05:31:10-05:00",
        "valueQuantity": {
          "value": 107,
          "unit": "mg/dL",
          "system": "http://unitsofmeasure.org/",
          "code": "mg/dL"
        },
        "resourceType": "Observation"
      }
    },
    {
      "fullUrl": "urn:uuid:73056d8a-72f0-4fbc-beac-d57209320d38",
      "resource": {
        "id": "73056d8a-72f0-4fbc-beac-d57209320d38",
        "meta": {
          "profile": [
            "http://standardhealthrecord.org/fhir/StructureDefinition/shr-observation-Observation"
          ]
        },
        "status": "final",
        "category": [
          {
            "coding": [
              {
                "system": "http://hl7.org/fhir/observation-category",
                "code": "laboratory"
              }
            ]
          }
        ],
        "code": {
          "coding": [
            {
              "system": "http://loinc.org",
              "code": "18262-6",
              "display": "Low Density Lipoprotein Cholesterol"
            }
          ],
          "text": "Low Density Lipoprotein Cholesterol"
        },
        "subject": {
          "reference": "urn:uuid:ceaafa55-3958-4eef-82a2-6b0ceb631f4d"
        },
        "context": {
          "reference": "urn:uuid:0d291cae-2fd0-4abc-8720-4affc4a28f78"
        },
        "effectiveDateTime": "2016-02-23T05:31:10-05:00",
        "issued": "2016-02-23T05:31:10-05:00",
        "valueQuantity": {
          "value": 90,
          "unit": "mg/dL",
          "system": "http://unitsofmeasure.org/",
          "code": "mg/dL"
        },
        "resourceType": "Observation"
      }
    },
    {
      "fullUrl": "urn:uuid:2bcd8ac7-765e-467c-bbfb-fa42d1f6e902",
      "resource": {
        "id": "2bcd8ac7-765e-467c-bbfb-fa42d1f6e902",
        "meta": {
          "profile": [
            "http://standardhealthrecord.org/fhir/StructureDefinition/shr-observation-Observation"
          ]
        },
        "status": "final",
        "category": [
          {
            "coding": [
              {
                "system": "http://hl7.org/fhir/observation-category",
                "code": "laboratory"
              }
            ]
          }
        ],
        "code": {
          "coding": [
            {
              "system": "http://loinc.org",
              "code": "2085-9",
              "display": "High Density Lipoprotein Cholesterol"
            }
          ],
          "text": "High Density Lipoprotein Cholesterol"
        },
        "subject": {
          "reference": "urn:uuid:ceaafa55-3958-4eef-82a2-6b0ceb631f4d"
        },
        "context": {
          "reference": "urn:uuid:0d291cae-2fd0-4abc-8720-4affc4a28f78"
        },
        "effectiveDateTime": "2016-02-23T05:31:10-05:00",
        "issued": "2016-02-23T05:31:10-05:00",
        "valueQuantity": {
          "value": 71,
          "unit": "mg/dL",
          "system": "http://unitsofmeasure.org/",
          "code": "mg/dL"
        },
        "resourceType": "Observation"
      }
    },
    {
      "fullUrl": "urn:uuid:a30ae0d4-1070-4942-b004-ee11cb6df07f",
      "resource": {
        "id": "a30ae0d4-1070-4942-b004-ee11cb6df07f",
        "meta": {
          "profile": [
            "http://standardhealthrecord.org/fhir/StructureDefinition/shr-observation-Panel"
          ]
        },
        "status": "final",
        "code": {
          "coding": [
            {
              "system": "http://loinc.org",
              "code": "57698-3",
              "display": "Lipid Panel"
            }
          ]
        },
        "subject": {
          "reference": "urn:uuid:ceaafa55-3958-4eef-82a2-6b0ceb631f4d"
        },
        "context": {
          "reference": "urn:uuid:0d291cae-2fd0-4abc-8720-4affc4a28f78"
        },
        "effectiveDateTime": "2016-02-23T05:31:10-05:00",
        "issued": "2016-02-23T05:31:10-05:00",
        "result": [
          {
            "reference": "urn:uuid:687bb0e3-1015-4c45-9f4b-286ac64be421",
            "display": "Total Cholesterol"
          },
          {
            "reference": "urn:uuid:ba625256-b5f8-4cb5-a1ef-f6f042850d8e",
            "display": "Triglycerides"
          },
          {
            "reference": "urn:uuid:73056d8a-72f0-4fbc-beac-d57209320d38",
            "display": "Low Density Lipoprotein Cholesterol"
          },
          {
            "reference": "urn:uuid:2bcd8ac7-765e-467c-bbfb-fa42d1f6e902",
            "display": "High Density Lipoprotein Cholesterol"
          }
        ],
        "resourceType": "DiagnosticReport"
      }
    },
    {
      "resource": {
        "meta": {
          "profile": [
            "http://standardhealthrecord.org/fhir/StructureDefinition/shr-procedure-Procedure"
          ]
        },
        "extension": [
          {
            "url": "http://standardhealthrecord.org/fhir/StructureDefinition/shr-core-CodeableConcept-extension",
            "valueCodeableConcept": {
              "coding": [
                {
                  "system": "http://snomed.info/sct",
                  "code": "428191000124101",
                  "display": "Documentation of current medications"
                }
              ],
              "text": "Documentation of current medications"
            }
          }
        ],
        "status": "completed",
        "code": {
          "coding": [
            {
              "system": "http://snomed.info/sct",
              "code": "428191000124101",
              "display": "Documentation of current medications"
            }
          ],
          "text": "Documentation of current medications"
        },
        "subject": {
          "reference": "urn:uuid:ceaafa55-3958-4eef-82a2-6b0ceb631f4d"
        },
        "context": {
          "reference": "urn:uuid:0d291cae-2fd0-4abc-8720-4affc4a28f78"
        },
        "performedDateTime": "2016-02-23T05:31:10-05:00",
        "resourceType": "Procedure"
      }
    },
    {
      "resource": {
        "meta": {
          "profile": [
            "http://standardhealthrecord.org/fhir/StructureDefinition/shr-immunization-Immunization"
          ]
        },
        "status": "completed",
        "notGiven": false,
        "vaccineCode": {
          "coding": [
            {
              "system": "http://hl7.org/fhir/sid/cvx",
              "code": "140",
              "display": "Influenza, seasonal, injectable, preservative free"
            }
          ],
          "text": "Influenza, seasonal, injectable, preservative free"
        },
        "patient": {
          "reference": "urn:uuid:ceaafa55-3958-4eef-82a2-6b0ceb631f4d"
        },
        "encounter": {
          "reference": "urn:uuid:0d291cae-2fd0-4abc-8720-4affc4a28f78"
        },
        "date": "2016-02-23T05:31:10-05:00",
        "primarySource": true,
        "resourceType": "Immunization"
      }
    },
    {
      "resource": {
        "meta": {
          "profile": [
            "http://standardhealthrecord.org/fhir/StructureDefinition/shr-immunization-Immunization"
          ]
        },
        "status": "completed",
        "notGiven": false,
        "vaccineCode": {
          "coding": [
            {
              "system": "http://hl7.org/fhir/sid/cvx",
              "code": "113",
              "display": "Td (adult) preservative free"
            }
          ],
          "text": "Td (adult) preservative free"
        },
        "patient": {
          "reference": "urn:uuid:ceaafa55-3958-4eef-82a2-6b0ceb631f4d"
        },
        "encounter": {
          "reference": "urn:uuid:0d291cae-2fd0-4abc-8720-4affc4a28f78"
        },
        "date": "2016-02-23T05:31:10-05:00",
        "primarySource": true,
        "resourceType": "Immunization"
      }
    }
  ],
  "resourceType": "Bundle"
}