{
  "type": "collection",
  "entry": [
    {
      "fullUrl": "urn:uuid:ca7b0945-8ff4-4a22-b261-021bb4a7273f",
      "resource": {
        "id": "ca7b0945-8ff4-4a22-b261-021bb4a7273f",
        "meta": {
          "profile": [
            "http://standardhealthrecord.org/fhir/StructureDefinition/shr-demographics-PersonOfRecord"
          ]
        },
        "text": {
          "status": "generated",
          "div": "<div>Generated by <a href=\"https://github.com/synthetichealth/synthea\">Synthea</a>. Version identifier: 4d02400401b9fab839e47bf5b2f1f6a8c683ab55</div>"
        },
        "extension": [
          {
            "url": "http://hl7.org/fhir/us/core/StructureDefinition/us-core-race",
            "valueCodeableConcept": {
              "coding": [
                {
                  "system": "http://hl7.org/fhir/v3/Race",
                  "code": "2106-3",
                  "display": "White"
                }
              ],
              "text": "race"
            }
          },
          {
            "url": "http://hl7.org/fhir/us/core/StructureDefinition/us-core-ethnicity",
            "valueCodeableConcept": {
              "coding": [
                {
                  "system": "http://hl7.org/fhir/v3/Ethnicity",
                  "code": "2186-5",
                  "display": "Nonhispanic"
                }
              ],
              "text": "ethnicity"
            }
          },
          {
            "url": "http://hl7.org/fhir/StructureDefinition/birthPlace",
            "valueAddress": {
              "city": "Andover",
              "state": "MA",
              "country": "US"
            }
          },
          {
            "url": "http://hl7.org/fhir/StructureDefinition/patient-mothersMaidenName",
            "valueString": "Valentin943 Block219"
          },
          {
            "url": "http://hl7.org/fhir/us/core/StructureDefinition/us-core-birthsex",
            "valueCode": "F"
          },
          {
            "url": "http://hl7.org/fhir/StructureDefinition/patient-interpreterRequired",
            "valueBoolean": false
          },
          {
            "url": "http://standardhealthrecord.org/fhir/StructureDefinition/shr-actor-FictionalPerson-extension",
            "valueBoolean": true
          },
          {
            "url": "http://standardhealthrecord.org/fhir/StructureDefinition/shr-demographics-FathersName-extension",
            "valueHumanName": {
              "text": "Roel961 Feest188"
            }
          },
          {
            "url": "http://standardhealthrecord.org/fhir/StructureDefinition/shr-demographics-SocialSecurityNumber-extension",
            "valueString": "999-21-5959"
          }
        ],
        "identifier": [
          {
            "system": "https://github.com/synthetichealth/synthea",
            "value": "989f42c6-b2b0-4ae0-b9c1-6930f6dbe82a"
          },
          {
            "type": {
              "coding": [
                {
                  "system": "http://hl7.org/fhir/identifier-type",
                  "code": "SB"
                }
              ]
            },
            "system": "http://hl7.org/fhir/sid/us-ssn",
            "value": "999215959"
          },
          {
            "type": {
              "coding": [
                {
                  "system": "http://hl7.org/fhir/v2/0203",
                  "code": "DL"
                }
              ]
            },
            "system": "urn:oid:2.16.840.1.113883.4.3.25",
            "value": "S99988053"
          },
          {
            "type": {
              "coding": [
                {
                  "system": "http://hl7.org/fhir/v2/0203",
                  "code": "PPN"
                }
              ]
            },
            "system": "http://standardhealthrecord.org/fhir/StructureDefinition/passportNumber",
            "value": "X50275763X"
          }
        ],
        "name": [
          {
            "use": "official",
            "family": "Abbott992",
            "given": [
              "Ransom650"
            ],
            "prefix": [
              "Mrs."
            ]
          },
          {
            "use": "maiden",
            "family": "Feest188",
            "given": [
              "Ransom650"
            ]
          }
        ],
        "telecom": [
          {
            "system": "phone",
            "value": "(290) 579-5186",
            "use": "home"
          }
        ],
        "gender": "female",
        "birthDate": "1951-06-08",
        "deceasedDateTime": "1988-07-28T23:47:50-04:00",
        "address": [
          {
            "extension": [
              {
                "extension": [
                  {
                    "url": "latitude",
                    "valueDecimal": 41.62932510121145
                  },
                  {
                    "url": "longitude",
                    "valueDecimal": -70.25902807698183
                  }
                ],
                "url": "http://hl7.org/fhir/StructureDefinition/geolocation"
              }
            ],
            "line": [
              "524 Pollich Cliff",
              "Suite 946"
            ],
            "city": "Yarmouth",
            "state": "MA",
            "postalCode": "02675",
            "country": "US"
          }
        ],
        "maritalStatus": {
          "coding": [
            {
              "system": "http://hl7.org/fhir/v3/MaritalStatus",
              "code": "M"
            }
          ],
          "text": "M"
        },
        "multipleBirthBoolean": false,
        "communication": [
          {
            "language": {
              "coding": [
                {
                  "system": "http://hl7.org/fhir/ValueSet/languages",
                  "code": "en-US",
                  "display": "English (United States)"
                }
              ]
            }
          }
        ],
        "resourceType": "Patient"
      }
    }
  ],
  "resourceType": "Bundle"
}