{
  "type": "collection",
  "entry": [
    {
      "fullUrl": "urn:uuid:38f089d5-03c9-4f27-9506-532f88459cc4",
      "resource": {
        "id": "38f089d5-03c9-4f27-9506-532f88459cc4",
        "meta": {
          "profile": [
            "http://standardhealthrecord.org/fhir/StructureDefinition/shr-demographics-PersonOfRecord"
          ]
        },
        "text": {
          "status": "generated",
          "div": "<div>Generated by <a href=\"https://github.com/synthetichealth/synthea\">Synthea</a>. Version identifier: 4d02400401b9fab839e47bf5b2f1f6a8c683ab55</div>"
        },
        "extension": [
          {
            "url": "http://hl7.org/fhir/us/core/StructureDefinition/us-core-race",
            "valueCodeableConcept": {
              "coding": [
                {
                  "system": "http://hl7.org/fhir/v3/Race",
                  "code": "2106-3",
                  "display": "White"
                }
              ],
              "text": "race"
            }
          },
          {
            "url": "http://hl7.org/fhir/us/core/StructureDefinition/us-core-ethnicity",
            "valueCodeableConcept": {
              "coding": [
                {
                  "system": "http://hl7.org/fhir/v3/Ethnicity",
                  "code": "2186-5",
                  "display": "Nonhispanic"
                }
              ],
              "text": "ethnicity"
            }
          },
          {
            "url": "http://hl7.org/fhir/StructureDefinition/birthPlace",
            "valueAddress": {
              "city": "North Andover",
              "state": "MA",
              "country": "US"
            }
          },
          {
            "url": "http://hl7.org/fhir/StructureDefinition/patient-mothersMaidenName",
            "valueString": "Reece101 Johns128"
          },
          {
            "url": "http://hl7.org/fhir/us/core/StructureDefinition/us-core-birthsex",
            "valueCode": "F"
          },
          {
            "url": "http://hl7.org/fhir/StructureDefinition/patient-interpreterRequired",
            "valueBoolean": false
          },
          {
            "url": "http://standardhealthrecord.org/fhir/StructureDefinition/shr-actor-FictionalPerson-extension",
            "valueBoolean": true
          },
          {
            "url": "http://standardhealthrecord.org/fhir/StructureDefinition/shr-demographics-FathersName-extension",
            "valueHumanName": {
              "text": "Amya11 Gutmann48"
            }
          },
          {
            "url": "http://standardhealthrecord.org/fhir/StructureDefinition/shr-demographics-SocialSecurityNumber-extension",
            "valueString": "999-72-5517"
          }
        ],
        "identifier": [
          {
            "system": "https://github.com/synthetichealth/synthea",
            "value": "7ee905c4-866f-4929-b021-eee66cc4ddef"
          },
          {
            "type": {
              "coding": [
                {
                  "system": "http://hl7.org/fhir/identifier-type",
                  "code": "SB"
                }
              ]
            },
            "system": "http://hl7.org/fhir/sid/us-ssn",
            "value": "999725517"
          },
          {
            "type": {
              "coding": [
                {
                  "system": "http://hl7.org/fhir/v2/0203",
                  "code": "DL"
                }
              ]
            },
            "system": "urn:oid:2.16.840.1.113883.4.3.25",
            "value": "S99974629"
          },
          {
            "type": {
              "coding": [
                {
                  "system": "http://hl7.org/fhir/v2/0203",
                  "code": "PPN"
                }
              ]
            },
            "system": "http://standardhealthrecord.org/fhir/StructureDefinition/passportNumber",
            "value": "X72572837X"
          }
        ],
        "name": [
          {
            "use": "official",
            "family": "Abbott992",
            "given": [
              "Arno79"
            ],
            "prefix": [
              "Mrs."
            ]
          },
          {
            "use": "maiden",
            "family": "Gutmann48",
            "given": [
              "Arno79"
            ]
          }
        ],
        "telecom": [
          {
            "system": "phone",
            "value": "859.579.1494",
            "use": "home"
          }
        ],
        "gender": "female",
        "birthDate": "1939-09-20",
        "deceasedDateTime": "2007-02-22T11:08:41-05:00",
        "address": [
          {
            "extension": [
              {
                "extension": [
                  {
                    "url": "latitude",
                    "valueDecimal": 42.327194068666216
                  },
                  {
                    "url": "longitude",
                    "valueDecimal": -70.93247837821295
                  }
                ],
                "url": "http://hl7.org/fhir/StructureDefinition/geolocation"
              }
            ],
            "line": [
              "58269 Christiansen Route"
            ],
            "city": "Boston",
            "state": "MA",
            "postalCode": "02133",
            "country": "US"
          }
        ],
        "maritalStatus": {
          "coding": [
            {
              "system": "http://hl7.org/fhir/v3/MaritalStatus",
              "code": "M"
            }
          ],
          "text": "M"
        },
        "multipleBirthBoolean": false,
        "communication": [
          {
            "language": {
              "coding": [
                {
                  "system": "http://hl7.org/fhir/ValueSet/languages",
                  "code": "pt",
                  "display": "Portuguese"
                }
              ]
            }
          }
        ],
        "resourceType": "Patient"
      }
    },
    {
      "fullUrl": "urn:uuid:0b2709b9-930f-4426-8b99-094a11216d93",
      "resource": {
        "id": "0b2709b9-930f-4426-8b99-094a11216d93",
        "meta": {
          "profile": [
            "http://standardhealthrecord.org/fhir/StructureDefinition/shr-actor-Organization"
          ]
        },
        "type": [
          {
            "coding": [
              {
                "system": "http://hl7.org/fhir/ValueSet/organization-type",
                "code": "prov",
                "display": "Healthcare Provider"
              }
            ],
            "text": "Healthcare Provider"
          }
        ],
        "name": "Synthetic Provider",
        "resourceType": "Organization"
      }
    },
    {
      "fullUrl": "urn:uuid:193858d9-f385-419e-a02f-72a7ba6dbf5e",
      "resource": {
        "id": "193858d9-f385-419e-a02f-72a7ba6dbf5e",
        "meta": {
          "profile": [
            "http://standardhealthrecord.org/fhir/StructureDefinition/shr-encounter-Encounter"
          ]
        },
        "status": "finished",
        "class": {
          "code": "ambulatory"
        },
        "type": [
          {
            "coding": [
              {
                "system": "http://snomed.info/sct",
                "code": "308646001"
              }
            ],
            "text": "Death Certification"
          }
        ],
        "subject": {
          "reference": "urn:uuid:38f089d5-03c9-4f27-9506-532f88459cc4"
        },
        "period": {
          "start": "2007-02-22T11:08:41-05:00",
          "end": "2007-02-22T11:23:41-05:00"
        },
        "serviceProvider": {
          "reference": "urn:uuid:0b2709b9-930f-4426-8b99-094a11216d93"
        },
        "resourceType": "Encounter"
      }
    },
    {
      "fullUrl": "urn:uuid:27e7b26b-6c00-409e-9993-467658acd850",
      "resource": {
        "id": "27e7b26b-6c00-409e-9993-467658acd850",
        "meta": {
          "profile": [
            "http://standardhealthrecord.org/fhir/StructureDefinition/shr-problem-Problem"
          ]
        },
        "clinicalStatus": "active",
        "verificationStatus": "confirmed",
        "code": {
          "coding": [
            {
              "system": "http://snomed.info/sct",
              "code": "10509002",
              "display": "Acute bronchitis (disorder)"
            }
          ],
          "text": "Acute bronchitis (disorder)"
        },
        "subject": {
          "reference": "urn:uuid:38f089d5-03c9-4f27-9506-532f88459cc4"
        },
        "context": {
          "reference": "urn:uuid:193858d9-f385-419e-a02f-72a7ba6dbf5e"
        },
        "onsetDateTime": "1942-10-30T00:37:54-04:00",
        "abatementDateTime": "1942-11-12T14:57:26-04:00",
        "assertedDate": "1942-10-30",
        "resourceType": "Condition"
      }
    },
    {
      "fullUrl": "urn:uuid:f51252b4-f4ca-4232-9aaa-4d59008b1aeb",
      "resource": {
        "id": "f51252b4-f4ca-4232-9aaa-4d59008b1aeb",
        "meta": {
          "profile": [
            "http://standardhealthrecord.org/fhir/StructureDefinition/shr-problem-Problem"
          ]
        },
        "clinicalStatus": "active",
        "verificationStatus": "confirmed",
        "code": {
          "coding": [
            {
              "system": "http://snomed.info/sct",
              "code": "10509002",
              "display": "Acute bronchitis (disorder)"
            }
          ],
          "text": "Acute bronchitis (disorder)"
        },
        "subject": {
          "reference": "urn:uuid:38f089d5-03c9-4f27-9506-532f88459cc4"
        },
        "context": {
          "reference": "urn:uuid:193858d9-f385-419e-a02f-72a7ba6dbf5e"
        },
        "onsetDateTime": "1946-09-18T23:31:54-04:00",
        "abatementDateTime": "1946-09-30T11:34:14-05:00",
        "assertedDate": "1946-09-18",
        "resourceType": "Condition"
      }
    },
    {
      "fullUrl": "urn:uuid:b0547549-5553-485d-8227-e2adc2a7f1f6",
      "resource": {
        "id": "b0547549-5553-485d-8227-e2adc2a7f1f6",
        "meta": {
          "profile": [
            "http://standardhealthrecord.org/fhir/StructureDefinition/shr-problem-Problem"
          ]
        },
        "clinicalStatus": "active",
        "verificationStatus": "confirmed",
        "code": {
          "coding": [
            {
              "system": "http://snomed.info/sct",
              "code": "10509002",
              "display": "Acute bronchitis (disorder)"
            }
          ],
          "text": "Acute bronchitis (disorder)"
        },
        "subject": {
          "reference": "urn:uuid:38f089d5-03c9-4f27-9506-532f88459cc4"
        },
        "context": {
          "reference": "urn:uuid:193858d9-f385-419e-a02f-72a7ba6dbf5e"
        },
        "onsetDateTime": "1949-09-07T09:14:10-04:00",
        "abatementDateTime": "1949-09-23T06:19:45-04:00",
        "assertedDate": "1949-09-07",
        "resourceType": "Condition"
      }
    },
    {
      "fullUrl": "urn:uuid:c0fbf8ae-43cc-4a34-bcba-f37e327f8db3",
      "resource": {
        "id": "c0fbf8ae-43cc-4a34-bcba-f37e327f8db3",
        "meta": {
          "profile": [
            "http://standardhealthrecord.org/fhir/StructureDefinition/shr-problem-Problem"
          ]
        },
        "clinicalStatus": "active",
        "verificationStatus": "confirmed",
        "code": {
          "coding": [
            {
              "system": "http://snomed.info/sct",
              "code": "10509002",
              "display": "Acute bronchitis (disorder)"
            }
          ],
          "text": "Acute bronchitis (disorder)"
        },
        "subject": {
          "reference": "urn:uuid:38f089d5-03c9-4f27-9506-532f88459cc4"
        },
        "context": {
          "reference": "urn:uuid:193858d9-f385-419e-a02f-72a7ba6dbf5e"
        },
        "onsetDateTime": "1953-02-16T07:29:50-05:00",
        "abatementDateTime": "1953-03-03T22:50:16-05:00",
        "assertedDate": "1953-02-16",
        "resourceType": "Condition"
      }
    },
    {
      "fullUrl": "urn:uuid:6ee47081-2add-42e7-8337-1a4b0e0b33f9",
      "resource": {
        "id": "6ee47081-2add-42e7-8337-1a4b0e0b33f9",
        "meta": {
          "profile": [
            "http://standardhealthrecord.org/fhir/StructureDefinition/shr-problem-Problem"
          ]
        },
        "clinicalStatus": "active",
        "verificationStatus": "confirmed",
        "code": {
          "coding": [
            {
              "system": "http://snomed.info/sct",
              "code": "10509002",
              "display": "Acute bronchitis (disorder)"
            }
          ],
          "text": "Acute bronchitis (disorder)"
        },
        "subject": {
          "reference": "urn:uuid:38f089d5-03c9-4f27-9506-532f88459cc4"
        },
        "context": {
          "reference": "urn:uuid:193858d9-f385-419e-a02f-72a7ba6dbf5e"
        },
        "onsetDateTime": "1966-05-21T15:35:56-04:00",
        "abatementDateTime": "1966-06-09T23:51:12-04:00",
        "assertedDate": "1966-05-21",
        "resourceType": "Condition"
      }
    },
    {
      "fullUrl": "urn:uuid:491c9a12-4dd0-4fa3-9189-f2ee621bab59",
      "resource": {
        "id": "491c9a12-4dd0-4fa3-9189-f2ee621bab59",
        "meta": {
          "profile": [
            "http://standardhealthrecord.org/fhir/StructureDefinition/shr-problem-Problem"
          ]
        },
        "clinicalStatus": "active",
        "verificationStatus": "confirmed",
        "code": {
          "coding": [
            {
              "system": "http://snomed.info/sct",
              "code": "40055000",
              "display": "Chronic sinusitis (disorder)"
            }
          ],
          "text": "Chronic sinusitis (disorder)"
        },
        "subject": {
          "reference": "urn:uuid:38f089d5-03c9-4f27-9506-532f88459cc4"
        },
        "context": {
          "reference": "urn:uuid:193858d9-f385-419e-a02f-72a7ba6dbf5e"
        },
        "onsetDateTime": "1974-11-25T12:06:16-05:00",
        "assertedDate": "1974-11-25",
        "resourceType": "Condition"
      }
    },
    {
      "fullUrl": "urn:uuid:5ec2d34a-4f5c-4e3d-958b-5a172e8e1660",
      "resource": {
        "id": "5ec2d34a-4f5c-4e3d-958b-5a172e8e1660",
        "meta": {
          "profile": [
            "http://standardhealthrecord.org/fhir/StructureDefinition/shr-problem-Problem"
          ]
        },
        "clinicalStatus": "active",
        "verificationStatus": "confirmed",
        "code": {
          "coding": [
            {
              "system": "http://snomed.info/sct",
              "code": "15777000",
              "display": "Prediabetes"
            }
          ],
          "text": "Prediabetes"
        },
        "subject": {
          "reference": "urn:uuid:38f089d5-03c9-4f27-9506-532f88459cc4"
        },
        "context": {
          "reference": "urn:uuid:193858d9-f385-419e-a02f-72a7ba6dbf5e"
        },
        "onsetDateTime": "1979-11-28T17:04:33-05:00",
        "assertedDate": "1979-11-28",
        "resourceType": "Condition"
      }
    },
    {
      "fullUrl": "urn:uuid:2ee2a892-a70f-4e7f-8179-9e625de621fd",
      "resource": {
        "id": "2ee2a892-a70f-4e7f-8179-9e625de621fd",
        "meta": {
          "profile": [
            "http://standardhealthrecord.org/fhir/StructureDefinition/shr-problem-Problem"
          ]
        },
        "clinicalStatus": "active",
        "verificationStatus": "confirmed",
        "code": {
          "coding": [
            {
              "system": "http://snomed.info/sct",
              "code": "185086009",
              "display": "Chronic obstructive bronchitis (disorder)"
            }
          ],
          "text": "Chronic obstructive bronchitis (disorder)"
        },
        "subject": {
          "reference": "urn:uuid:38f089d5-03c9-4f27-9506-532f88459cc4"
        },
        "context": {
          "reference": "urn:uuid:193858d9-f385-419e-a02f-72a7ba6dbf5e"
        },
        "onsetDateTime": "2003-10-07T06:00:14-04:00",
        "assertedDate": "2003-10-07",
        "resourceType": "Condition"
      }
    },
    {
      "fullUrl": "urn:uuid:07c70d04-741b-4a4e-812f-a18cb47bf5c1",
      "resource": {
        "id": "07c70d04-741b-4a4e-812f-a18cb47bf5c1",
        "meta": {
          "profile": [
            "http://standardhealthrecord.org/fhir/StructureDefinition/shr-problem-Problem"
          ]
        },
        "clinicalStatus": "active",
        "verificationStatus": "confirmed",
        "code": {
          "coding": [
            {
              "system": "http://snomed.info/sct",
              "code": "10509002",
              "display": "Acute bronchitis (disorder)"
            }
          ],
          "text": "Acute bronchitis (disorder)"
        },
        "subject": {
          "reference": "urn:uuid:38f089d5-03c9-4f27-9506-532f88459cc4"
        },
        "context": {
          "reference": "urn:uuid:193858d9-f385-419e-a02f-72a7ba6dbf5e"
        },
        "onsetDateTime": "2007-02-16T17:13:08-05:00",
        "assertedDate": "2007-02-16",
        "resourceType": "Condition"
      }
    },
    {
      "fullUrl": "urn:uuid:b1f27029-f957-499c-81d6-fe79e504c274",
      "resource": {
        "id": "b1f27029-f957-499c-81d6-fe79e504c274",
        "meta": {
          "profile": [
            "http://standardhealthrecord.org/fhir/StructureDefinition/shr-observation-Observation"
          ]
        },
        "status": "final",
        "category": [
          {
            "coding": [
              {
                "system": "http://hl7.org/fhir/observation-category"
              }
            ]
          }
        ],
        "code": {
          "coding": [
            {
              "system": "http://loinc.org",
              "code": "69453-9",
              "display": "Cause of Death [US Standard Certificate of Death]"
            }
          ],
          "text": "Cause of Death [US Standard Certificate of Death]"
        },
        "subject": {
          "reference": "urn:uuid:38f089d5-03c9-4f27-9506-532f88459cc4"
        },
        "context": {
          "reference": "urn:uuid:193858d9-f385-419e-a02f-72a7ba6dbf5e"
        },
        "effectiveDateTime": "2007-02-22T11:08:41-05:00",
        "issued": "2007-02-22T11:08:41-05:00",
        "valueCodeableConcept": {
          "coding": [
            {
              "system": "http://snomed.info/sct",
              "code": "185086009",
              "display": "Chronic obstructive bronchitis (disorder)"
            }
          ],
          "text": "Chronic obstructive bronchitis (disorder)"
        },
        "resourceType": "Observation"
      }
    },
    {
      "fullUrl": "urn:uuid:d3062ef8-4b3d-4f1c-9cc6-69d8d2c21eb9",
      "resource": {
        "id": "d3062ef8-4b3d-4f1c-9cc6-69d8d2c21eb9",
        "meta": {
          "profile": [
            "http://standardhealthrecord.org/fhir/StructureDefinition/shr-observation-Panel"
          ]
        },
        "status": "final",
        "code": {
          "coding": [
            {
              "system": "http://loinc.org",
              "code": "69409-1",
              "display": "U.S. standard certificate of death - 2003 revision"
            }
          ]
        },
        "subject": {
          "reference": "urn:uuid:38f089d5-03c9-4f27-9506-532f88459cc4"
        },
        "context": {
          "reference": "urn:uuid:193858d9-f385-419e-a02f-72a7ba6dbf5e"
        },
        "effectiveDateTime": "2007-02-22T11:08:41-05:00",
        "issued": "2007-02-22T11:08:41-05:00",
        "result": [
          {
            "reference": "urn:uuid:b1f27029-f957-499c-81d6-fe79e504c274",
            "display": "Cause of Death [US Standard Certificate of Death]"
          }
        ],
        "resourceType": "DiagnosticReport"
      }
    },
    {
      "resource": {
        "status": "completed",
        "category": [
          {
            "coding": [
              {
                "system": "http://snomed.info/sct",
                "code": "53950000",
                "display": "Respiratory therapy"
              }
            ]
          }
        ],
        "subject": {
          "reference": "urn:uuid:38f089d5-03c9-4f27-9506-532f88459cc4"
        },
        "context": {
          "reference": "urn:uuid:193858d9-f385-419e-a02f-72a7ba6dbf5e"
        },
        "period": {
          "start": "1942-10-30",
          "end": "1943-01-18"
        },
        "addresses": [
          {
            "reference": "urn:uuid:27e7b26b-6c00-409e-9993-467658acd850"
          }
        ],
        "activity": [
          {
            "detail": {
              "code": {
                "coding": [
                  {
                    "system": "http://snomed.info/sct",
                    "code": "304510005",
                    "display": "Recommendation to avoid exercise"
                  }
                ]
              },
              "status": "completed"
            }
          },
          {
            "detail": {
              "code": {
                "coding": [
                  {
                    "system": "http://snomed.info/sct",
                    "code": "371605008",
                    "display": "Deep breathing and coughing exercises"
                  }
                ]
              },
              "status": "completed"
            }
          }
        ],
        "resourceType": "CarePlan"
      }
    },
    {
      "resource": {
        "status": "completed",
        "category": [
          {
            "coding": [
              {
                "system": "http://snomed.info/sct",
                "code": "53950000",
                "display": "Respiratory therapy"
              }
            ]
          }
        ],
        "subject": {
          "reference": "urn:uuid:38f089d5-03c9-4f27-9506-532f88459cc4"
        },
        "context": {
          "reference": "urn:uuid:193858d9-f385-419e-a02f-72a7ba6dbf5e"
        },
        "period": {
          "start": "1946-09-20",
          "end": "1947-05-07"
        },
        "addresses": [
          {
            "reference": "urn:uuid:27e7b26b-6c00-409e-9993-467658acd850"
          }
        ],
        "activity": [
          {
            "detail": {
              "code": {
                "coding": [
                  {
                    "system": "http://snomed.info/sct",
                    "code": "304510005",
                    "display": "Recommendation to avoid exercise"
                  }
                ]
              },
              "status": "completed"
            }
          },
          {
            "detail": {
              "code": {
                "coding": [
                  {
                    "system": "http://snomed.info/sct",
                    "code": "371605008",
                    "display": "Deep breathing and coughing exercises"
                  }
                ]
              },
              "status": "completed"
            }
          }
        ],
        "resourceType": "CarePlan"
      }
    },
    {
      "resource": {
        "status": "completed",
        "category": [
          {
            "coding": [
              {
                "system": "http://snomed.info/sct",
                "code": "53950000",
                "display": "Respiratory therapy"
              }
            ]
          }
        ],
        "subject": {
          "reference": "urn:uuid:38f089d5-03c9-4f27-9506-532f88459cc4"
        },
        "context": {
          "reference": "urn:uuid:193858d9-f385-419e-a02f-72a7ba6dbf5e"
        },
        "period": {
          "start": "1949-09-10",
          "end": "1950-05-16"
        },
        "addresses": [
          {
            "reference": "urn:uuid:27e7b26b-6c00-409e-9993-467658acd850"
          }
        ],
        "activity": [
          {
            "detail": {
              "code": {
                "coding": [
                  {
                    "system": "http://snomed.info/sct",
                    "code": "304510005",
                    "display": "Recommendation to avoid exercise"
                  }
                ]
              },
              "status": "completed"
            }
          },
          {
            "detail": {
              "code": {
                "coding": [
                  {
                    "system": "http://snomed.info/sct",
                    "code": "371605008",
                    "display": "Deep breathing and coughing exercises"
                  }
                ]
              },
              "status": "completed"
            }
          }
        ],
        "resourceType": "CarePlan"
      }
    },
    {
      "resource": {
        "status": "completed",
        "category": [
          {
            "coding": [
              {
                "system": "http://snomed.info/sct",
                "code": "53950000",
                "display": "Respiratory therapy"
              }
            ]
          }
        ],
        "subject": {
          "reference": "urn:uuid:38f089d5-03c9-4f27-9506-532f88459cc4"
        },
        "context": {
          "reference": "urn:uuid:193858d9-f385-419e-a02f-72a7ba6dbf5e"
        },
        "period": {
          "start": "1953-02-19",
          "end": "1953-05-21"
        },
        "addresses": [
          {
            "reference": "urn:uuid:27e7b26b-6c00-409e-9993-467658acd850"
          }
        ],
        "activity": [
          {
            "detail": {
              "code": {
                "coding": [
                  {
                    "system": "http://snomed.info/sct",
                    "code": "304510005",
                    "display": "Recommendation to avoid exercise"
                  }
                ]
              },
              "status": "completed"
            }
          },
          {
            "detail": {
              "code": {
                "coding": [
                  {
                    "system": "http://snomed.info/sct",
                    "code": "371605008",
                    "display": "Deep breathing and coughing exercises"
                  }
                ]
              },
              "status": "completed"
            }
          }
        ],
        "resourceType": "CarePlan"
      }
    },
    {
      "resource": {
        "status": "completed",
        "category": [
          {
            "coding": [
              {
                "system": "http://snomed.info/sct",
                "code": "53950000",
                "display": "Respiratory therapy"
              }
            ]
          }
        ],
        "subject": {
          "reference": "urn:uuid:38f089d5-03c9-4f27-9506-532f88459cc4"
        },
        "context": {
          "reference": "urn:uuid:193858d9-f385-419e-a02f-72a7ba6dbf5e"
        },
        "period": {
          "start": "1966-05-23",
          "end": "1966-07-16"
        },
        "addresses": [
          {
            "reference": "urn:uuid:27e7b26b-6c00-409e-9993-467658acd850"
          }
        ],
        "activity": [
          {
            "detail": {
              "code": {
                "coding": [
                  {
                    "system": "http://snomed.info/sct",
                    "code": "710081004",
                    "display": "Smoking cessation therapy"
                  }
                ]
              },
              "status": "completed"
            }
          },
          {
            "detail": {
              "code": {
                "coding": [
                  {
                    "system": "http://snomed.info/sct",
                    "code": "304510005",
                    "display": "Recommendation to avoid exercise"
                  }
                ]
              },
              "status": "completed"
            }
          },
          {
            "detail": {
              "code": {
                "coding": [
                  {
                    "system": "http://snomed.info/sct",
                    "code": "371605008",
                    "display": "Deep breathing and coughing exercises"
                  }
                ]
              },
              "status": "completed"
            }
          }
        ],
        "resourceType": "CarePlan"
      }
    },
    {
      "resource": {
        "status": "in-progress",
        "description": {
          "text": "Hemoglobin A1c total in Blood < 7.0"
        },
        "addresses": [
          {
            "reference": "urn:uuid:5ec2d34a-4f5c-4e3d-958b-5a172e8e1660"
          }
        ],
        "resourceType": "Goal"
      }
    },
    {
      "resource": {
        "status": "in-progress",
        "description": {
          "text": "Glucose [Mass/volume] in Blood < 108"
        },
        "addresses": [
          {
            "reference": "urn:uuid:5ec2d34a-4f5c-4e3d-958b-5a172e8e1660"
          }
        ],
        "resourceType": "Goal"
      }
    },
    {
      "resource": {
        "status": "in-progress",
        "description": {
          "text": "Maintain blood pressure below 140/90 mmHg"
        },
        "addresses": [
          {
            "reference": "urn:uuid:5ec2d34a-4f5c-4e3d-958b-5a172e8e1660"
          }
        ],
        "resourceType": "Goal"
      }
    },
    {
      "resource": {
        "status": "in-progress",
        "description": {
          "text": "Improve and maintenance of optimal foot health: aim at early detection of peripheral vascular problems and neuropathy presumed due to diabetes; and prevention of diabetic foot ulcer, gangrene"
        },
        "addresses": [
          {
            "reference": "urn:uuid:5ec2d34a-4f5c-4e3d-958b-5a172e8e1660"
          }
        ],
        "resourceType": "Goal"
      }
    },
    {
      "resource": {
        "status": "in-progress",
        "description": {
          "text": "Address patient knowledge deficit on diabetic self-care"
        },
        "addresses": [
          {
            "reference": "urn:uuid:5ec2d34a-4f5c-4e3d-958b-5a172e8e1660"
          }
        ],
        "resourceType": "Goal"
      }
    },
    {
      "resource": {
        "status": "active",
        "category": [
          {
            "coding": [
              {
                "system": "http://snomed.info/sct",
                "code": "698360004",
                "display": "Diabetes self management plan"
              }
            ]
          }
        ],
        "subject": {
          "reference": "urn:uuid:38f089d5-03c9-4f27-9506-532f88459cc4"
        },
        "context": {
          "reference": "urn:uuid:193858d9-f385-419e-a02f-72a7ba6dbf5e"
        },
        "period": {
          "start": "1979-11-28"
        },
        "addresses": [
          {
            "reference": "urn:uuid:5ec2d34a-4f5c-4e3d-958b-5a172e8e1660"
          }
        ],
        "goal": [
          {
            "reference": ""
          },
          {
            "reference": ""
          },
          {
            "reference": ""
          },
          {
            "reference": ""
          },
          {
            "reference": ""
          }
        ],
        "activity": [
          {
            "detail": {
              "code": {
                "coding": [
                  {
                    "system": "http://snomed.info/sct",
                    "code": "160670007",
                    "display": "Diabetic diet"
                  }
                ]
              },
              "status": "in-progress"
            }
          },
          {
            "detail": {
              "code": {
                "coding": [
                  {
                    "system": "http://snomed.info/sct",
                    "code": "229065009",
                    "display": "Exercise therapy"
                  }
                ]
              },
              "status": "in-progress"
            }
          }
        ],
        "resourceType": "CarePlan"
      }
    },
    {
      "resource": {
        "status": "active",
        "category": [
          {
            "coding": [
              {
                "system": "http://snomed.info/sct",
                "code": "412776001",
                "display": "Chronic obstructive pulmonary disease clinical management plan"
              }
            ]
          }
        ],
        "subject": {
          "reference": "urn:uuid:38f089d5-03c9-4f27-9506-532f88459cc4"
        },
        "context": {
          "reference": "urn:uuid:193858d9-f385-419e-a02f-72a7ba6dbf5e"
        },
        "period": {
          "start": "2003-10-07"
        },
        "addresses": [
          {
            "reference": "urn:uuid:2ee2a892-a70f-4e7f-8179-9e625de621fd"
          }
        ],
        "activity": [
          {
            "detail": {
              "code": {
                "coding": [
                  {
                    "system": "http://snomed.info/sct",
                    "code": "710081004",
                    "display": "Smoking cessation therapy"
                  }
                ]
              },
              "status": "in-progress"
            }
          },
          {
            "detail": {
              "code": {
                "coding": [
                  {
                    "system": "http://snomed.info/sct",
                    "code": "426990007",
                    "display": "Home oxygen therapy (procedure)"
                  }
                ]
              },
              "status": "in-progress"
            }
          }
        ],
        "resourceType": "CarePlan"
      }
    },
    {
      "resource": {
        "status": "active",
        "category": [
          {
            "coding": [
              {
                "system": "http://snomed.info/sct",
                "code": "53950000",
                "display": "Respiratory therapy"
              }
            ]
          }
        ],
        "subject": {
          "reference": "urn:uuid:38f089d5-03c9-4f27-9506-532f88459cc4"
        },
        "context": {
          "reference": "urn:uuid:193858d9-f385-419e-a02f-72a7ba6dbf5e"
        },
        "period": {
          "start": "2007-02-17"
        },
        "addresses": [
          {
            "reference": "urn:uuid:27e7b26b-6c00-409e-9993-467658acd850"
          }
        ],
        "activity": [
          {
            "detail": {
              "code": {
                "coding": [
                  {
                    "system": "http://snomed.info/sct",
                    "code": "710081004",
                    "display": "Smoking cessation therapy"
                  }
                ]
              },
              "status": "in-progress"
            }
          },
          {
            "detail": {
              "code": {
                "coding": [
                  {
                    "system": "http://snomed.info/sct",
                    "code": "304510005",
                    "display": "Recommendation to avoid exercise"
                  }
                ]
              },
              "status": "in-progress"
            }
          },
          {
            "detail": {
              "code": {
                "coding": [
                  {
                    "system": "http://snomed.info/sct",
                    "code": "371605008",
                    "display": "Deep breathing and coughing exercises"
                  }
                ]
              },
              "status": "in-progress"
            }
          }
        ],
        "resourceType": "CarePlan"
      }
    },
    {
      "resource": {
        "meta": {
          "profile": [
            "http://standardhealthrecord.org/fhir/StructureDefinition/shr-medication-Medication"
          ]
        },
        "code": {
          "coding": [
            {
              "system": "http://www.nlm.nih.gov/research/umls/rxnorm",
              "code": "608680",
              "display": "Acetaminophen 160 MG"
            }
          ],
          "text": "Acetaminophen 160 MG"
        },
        "resourceType": "Medication"
      }
    },
    {
      "resource": {
        "meta": {
          "profile": [
            "http://standardhealthrecord.org/fhir/StructureDefinition/shr-medication-MedicationPrescription"
          ]
        },
        "extension": [
          {
            "url": "http://standardhealthrecord.org/fhir/StructureDefinition/shr-base-ActionCode-extension",
            "valueCodeableConcept": {
              "coding": [
                {
                  "system": "http://snomed.info/sct",
                  "code": "33633005",
                  "display": "Prescription of drug (procedure)"
                }
              ],
              "text": "Prescription of drug (procedure)"
            }
          }
        ],
        "status": "stopped",
        "medicationReference": {
          "reference": ""
        },
        "subject": {
          "reference": "urn:uuid:38f089d5-03c9-4f27-9506-532f88459cc4"
        },
        "context": {
          "reference": "urn:uuid:193858d9-f385-419e-a02f-72a7ba6dbf5e"
        },
        "authoredOn": "1942-10-30",
        "reasonReference": [
          {
            "reference": "urn:uuid:27e7b26b-6c00-409e-9993-467658acd850"
          }
        ],
        "dosageInstruction": [
          {

          }
        ],
        "resourceType": "MedicationRequest"
      }
    },
    {
      "resource": {
        "meta": {
          "profile": [
            "http://standardhealthrecord.org/fhir/StructureDefinition/shr-medication-MedicationPrescription"
          ]
        },
        "extension": [
          {
            "url": "http://standardhealthrecord.org/fhir/StructureDefinition/shr-base-ActionCode-extension",
            "valueCodeableConcept": {
              "coding": [
                {
                  "system": "http://snomed.info/sct",
                  "code": "33633005",
                  "display": "Prescription of drug (procedure)"
                }
              ],
              "text": "Prescription of drug (procedure)"
            }
          }
        ],
        "status": "stopped",
        "medicationReference": {
          "reference": ""
        },
        "subject": {
          "reference": "urn:uuid:38f089d5-03c9-4f27-9506-532f88459cc4"
        },
        "context": {
          "reference": "urn:uuid:193858d9-f385-419e-a02f-72a7ba6dbf5e"
        },
        "authoredOn": "1946-09-20",
        "reasonReference": [
          {
            "reference": "urn:uuid:27e7b26b-6c00-409e-9993-467658acd850"
          }
        ],
        "dosageInstruction": [
          {

          }
        ],
        "resourceType": "MedicationRequest"
      }
    },
    {
      "resource": {
        "meta": {
          "profile": [
            "http://standardhealthrecord.org/fhir/StructureDefinition/shr-medication-MedicationPrescription"
          ]
        },
        "extension": [
          {
            "url": "http://standardhealthrecord.org/fhir/StructureDefinition/shr-base-ActionCode-extension",
            "valueCodeableConcept": {
              "coding": [
                {
                  "system": "http://snomed.info/sct",
                  "code": "33633005",
                  "display": "Prescription of drug (procedure)"
                }
              ],
              "text": "Prescription of drug (procedure)"
            }
          }
        ],
        "status": "stopped",
        "medicationReference": {
          "reference": ""
        },
        "subject": {
          "reference": "urn:uuid:38f089d5-03c9-4f27-9506-532f88459cc4"
        },
        "context": {
          "reference": "urn:uuid:193858d9-f385-419e-a02f-72a7ba6dbf5e"
        },
        "authoredOn": "1949-09-10",
        "reasonReference": [
          {
            "reference": "urn:uuid:27e7b26b-6c00-409e-9993-467658acd850"
          }
        ],
        "dosageInstruction": [
          {

          }
        ],
        "resourceType": "MedicationRequest"
      }
    },
    {
      "resource": {
        "meta": {
          "profile": [
            "http://standardhealthrecord.org/fhir/StructureDefinition/shr-medication-Medication"
          ]
        },
        "code": {
          "coding": [
            {
              "system": "http://www.nlm.nih.gov/research/umls/rxnorm",
              "code": "834101",
              "display": "Penicillin V Potassium 500 MG"
            }
          ],
          "text": "Penicillin V Potassium 500 MG"
        },
        "resourceType": "Medication"
      }
    },
    {
      "resource": {
        "meta": {
          "profile": [
            "http://standardhealthrecord.org/fhir/StructureDefinition/shr-medication-MedicationPrescription"
          ]
        },
        "extension": [
          {
            "url": "http://standardhealthrecord.org/fhir/StructureDefinition/shr-base-ActionCode-extension",
            "valueCodeableConcept": {
              "coding": [
                {
                  "system": "http://snomed.info/sct",
                  "code": "33633005",
                  "display": "Prescription of drug (procedure)"
                }
              ],
              "text": "Prescription of drug (procedure)"
            }
          }
        ],
        "status": "active",
        "medicationReference": {
          "reference": ""
        },
        "subject": {
          "reference": "urn:uuid:38f089d5-03c9-4f27-9506-532f88459cc4"
        },
        "context": {
          "reference": "urn:uuid:193858d9-f385-419e-a02f-72a7ba6dbf5e"
        },
        "authoredOn": "1962-07-29",
        "dosageInstruction": [
          {

          }
        ],
        "resourceType": "MedicationRequest"
      }
    },
    {
      "resource": {
        "meta": {
          "profile": [
            "http://standardhealthrecord.org/fhir/StructureDefinition/shr-medication-MedicationPrescription"
          ]
        },
        "extension": [
          {
            "url": "http://standardhealthrecord.org/fhir/StructureDefinition/shr-base-ActionCode-extension",
            "valueCodeableConcept": {
              "coding": [
                {
                  "system": "http://snomed.info/sct",
                  "code": "33633005",
                  "display": "Prescription of drug (procedure)"
                }
              ],
              "text": "Prescription of drug (procedure)"
            }
          }
        ],
        "status": "stopped",
        "medicationReference": {
          "reference": ""
        },
        "subject": {
          "reference": "urn:uuid:38f089d5-03c9-4f27-9506-532f88459cc4"
        },
        "context": {
          "reference": "urn:uuid:193858d9-f385-419e-a02f-72a7ba6dbf5e"
        },
        "authoredOn": "1966-05-23",
        "reasonReference": [
          {
            "reference": "urn:uuid:27e7b26b-6c00-409e-9993-467658acd850"
          }
        ],
        "dosageInstruction": [
          {

          }
        ],
        "resourceType": "MedicationRequest"
      }
    },
    {
      "resource": {
        "meta": {
          "profile": [
            "http://standardhealthrecord.org/fhir/StructureDefinition/shr-medication-Medication"
          ]
        },
        "code": {
          "coding": [
            {
              "system": "http://www.nlm.nih.gov/research/umls/rxnorm",
              "code": "896188",
              "display": "Fluticasone propionate 0.25 MG/ACTUAT / salmeterol 0.05 MG/ACTUAT [Advair]"
            }
          ],
          "text": "Fluticasone propionate 0.25 MG/ACTUAT / salmeterol 0.05 MG/ACTUAT [Advair]"
        },
        "resourceType": "Medication"
      }
    },
    {
      "resource": {
        "meta": {
          "profile": [
            "http://standardhealthrecord.org/fhir/StructureDefinition/shr-medication-MedicationPrescription"
          ]
        },
        "extension": [
          {
            "url": "http://standardhealthrecord.org/fhir/StructureDefinition/shr-base-ActionCode-extension",
            "valueCodeableConcept": {
              "coding": [
                {
                  "system": "http://snomed.info/sct",
                  "code": "33633005",
                  "display": "Prescription of drug (procedure)"
                }
              ],
              "text": "Prescription of drug (procedure)"
            }
          }
        ],
        "status": "active",
        "medicationReference": {
          "reference": ""
        },
        "subject": {
          "reference": "urn:uuid:38f089d5-03c9-4f27-9506-532f88459cc4"
        },
        "context": {
          "reference": "urn:uuid:193858d9-f385-419e-a02f-72a7ba6dbf5e"
        },
        "authoredOn": "2004-12-01",
        "reasonReference": [
          {
            "reference": "urn:uuid:2ee2a892-a70f-4e7f-8179-9e625de621fd"
          }
        ],
        "dosageInstruction": [
          {

          }
        ],
        "resourceType": "MedicationRequest"
      }
    },
    {
      "resource": {
        "meta": {
          "profile": [
            "http://standardhealthrecord.org/fhir/StructureDefinition/shr-medication-MedicationPrescription"
          ]
        },
        "extension": [
          {
            "url": "http://standardhealthrecord.org/fhir/StructureDefinition/shr-base-ActionCode-extension",
            "valueCodeableConcept": {
              "coding": [
                {
                  "system": "http://snomed.info/sct",
                  "code": "33633005",
                  "display": "Prescription of drug (procedure)"
                }
              ],
              "text": "Prescription of drug (procedure)"
            }
          }
        ],
        "status": "active",
        "medicationReference": {
          "reference": ""
        },
        "subject": {
          "reference": "urn:uuid:38f089d5-03c9-4f27-9506-532f88459cc4"
        },
        "context": {
          "reference": "urn:uuid:193858d9-f385-419e-a02f-72a7ba6dbf5e"
        },
        "authoredOn": "2007-02-17",
        "reasonReference": [
          {
            "reference": "urn:uuid:27e7b26b-6c00-409e-9993-467658acd850"
          }
        ],
        "dosageInstruction": [
          {

          }
        ],
        "resourceType": "MedicationRequest"
      }
    }
  ],
  "resourceType": "Bundle"
}