{
  "type": "collection",
  "entry": [
    {
      "fullUrl": "urn:uuid:96ab5cbe-2e8d-4a3d-aa19-d6da03b1a232",
      "resource": {
        "id": "96ab5cbe-2e8d-4a3d-aa19-d6da03b1a232",
        "meta": {
          "profile": [
            "http://standardhealthrecord.org/fhir/StructureDefinition/shr-demographics-PersonOfRecord"
          ]
        },
        "text": {
          "status": "generated",
          "div": "<div>Generated by <a href=\"https://github.com/synthetichealth/synthea\">Synthea</a>. Version identifier: 4d02400401b9fab839e47bf5b2f1f6a8c683ab55</div>"
        },
        "extension": [
          {
            "url": "http://hl7.org/fhir/us/core/StructureDefinition/us-core-race",
            "valueCodeableConcept": {
              "coding": [
                {
                  "system": "http://hl7.org/fhir/v3/Race",
                  "code": "2106-3",
                  "display": "White"
                }
              ],
              "text": "race"
            }
          },
          {
            "url": "http://hl7.org/fhir/us/core/StructureDefinition/us-core-ethnicity",
            "valueCodeableConcept": {
              "coding": [
                {
                  "system": "http://hl7.org/fhir/v3/Ethnicity",
                  "code": "2186-5",
                  "display": "Nonhispanic"
                }
              ],
              "text": "ethnicity"
            }
          },
          {
            "url": "http://hl7.org/fhir/StructureDefinition/birthPlace",
            "valueAddress": {
              "city": "Norfolk",
              "state": "MA",
              "country": "US"
            }
          },
          {
            "url": "http://hl7.org/fhir/StructureDefinition/patient-mothersMaidenName",
            "valueString": "Ludwig235 Keeling376"
          },
          {
            "url": "http://hl7.org/fhir/us/core/StructureDefinition/us-core-birthsex",
            "valueCode": "M"
          },
          {
            "url": "http://hl7.org/fhir/StructureDefinition/patient-interpreterRequired",
            "valueBoolean": false
          },
          {
            "url": "http://standardhealthrecord.org/fhir/StructureDefinition/shr-actor-FictionalPerson-extension",
            "valueBoolean": true
          },
          {
            "url": "http://standardhealthrecord.org/fhir/StructureDefinition/shr-demographics-FathersName-extension",
            "valueHumanName": {
              "text": "Bill806 Abbott992"
            }
          },
          {
            "url": "http://standardhealthrecord.org/fhir/StructureDefinition/shr-demographics-SocialSecurityNumber-extension",
            "valueString": "999-85-6467"
          }
        ],
        "identifier": [
          {
            "system": "https://github.com/synthetichealth/synthea",
            "value": "83385335-0d82-4679-b1b2-9b5b749934eb"
          },
          {
            "type": {
              "coding": [
                {
                  "system": "http://hl7.org/fhir/identifier-type",
                  "code": "SB"
                }
              ]
            },
            "system": "http://hl7.org/fhir/sid/us-ssn",
            "value": "999856467"
          },
          {
            "type": {
              "coding": [
                {
                  "system": "http://hl7.org/fhir/v2/0203",
                  "code": "DL"
                }
              ]
            },
            "system": "urn:oid:2.16.840.1.113883.4.3.25",
            "value": "S99940999"
          }
        ],
        "name": [
          {
            "use": "official",
            "family": "Abbott992",
            "given": [
              "Assunta822"
            ],
            "prefix": [
              "Mr."
            ]
          }
        ],
        "telecom": [
          {
            "system": "phone",
            "value": "(296) 968-4712",
            "use": "home"
          }
        ],
        "gender": "male",
        "birthDate": "1982-11-01",
        "address": [
          {
            "extension": [
              {
                "extension": [
                  {
                    "url": "latitude",
                    "valueDecimal": 41.619360650965824
                  },
                  {
                    "url": "longitude",
                    "valueDecimal": -70.44690989688205
                  }
                ],
                "url": "http://hl7.org/fhir/StructureDefinition/geolocation"
              }
            ],
            "line": [
              "1526 Guy Dale",
              "Suite 789"
            ],
            "city": "Barnstable",
            "state": "MA",
            "postalCode": "02630",
            "country": "US"
          }
        ],
        "maritalStatus": {
          "coding": [
            {
              "system": "http://hl7.org/fhir/v3/MaritalStatus",
              "code": "M"
            }
          ],
          "text": "M"
        },
        "multipleBirthBoolean": false,
        "communication": [
          {
            "language": {
              "coding": [
                {
                  "system": "http://hl7.org/fhir/ValueSet/languages",
                  "code": "en-US",
                  "display": "English (United States)"
                }
              ]
            }
          }
        ],
        "resourceType": "Patient"
      }
    },
    {
      "fullUrl": "urn:uuid:3b852d27-34ab-4468-bc9f-7b762e698a3d",
      "resource": {
        "id": "3b852d27-34ab-4468-bc9f-7b762e698a3d",
        "meta": {
          "profile": [
            "http://standardhealthrecord.org/fhir/StructureDefinition/shr-actor-Organization"
          ]
        },
        "type": [
          {
            "coding": [
              {
                "system": "http://hl7.org/fhir/ValueSet/organization-type",
                "code": "prov",
                "display": "Healthcare Provider"
              }
            ],
            "text": "Healthcare Provider"
          }
        ],
        "name": "Synthetic Provider",
        "resourceType": "Organization"
      }
    },
    {
      "fullUrl": "urn:uuid:791dee63-db28-4dc6-be75-b633c5388188",
      "resource": {
        "id": "791dee63-db28-4dc6-be75-b633c5388188",
        "meta": {
          "profile": [
            "http://standardhealthrecord.org/fhir/StructureDefinition/shr-encounter-Encounter"
          ]
        },
        "status": "finished",
        "class": {
          "code": "ambulatory"
        },
        "type": [
          {
            "coding": [
              {
                "system": "http://snomed.info/sct",
                "code": "185345009"
              }
            ],
            "text": "Encounter for symptom"
          }
        ],
        "subject": {
          "reference": "urn:uuid:96ab5cbe-2e8d-4a3d-aa19-d6da03b1a232"
        },
        "period": {
          "start": "2011-02-11T06:00:49-05:00",
          "end": "2011-02-11T06:00:49-05:00"
        },
        "reason": {
          "coding": [
            {
              "system": "http://snomed.info/sct",
              "code": "195662009",
              "display": "Acute viral pharyngitis (disorder)"
            }
          ]
        },
        "serviceProvider": {
          "reference": "urn:uuid:3b852d27-34ab-4468-bc9f-7b762e698a3d"
        },
        "resourceType": "Encounter"
      }
    },
    {
      "fullUrl": "urn:uuid:bd63c348-a0d9-46b0-96ee-b6ff44caac21",
      "resource": {
        "id": "bd63c348-a0d9-46b0-96ee-b6ff44caac21",
        "meta": {
          "profile": [
            "http://standardhealthrecord.org/fhir/StructureDefinition/shr-problem-Problem"
          ]
        },
        "clinicalStatus": "active",
        "verificationStatus": "confirmed",
        "code": {
          "coding": [
            {
              "system": "http://snomed.info/sct",
              "code": "15777000",
              "display": "Prediabetes"
            }
          ],
          "text": "Prediabetes"
        },
        "subject": {
          "reference": "urn:uuid:96ab5cbe-2e8d-4a3d-aa19-d6da03b1a232"
        },
        "context": {
          "reference": "urn:uuid:791dee63-db28-4dc6-be75-b633c5388188"
        },
        "onsetDateTime": "2009-05-30T16:05:24-04:00",
        "assertedDate": "2009-05-30",
        "resourceType": "Condition"
      }
    },
    {
      "fullUrl": "urn:uuid:ac8bc6b9-fdd0-40cc-a2a8-3deda7ab0f57",
      "resource": {
        "id": "ac8bc6b9-fdd0-40cc-a2a8-3deda7ab0f57",
        "meta": {
          "profile": [
            "http://standardhealthrecord.org/fhir/StructureDefinition/shr-problem-Problem"
          ]
        },
        "clinicalStatus": "active",
        "verificationStatus": "confirmed",
        "code": {
          "coding": [
            {
              "system": "http://snomed.info/sct",
              "code": "195662009",
              "display": "Acute viral pharyngitis (disorder)"
            }
          ],
          "text": "Acute viral pharyngitis (disorder)"
        },
        "subject": {
          "reference": "urn:uuid:96ab5cbe-2e8d-4a3d-aa19-d6da03b1a232"
        },
        "context": {
          "reference": "urn:uuid:791dee63-db28-4dc6-be75-b633c5388188"
        },
        "onsetDateTime": "2011-02-11T06:00:49-05:00",
        "abatementDateTime": "2011-02-21T08:11:30-05:00",
        "assertedDate": "2011-02-11",
        "resourceType": "Condition"
      }
    },
    {
      "fullUrl": "urn:uuid:3d189226-e92a-4786-8cfe-35f4e22c605f",
      "resource": {
        "id": "3d189226-e92a-4786-8cfe-35f4e22c605f",
        "meta": {
          "profile": [
            "http://standardhealthrecord.org/fhir/StructureDefinition/shr-observation-Observation",
            "http://standardhealthrecord.org/fhir/StructureDefinition/shr-vital-VitalSign"
          ]
        },
        "status": "final",
        "category": [
          {
            "coding": [
              {
                "system": "http://hl7.org/fhir/observation-category",
                "code": "vital-signs"
              }
            ]
          }
        ],
        "code": {
          "coding": [
            {
              "system": "http://loinc.org",
              "code": "8331-1",
              "display": "Oral temperature"
            }
          ],
          "text": "Oral temperature"
        },
        "subject": {
          "reference": "urn:uuid:96ab5cbe-2e8d-4a3d-aa19-d6da03b1a232"
        },
        "context": {
          "reference": "urn:uuid:791dee63-db28-4dc6-be75-b633c5388188"
        },
        "effectiveDateTime": "2011-02-11T06:00:49-05:00",
        "issued": "2011-02-11T06:00:49-05:00",
        "valueQuantity": {
          "value": 37,
          "unit": "Cel",
          "system": "http://unitsofmeasure.org/",
          "code": "Cel"
        },
        "resourceType": "Observation"
      }
    },
    {
      "resource": {
        "status": "in-progress",
        "description": {
          "text": "Hemoglobin A1c total in Blood < 7.0"
        },
        "addresses": [
          {
            "reference": "urn:uuid:bd63c348-a0d9-46b0-96ee-b6ff44caac21"
          }
        ],
        "resourceType": "Goal"
      }
    },
    {
      "resource": {
        "status": "in-progress",
        "description": {
          "text": "Glucose [Mass/volume] in Blood < 108"
        },
        "addresses": [
          {
            "reference": "urn:uuid:bd63c348-a0d9-46b0-96ee-b6ff44caac21"
          }
        ],
        "resourceType": "Goal"
      }
    },
    {
      "resource": {
        "status": "in-progress",
        "description": {
          "text": "Maintain blood pressure below 140/90 mmHg"
        },
        "addresses": [
          {
            "reference": "urn:uuid:bd63c348-a0d9-46b0-96ee-b6ff44caac21"
          }
        ],
        "resourceType": "Goal"
      }
    },
    {
      "resource": {
        "status": "in-progress",
        "description": {
          "text": "Improve and maintenance of optimal foot health: aim at early detection of peripheral vascular problems and neuropathy presumed due to diabetes; and prevention of diabetic foot ulcer, gangrene"
        },
        "addresses": [
          {
            "reference": "urn:uuid:bd63c348-a0d9-46b0-96ee-b6ff44caac21"
          }
        ],
        "resourceType": "Goal"
      }
    },
    {
      "resource": {
        "status": "in-progress",
        "description": {
          "text": "Address patient knowledge deficit on diabetic self-care"
        },
        "addresses": [
          {
            "reference": "urn:uuid:bd63c348-a0d9-46b0-96ee-b6ff44caac21"
          }
        ],
        "resourceType": "Goal"
      }
    },
    {
      "resource": {
        "status": "active",
        "category": [
          {
            "coding": [
              {
                "system": "http://snomed.info/sct",
                "code": "698360004",
                "display": "Diabetes self management plan"
              }
            ]
          }
        ],
        "subject": {
          "reference": "urn:uuid:96ab5cbe-2e8d-4a3d-aa19-d6da03b1a232"
        },
        "context": {
          "reference": "urn:uuid:791dee63-db28-4dc6-be75-b633c5388188"
        },
        "period": {
          "start": "2009-05-30"
        },
        "addresses": [
          {
            "reference": "urn:uuid:bd63c348-a0d9-46b0-96ee-b6ff44caac21"
          }
        ],
        "goal": [
          {
            "reference": ""
          },
          {
            "reference": ""
          },
          {
            "reference": ""
          },
          {
            "reference": ""
          },
          {
            "reference": ""
          }
        ],
        "activity": [
          {
            "detail": {
              "code": {
                "coding": [
                  {
                    "system": "http://snomed.info/sct",
                    "code": "160670007",
                    "display": "Diabetic diet"
                  }
                ]
              },
              "status": "in-progress"
            }
          },
          {
            "detail": {
              "code": {
                "coding": [
                  {
                    "system": "http://snomed.info/sct",
                    "code": "229065009",
                    "display": "Exercise therapy"
                  }
                ]
              },
              "status": "in-progress"
            }
          }
        ],
        "resourceType": "CarePlan"
      }
    },
    {
      "fullUrl": "urn:uuid:8f8303f8-5d09-45b2-84ba-008d01e01917",
      "resource": {
        "id": "8f8303f8-5d09-45b2-84ba-008d01e01917",
        "meta": {
          "profile": [
            "http://standardhealthrecord.org/fhir/StructureDefinition/shr-encounter-Encounter"
          ]
        },
        "status": "finished",
        "class": {
          "code": "outpatient"
        },
        "type": [
          {
            "coding": [
              {
                "system": "http://snomed.info/sct",
                "code": "185349003"
              }
            ],
            "text": "Outpatient Encounter"
          }
        ],
        "subject": {
          "reference": "urn:uuid:96ab5cbe-2e8d-4a3d-aa19-d6da03b1a232"
        },
        "period": {
          "start": "2012-07-28T10:27:37-04:00",
          "end": "2012-07-28T11:27:37-04:00"
        },
        "serviceProvider": {
          "reference": "urn:uuid:3b852d27-34ab-4468-bc9f-7b762e698a3d"
        },
        "resourceType": "Encounter"
      }
    },
    {
      "fullUrl": "urn:uuid:2e378c9d-2188-4cf5-9570-7361ae2b5572",
      "resource": {
        "id": "2e378c9d-2188-4cf5-9570-7361ae2b5572",
        "meta": {
          "profile": [
            "http://standardhealthrecord.org/fhir/StructureDefinition/shr-observation-Observation"
          ]
        },
        "status": "final",
        "category": [
          {
            "coding": [
              {
                "system": "http://hl7.org/fhir/observation-category",
                "code": "laboratory"
              }
            ]
          }
        ],
        "code": {
          "coding": [
            {
              "system": "http://loinc.org",
              "code": "4548-4",
              "display": "Hemoglobin A1c/Hemoglobin.total in Blood"
            }
          ],
          "text": "Hemoglobin A1c/Hemoglobin.total in Blood"
        },
        "subject": {
          "reference": "urn:uuid:96ab5cbe-2e8d-4a3d-aa19-d6da03b1a232"
        },
        "context": {
          "reference": "urn:uuid:8f8303f8-5d09-45b2-84ba-008d01e01917"
        },
        "effectiveDateTime": "2012-07-28T10:27:37-04:00",
        "issued": "2012-07-28T10:27:37-04:00",
        "valueQuantity": {
          "value": 5.8,
          "unit": "%",
          "system": "http://unitsofmeasure.org/",
          "code": "%"
        },
        "resourceType": "Observation"
      }
    },
    {
      "fullUrl": "urn:uuid:e9b053cd-666d-4e06-86c2-718de180c2d9",
      "resource": {
        "id": "e9b053cd-666d-4e06-86c2-718de180c2d9",
        "meta": {
          "profile": [
            "http://standardhealthrecord.org/fhir/StructureDefinition/shr-observation-Observation",
            "http://standardhealthrecord.org/fhir/StructureDefinition/shr-vital-VitalSign",
            "http://standardhealthrecord.org/fhir/StructureDefinition/shr-vital-BodyHeight"
          ]
        },
        "status": "final",
        "category": [
          {
            "coding": [
              {
                "system": "http://hl7.org/fhir/observation-category",
                "code": "vital-signs"
              }
            ]
          }
        ],
        "code": {
          "coding": [
            {
              "system": "http://loinc.org",
              "code": "8302-2",
              "display": "Body Height"
            }
          ],
          "text": "Body Height"
        },
        "subject": {
          "reference": "urn:uuid:96ab5cbe-2e8d-4a3d-aa19-d6da03b1a232"
        },
        "context": {
          "reference": "urn:uuid:8f8303f8-5d09-45b2-84ba-008d01e01917"
        },
        "effectiveDateTime": "2012-07-28T10:27:37-04:00",
        "issued": "2012-07-28T10:27:37-04:00",
        "valueQuantity": {
          "value": 179.80252149549472,
          "unit": "cm",
          "system": "http://unitsofmeasure.org/",
          "code": "cm"
        },
        "resourceType": "Observation"
      }
    },
    {
      "fullUrl": "urn:uuid:6a66709a-8cb1-4efd-bbbd-737ba653307b",
      "resource": {
        "id": "6a66709a-8cb1-4efd-bbbd-737ba653307b",
        "meta": {
          "profile": [
            "http://standardhealthrecord.org/fhir/StructureDefinition/shr-observation-Observation",
            "http://standardhealthrecord.org/fhir/StructureDefinition/shr-vital-VitalSign",
            "http://standardhealthrecord.org/fhir/StructureDefinition/shr-vital-BodyWeight"
          ]
        },
        "status": "final",
        "category": [
          {
            "coding": [
              {
                "system": "http://hl7.org/fhir/observation-category",
                "code": "vital-signs"
              }
            ]
          }
        ],
        "code": {
          "coding": [
            {
              "system": "http://loinc.org",
              "code": "29463-7",
              "display": "Body Weight"
            }
          ],
          "text": "Body Weight"
        },
        "subject": {
          "reference": "urn:uuid:96ab5cbe-2e8d-4a3d-aa19-d6da03b1a232"
        },
        "context": {
          "reference": "urn:uuid:8f8303f8-5d09-45b2-84ba-008d01e01917"
        },
        "effectiveDateTime": "2012-07-28T10:27:37-04:00",
        "issued": "2012-07-28T10:27:37-04:00",
        "valueQuantity": {
          "value": 96.4730921071679,
          "unit": "kg",
          "system": "http://unitsofmeasure.org/",
          "code": "kg"
        },
        "resourceType": "Observation"
      }
    },
    {
      "fullUrl": "urn:uuid:a3d73701-4d7e-4ed1-8056-084de35c5fe7",
      "resource": {
        "id": "a3d73701-4d7e-4ed1-8056-084de35c5fe7",
        "meta": {
          "profile": [
            "http://standardhealthrecord.org/fhir/StructureDefinition/shr-observation-Observation",
            "http://standardhealthrecord.org/fhir/StructureDefinition/shr-vital-VitalSign",
            "http://standardhealthrecord.org/fhir/StructureDefinition/shr-vital-BodyMassIndex"
          ]
        },
        "status": "final",
        "category": [
          {
            "coding": [
              {
                "system": "http://hl7.org/fhir/observation-category",
                "code": "vital-signs"
              }
            ]
          }
        ],
        "code": {
          "coding": [
            {
              "system": "http://loinc.org",
              "code": "39156-5",
              "display": "Body Mass Index"
            }
          ],
          "text": "Body Mass Index"
        },
        "subject": {
          "reference": "urn:uuid:96ab5cbe-2e8d-4a3d-aa19-d6da03b1a232"
        },
        "context": {
          "reference": "urn:uuid:8f8303f8-5d09-45b2-84ba-008d01e01917"
        },
        "effectiveDateTime": "2012-07-28T10:27:37-04:00",
        "issued": "2012-07-28T10:27:37-04:00",
        "valueQuantity": {
          "value": 29.841087275302,
          "unit": "kg/m2",
          "system": "http://unitsofmeasure.org/",
          "code": "kg/m2"
        },
        "resourceType": "Observation"
      }
    },
    {
      "fullUrl": "urn:uuid:7e591c30-cde5-4476-b7a4-acc49a7ceb7f",
      "resource": {
        "id": "7e591c30-cde5-4476-b7a4-acc49a7ceb7f",
        "meta": {
          "profile": [
            "http://standardhealthrecord.org/fhir/StructureDefinition/shr-observation-Observation",
            "http://standardhealthrecord.org/fhir/StructureDefinition/shr-vital-BloodPressure"
          ]
        },
        "status": "final",
        "category": [
          {
            "coding": [
              {
                "system": "http://hl7.org/fhir/observation-category",
                "code": "vital-signs"
              }
            ]
          }
        ],
        "code": {
          "coding": [
            {
              "system": "http://loinc.org",
              "code": "55284-4",
              "display": "Blood Pressure"
            }
          ]
        },
        "subject": {
          "reference": "urn:uuid:96ab5cbe-2e8d-4a3d-aa19-d6da03b1a232"
        },
        "context": {
          "reference": "urn:uuid:8f8303f8-5d09-45b2-84ba-008d01e01917"
        },
        "effectiveDateTime": "2012-07-28T10:27:37-04:00",
        "issued": "2012-07-28T10:27:37-04:00",
        "component": [
          {
            "code": {
              "coding": [
                {
                  "system": "http://loinc.org",
                  "code": "8480-6",
                  "display": "Systolic Blood Pressure"
                }
              ],
              "text": "Systolic Blood Pressure"
            },
            "valueQuantity": {
              "value": 136,
              "unit": "mmHg",
              "system": "http://unitsofmeasure.org/",
              "code": "mmHg"
            }
          },
          {
            "code": {
              "coding": [
                {
                  "system": "http://loinc.org",
                  "code": "8462-4",
                  "display": "Diastolic Blood Pressure"
                }
              ],
              "text": "Diastolic Blood Pressure"
            },
            "valueQuantity": {
              "value": 81,
              "unit": "mmHg",
              "system": "http://unitsofmeasure.org/",
              "code": "mmHg"
            }
          }
        ],
        "resourceType": "Observation"
      }
    },
    {
      "fullUrl": "urn:uuid:8dee2c2e-5f4b-4992-aa09-b7a9d99c3bd8",
      "resource": {
        "id": "8dee2c2e-5f4b-4992-aa09-b7a9d99c3bd8",
        "meta": {
          "profile": [
            "http://standardhealthrecord.org/fhir/StructureDefinition/shr-observation-Observation"
          ]
        },
        "status": "final",
        "category": [
          {
            "coding": [
              {
                "system": "http://hl7.org/fhir/observation-category",
                "code": "laboratory"
              }
            ]
          }
        ],
        "code": {
          "coding": [
            {
              "system": "http://loinc.org",
              "code": "4548-4",
              "display": "Hemoglobin A1c/Hemoglobin.total in Blood"
            }
          ],
          "text": "Hemoglobin A1c/Hemoglobin.total in Blood"
        },
        "subject": {
          "reference": "urn:uuid:96ab5cbe-2e8d-4a3d-aa19-d6da03b1a232"
        },
        "context": {
          "reference": "urn:uuid:8f8303f8-5d09-45b2-84ba-008d01e01917"
        },
        "effectiveDateTime": "2012-07-28T10:27:37-04:00",
        "issued": "2012-07-28T10:27:37-04:00",
        "valueQuantity": {
          "value": 5.8,
          "unit": "%",
          "system": "http://unitsofmeasure.org/",
          "code": "%"
        },
        "resourceType": "Observation"
      }
    },
    {
      "fullUrl": "urn:uuid:c09fae34-8443-43e9-821a-639fed68bb68",
      "resource": {
        "id": "c09fae34-8443-43e9-821a-639fed68bb68",
        "meta": {
          "profile": [
            "http://standardhealthrecord.org/fhir/StructureDefinition/shr-observation-Observation"
          ]
        },
        "status": "final",
        "category": [
          {
            "coding": [
              {
                "system": "http://hl7.org/fhir/observation-category",
                "code": "laboratory"
              }
            ]
          }
        ],
        "code": {
          "coding": [
            {
              "system": "http://loinc.org",
              "code": "2339-0",
              "display": "Glucose"
            }
          ],
          "text": "Glucose"
        },
        "subject": {
          "reference": "urn:uuid:96ab5cbe-2e8d-4a3d-aa19-d6da03b1a232"
        },
        "context": {
          "reference": "urn:uuid:8f8303f8-5d09-45b2-84ba-008d01e01917"
        },
        "effectiveDateTime": "2012-07-28T10:27:37-04:00",
        "issued": "2012-07-28T10:27:37-04:00",
        "valueQuantity": {
          "value": 77,
          "unit": "mg/dL",
          "system": "http://unitsofmeasure.org/",
          "code": "mg/dL"
        },
        "resourceType": "Observation"
      }
    },
    {
      "fullUrl": "urn:uuid:228664b5-4578-4afd-a71f-acba9c830aa4",
      "resource": {
        "id": "228664b5-4578-4afd-a71f-acba9c830aa4",
        "meta": {
          "profile": [
            "http://standardhealthrecord.org/fhir/StructureDefinition/shr-observation-Observation"
          ]
        },
        "status": "final",
        "category": [
          {
            "coding": [
              {
                "system": "http://hl7.org/fhir/observation-category",
                "code": "laboratory"
              }
            ]
          }
        ],
        "code": {
          "coding": [
            {
              "system": "http://loinc.org",
              "code": "6299-2",
              "display": "Urea Nitrogen"
            }
          ],
          "text": "Urea Nitrogen"
        },
        "subject": {
          "reference": "urn:uuid:96ab5cbe-2e8d-4a3d-aa19-d6da03b1a232"
        },
        "context": {
          "reference": "urn:uuid:8f8303f8-5d09-45b2-84ba-008d01e01917"
        },
        "effectiveDateTime": "2012-07-28T10:27:37-04:00",
        "issued": "2012-07-28T10:27:37-04:00",
        "valueQuantity": {
          "value": 18,
          "unit": "mg/dL",
          "system": "http://unitsofmeasure.org/",
          "code": "mg/dL"
        },
        "resourceType": "Observation"
      }
    },
    {
      "fullUrl": "urn:uuid:f2b43da3-b8d8-4397-a4fb-d56ea8989301",
      "resource": {
        "id": "f2b43da3-b8d8-4397-a4fb-d56ea8989301",
        "meta": {
          "profile": [
            "http://standardhealthrecord.org/fhir/StructureDefinition/shr-observation-Observation"
          ]
        },
        "status": "final",
        "category": [
          {
            "coding": [
              {
                "system": "http://hl7.org/fhir/observation-category",
                "code": "laboratory"
              }
            ]
          }
        ],
        "code": {
          "coding": [
            {
              "system": "http://loinc.org",
              "code": "38483-4",
              "display": "Creatinine"
            }
          ],
          "text": "Creatinine"
        },
        "subject": {
          "reference": "urn:uuid:96ab5cbe-2e8d-4a3d-aa19-d6da03b1a232"
        },
        "context": {
          "reference": "urn:uuid:8f8303f8-5d09-45b2-84ba-008d01e01917"
        },
        "effectiveDateTime": "2012-07-28T10:27:37-04:00",
        "issued": "2012-07-28T10:27:37-04:00",
        "valueQuantity": {
          "value": 1.0,
          "unit": "mg/dL",
          "system": "http://unitsofmeasure.org/",
          "code": "mg/dL"
        },
        "resourceType": "Observation"
      }
    },
    {
      "fullUrl": "urn:uuid:91909dd0-49e6-43ea-8b01-67f9cd8b2726",
      "resource": {
        "id": "91909dd0-49e6-43ea-8b01-67f9cd8b2726",
        "meta": {
          "profile": [
            "http://standardhealthrecord.org/fhir/StructureDefinition/shr-observation-Observation"
          ]
        },
        "status": "final",
        "category": [
          {
            "coding": [
              {
                "system": "http://hl7.org/fhir/observation-category",
                "code": "laboratory"
              }
            ]
          }
        ],
        "code": {
          "coding": [
            {
              "system": "http://loinc.org",
              "code": "49765-1",
              "display": "Calcium"
            }
          ],
          "text": "Calcium"
        },
        "subject": {
          "reference": "urn:uuid:96ab5cbe-2e8d-4a3d-aa19-d6da03b1a232"
        },
        "context": {
          "reference": "urn:uuid:8f8303f8-5d09-45b2-84ba-008d01e01917"
        },
        "effectiveDateTime": "2012-07-28T10:27:37-04:00",
        "issued": "2012-07-28T10:27:37-04:00",
        "valueQuantity": {
          "value": 8.589061167781063,
          "unit": "mg/dL",
          "system": "http://unitsofmeasure.org/",
          "code": "mg/dL"
        },
        "resourceType": "Observation"
      }
    },
    {
      "fullUrl": "urn:uuid:e6e526b3-4a25-4d41-9b27-07ee247a5296",
      "resource": {
        "id": "e6e526b3-4a25-4d41-9b27-07ee247a5296",
        "meta": {
          "profile": [
            "http://standardhealthrecord.org/fhir/StructureDefinition/shr-observation-Observation"
          ]
        },
        "status": "final",
        "category": [
          {
            "coding": [
              {
                "system": "http://hl7.org/fhir/observation-category",
                "code": "laboratory"
              }
            ]
          }
        ],
        "code": {
          "coding": [
            {
              "system": "http://loinc.org",
              "code": "2947-0",
              "display": "Sodium"
            }
          ],
          "text": "Sodium"
        },
        "subject": {
          "reference": "urn:uuid:96ab5cbe-2e8d-4a3d-aa19-d6da03b1a232"
        },
        "context": {
          "reference": "urn:uuid:8f8303f8-5d09-45b2-84ba-008d01e01917"
        },
        "effectiveDateTime": "2012-07-28T10:27:37-04:00",
        "issued": "2012-07-28T10:27:37-04:00",
        "valueQuantity": {
          "value": 139,
          "unit": "mmol/L",
          "system": "http://unitsofmeasure.org/",
          "code": "mmol/L"
        },
        "resourceType": "Observation"
      }
    },
    {
      "fullUrl": "urn:uuid:94188141-8d49-4e22-8234-f835448795f4",
      "resource": {
        "id": "94188141-8d49-4e22-8234-f835448795f4",
        "meta": {
          "profile": [
            "http://standardhealthrecord.org/fhir/StructureDefinition/shr-observation-Observation"
          ]
        },
        "status": "final",
        "category": [
          {
            "coding": [
              {
                "system": "http://hl7.org/fhir/observation-category",
                "code": "laboratory"
              }
            ]
          }
        ],
        "code": {
          "coding": [
            {
              "system": "http://loinc.org",
              "code": "6298-4",
              "display": "Potassium"
            }
          ],
          "text": "Potassium"
        },
        "subject": {
          "reference": "urn:uuid:96ab5cbe-2e8d-4a3d-aa19-d6da03b1a232"
        },
        "context": {
          "reference": "urn:uuid:8f8303f8-5d09-45b2-84ba-008d01e01917"
        },
        "effectiveDateTime": "2012-07-28T10:27:37-04:00",
        "issued": "2012-07-28T10:27:37-04:00",
        "valueQuantity": {
          "value": 4.29079284679529,
          "unit": "mmol/L",
          "system": "http://unitsofmeasure.org/",
          "code": "mmol/L"
        },
        "resourceType": "Observation"
      }
    },
    {
      "fullUrl": "urn:uuid:3500ed27-dde9-4993-bde6-f12d1e1ad67f",
      "resource": {
        "id": "3500ed27-dde9-4993-bde6-f12d1e1ad67f",
        "meta": {
          "profile": [
            "http://standardhealthrecord.org/fhir/StructureDefinition/shr-observation-Observation"
          ]
        },
        "status": "final",
        "category": [
          {
            "coding": [
              {
                "system": "http://hl7.org/fhir/observation-category",
                "code": "laboratory"
              }
            ]
          }
        ],
        "code": {
          "coding": [
            {
              "system": "http://loinc.org",
              "code": "2069-3",
              "display": "Chloride"
            }
          ],
          "text": "Chloride"
        },
        "subject": {
          "reference": "urn:uuid:96ab5cbe-2e8d-4a3d-aa19-d6da03b1a232"
        },
        "context": {
          "reference": "urn:uuid:8f8303f8-5d09-45b2-84ba-008d01e01917"
        },
        "effectiveDateTime": "2012-07-28T10:27:37-04:00",
        "issued": "2012-07-28T10:27:37-04:00",
        "valueQuantity": {
          "value": 102,
          "unit": "mmol/L",
          "system": "http://unitsofmeasure.org/",
          "code": "mmol/L"
        },
        "resourceType": "Observation"
      }
    },
    {
      "fullUrl": "urn:uuid:6dd5d863-1040-4677-94ae-63c37859f6ec",
      "resource": {
        "id": "6dd5d863-1040-4677-94ae-63c37859f6ec",
        "meta": {
          "profile": [
            "http://standardhealthrecord.org/fhir/StructureDefinition/shr-observation-Observation"
          ]
        },
        "status": "final",
        "category": [
          {
            "coding": [
              {
                "system": "http://hl7.org/fhir/observation-category",
                "code": "laboratory"
              }
            ]
          }
        ],
        "code": {
          "coding": [
            {
              "system": "http://loinc.org",
              "code": "20565-8",
              "display": "Carbon Dioxide"
            }
          ],
          "text": "Carbon Dioxide"
        },
        "subject": {
          "reference": "urn:uuid:96ab5cbe-2e8d-4a3d-aa19-d6da03b1a232"
        },
        "context": {
          "reference": "urn:uuid:8f8303f8-5d09-45b2-84ba-008d01e01917"
        },
        "effectiveDateTime": "2012-07-28T10:27:37-04:00",
        "issued": "2012-07-28T10:27:37-04:00",
        "valueQuantity": {
          "value": 23,
          "unit": "mmol/L",
          "system": "http://unitsofmeasure.org/",
          "code": "mmol/L"
        },
        "resourceType": "Observation"
      }
    },
    {
      "fullUrl": "urn:uuid:f5bf5f0e-33a4-4558-9ec0-5ae1f75a4c3b",
      "resource": {
        "id": "f5bf5f0e-33a4-4558-9ec0-5ae1f75a4c3b",
        "meta": {
          "profile": [
            "http://standardhealthrecord.org/fhir/StructureDefinition/shr-observation-Panel"
          ]
        },
        "status": "final",
        "code": {
          "coding": [
            {
              "system": "http://loinc.org",
              "code": "51990-0",
              "display": "Basic Metabolic Panel"
            }
          ]
        },
        "subject": {
          "reference": "urn:uuid:96ab5cbe-2e8d-4a3d-aa19-d6da03b1a232"
        },
        "context": {
          "reference": "urn:uuid:8f8303f8-5d09-45b2-84ba-008d01e01917"
        },
        "effectiveDateTime": "2012-07-28T10:27:37-04:00",
        "issued": "2012-07-28T10:27:37-04:00",
        "result": [
          {
            "reference": "urn:uuid:c09fae34-8443-43e9-821a-639fed68bb68",
            "display": "Glucose"
          },
          {
            "reference": "urn:uuid:228664b5-4578-4afd-a71f-acba9c830aa4",
            "display": "Urea Nitrogen"
          },
          {
            "reference": "urn:uuid:f2b43da3-b8d8-4397-a4fb-d56ea8989301",
            "display": "Creatinine"
          },
          {
            "reference": "urn:uuid:91909dd0-49e6-43ea-8b01-67f9cd8b2726",
            "display": "Calcium"
          },
          {
            "reference": "urn:uuid:e6e526b3-4a25-4d41-9b27-07ee247a5296",
            "display": "Sodium"
          },
          {
            "reference": "urn:uuid:94188141-8d49-4e22-8234-f835448795f4",
            "display": "Potassium"
          },
          {
            "reference": "urn:uuid:3500ed27-dde9-4993-bde6-f12d1e1ad67f",
            "display": "Chloride"
          },
          {
            "reference": "urn:uuid:6dd5d863-1040-4677-94ae-63c37859f6ec",
            "display": "Carbon Dioxide"
          }
        ],
        "resourceType": "DiagnosticReport"
      }
    },
    {
      "resource": {
        "meta": {
          "profile": [
            "http://standardhealthrecord.org/fhir/StructureDefinition/shr-immunization-Immunization"
          ]
        },
        "status": "completed",
        "notGiven": false,
        "vaccineCode": {
          "coding": [
            {
              "system": "http://hl7.org/fhir/sid/cvx",
              "code": "140",
              "display": "Influenza, seasonal, injectable, preservative free"
            }
          ],
          "text": "Influenza, seasonal, injectable, preservative free"
        },
        "patient": {
          "reference": "urn:uuid:96ab5cbe-2e8d-4a3d-aa19-d6da03b1a232"
        },
        "encounter": {
          "reference": "urn:uuid:8f8303f8-5d09-45b2-84ba-008d01e01917"
        },
        "date": "2012-07-28T10:27:37-04:00",
        "primarySource": true,
        "resourceType": "Immunization"
      }
    },
    {
      "fullUrl": "urn:uuid:a4798a38-b685-45fc-8084-cec51a3eedc2",
      "resource": {
        "id": "a4798a38-b685-45fc-8084-cec51a3eedc2",
        "meta": {
          "profile": [
            "http://standardhealthrecord.org/fhir/StructureDefinition/shr-encounter-Encounter"
          ]
        },
        "status": "finished",
        "class": {
          "code": "ambulatory"
        },
        "type": [
          {
            "coding": [
              {
                "system": "http://snomed.info/sct",
                "code": "185345009"
              }
            ],
            "text": "Encounter for symptom"
          }
        ],
        "subject": {
          "reference": "urn:uuid:96ab5cbe-2e8d-4a3d-aa19-d6da03b1a232"
        },
        "period": {
          "start": "2013-02-24T20:33:56-05:00",
          "end": "2013-02-24T20:33:56-05:00"
        },
        "reason": {
          "coding": [
            {
              "system": "http://snomed.info/sct",
              "code": "195662009",
              "display": "Acute viral pharyngitis (disorder)"
            }
          ]
        },
        "serviceProvider": {
          "reference": "urn:uuid:3b852d27-34ab-4468-bc9f-7b762e698a3d"
        },
        "resourceType": "Encounter"
      }
    },
    {
      "fullUrl": "urn:uuid:6b5c1438-f9bc-4e74-b2bb-3b4016a87fcc",
      "resource": {
        "id": "6b5c1438-f9bc-4e74-b2bb-3b4016a87fcc",
        "meta": {
          "profile": [
            "http://standardhealthrecord.org/fhir/StructureDefinition/shr-problem-Problem"
          ]
        },
        "clinicalStatus": "active",
        "verificationStatus": "confirmed",
        "code": {
          "coding": [
            {
              "system": "http://snomed.info/sct",
              "code": "195662009",
              "display": "Acute viral pharyngitis (disorder)"
            }
          ],
          "text": "Acute viral pharyngitis (disorder)"
        },
        "subject": {
          "reference": "urn:uuid:96ab5cbe-2e8d-4a3d-aa19-d6da03b1a232"
        },
        "context": {
          "reference": "urn:uuid:a4798a38-b685-45fc-8084-cec51a3eedc2"
        },
        "onsetDateTime": "2013-02-21T08:11:30-05:00",
        "abatementDateTime": "2013-03-04T03:28:45-05:00",
        "assertedDate": "2013-02-21",
        "resourceType": "Condition"
      }
    },
    {
      "fullUrl": "urn:uuid:5d90e887-e3a1-4a59-994f-9f00718f40a0",
      "resource": {
        "id": "5d90e887-e3a1-4a59-994f-9f00718f40a0",
        "meta": {
          "profile": [
            "http://standardhealthrecord.org/fhir/StructureDefinition/shr-observation-Observation",
            "http://standardhealthrecord.org/fhir/StructureDefinition/shr-vital-VitalSign"
          ]
        },
        "status": "final",
        "category": [
          {
            "coding": [
              {
                "system": "http://hl7.org/fhir/observation-category",
                "code": "vital-signs"
              }
            ]
          }
        ],
        "code": {
          "coding": [
            {
              "system": "http://loinc.org",
              "code": "8331-1",
              "display": "Oral temperature"
            }
          ],
          "text": "Oral temperature"
        },
        "subject": {
          "reference": "urn:uuid:96ab5cbe-2e8d-4a3d-aa19-d6da03b1a232"
        },
        "context": {
          "reference": "urn:uuid:a4798a38-b685-45fc-8084-cec51a3eedc2"
        },
        "effectiveDateTime": "2013-02-24T20:33:56-05:00",
        "issued": "2013-02-24T20:33:56-05:00",
        "valueQuantity": {
          "value": 38,
          "unit": "Cel",
          "system": "http://unitsofmeasure.org/",
          "code": "Cel"
        },
        "resourceType": "Observation"
      }
    },
    {
      "fullUrl": "urn:uuid:8eaf5747-c214-4c27-8060-866c47a22ddb",
      "resource": {
        "id": "8eaf5747-c214-4c27-8060-866c47a22ddb",
        "meta": {
          "profile": [
            "http://standardhealthrecord.org/fhir/StructureDefinition/shr-encounter-Encounter"
          ]
        },
        "status": "finished",
        "class": {
          "code": "outpatient"
        },
        "type": [
          {
            "coding": [
              {
                "system": "http://snomed.info/sct",
                "code": "185349003"
              }
            ],
            "text": "Outpatient Encounter"
          }
        ],
        "subject": {
          "reference": "urn:uuid:96ab5cbe-2e8d-4a3d-aa19-d6da03b1a232"
        },
        "period": {
          "start": "2015-10-15T23:22:12-04:00",
          "end": "2015-10-16T00:22:12-04:00"
        },
        "serviceProvider": {
          "reference": "urn:uuid:3b852d27-34ab-4468-bc9f-7b762e698a3d"
        },
        "resourceType": "Encounter"
      }
    },
    {
      "fullUrl": "urn:uuid:1f295b23-aa0a-4dc9-b0c3-682ad4739f3c",
      "resource": {
        "id": "1f295b23-aa0a-4dc9-b0c3-682ad4739f3c",
        "meta": {
          "profile": [
            "http://standardhealthrecord.org/fhir/StructureDefinition/shr-observation-Observation"
          ]
        },
        "status": "final",
        "category": [
          {
            "coding": [
              {
                "system": "http://hl7.org/fhir/observation-category",
                "code": "laboratory"
              }
            ]
          }
        ],
        "code": {
          "coding": [
            {
              "system": "http://loinc.org",
              "code": "4548-4",
              "display": "Hemoglobin A1c/Hemoglobin.total in Blood"
            }
          ],
          "text": "Hemoglobin A1c/Hemoglobin.total in Blood"
        },
        "subject": {
          "reference": "urn:uuid:96ab5cbe-2e8d-4a3d-aa19-d6da03b1a232"
        },
        "context": {
          "reference": "urn:uuid:8eaf5747-c214-4c27-8060-866c47a22ddb"
        },
        "effectiveDateTime": "2015-10-15T23:22:12-04:00",
        "issued": "2015-10-15T23:22:12-04:00",
        "valueQuantity": {
          "value": 6.4,
          "unit": "%",
          "system": "http://unitsofmeasure.org/",
          "code": "%"
        },
        "resourceType": "Observation"
      }
    },
    {
      "fullUrl": "urn:uuid:83442b2b-0802-439b-a634-634913bf7655",
      "resource": {
        "id": "83442b2b-0802-439b-a634-634913bf7655",
        "meta": {
          "profile": [
            "http://standardhealthrecord.org/fhir/StructureDefinition/shr-observation-Observation",
            "http://standardhealthrecord.org/fhir/StructureDefinition/shr-vital-VitalSign",
            "http://standardhealthrecord.org/fhir/StructureDefinition/shr-vital-BodyHeight"
          ]
        },
        "status": "final",
        "category": [
          {
            "coding": [
              {
                "system": "http://hl7.org/fhir/observation-category",
                "code": "vital-signs"
              }
            ]
          }
        ],
        "code": {
          "coding": [
            {
              "system": "http://loinc.org",
              "code": "8302-2",
              "display": "Body Height"
            }
          ],
          "text": "Body Height"
        },
        "subject": {
          "reference": "urn:uuid:96ab5cbe-2e8d-4a3d-aa19-d6da03b1a232"
        },
        "context": {
          "reference": "urn:uuid:8eaf5747-c214-4c27-8060-866c47a22ddb"
        },
        "effectiveDateTime": "2015-10-15T23:22:12-04:00",
        "issued": "2015-10-15T23:22:12-04:00",
        "valueQuantity": {
          "value": 179.80252149549472,
          "unit": "cm",
          "system": "http://unitsofmeasure.org/",
          "code": "cm"
        },
        "resourceType": "Observation"
      }
    },
    {
      "fullUrl": "urn:uuid:55788176-712c-4d96-95a3-2b8431abb572",
      "resource": {
        "id": "55788176-712c-4d96-95a3-2b8431abb572",
        "meta": {
          "profile": [
            "http://standardhealthrecord.org/fhir/StructureDefinition/shr-observation-Observation",
            "http://standardhealthrecord.org/fhir/StructureDefinition/shr-vital-VitalSign",
            "http://standardhealthrecord.org/fhir/StructureDefinition/shr-vital-BodyWeight"
          ]
        },
        "status": "final",
        "category": [
          {
            "coding": [
              {
                "system": "http://hl7.org/fhir/observation-category",
                "code": "vital-signs"
              }
            ]
          }
        ],
        "code": {
          "coding": [
            {
              "system": "http://loinc.org",
              "code": "29463-7",
              "display": "Body Weight"
            }
          ],
          "text": "Body Weight"
        },
        "subject": {
          "reference": "urn:uuid:96ab5cbe-2e8d-4a3d-aa19-d6da03b1a232"
        },
        "context": {
          "reference": "urn:uuid:8eaf5747-c214-4c27-8060-866c47a22ddb"
        },
        "effectiveDateTime": "2015-10-15T23:22:12-04:00",
        "issued": "2015-10-15T23:22:12-04:00",
        "valueQuantity": {
          "value": 100.60144135265811,
          "unit": "kg",
          "system": "http://unitsofmeasure.org/",
          "code": "kg"
        },
        "resourceType": "Observation"
      }
    },
    {
      "fullUrl": "urn:uuid:7344c562-5e6f-4f36-afce-22a4d2afd0ab",
      "resource": {
        "id": "7344c562-5e6f-4f36-afce-22a4d2afd0ab",
        "meta": {
          "profile": [
            "http://standardhealthrecord.org/fhir/StructureDefinition/shr-observation-Observation",
            "http://standardhealthrecord.org/fhir/StructureDefinition/shr-vital-VitalSign",
            "http://standardhealthrecord.org/fhir/StructureDefinition/shr-vital-BodyMassIndex"
          ]
        },
        "status": "final",
        "category": [
          {
            "coding": [
              {
                "system": "http://hl7.org/fhir/observation-category",
                "code": "vital-signs"
              }
            ]
          }
        ],
        "code": {
          "coding": [
            {
              "system": "http://loinc.org",
              "code": "39156-5",
              "display": "Body Mass Index"
            }
          ],
          "text": "Body Mass Index"
        },
        "subject": {
          "reference": "urn:uuid:96ab5cbe-2e8d-4a3d-aa19-d6da03b1a232"
        },
        "context": {
          "reference": "urn:uuid:8eaf5747-c214-4c27-8060-866c47a22ddb"
        },
        "effectiveDateTime": "2015-10-15T23:22:12-04:00",
        "issued": "2015-10-15T23:22:12-04:00",
        "valueQuantity": {
          "value": 31.11806956587427,
          "unit": "kg/m2",
          "system": "http://unitsofmeasure.org/",
          "code": "kg/m2"
        },
        "resourceType": "Observation"
      }
    },
    {
      "fullUrl": "urn:uuid:bce9bc2a-57f6-442a-95ee-a2e4bfa5df7f",
      "resource": {
        "id": "bce9bc2a-57f6-442a-95ee-a2e4bfa5df7f",
        "meta": {
          "profile": [
            "http://standardhealthrecord.org/fhir/StructureDefinition/shr-observation-Observation",
            "http://standardhealthrecord.org/fhir/StructureDefinition/shr-vital-BloodPressure"
          ]
        },
        "status": "final",
        "category": [
          {
            "coding": [
              {
                "system": "http://hl7.org/fhir/observation-category",
                "code": "vital-signs"
              }
            ]
          }
        ],
        "code": {
          "coding": [
            {
              "system": "http://loinc.org",
              "code": "55284-4",
              "display": "Blood Pressure"
            }
          ]
        },
        "subject": {
          "reference": "urn:uuid:96ab5cbe-2e8d-4a3d-aa19-d6da03b1a232"
        },
        "context": {
          "reference": "urn:uuid:8eaf5747-c214-4c27-8060-866c47a22ddb"
        },
        "effectiveDateTime": "2015-10-15T23:22:12-04:00",
        "issued": "2015-10-15T23:22:12-04:00",
        "component": [
          {
            "code": {
              "coding": [
                {
                  "system": "http://loinc.org",
                  "code": "8480-6",
                  "display": "Systolic Blood Pressure"
                }
              ],
              "text": "Systolic Blood Pressure"
            },
            "valueQuantity": {
              "value": 102,
              "unit": "mmHg",
              "system": "http://unitsofmeasure.org/",
              "code": "mmHg"
            }
          },
          {
            "code": {
              "coding": [
                {
                  "system": "http://loinc.org",
                  "code": "8462-4",
                  "display": "Diastolic Blood Pressure"
                }
              ],
              "text": "Diastolic Blood Pressure"
            },
            "valueQuantity": {
              "value": 83,
              "unit": "mmHg",
              "system": "http://unitsofmeasure.org/",
              "code": "mmHg"
            }
          }
        ],
        "resourceType": "Observation"
      }
    },
    {
      "fullUrl": "urn:uuid:b4f6eae0-be84-4841-a10d-6367ba54ea99",
      "resource": {
        "id": "b4f6eae0-be84-4841-a10d-6367ba54ea99",
        "meta": {
          "profile": [
            "http://standardhealthrecord.org/fhir/StructureDefinition/shr-observation-Observation"
          ]
        },
        "status": "final",
        "category": [
          {
            "coding": [
              {
                "system": "http://hl7.org/fhir/observation-category",
                "code": "laboratory"
              }
            ]
          }
        ],
        "code": {
          "coding": [
            {
              "system": "http://loinc.org",
              "code": "4548-4",
              "display": "Hemoglobin A1c/Hemoglobin.total in Blood"
            }
          ],
          "text": "Hemoglobin A1c/Hemoglobin.total in Blood"
        },
        "subject": {
          "reference": "urn:uuid:96ab5cbe-2e8d-4a3d-aa19-d6da03b1a232"
        },
        "context": {
          "reference": "urn:uuid:8eaf5747-c214-4c27-8060-866c47a22ddb"
        },
        "effectiveDateTime": "2015-10-15T23:22:12-04:00",
        "issued": "2015-10-15T23:22:12-04:00",
        "valueQuantity": {
          "value": 6.4,
          "unit": "%",
          "system": "http://unitsofmeasure.org/",
          "code": "%"
        },
        "resourceType": "Observation"
      }
    },
    {
      "fullUrl": "urn:uuid:bd53858c-ba54-429c-855b-4ffb28a27b6e",
      "resource": {
        "id": "bd53858c-ba54-429c-855b-4ffb28a27b6e",
        "meta": {
          "profile": [
            "http://standardhealthrecord.org/fhir/StructureDefinition/shr-observation-Observation"
          ]
        },
        "status": "final",
        "category": [
          {
            "coding": [
              {
                "system": "http://hl7.org/fhir/observation-category",
                "code": "laboratory"
              }
            ]
          }
        ],
        "code": {
          "coding": [
            {
              "system": "http://loinc.org",
              "code": "2339-0",
              "display": "Glucose"
            }
          ],
          "text": "Glucose"
        },
        "subject": {
          "reference": "urn:uuid:96ab5cbe-2e8d-4a3d-aa19-d6da03b1a232"
        },
        "context": {
          "reference": "urn:uuid:8eaf5747-c214-4c27-8060-866c47a22ddb"
        },
        "effectiveDateTime": "2015-10-15T23:22:12-04:00",
        "issued": "2015-10-15T23:22:12-04:00",
        "valueQuantity": {
          "value": 76,
          "unit": "mg/dL",
          "system": "http://unitsofmeasure.org/",
          "code": "mg/dL"
        },
        "resourceType": "Observation"
      }
    },
    {
      "fullUrl": "urn:uuid:40ed8044-658f-46ea-88c8-32aef5b69cb2",
      "resource": {
        "id": "40ed8044-658f-46ea-88c8-32aef5b69cb2",
        "meta": {
          "profile": [
            "http://standardhealthrecord.org/fhir/StructureDefinition/shr-observation-Observation"
          ]
        },
        "status": "final",
        "category": [
          {
            "coding": [
              {
                "system": "http://hl7.org/fhir/observation-category",
                "code": "laboratory"
              }
            ]
          }
        ],
        "code": {
          "coding": [
            {
              "system": "http://loinc.org",
              "code": "6299-2",
              "display": "Urea Nitrogen"
            }
          ],
          "text": "Urea Nitrogen"
        },
        "subject": {
          "reference": "urn:uuid:96ab5cbe-2e8d-4a3d-aa19-d6da03b1a232"
        },
        "context": {
          "reference": "urn:uuid:8eaf5747-c214-4c27-8060-866c47a22ddb"
        },
        "effectiveDateTime": "2015-10-15T23:22:12-04:00",
        "issued": "2015-10-15T23:22:12-04:00",
        "valueQuantity": {
          "value": 10,
          "unit": "mg/dL",
          "system": "http://unitsofmeasure.org/",
          "code": "mg/dL"
        },
        "resourceType": "Observation"
      }
    },
    {
      "fullUrl": "urn:uuid:3a31ecd6-4299-46e5-8cd9-4ab9ccd927d2",
      "resource": {
        "id": "3a31ecd6-4299-46e5-8cd9-4ab9ccd927d2",
        "meta": {
          "profile": [
            "http://standardhealthrecord.org/fhir/StructureDefinition/shr-observation-Observation"
          ]
        },
        "status": "final",
        "category": [
          {
            "coding": [
              {
                "system": "http://hl7.org/fhir/observation-category",
                "code": "laboratory"
              }
            ]
          }
        ],
        "code": {
          "coding": [
            {
              "system": "http://loinc.org",
              "code": "38483-4",
              "display": "Creatinine"
            }
          ],
          "text": "Creatinine"
        },
        "subject": {
          "reference": "urn:uuid:96ab5cbe-2e8d-4a3d-aa19-d6da03b1a232"
        },
        "context": {
          "reference": "urn:uuid:8eaf5747-c214-4c27-8060-866c47a22ddb"
        },
        "effectiveDateTime": "2015-10-15T23:22:12-04:00",
        "issued": "2015-10-15T23:22:12-04:00",
        "valueQuantity": {
          "value": 1.0,
          "unit": "mg/dL",
          "system": "http://unitsofmeasure.org/",
          "code": "mg/dL"
        },
        "resourceType": "Observation"
      }
    },
    {
      "fullUrl": "urn:uuid:dee0d00b-b7c5-4ed8-a2a3-900cd16b40f0",
      "resource": {
        "id": "dee0d00b-b7c5-4ed8-a2a3-900cd16b40f0",
        "meta": {
          "profile": [
            "http://standardhealthrecord.org/fhir/StructureDefinition/shr-observation-Observation"
          ]
        },
        "status": "final",
        "category": [
          {
            "coding": [
              {
                "system": "http://hl7.org/fhir/observation-category",
                "code": "laboratory"
              }
            ]
          }
        ],
        "code": {
          "coding": [
            {
              "system": "http://loinc.org",
              "code": "49765-1",
              "display": "Calcium"
            }
          ],
          "text": "Calcium"
        },
        "subject": {
          "reference": "urn:uuid:96ab5cbe-2e8d-4a3d-aa19-d6da03b1a232"
        },
        "context": {
          "reference": "urn:uuid:8eaf5747-c214-4c27-8060-866c47a22ddb"
        },
        "effectiveDateTime": "2015-10-15T23:22:12-04:00",
        "issued": "2015-10-15T23:22:12-04:00",
        "valueQuantity": {
          "value": 8.526177342168786,
          "unit": "mg/dL",
          "system": "http://unitsofmeasure.org/",
          "code": "mg/dL"
        },
        "resourceType": "Observation"
      }
    },
    {
      "fullUrl": "urn:uuid:06ade4f6-f3aa-4c07-848d-0fd0fcdc7b34",
      "resource": {
        "id": "06ade4f6-f3aa-4c07-848d-0fd0fcdc7b34",
        "meta": {
          "profile": [
            "http://standardhealthrecord.org/fhir/StructureDefinition/shr-observation-Observation"
          ]
        },
        "status": "final",
        "category": [
          {
            "coding": [
              {
                "system": "http://hl7.org/fhir/observation-category",
                "code": "laboratory"
              }
            ]
          }
        ],
        "code": {
          "coding": [
            {
              "system": "http://loinc.org",
              "code": "2947-0",
              "display": "Sodium"
            }
          ],
          "text": "Sodium"
        },
        "subject": {
          "reference": "urn:uuid:96ab5cbe-2e8d-4a3d-aa19-d6da03b1a232"
        },
        "context": {
          "reference": "urn:uuid:8eaf5747-c214-4c27-8060-866c47a22ddb"
        },
        "effectiveDateTime": "2015-10-15T23:22:12-04:00",
        "issued": "2015-10-15T23:22:12-04:00",
        "valueQuantity": {
          "value": 141,
          "unit": "mmol/L",
          "system": "http://unitsofmeasure.org/",
          "code": "mmol/L"
        },
        "resourceType": "Observation"
      }
    },
    {
      "fullUrl": "urn:uuid:3c62fc0d-0325-4ed7-8ddf-af1b8904f913",
      "resource": {
        "id": "3c62fc0d-0325-4ed7-8ddf-af1b8904f913",
        "meta": {
          "profile": [
            "http://standardhealthrecord.org/fhir/StructureDefinition/shr-observation-Observation"
          ]
        },
        "status": "final",
        "category": [
          {
            "coding": [
              {
                "system": "http://hl7.org/fhir/observation-category",
                "code": "laboratory"
              }
            ]
          }
        ],
        "code": {
          "coding": [
            {
              "system": "http://loinc.org",
              "code": "6298-4",
              "display": "Potassium"
            }
          ],
          "text": "Potassium"
        },
        "subject": {
          "reference": "urn:uuid:96ab5cbe-2e8d-4a3d-aa19-d6da03b1a232"
        },
        "context": {
          "reference": "urn:uuid:8eaf5747-c214-4c27-8060-866c47a22ddb"
        },
        "effectiveDateTime": "2015-10-15T23:22:12-04:00",
        "issued": "2015-10-15T23:22:12-04:00",
        "valueQuantity": {
          "value": 4.07764233911341,
          "unit": "mmol/L",
          "system": "http://unitsofmeasure.org/",
          "code": "mmol/L"
        },
        "resourceType": "Observation"
      }
    },
    {
      "fullUrl": "urn:uuid:1f386f5b-9035-4633-bf3d-6b799a35f7c9",
      "resource": {
        "id": "1f386f5b-9035-4633-bf3d-6b799a35f7c9",
        "meta": {
          "profile": [
            "http://standardhealthrecord.org/fhir/StructureDefinition/shr-observation-Observation"
          ]
        },
        "status": "final",
        "category": [
          {
            "coding": [
              {
                "system": "http://hl7.org/fhir/observation-category",
                "code": "laboratory"
              }
            ]
          }
        ],
        "code": {
          "coding": [
            {
              "system": "http://loinc.org",
              "code": "2069-3",
              "display": "Chloride"
            }
          ],
          "text": "Chloride"
        },
        "subject": {
          "reference": "urn:uuid:96ab5cbe-2e8d-4a3d-aa19-d6da03b1a232"
        },
        "context": {
          "reference": "urn:uuid:8eaf5747-c214-4c27-8060-866c47a22ddb"
        },
        "effectiveDateTime": "2015-10-15T23:22:12-04:00",
        "issued": "2015-10-15T23:22:12-04:00",
        "valueQuantity": {
          "value": 103,
          "unit": "mmol/L",
          "system": "http://unitsofmeasure.org/",
          "code": "mmol/L"
        },
        "resourceType": "Observation"
      }
    },
    {
      "fullUrl": "urn:uuid:e0991664-fd31-4bf9-bb6a-ce80c3cdf3fe",
      "resource": {
        "id": "e0991664-fd31-4bf9-bb6a-ce80c3cdf3fe",
        "meta": {
          "profile": [
            "http://standardhealthrecord.org/fhir/StructureDefinition/shr-observation-Observation"
          ]
        },
        "status": "final",
        "category": [
          {
            "coding": [
              {
                "system": "http://hl7.org/fhir/observation-category",
                "code": "laboratory"
              }
            ]
          }
        ],
        "code": {
          "coding": [
            {
              "system": "http://loinc.org",
              "code": "20565-8",
              "display": "Carbon Dioxide"
            }
          ],
          "text": "Carbon Dioxide"
        },
        "subject": {
          "reference": "urn:uuid:96ab5cbe-2e8d-4a3d-aa19-d6da03b1a232"
        },
        "context": {
          "reference": "urn:uuid:8eaf5747-c214-4c27-8060-866c47a22ddb"
        },
        "effectiveDateTime": "2015-10-15T23:22:12-04:00",
        "issued": "2015-10-15T23:22:12-04:00",
        "valueQuantity": {
          "value": 27,
          "unit": "mmol/L",
          "system": "http://unitsofmeasure.org/",
          "code": "mmol/L"
        },
        "resourceType": "Observation"
      }
    },
    {
      "fullUrl": "urn:uuid:ad95f6ad-b68e-499e-b90d-ce671acffc23",
      "resource": {
        "id": "ad95f6ad-b68e-499e-b90d-ce671acffc23",
        "meta": {
          "profile": [
            "http://standardhealthrecord.org/fhir/StructureDefinition/shr-observation-Panel"
          ]
        },
        "status": "final",
        "code": {
          "coding": [
            {
              "system": "http://loinc.org",
              "code": "51990-0",
              "display": "Basic Metabolic Panel"
            }
          ]
        },
        "subject": {
          "reference": "urn:uuid:96ab5cbe-2e8d-4a3d-aa19-d6da03b1a232"
        },
        "context": {
          "reference": "urn:uuid:8eaf5747-c214-4c27-8060-866c47a22ddb"
        },
        "effectiveDateTime": "2015-10-15T23:22:12-04:00",
        "issued": "2015-10-15T23:22:12-04:00",
        "result": [
          {
            "reference": "urn:uuid:bd53858c-ba54-429c-855b-4ffb28a27b6e",
            "display": "Glucose"
          },
          {
            "reference": "urn:uuid:40ed8044-658f-46ea-88c8-32aef5b69cb2",
            "display": "Urea Nitrogen"
          },
          {
            "reference": "urn:uuid:3a31ecd6-4299-46e5-8cd9-4ab9ccd927d2",
            "display": "Creatinine"
          },
          {
            "reference": "urn:uuid:dee0d00b-b7c5-4ed8-a2a3-900cd16b40f0",
            "display": "Calcium"
          },
          {
            "reference": "urn:uuid:06ade4f6-f3aa-4c07-848d-0fd0fcdc7b34",
            "display": "Sodium"
          },
          {
            "reference": "urn:uuid:3c62fc0d-0325-4ed7-8ddf-af1b8904f913",
            "display": "Potassium"
          },
          {
            "reference": "urn:uuid:1f386f5b-9035-4633-bf3d-6b799a35f7c9",
            "display": "Chloride"
          },
          {
            "reference": "urn:uuid:e0991664-fd31-4bf9-bb6a-ce80c3cdf3fe",
            "display": "Carbon Dioxide"
          }
        ],
        "resourceType": "DiagnosticReport"
      }
    },
    {
      "fullUrl": "urn:uuid:4f84c2e3-e8e2-4e43-b05b-e03fe141a3de",
      "resource": {
        "id": "4f84c2e3-e8e2-4e43-b05b-e03fe141a3de",
        "meta": {
          "profile": [
            "http://standardhealthrecord.org/fhir/StructureDefinition/shr-observation-Observation"
          ]
        },
        "status": "final",
        "category": [
          {
            "coding": [
              {
                "system": "http://hl7.org/fhir/observation-category",
                "code": "laboratory"
              }
            ]
          }
        ],
        "code": {
          "coding": [
            {
              "system": "http://loinc.org",
              "code": "2093-3",
              "display": "Total Cholesterol"
            }
          ],
          "text": "Total Cholesterol"
        },
        "subject": {
          "reference": "urn:uuid:96ab5cbe-2e8d-4a3d-aa19-d6da03b1a232"
        },
        "context": {
          "reference": "urn:uuid:8eaf5747-c214-4c27-8060-866c47a22ddb"
        },
        "effectiveDateTime": "2015-10-15T23:22:12-04:00",
        "issued": "2015-10-15T23:22:12-04:00",
        "valueQuantity": {
          "value": 167,
          "unit": "mg/dL",
          "system": "http://unitsofmeasure.org/",
          "code": "mg/dL"
        },
        "resourceType": "Observation"
      }
    },
    {
      "fullUrl": "urn:uuid:b43657da-e823-4eaa-8aa2-81769ebd1515",
      "resource": {
        "id": "b43657da-e823-4eaa-8aa2-81769ebd1515",
        "meta": {
          "profile": [
            "http://standardhealthrecord.org/fhir/StructureDefinition/shr-observation-Observation"
          ]
        },
        "status": "final",
        "category": [
          {
            "coding": [
              {
                "system": "http://hl7.org/fhir/observation-category",
                "code": "laboratory"
              }
            ]
          }
        ],
        "code": {
          "coding": [
            {
              "system": "http://loinc.org",
              "code": "2571-8",
              "display": "Triglycerides"
            }
          ],
          "text": "Triglycerides"
        },
        "subject": {
          "reference": "urn:uuid:96ab5cbe-2e8d-4a3d-aa19-d6da03b1a232"
        },
        "context": {
          "reference": "urn:uuid:8eaf5747-c214-4c27-8060-866c47a22ddb"
        },
        "effectiveDateTime": "2015-10-15T23:22:12-04:00",
        "issued": "2015-10-15T23:22:12-04:00",
        "valueQuantity": {
          "value": 105,
          "unit": "mg/dL",
          "system": "http://unitsofmeasure.org/",
          "code": "mg/dL"
        },
        "resourceType": "Observation"
      }
    },
    {
      "fullUrl": "urn:uuid:8253fc54-41f3-4ffe-89af-a66d51c30031",
      "resource": {
        "id": "8253fc54-41f3-4ffe-89af-a66d51c30031",
        "meta": {
          "profile": [
            "http://standardhealthrecord.org/fhir/StructureDefinition/shr-observation-Observation"
          ]
        },
        "status": "final",
        "category": [
          {
            "coding": [
              {
                "system": "http://hl7.org/fhir/observation-category",
                "code": "laboratory"
              }
            ]
          }
        ],
        "code": {
          "coding": [
            {
              "system": "http://loinc.org",
              "code": "18262-6",
              "display": "Low Density Lipoprotein Cholesterol"
            }
          ],
          "text": "Low Density Lipoprotein Cholesterol"
        },
        "subject": {
          "reference": "urn:uuid:96ab5cbe-2e8d-4a3d-aa19-d6da03b1a232"
        },
        "context": {
          "reference": "urn:uuid:8eaf5747-c214-4c27-8060-866c47a22ddb"
        },
        "effectiveDateTime": "2015-10-15T23:22:12-04:00",
        "issued": "2015-10-15T23:22:12-04:00",
        "valueQuantity": {
          "value": 68,
          "unit": "mg/dL",
          "system": "http://unitsofmeasure.org/",
          "code": "mg/dL"
        },
        "resourceType": "Observation"
      }
    },
    {
      "fullUrl": "urn:uuid:23fd6608-e13c-431b-b020-759b6db1f737",
      "resource": {
        "id": "23fd6608-e13c-431b-b020-759b6db1f737",
        "meta": {
          "profile": [
            "http://standardhealthrecord.org/fhir/StructureDefinition/shr-observation-Observation"
          ]
        },
        "status": "final",
        "category": [
          {
            "coding": [
              {
                "system": "http://hl7.org/fhir/observation-category",
                "code": "laboratory"
              }
            ]
          }
        ],
        "code": {
          "coding": [
            {
              "system": "http://loinc.org",
              "code": "2085-9",
              "display": "High Density Lipoprotein Cholesterol"
            }
          ],
          "text": "High Density Lipoprotein Cholesterol"
        },
        "subject": {
          "reference": "urn:uuid:96ab5cbe-2e8d-4a3d-aa19-d6da03b1a232"
        },
        "context": {
          "reference": "urn:uuid:8eaf5747-c214-4c27-8060-866c47a22ddb"
        },
        "effectiveDateTime": "2015-10-15T23:22:12-04:00",
        "issued": "2015-10-15T23:22:12-04:00",
        "valueQuantity": {
          "value": 78,
          "unit": "mg/dL",
          "system": "http://unitsofmeasure.org/",
          "code": "mg/dL"
        },
        "resourceType": "Observation"
      }
    },
    {
      "fullUrl": "urn:uuid:5f06c665-1e9b-4289-bc20-7a98bf34d5d9",
      "resource": {
        "id": "5f06c665-1e9b-4289-bc20-7a98bf34d5d9",
        "meta": {
          "profile": [
            "http://standardhealthrecord.org/fhir/StructureDefinition/shr-observation-Panel"
          ]
        },
        "status": "final",
        "code": {
          "coding": [
            {
              "system": "http://loinc.org",
              "code": "57698-3",
              "display": "Lipid Panel"
            }
          ]
        },
        "subject": {
          "reference": "urn:uuid:96ab5cbe-2e8d-4a3d-aa19-d6da03b1a232"
        },
        "context": {
          "reference": "urn:uuid:8eaf5747-c214-4c27-8060-866c47a22ddb"
        },
        "effectiveDateTime": "2015-10-15T23:22:12-04:00",
        "issued": "2015-10-15T23:22:12-04:00",
        "result": [
          {
            "reference": "urn:uuid:4f84c2e3-e8e2-4e43-b05b-e03fe141a3de",
            "display": "Total Cholesterol"
          },
          {
            "reference": "urn:uuid:b43657da-e823-4eaa-8aa2-81769ebd1515",
            "display": "Triglycerides"
          },
          {
            "reference": "urn:uuid:8253fc54-41f3-4ffe-89af-a66d51c30031",
            "display": "Low Density Lipoprotein Cholesterol"
          },
          {
            "reference": "urn:uuid:23fd6608-e13c-431b-b020-759b6db1f737",
            "display": "High Density Lipoprotein Cholesterol"
          }
        ],
        "resourceType": "DiagnosticReport"
      }
    },
    {
      "resource": {
        "meta": {
          "profile": [
            "http://standardhealthrecord.org/fhir/StructureDefinition/shr-immunization-Immunization"
          ]
        },
        "status": "completed",
        "notGiven": false,
        "vaccineCode": {
          "coding": [
            {
              "system": "http://hl7.org/fhir/sid/cvx",
              "code": "140",
              "display": "Influenza, seasonal, injectable, preservative free"
            }
          ],
          "text": "Influenza, seasonal, injectable, preservative free"
        },
        "patient": {
          "reference": "urn:uuid:96ab5cbe-2e8d-4a3d-aa19-d6da03b1a232"
        },
        "encounter": {
          "reference": "urn:uuid:8eaf5747-c214-4c27-8060-866c47a22ddb"
        },
        "date": "2015-10-15T23:22:12-04:00",
        "primarySource": true,
        "resourceType": "Immunization"
      }
    },
    {
      "resource": {
        "meta": {
          "profile": [
            "http://standardhealthrecord.org/fhir/StructureDefinition/shr-immunization-Immunization"
          ]
        },
        "status": "completed",
        "notGiven": false,
        "vaccineCode": {
          "coding": [
            {
              "system": "http://hl7.org/fhir/sid/cvx",
              "code": "113",
              "display": "Td (adult) preservative free"
            }
          ],
          "text": "Td (adult) preservative free"
        },
        "patient": {
          "reference": "urn:uuid:96ab5cbe-2e8d-4a3d-aa19-d6da03b1a232"
        },
        "encounter": {
          "reference": "urn:uuid:8eaf5747-c214-4c27-8060-866c47a22ddb"
        },
        "date": "2015-10-15T23:22:12-04:00",
        "primarySource": true,
        "resourceType": "Immunization"
      }
    },
    {
      "fullUrl": "urn:uuid:ccbd1481-a3ee-4fc0-bff7-6b7891ee604e",
      "resource": {
        "id": "ccbd1481-a3ee-4fc0-bff7-6b7891ee604e",
        "meta": {
          "profile": [
            "http://standardhealthrecord.org/fhir/StructureDefinition/shr-encounter-Encounter"
          ]
        },
        "status": "finished",
        "class": {
          "code": "emergency"
        },
        "type": [
          {
            "coding": [
              {
                "system": "http://snomed.info/sct",
                "code": "50849002"
              }
            ],
            "text": "Emergency room admission"
          }
        ],
        "subject": {
          "reference": "urn:uuid:96ab5cbe-2e8d-4a3d-aa19-d6da03b1a232"
        },
        "period": {
          "start": "2016-02-29T05:31:17-05:00",
          "end": "2016-02-29T06:02:26-05:00"
        },
        "serviceProvider": {
          "reference": "urn:uuid:3b852d27-34ab-4468-bc9f-7b762e698a3d"
        },
        "resourceType": "Encounter"
      }
    },
    {
      "fullUrl": "urn:uuid:0d30d912-ed4c-434d-836b-c86e3ecb3c23",
      "resource": {
        "id": "0d30d912-ed4c-434d-836b-c86e3ecb3c23",
        "meta": {
          "profile": [
            "http://standardhealthrecord.org/fhir/StructureDefinition/shr-problem-Problem"
          ]
        },
        "clinicalStatus": "active",
        "verificationStatus": "confirmed",
        "code": {
          "coding": [
            {
              "system": "http://snomed.info/sct",
              "code": "283371005",
              "display": "Laceration of forearm"
            }
          ],
          "text": "Laceration of forearm"
        },
        "subject": {
          "reference": "urn:uuid:96ab5cbe-2e8d-4a3d-aa19-d6da03b1a232"
        },
        "context": {
          "reference": "urn:uuid:ccbd1481-a3ee-4fc0-bff7-6b7891ee604e"
        },
        "onsetDateTime": "2016-02-29T05:31:17-05:00",
        "abatementDateTime": "2016-03-27T23:20:18-04:00",
        "assertedDate": "2016-02-29",
        "resourceType": "Condition"
      }
    },
    {
      "resource": {
        "meta": {
          "profile": [
            "http://standardhealthrecord.org/fhir/StructureDefinition/shr-procedure-Procedure"
          ]
        },
        "extension": [
          {
            "url": "http://standardhealthrecord.org/fhir/StructureDefinition/shr-core-CodeableConcept-extension",
            "valueCodeableConcept": {
              "coding": [
                {
                  "system": "http://snomed.info/sct",
                  "code": "288086009",
                  "display": "Suture open wound"
                }
              ],
              "text": "Suture open wound"
            }
          }
        ],
        "status": "completed",
        "code": {
          "coding": [
            {
              "system": "http://snomed.info/sct",
              "code": "288086009",
              "display": "Suture open wound"
            }
          ],
          "text": "Suture open wound"
        },
        "subject": {
          "reference": "urn:uuid:96ab5cbe-2e8d-4a3d-aa19-d6da03b1a232"
        },
        "context": {
          "reference": "urn:uuid:ccbd1481-a3ee-4fc0-bff7-6b7891ee604e"
        },
        "performedPeriod": {
          "start": "2016-02-29T05:31:17-05:00",
          "end": "2016-02-29T05:43:58-05:00"
        },
        "reasonReference": {
          "reference": "urn:uuid:0d30d912-ed4c-434d-836b-c86e3ecb3c23",
          "display": "Laceration of forearm"
        },
        "resourceType": "Procedure"
      }
    },
    {
      "resource": {
        "meta": {
          "profile": [
            "http://standardhealthrecord.org/fhir/StructureDefinition/shr-procedure-Procedure"
          ]
        },
        "extension": [
          {
            "url": "http://standardhealthrecord.org/fhir/StructureDefinition/shr-core-CodeableConcept-extension",
            "valueCodeableConcept": {
              "coding": [
                {
                  "system": "http://snomed.info/sct",
                  "code": "384700001",
                  "display": "Injection of tetanus antitoxin"
                }
              ],
              "text": "Injection of tetanus antitoxin"
            }
          }
        ],
        "status": "completed",
        "code": {
          "coding": [
            {
              "system": "http://snomed.info/sct",
              "code": "384700001",
              "display": "Injection of tetanus antitoxin"
            }
          ],
          "text": "Injection of tetanus antitoxin"
        },
        "subject": {
          "reference": "urn:uuid:96ab5cbe-2e8d-4a3d-aa19-d6da03b1a232"
        },
        "context": {
          "reference": "urn:uuid:ccbd1481-a3ee-4fc0-bff7-6b7891ee604e"
        },
        "performedPeriod": {
          "start": "2016-02-29T05:48:10-05:00",
          "end": "2016-02-29T05:58:42-05:00"
        },
        "reasonReference": {
          "reference": "urn:uuid:0d30d912-ed4c-434d-836b-c86e3ecb3c23",
          "display": "Laceration of forearm"
        },
        "resourceType": "Procedure"
      }
    },
    {
      "resource": {
        "status": "completed",
        "category": [
          {
            "coding": [
              {
                "system": "http://snomed.info/sct",
                "code": "225358003",
                "display": "Wound care"
              }
            ]
          }
        ],
        "subject": {
          "reference": "urn:uuid:96ab5cbe-2e8d-4a3d-aa19-d6da03b1a232"
        },
        "context": {
          "reference": "urn:uuid:ccbd1481-a3ee-4fc0-bff7-6b7891ee604e"
        },
        "period": {
          "start": "2016-02-29",
          "end": "2016-03-27"
        },
        "addresses": [
          {
            "reference": "urn:uuid:0d30d912-ed4c-434d-836b-c86e3ecb3c23"
          }
        ],
        "activity": [
          {
            "detail": {
              "code": {
                "coding": [
                  {
                    "system": "http://snomed.info/sct",
                    "code": "385949008",
                    "display": "Dressing change management"
                  }
                ]
              },
              "status": "completed"
            }
          },
          {
            "detail": {
              "code": {
                "coding": [
                  {
                    "system": "http://snomed.info/sct",
                    "code": "439830001",
                    "display": "Behavior to prevent infection"
                  }
                ]
              },
              "status": "completed"
            }
          }
        ],
        "resourceType": "CarePlan"
      }
    },
    {
      "resource": {
        "meta": {
          "profile": [
            "http://standardhealthrecord.org/fhir/StructureDefinition/shr-medication-Medication"
          ]
        },
        "code": {
          "coding": [
            {
              "system": "http://www.nlm.nih.gov/research/umls/rxnorm",
              "code": "310965",
              "display": "Ibuprofen 200 MG Oral Tablet"
            }
          ],
          "text": "Ibuprofen 200 MG Oral Tablet"
        },
        "resourceType": "Medication"
      }
    },
    {
      "resource": {
        "meta": {
          "profile": [
            "http://standardhealthrecord.org/fhir/StructureDefinition/shr-medication-MedicationPrescription"
          ]
        },
        "extension": [
          {
            "url": "http://standardhealthrecord.org/fhir/StructureDefinition/shr-base-ActionCode-extension",
            "valueCodeableConcept": {
              "coding": [
                {
                  "system": "http://snomed.info/sct",
                  "code": "33633005",
                  "display": "Prescription of drug (procedure)"
                }
              ],
              "text": "Prescription of drug (procedure)"
            }
          }
        ],
        "status": "stopped",
        "medicationReference": {
          "reference": ""
        },
        "subject": {
          "reference": "urn:uuid:96ab5cbe-2e8d-4a3d-aa19-d6da03b1a232"
        },
        "context": {
          "reference": "urn:uuid:ccbd1481-a3ee-4fc0-bff7-6b7891ee604e"
        },
        "authoredOn": "2016-02-29",
        "dosageInstruction": [
          {
            "sequence": 1,
            "asNeededBoolean": true
          }
        ],
        "resourceType": "MedicationRequest"
      }
    }
  ],
  "resourceType": "Bundle"
}