{
  "type": "collection",
  "entry": [
    {
      "fullUrl": "urn:uuid:984d0ec1-d8a6-45af-a86f-588426e95e79",
      "resource": {
        "id": "984d0ec1-d8a6-45af-a86f-588426e95e79",
        "meta": {
          "profile": [
            "http://standardhealthrecord.org/fhir/StructureDefinition/shr-demographics-PersonOfRecord"
          ]
        },
        "text": {
          "status": "generated",
          "div": "<div>Generated by <a href=\"https://github.com/synthetichealth/synthea\">Synthea</a>. Version identifier: 4d02400401b9fab839e47bf5b2f1f6a8c683ab55</div>"
        },
        "extension": [
          {
            "url": "http://hl7.org/fhir/us/core/StructureDefinition/us-core-race",
            "valueCodeableConcept": {
              "coding": [
                {
                  "system": "http://hl7.org/fhir/v3/Race",
                  "code": "2106-3",
                  "display": "White"
                }
              ],
              "text": "race"
            }
          },
          {
            "url": "http://hl7.org/fhir/us/core/StructureDefinition/us-core-ethnicity",
            "valueCodeableConcept": {
              "coding": [
                {
                  "system": "http://hl7.org/fhir/v3/Ethnicity",
                  "code": "2186-5",
                  "display": "Nonhispanic"
                }
              ],
              "text": "ethnicity"
            }
          },
          {
            "url": "http://hl7.org/fhir/StructureDefinition/birthPlace",
            "valueAddress": {
              "city": "Worcester",
              "state": "MA",
              "country": "US"
            }
          },
          {
            "url": "http://hl7.org/fhir/StructureDefinition/patient-mothersMaidenName",
            "valueString": "Major772 Runte133"
          },
          {
            "url": "http://hl7.org/fhir/us/core/StructureDefinition/us-core-birthsex",
            "valueCode": "F"
          },
          {
            "url": "http://hl7.org/fhir/StructureDefinition/patient-interpreterRequired",
            "valueBoolean": false
          },
          {
            "url": "http://standardhealthrecord.org/fhir/StructureDefinition/shr-actor-FictionalPerson-extension",
            "valueBoolean": true
          },
          {
            "url": "http://standardhealthrecord.org/fhir/StructureDefinition/shr-demographics-FathersName-extension",
            "valueHumanName": {
              "text": "Euna282 Abbott992"
            }
          },
          {
            "url": "http://standardhealthrecord.org/fhir/StructureDefinition/shr-demographics-SocialSecurityNumber-extension",
            "valueString": "999-93-1580"
          }
        ],
        "identifier": [
          {
            "system": "https://github.com/synthetichealth/synthea",
            "value": "4bf06210-d499-4689-ae17-31dafcf5369b"
          },
          {
            "type": {
              "coding": [
                {
                  "system": "http://hl7.org/fhir/identifier-type",
                  "code": "SB"
                }
              ]
            },
            "system": "http://hl7.org/fhir/sid/us-ssn",
            "value": "999931580"
          }
        ],
        "name": [
          {
            "use": "official",
            "family": "Abbott992",
            "given": [
              "Arturo769"
            ]
          }
        ],
        "telecom": [
          {
            "system": "phone",
            "value": "1-313-373-6144 x08354",
            "use": "home"
          }
        ],
        "gender": "female",
        "birthDate": "2016-09-03",
        "address": [
          {
            "extension": [
              {
                "extension": [
                  {
                    "url": "latitude",
                    "valueDecimal": 41.97747001679113
                  },
                  {
                    "url": "longitude",
                    "valueDecimal": -70.9157480551276
                  }
                ],
                "url": "http://hl7.org/fhir/StructureDefinition/geolocation"
              }
            ],
            "line": [
              "2851 Lauretta Ferry",
              "Apt. 410"
            ],
            "city": "Bridgewater",
            "state": "MA",
            "postalCode": "02324",
            "country": "US"
          }
        ],
        "maritalStatus": {
          "coding": [
            {
              "system": "http://hl7.org/fhir/v3/MaritalStatus",
              "code": "S"
            }
          ],
          "text": "Never Married"
        },
        "multipleBirthBoolean": false,
        "communication": [
          {
            "language": {
              "coding": [
                {
                  "system": "http://hl7.org/fhir/ValueSet/languages",
                  "code": "it",
                  "display": "Italian"
                }
              ]
            }
          }
        ],
        "resourceType": "Patient"
      }
    },
    {
      "fullUrl": "urn:uuid:39e3b89f-337a-4f36-93dc-e5ed7677ba09",
      "resource": {
        "id": "39e3b89f-337a-4f36-93dc-e5ed7677ba09",
        "meta": {
          "profile": [
            "http://standardhealthrecord.org/fhir/StructureDefinition/shr-actor-Organization"
          ]
        },
        "type": [
          {
            "coding": [
              {
                "system": "http://hl7.org/fhir/ValueSet/organization-type",
                "code": "prov",
                "display": "Healthcare Provider"
              }
            ],
            "text": "Healthcare Provider"
          }
        ],
        "name": "Synthetic Provider",
        "resourceType": "Organization"
      }
    },
    {
      "fullUrl": "urn:uuid:8c10b15d-2a97-454d-bd5e-d1e99b2737d8",
      "resource": {
        "id": "8c10b15d-2a97-454d-bd5e-d1e99b2737d8",
        "meta": {
          "profile": [
            "http://standardhealthrecord.org/fhir/StructureDefinition/shr-encounter-Encounter"
          ]
        },
        "status": "finished",
        "class": {
          "code": "outpatient"
        },
        "type": [
          {
            "coding": [
              {
                "system": "http://snomed.info/sct",
                "code": "170258001"
              }
            ],
            "text": "Outpatient Encounter"
          }
        ],
        "subject": {
          "reference": "urn:uuid:984d0ec1-d8a6-45af-a86f-588426e95e79"
        },
        "period": {
          "start": "2016-09-03T20:05:10-04:00",
          "end": "2016-09-03T21:05:10-04:00"
        },
        "serviceProvider": {
          "reference": "urn:uuid:39e3b89f-337a-4f36-93dc-e5ed7677ba09"
        },
        "resourceType": "Encounter"
      }
    },
    {
      "resource": {
        "meta": {
          "profile": [
            "http://standardhealthrecord.org/fhir/StructureDefinition/shr-immunization-Immunization"
          ]
        },
        "status": "completed",
        "notGiven": false,
        "vaccineCode": {
          "coding": [
            {
              "system": "http://hl7.org/fhir/sid/cvx",
              "code": "08",
              "display": "Hep B, adolescent or pediatric"
            }
          ],
          "text": "Hep B, adolescent or pediatric"
        },
        "patient": {
          "reference": "urn:uuid:984d0ec1-d8a6-45af-a86f-588426e95e79"
        },
        "encounter": {
          "reference": "urn:uuid:8c10b15d-2a97-454d-bd5e-d1e99b2737d8"
        },
        "date": "2016-09-03T20:05:10-04:00",
        "primarySource": true,
        "resourceType": "Immunization"
      }
    },
    {
      "fullUrl": "urn:uuid:ce124a57-65ae-42cf-afcd-9aed5a53e49e",
      "resource": {
        "id": "ce124a57-65ae-42cf-afcd-9aed5a53e49e",
        "meta": {
          "profile": [
            "http://standardhealthrecord.org/fhir/StructureDefinition/shr-encounter-Encounter"
          ]
        },
        "status": "finished",
        "class": {
          "code": "outpatient"
        },
        "type": [
          {
            "coding": [
              {
                "system": "http://snomed.info/sct",
                "code": "170258001"
              }
            ],
            "text": "Outpatient Encounter"
          }
        ],
        "subject": {
          "reference": "urn:uuid:984d0ec1-d8a6-45af-a86f-588426e95e79"
        },
        "period": {
          "start": "2016-10-13T06:19:17-04:00",
          "end": "2016-10-13T07:19:17-04:00"
        },
        "serviceProvider": {
          "reference": "urn:uuid:39e3b89f-337a-4f36-93dc-e5ed7677ba09"
        },
        "resourceType": "Encounter"
      }
    },
    {
      "fullUrl": "urn:uuid:ad8834a4-53e6-4b09-a5ec-2e23134ea762",
      "resource": {
        "id": "ad8834a4-53e6-4b09-a5ec-2e23134ea762",
        "meta": {
          "profile": [
            "http://standardhealthrecord.org/fhir/StructureDefinition/shr-observation-Observation",
            "http://standardhealthrecord.org/fhir/StructureDefinition/shr-vital-VitalSign",
            "http://standardhealthrecord.org/fhir/StructureDefinition/shr-vital-BodyHeight"
          ]
        },
        "status": "final",
        "category": [
          {
            "coding": [
              {
                "system": "http://hl7.org/fhir/observation-category",
                "code": "vital-signs"
              }
            ]
          }
        ],
        "code": {
          "coding": [
            {
              "system": "http://loinc.org",
              "code": "8302-2",
              "display": "Body Height"
            }
          ],
          "text": "Body Height"
        },
        "subject": {
          "reference": "urn:uuid:984d0ec1-d8a6-45af-a86f-588426e95e79"
        },
        "context": {
          "reference": "urn:uuid:ce124a57-65ae-42cf-afcd-9aed5a53e49e"
        },
        "effectiveDateTime": "2016-10-13T06:19:17-04:00",
        "issued": "2016-10-13T06:19:17-04:00",
        "valueQuantity": {
          "value": 55.5445377224949,
          "unit": "cm",
          "system": "http://unitsofmeasure.org/",
          "code": "cm"
        },
        "resourceType": "Observation"
      }
    },
    {
      "fullUrl": "urn:uuid:12423268-5ad0-4aa7-a866-f35857900f88",
      "resource": {
        "id": "12423268-5ad0-4aa7-a866-f35857900f88",
        "meta": {
          "profile": [
            "http://standardhealthrecord.org/fhir/StructureDefinition/shr-observation-Observation",
            "http://standardhealthrecord.org/fhir/StructureDefinition/shr-vital-VitalSign",
            "http://standardhealthrecord.org/fhir/StructureDefinition/shr-vital-BodyWeight"
          ]
        },
        "status": "final",
        "category": [
          {
            "coding": [
              {
                "system": "http://hl7.org/fhir/observation-category",
                "code": "vital-signs"
              }
            ]
          }
        ],
        "code": {
          "coding": [
            {
              "system": "http://loinc.org",
              "code": "29463-7",
              "display": "Body Weight"
            }
          ],
          "text": "Body Weight"
        },
        "subject": {
          "reference": "urn:uuid:984d0ec1-d8a6-45af-a86f-588426e95e79"
        },
        "context": {
          "reference": "urn:uuid:ce124a57-65ae-42cf-afcd-9aed5a53e49e"
        },
        "effectiveDateTime": "2016-10-13T06:19:17-04:00",
        "issued": "2016-10-13T06:19:17-04:00",
        "valueQuantity": {
          "value": 4.59262824893803,
          "unit": "kg",
          "system": "http://unitsofmeasure.org/",
          "code": "kg"
        },
        "resourceType": "Observation"
      }
    },
    {
      "fullUrl": "urn:uuid:fb811bb1-4831-4a46-a411-63a55d181b2a",
      "resource": {
        "id": "fb811bb1-4831-4a46-a411-63a55d181b2a",
        "meta": {
          "profile": [
            "http://standardhealthrecord.org/fhir/StructureDefinition/shr-observation-Observation",
            "http://standardhealthrecord.org/fhir/StructureDefinition/shr-vital-BloodPressure"
          ]
        },
        "status": "final",
        "category": [
          {
            "coding": [
              {
                "system": "http://hl7.org/fhir/observation-category",
                "code": "vital-signs"
              }
            ]
          }
        ],
        "code": {
          "coding": [
            {
              "system": "http://loinc.org",
              "code": "55284-4",
              "display": "Blood Pressure"
            }
          ]
        },
        "subject": {
          "reference": "urn:uuid:984d0ec1-d8a6-45af-a86f-588426e95e79"
        },
        "context": {
          "reference": "urn:uuid:ce124a57-65ae-42cf-afcd-9aed5a53e49e"
        },
        "effectiveDateTime": "2016-10-13T06:19:17-04:00",
        "issued": "2016-10-13T06:19:17-04:00",
        "component": [
          {
            "code": {
              "coding": [
                {
                  "system": "http://loinc.org",
                  "code": "8480-6",
                  "display": "Systolic Blood Pressure"
                }
              ],
              "text": "Systolic Blood Pressure"
            },
            "valueQuantity": {
              "value": 123,
              "unit": "mmHg",
              "system": "http://unitsofmeasure.org/",
              "code": "mmHg"
            }
          },
          {
            "code": {
              "coding": [
                {
                  "system": "http://loinc.org",
                  "code": "8462-4",
                  "display": "Diastolic Blood Pressure"
                }
              ],
              "text": "Diastolic Blood Pressure"
            },
            "valueQuantity": {
              "value": 70,
              "unit": "mmHg",
              "system": "http://unitsofmeasure.org/",
              "code": "mmHg"
            }
          }
        ],
        "resourceType": "Observation"
      }
    },
    {
      "resource": {
        "meta": {
          "profile": [
            "http://standardhealthrecord.org/fhir/StructureDefinition/shr-immunization-Immunization"
          ]
        },
        "status": "completed",
        "notGiven": false,
        "vaccineCode": {
          "coding": [
            {
              "system": "http://hl7.org/fhir/sid/cvx",
              "code": "08",
              "display": "Hep B, adolescent or pediatric"
            }
          ],
          "text": "Hep B, adolescent or pediatric"
        },
        "patient": {
          "reference": "urn:uuid:984d0ec1-d8a6-45af-a86f-588426e95e79"
        },
        "encounter": {
          "reference": "urn:uuid:ce124a57-65ae-42cf-afcd-9aed5a53e49e"
        },
        "date": "2016-10-13T06:19:17-04:00",
        "primarySource": true,
        "resourceType": "Immunization"
      }
    },
    {
      "fullUrl": "urn:uuid:54955fed-b9fe-4f67-93c5-f15cde042b64",
      "resource": {
        "id": "54955fed-b9fe-4f67-93c5-f15cde042b64",
        "meta": {
          "profile": [
            "http://standardhealthrecord.org/fhir/StructureDefinition/shr-encounter-Encounter"
          ]
        },
        "status": "finished",
        "class": {
          "code": "outpatient"
        },
        "type": [
          {
            "coding": [
              {
                "system": "http://snomed.info/sct",
                "code": "170258001"
              }
            ],
            "text": "Outpatient Encounter"
          }
        ],
        "subject": {
          "reference": "urn:uuid:984d0ec1-d8a6-45af-a86f-588426e95e79"
        },
        "period": {
          "start": "2016-11-17T19:52:13-05:00",
          "end": "2016-11-17T20:52:13-05:00"
        },
        "serviceProvider": {
          "reference": "urn:uuid:39e3b89f-337a-4f36-93dc-e5ed7677ba09"
        },
        "resourceType": "Encounter"
      }
    },
    {
      "fullUrl": "urn:uuid:e287dd01-6c4d-403b-9491-8b59eea44824",
      "resource": {
        "id": "e287dd01-6c4d-403b-9491-8b59eea44824",
        "meta": {
          "profile": [
            "http://standardhealthrecord.org/fhir/StructureDefinition/shr-observation-Observation",
            "http://standardhealthrecord.org/fhir/StructureDefinition/shr-vital-VitalSign",
            "http://standardhealthrecord.org/fhir/StructureDefinition/shr-vital-BodyHeight"
          ]
        },
        "status": "final",
        "category": [
          {
            "coding": [
              {
                "system": "http://hl7.org/fhir/observation-category",
                "code": "vital-signs"
              }
            ]
          }
        ],
        "code": {
          "coding": [
            {
              "system": "http://loinc.org",
              "code": "8302-2",
              "display": "Body Height"
            }
          ],
          "text": "Body Height"
        },
        "subject": {
          "reference": "urn:uuid:984d0ec1-d8a6-45af-a86f-588426e95e79"
        },
        "context": {
          "reference": "urn:uuid:54955fed-b9fe-4f67-93c5-f15cde042b64"
        },
        "effectiveDateTime": "2016-11-17T19:52:13-05:00",
        "issued": "2016-11-17T19:52:13-05:00",
        "valueQuantity": {
          "value": 58.354219220784834,
          "unit": "cm",
          "system": "http://unitsofmeasure.org/",
          "code": "cm"
        },
        "resourceType": "Observation"
      }
    },
    {
      "fullUrl": "urn:uuid:d6862490-9d19-4ba6-bc7b-97b0cc20e33e",
      "resource": {
        "id": "d6862490-9d19-4ba6-bc7b-97b0cc20e33e",
        "meta": {
          "profile": [
            "http://standardhealthrecord.org/fhir/StructureDefinition/shr-observation-Observation",
            "http://standardhealthrecord.org/fhir/StructureDefinition/shr-vital-VitalSign",
            "http://standardhealthrecord.org/fhir/StructureDefinition/shr-vital-BodyWeight"
          ]
        },
        "status": "final",
        "category": [
          {
            "coding": [
              {
                "system": "http://hl7.org/fhir/observation-category",
                "code": "vital-signs"
              }
            ]
          }
        ],
        "code": {
          "coding": [
            {
              "system": "http://loinc.org",
              "code": "29463-7",
              "display": "Body Weight"
            }
          ],
          "text": "Body Weight"
        },
        "subject": {
          "reference": "urn:uuid:984d0ec1-d8a6-45af-a86f-588426e95e79"
        },
        "context": {
          "reference": "urn:uuid:54955fed-b9fe-4f67-93c5-f15cde042b64"
        },
        "effectiveDateTime": "2016-11-17T19:52:13-05:00",
        "issued": "2016-11-17T19:52:13-05:00",
        "valueQuantity": {
          "value": 5.283688424078671,
          "unit": "kg",
          "system": "http://unitsofmeasure.org/",
          "code": "kg"
        },
        "resourceType": "Observation"
      }
    },
    {
      "fullUrl": "urn:uuid:780d6ea5-a18b-4a17-b1d6-05c5d72c946a",
      "resource": {
        "id": "780d6ea5-a18b-4a17-b1d6-05c5d72c946a",
        "meta": {
          "profile": [
            "http://standardhealthrecord.org/fhir/StructureDefinition/shr-observation-Observation",
            "http://standardhealthrecord.org/fhir/StructureDefinition/shr-vital-BloodPressure"
          ]
        },
        "status": "final",
        "category": [
          {
            "coding": [
              {
                "system": "http://hl7.org/fhir/observation-category",
                "code": "vital-signs"
              }
            ]
          }
        ],
        "code": {
          "coding": [
            {
              "system": "http://loinc.org",
              "code": "55284-4",
              "display": "Blood Pressure"
            }
          ]
        },
        "subject": {
          "reference": "urn:uuid:984d0ec1-d8a6-45af-a86f-588426e95e79"
        },
        "context": {
          "reference": "urn:uuid:54955fed-b9fe-4f67-93c5-f15cde042b64"
        },
        "effectiveDateTime": "2016-11-17T19:52:13-05:00",
        "issued": "2016-11-17T19:52:13-05:00",
        "component": [
          {
            "code": {
              "coding": [
                {
                  "system": "http://loinc.org",
                  "code": "8480-6",
                  "display": "Systolic Blood Pressure"
                }
              ],
              "text": "Systolic Blood Pressure"
            },
            "valueQuantity": {
              "value": 106,
              "unit": "mmHg",
              "system": "http://unitsofmeasure.org/",
              "code": "mmHg"
            }
          },
          {
            "code": {
              "coding": [
                {
                  "system": "http://loinc.org",
                  "code": "8462-4",
                  "display": "Diastolic Blood Pressure"
                }
              ],
              "text": "Diastolic Blood Pressure"
            },
            "valueQuantity": {
              "value": 71,
              "unit": "mmHg",
              "system": "http://unitsofmeasure.org/",
              "code": "mmHg"
            }
          }
        ],
        "resourceType": "Observation"
      }
    },
    {
      "resource": {
        "meta": {
          "profile": [
            "http://standardhealthrecord.org/fhir/StructureDefinition/shr-procedure-Procedure"
          ]
        },
        "extension": [
          {
            "url": "http://standardhealthrecord.org/fhir/StructureDefinition/shr-core-CodeableConcept-extension",
            "valueCodeableConcept": {
              "coding": [
                {
                  "system": "http://snomed.info/sct",
                  "code": "428191000124101",
                  "display": "Documentation of current medications"
                }
              ],
              "text": "Documentation of current medications"
            }
          }
        ],
        "status": "completed",
        "code": {
          "coding": [
            {
              "system": "http://snomed.info/sct",
              "code": "428191000124101",
              "display": "Documentation of current medications"
            }
          ],
          "text": "Documentation of current medications"
        },
        "subject": {
          "reference": "urn:uuid:984d0ec1-d8a6-45af-a86f-588426e95e79"
        },
        "context": {
          "reference": "urn:uuid:54955fed-b9fe-4f67-93c5-f15cde042b64"
        },
        "performedDateTime": "2016-11-17T19:52:13-05:00",
        "resourceType": "Procedure"
      }
    },
    {
      "resource": {
        "meta": {
          "profile": [
            "http://standardhealthrecord.org/fhir/StructureDefinition/shr-immunization-Immunization"
          ]
        },
        "status": "completed",
        "notGiven": false,
        "vaccineCode": {
          "coding": [
            {
              "system": "http://hl7.org/fhir/sid/cvx",
              "code": "119",
              "display": "rotavirus, monovalent"
            }
          ],
          "text": "rotavirus, monovalent"
        },
        "patient": {
          "reference": "urn:uuid:984d0ec1-d8a6-45af-a86f-588426e95e79"
        },
        "encounter": {
          "reference": "urn:uuid:54955fed-b9fe-4f67-93c5-f15cde042b64"
        },
        "date": "2016-11-17T19:52:13-05:00",
        "primarySource": true,
        "resourceType": "Immunization"
      }
    },
    {
      "resource": {
        "meta": {
          "profile": [
            "http://standardhealthrecord.org/fhir/StructureDefinition/shr-immunization-Immunization"
          ]
        },
        "status": "completed",
        "notGiven": false,
        "vaccineCode": {
          "coding": [
            {
              "system": "http://hl7.org/fhir/sid/cvx",
              "code": "20",
              "display": "DTaP"
            }
          ],
          "text": "DTaP"
        },
        "patient": {
          "reference": "urn:uuid:984d0ec1-d8a6-45af-a86f-588426e95e79"
        },
        "encounter": {
          "reference": "urn:uuid:54955fed-b9fe-4f67-93c5-f15cde042b64"
        },
        "date": "2016-11-17T19:52:13-05:00",
        "primarySource": true,
        "resourceType": "Immunization"
      }
    },
    {
      "resource": {
        "meta": {
          "profile": [
            "http://standardhealthrecord.org/fhir/StructureDefinition/shr-immunization-Immunization"
          ]
        },
        "status": "completed",
        "notGiven": false,
        "vaccineCode": {
          "coding": [
            {
              "system": "http://hl7.org/fhir/sid/cvx",
              "code": "49",
              "display": "Hib (PRP-OMP)"
            }
          ],
          "text": "Hib (PRP-OMP)"
        },
        "patient": {
          "reference": "urn:uuid:984d0ec1-d8a6-45af-a86f-588426e95e79"
        },
        "encounter": {
          "reference": "urn:uuid:54955fed-b9fe-4f67-93c5-f15cde042b64"
        },
        "date": "2016-11-17T19:52:13-05:00",
        "primarySource": true,
        "resourceType": "Immunization"
      }
    },
    {
      "resource": {
        "meta": {
          "profile": [
            "http://standardhealthrecord.org/fhir/StructureDefinition/shr-immunization-Immunization"
          ]
        },
        "status": "completed",
        "notGiven": false,
        "vaccineCode": {
          "coding": [
            {
              "system": "http://hl7.org/fhir/sid/cvx",
              "code": "133",
              "display": "Pneumococcal conjugate PCV 13"
            }
          ],
          "text": "Pneumococcal conjugate PCV 13"
        },
        "patient": {
          "reference": "urn:uuid:984d0ec1-d8a6-45af-a86f-588426e95e79"
        },
        "encounter": {
          "reference": "urn:uuid:54955fed-b9fe-4f67-93c5-f15cde042b64"
        },
        "date": "2016-11-17T19:52:13-05:00",
        "primarySource": true,
        "resourceType": "Immunization"
      }
    },
    {
      "resource": {
        "meta": {
          "profile": [
            "http://standardhealthrecord.org/fhir/StructureDefinition/shr-immunization-Immunization"
          ]
        },
        "status": "completed",
        "notGiven": false,
        "vaccineCode": {
          "coding": [
            {
              "system": "http://hl7.org/fhir/sid/cvx",
              "code": "10",
              "display": "IPV"
            }
          ],
          "text": "IPV"
        },
        "patient": {
          "reference": "urn:uuid:984d0ec1-d8a6-45af-a86f-588426e95e79"
        },
        "encounter": {
          "reference": "urn:uuid:54955fed-b9fe-4f67-93c5-f15cde042b64"
        },
        "date": "2016-11-17T19:52:13-05:00",
        "primarySource": true,
        "resourceType": "Immunization"
      }
    },
    {
      "fullUrl": "urn:uuid:f0e8bfb3-e475-4db5-b7fa-8ae2089f1e10",
      "resource": {
        "id": "f0e8bfb3-e475-4db5-b7fa-8ae2089f1e10",
        "meta": {
          "profile": [
            "http://standardhealthrecord.org/fhir/StructureDefinition/shr-encounter-Encounter"
          ]
        },
        "status": "finished",
        "class": {
          "code": "outpatient"
        },
        "type": [
          {
            "coding": [
              {
                "system": "http://snomed.info/sct",
                "code": "170258001"
              }
            ],
            "text": "Outpatient Encounter"
          }
        ],
        "subject": {
          "reference": "urn:uuid:984d0ec1-d8a6-45af-a86f-588426e95e79"
        },
        "period": {
          "start": "2017-01-23T19:44:19-05:00",
          "end": "2017-01-23T20:44:19-05:00"
        },
        "serviceProvider": {
          "reference": "urn:uuid:39e3b89f-337a-4f36-93dc-e5ed7677ba09"
        },
        "resourceType": "Encounter"
      }
    },
    {
      "fullUrl": "urn:uuid:ab5d4fb3-20f2-4bb1-b144-8acc840d807e",
      "resource": {
        "id": "ab5d4fb3-20f2-4bb1-b144-8acc840d807e",
        "meta": {
          "profile": [
            "http://standardhealthrecord.org/fhir/StructureDefinition/shr-observation-Observation",
            "http://standardhealthrecord.org/fhir/StructureDefinition/shr-vital-VitalSign",
            "http://standardhealthrecord.org/fhir/StructureDefinition/shr-vital-BodyHeight"
          ]
        },
        "status": "final",
        "category": [
          {
            "coding": [
              {
                "system": "http://hl7.org/fhir/observation-category",
                "code": "vital-signs"
              }
            ]
          }
        ],
        "code": {
          "coding": [
            {
              "system": "http://loinc.org",
              "code": "8302-2",
              "display": "Body Height"
            }
          ],
          "text": "Body Height"
        },
        "subject": {
          "reference": "urn:uuid:984d0ec1-d8a6-45af-a86f-588426e95e79"
        },
        "context": {
          "reference": "urn:uuid:f0e8bfb3-e475-4db5-b7fa-8ae2089f1e10"
        },
        "effectiveDateTime": "2017-01-23T19:44:19-05:00",
        "issued": "2017-01-23T19:44:19-05:00",
        "valueQuantity": {
          "value": 62.805644587790276,
          "unit": "cm",
          "system": "http://unitsofmeasure.org/",
          "code": "cm"
        },
        "resourceType": "Observation"
      }
    },
    {
      "fullUrl": "urn:uuid:6ccdf5d2-9fcd-4012-9ce7-21f5d29b0289",
      "resource": {
        "id": "6ccdf5d2-9fcd-4012-9ce7-21f5d29b0289",
        "meta": {
          "profile": [
            "http://standardhealthrecord.org/fhir/StructureDefinition/shr-observation-Observation",
            "http://standardhealthrecord.org/fhir/StructureDefinition/shr-vital-VitalSign",
            "http://standardhealthrecord.org/fhir/StructureDefinition/shr-vital-BodyWeight"
          ]
        },
        "status": "final",
        "category": [
          {
            "coding": [
              {
                "system": "http://hl7.org/fhir/observation-category",
                "code": "vital-signs"
              }
            ]
          }
        ],
        "code": {
          "coding": [
            {
              "system": "http://loinc.org",
              "code": "29463-7",
              "display": "Body Weight"
            }
          ],
          "text": "Body Weight"
        },
        "subject": {
          "reference": "urn:uuid:984d0ec1-d8a6-45af-a86f-588426e95e79"
        },
        "context": {
          "reference": "urn:uuid:f0e8bfb3-e475-4db5-b7fa-8ae2089f1e10"
        },
        "effectiveDateTime": "2017-01-23T19:44:19-05:00",
        "issued": "2017-01-23T19:44:19-05:00",
        "valueQuantity": {
          "value": 6.499404735866284,
          "unit": "kg",
          "system": "http://unitsofmeasure.org/",
          "code": "kg"
        },
        "resourceType": "Observation"
      }
    },
    {
      "fullUrl": "urn:uuid:87abc1a6-011d-4a56-b088-94b668d0d796",
      "resource": {
        "id": "87abc1a6-011d-4a56-b088-94b668d0d796",
        "meta": {
          "profile": [
            "http://standardhealthrecord.org/fhir/StructureDefinition/shr-observation-Observation",
            "http://standardhealthrecord.org/fhir/StructureDefinition/shr-vital-BloodPressure"
          ]
        },
        "status": "final",
        "category": [
          {
            "coding": [
              {
                "system": "http://hl7.org/fhir/observation-category",
                "code": "vital-signs"
              }
            ]
          }
        ],
        "code": {
          "coding": [
            {
              "system": "http://loinc.org",
              "code": "55284-4",
              "display": "Blood Pressure"
            }
          ]
        },
        "subject": {
          "reference": "urn:uuid:984d0ec1-d8a6-45af-a86f-588426e95e79"
        },
        "context": {
          "reference": "urn:uuid:f0e8bfb3-e475-4db5-b7fa-8ae2089f1e10"
        },
        "effectiveDateTime": "2017-01-23T19:44:19-05:00",
        "issued": "2017-01-23T19:44:19-05:00",
        "component": [
          {
            "code": {
              "coding": [
                {
                  "system": "http://loinc.org",
                  "code": "8480-6",
                  "display": "Systolic Blood Pressure"
                }
              ],
              "text": "Systolic Blood Pressure"
            },
            "valueQuantity": {
              "value": 114,
              "unit": "mmHg",
              "system": "http://unitsofmeasure.org/",
              "code": "mmHg"
            }
          },
          {
            "code": {
              "coding": [
                {
                  "system": "http://loinc.org",
                  "code": "8462-4",
                  "display": "Diastolic Blood Pressure"
                }
              ],
              "text": "Diastolic Blood Pressure"
            },
            "valueQuantity": {
              "value": 75,
              "unit": "mmHg",
              "system": "http://unitsofmeasure.org/",
              "code": "mmHg"
            }
          }
        ],
        "resourceType": "Observation"
      }
    },
    {
      "resource": {
        "meta": {
          "profile": [
            "http://standardhealthrecord.org/fhir/StructureDefinition/shr-procedure-Procedure"
          ]
        },
        "extension": [
          {
            "url": "http://standardhealthrecord.org/fhir/StructureDefinition/shr-core-CodeableConcept-extension",
            "valueCodeableConcept": {
              "coding": [
                {
                  "system": "http://snomed.info/sct",
                  "code": "428191000124101",
                  "display": "Documentation of current medications"
                }
              ],
              "text": "Documentation of current medications"
            }
          }
        ],
        "status": "completed",
        "code": {
          "coding": [
            {
              "system": "http://snomed.info/sct",
              "code": "428191000124101",
              "display": "Documentation of current medications"
            }
          ],
          "text": "Documentation of current medications"
        },
        "subject": {
          "reference": "urn:uuid:984d0ec1-d8a6-45af-a86f-588426e95e79"
        },
        "context": {
          "reference": "urn:uuid:f0e8bfb3-e475-4db5-b7fa-8ae2089f1e10"
        },
        "performedDateTime": "2017-01-23T19:44:19-05:00",
        "resourceType": "Procedure"
      }
    },
    {
      "resource": {
        "meta": {
          "profile": [
            "http://standardhealthrecord.org/fhir/StructureDefinition/shr-immunization-Immunization"
          ]
        },
        "status": "completed",
        "notGiven": false,
        "vaccineCode": {
          "coding": [
            {
              "system": "http://hl7.org/fhir/sid/cvx",
              "code": "119",
              "display": "rotavirus, monovalent"
            }
          ],
          "text": "rotavirus, monovalent"
        },
        "patient": {
          "reference": "urn:uuid:984d0ec1-d8a6-45af-a86f-588426e95e79"
        },
        "encounter": {
          "reference": "urn:uuid:f0e8bfb3-e475-4db5-b7fa-8ae2089f1e10"
        },
        "date": "2017-01-23T19:44:19-05:00",
        "primarySource": true,
        "resourceType": "Immunization"
      }
    },
    {
      "resource": {
        "meta": {
          "profile": [
            "http://standardhealthrecord.org/fhir/StructureDefinition/shr-immunization-Immunization"
          ]
        },
        "status": "completed",
        "notGiven": false,
        "vaccineCode": {
          "coding": [
            {
              "system": "http://hl7.org/fhir/sid/cvx",
              "code": "20",
              "display": "DTaP"
            }
          ],
          "text": "DTaP"
        },
        "patient": {
          "reference": "urn:uuid:984d0ec1-d8a6-45af-a86f-588426e95e79"
        },
        "encounter": {
          "reference": "urn:uuid:f0e8bfb3-e475-4db5-b7fa-8ae2089f1e10"
        },
        "date": "2017-01-23T19:44:19-05:00",
        "primarySource": true,
        "resourceType": "Immunization"
      }
    },
    {
      "resource": {
        "meta": {
          "profile": [
            "http://standardhealthrecord.org/fhir/StructureDefinition/shr-immunization-Immunization"
          ]
        },
        "status": "completed",
        "notGiven": false,
        "vaccineCode": {
          "coding": [
            {
              "system": "http://hl7.org/fhir/sid/cvx",
              "code": "49",
              "display": "Hib (PRP-OMP)"
            }
          ],
          "text": "Hib (PRP-OMP)"
        },
        "patient": {
          "reference": "urn:uuid:984d0ec1-d8a6-45af-a86f-588426e95e79"
        },
        "encounter": {
          "reference": "urn:uuid:f0e8bfb3-e475-4db5-b7fa-8ae2089f1e10"
        },
        "date": "2017-01-23T19:44:19-05:00",
        "primarySource": true,
        "resourceType": "Immunization"
      }
    },
    {
      "resource": {
        "meta": {
          "profile": [
            "http://standardhealthrecord.org/fhir/StructureDefinition/shr-immunization-Immunization"
          ]
        },
        "status": "completed",
        "notGiven": false,
        "vaccineCode": {
          "coding": [
            {
              "system": "http://hl7.org/fhir/sid/cvx",
              "code": "133",
              "display": "Pneumococcal conjugate PCV 13"
            }
          ],
          "text": "Pneumococcal conjugate PCV 13"
        },
        "patient": {
          "reference": "urn:uuid:984d0ec1-d8a6-45af-a86f-588426e95e79"
        },
        "encounter": {
          "reference": "urn:uuid:f0e8bfb3-e475-4db5-b7fa-8ae2089f1e10"
        },
        "date": "2017-01-23T19:44:19-05:00",
        "primarySource": true,
        "resourceType": "Immunization"
      }
    },
    {
      "resource": {
        "meta": {
          "profile": [
            "http://standardhealthrecord.org/fhir/StructureDefinition/shr-immunization-Immunization"
          ]
        },
        "status": "completed",
        "notGiven": false,
        "vaccineCode": {
          "coding": [
            {
              "system": "http://hl7.org/fhir/sid/cvx",
              "code": "10",
              "display": "IPV"
            }
          ],
          "text": "IPV"
        },
        "patient": {
          "reference": "urn:uuid:984d0ec1-d8a6-45af-a86f-588426e95e79"
        },
        "encounter": {
          "reference": "urn:uuid:f0e8bfb3-e475-4db5-b7fa-8ae2089f1e10"
        },
        "date": "2017-01-23T19:44:19-05:00",
        "primarySource": true,
        "resourceType": "Immunization"
      }
    },
    {
      "fullUrl": "urn:uuid:f441dacf-8fc2-45b9-8f98-320c2ae807a2",
      "resource": {
        "id": "f441dacf-8fc2-45b9-8f98-320c2ae807a2",
        "meta": {
          "profile": [
            "http://standardhealthrecord.org/fhir/StructureDefinition/shr-encounter-Encounter"
          ]
        },
        "status": "finished",
        "class": {
          "code": "ambulatory"
        },
        "type": [
          {
            "coding": [
              {
                "system": "http://snomed.info/sct",
                "code": "185345009"
              }
            ],
            "text": "Encounter for symptom"
          }
        ],
        "subject": {
          "reference": "urn:uuid:984d0ec1-d8a6-45af-a86f-588426e95e79"
        },
        "period": {
          "start": "2017-02-20T08:17:29-05:00",
          "end": "2017-02-20T08:17:29-05:00"
        },
        "reason": {
          "coding": [
            {
              "system": "http://snomed.info/sct",
              "code": "444814009",
              "display": "Viral sinusitis (disorder)"
            }
          ]
        },
        "serviceProvider": {
          "reference": "urn:uuid:39e3b89f-337a-4f36-93dc-e5ed7677ba09"
        },
        "resourceType": "Encounter"
      }
    },
    {
      "fullUrl": "urn:uuid:fc2285f9-91cb-4555-9ea4-d0f8d3814d7d",
      "resource": {
        "id": "fc2285f9-91cb-4555-9ea4-d0f8d3814d7d",
        "meta": {
          "profile": [
            "http://standardhealthrecord.org/fhir/StructureDefinition/shr-problem-Problem"
          ]
        },
        "clinicalStatus": "active",
        "verificationStatus": "confirmed",
        "code": {
          "coding": [
            {
              "system": "http://snomed.info/sct",
              "code": "444814009",
              "display": "Viral sinusitis (disorder)"
            }
          ],
          "text": "Viral sinusitis (disorder)"
        },
        "subject": {
          "reference": "urn:uuid:984d0ec1-d8a6-45af-a86f-588426e95e79"
        },
        "context": {
          "reference": "urn:uuid:f441dacf-8fc2-45b9-8f98-320c2ae807a2"
        },
        "onsetDateTime": "2017-02-20T08:17:29-05:00",
        "abatementDateTime": "2017-03-05T23:35:55-05:00",
        "assertedDate": "2017-02-20",
        "resourceType": "Condition"
      }
    },
    {
      "fullUrl": "urn:uuid:7e79ef46-965f-447c-bfd9-b73e358741a7",
      "resource": {
        "id": "7e79ef46-965f-447c-bfd9-b73e358741a7",
        "meta": {
          "profile": [
            "http://standardhealthrecord.org/fhir/StructureDefinition/shr-encounter-Encounter"
          ]
        },
        "status": "finished",
        "class": {
          "code": "outpatient"
        },
        "type": [
          {
            "coding": [
              {
                "system": "http://snomed.info/sct",
                "code": "170258001"
              }
            ],
            "text": "Outpatient Encounter"
          }
        ],
        "subject": {
          "reference": "urn:uuid:984d0ec1-d8a6-45af-a86f-588426e95e79"
        },
        "period": {
          "start": "2017-04-09T09:25:26-04:00",
          "end": "2017-04-09T10:25:26-04:00"
        },
        "serviceProvider": {
          "reference": "urn:uuid:39e3b89f-337a-4f36-93dc-e5ed7677ba09"
        },
        "resourceType": "Encounter"
      }
    },
    {
      "fullUrl": "urn:uuid:156a3e24-5992-43bf-8463-323c9889ca55",
      "resource": {
        "id": "156a3e24-5992-43bf-8463-323c9889ca55",
        "meta": {
          "profile": [
            "http://standardhealthrecord.org/fhir/StructureDefinition/shr-observation-Observation",
            "http://standardhealthrecord.org/fhir/StructureDefinition/shr-vital-VitalSign",
            "http://standardhealthrecord.org/fhir/StructureDefinition/shr-vital-BodyHeight"
          ]
        },
        "status": "final",
        "category": [
          {
            "coding": [
              {
                "system": "http://hl7.org/fhir/observation-category",
                "code": "vital-signs"
              }
            ]
          }
        ],
        "code": {
          "coding": [
            {
              "system": "http://loinc.org",
              "code": "8302-2",
              "display": "Body Height"
            }
          ],
          "text": "Body Height"
        },
        "subject": {
          "reference": "urn:uuid:984d0ec1-d8a6-45af-a86f-588426e95e79"
        },
        "context": {
          "reference": "urn:uuid:7e79ef46-965f-447c-bfd9-b73e358741a7"
        },
        "effectiveDateTime": "2017-04-09T09:25:26-04:00",
        "issued": "2017-04-09T09:25:26-04:00",
        "valueQuantity": {
          "value": 67.99107133045337,
          "unit": "cm",
          "system": "http://unitsofmeasure.org/",
          "code": "cm"
        },
        "resourceType": "Observation"
      }
    },
    {
      "fullUrl": "urn:uuid:6bb1901d-b507-4207-908c-8f5dd6d69985",
      "resource": {
        "id": "6bb1901d-b507-4207-908c-8f5dd6d69985",
        "meta": {
          "profile": [
            "http://standardhealthrecord.org/fhir/StructureDefinition/shr-observation-Observation",
            "http://standardhealthrecord.org/fhir/StructureDefinition/shr-vital-VitalSign",
            "http://standardhealthrecord.org/fhir/StructureDefinition/shr-vital-BodyWeight"
          ]
        },
        "status": "final",
        "category": [
          {
            "coding": [
              {
                "system": "http://hl7.org/fhir/observation-category",
                "code": "vital-signs"
              }
            ]
          }
        ],
        "code": {
          "coding": [
            {
              "system": "http://loinc.org",
              "code": "29463-7",
              "display": "Body Weight"
            }
          ],
          "text": "Body Weight"
        },
        "subject": {
          "reference": "urn:uuid:984d0ec1-d8a6-45af-a86f-588426e95e79"
        },
        "context": {
          "reference": "urn:uuid:7e79ef46-965f-447c-bfd9-b73e358741a7"
        },
        "effectiveDateTime": "2017-04-09T09:25:26-04:00",
        "issued": "2017-04-09T09:25:26-04:00",
        "valueQuantity": {
          "value": 7.9740577484462625,
          "unit": "kg",
          "system": "http://unitsofmeasure.org/",
          "code": "kg"
        },
        "resourceType": "Observation"
      }
    },
    {
      "fullUrl": "urn:uuid:18dc13c9-98b6-494d-83aa-25d7805c2344",
      "resource": {
        "id": "18dc13c9-98b6-494d-83aa-25d7805c2344",
        "meta": {
          "profile": [
            "http://standardhealthrecord.org/fhir/StructureDefinition/shr-observation-Observation",
            "http://standardhealthrecord.org/fhir/StructureDefinition/shr-vital-BloodPressure"
          ]
        },
        "status": "final",
        "category": [
          {
            "coding": [
              {
                "system": "http://hl7.org/fhir/observation-category",
                "code": "vital-signs"
              }
            ]
          }
        ],
        "code": {
          "coding": [
            {
              "system": "http://loinc.org",
              "code": "55284-4",
              "display": "Blood Pressure"
            }
          ]
        },
        "subject": {
          "reference": "urn:uuid:984d0ec1-d8a6-45af-a86f-588426e95e79"
        },
        "context": {
          "reference": "urn:uuid:7e79ef46-965f-447c-bfd9-b73e358741a7"
        },
        "effectiveDateTime": "2017-04-09T09:25:26-04:00",
        "issued": "2017-04-09T09:25:26-04:00",
        "component": [
          {
            "code": {
              "coding": [
                {
                  "system": "http://loinc.org",
                  "code": "8480-6",
                  "display": "Systolic Blood Pressure"
                }
              ],
              "text": "Systolic Blood Pressure"
            },
            "valueQuantity": {
              "value": 116,
              "unit": "mmHg",
              "system": "http://unitsofmeasure.org/",
              "code": "mmHg"
            }
          },
          {
            "code": {
              "coding": [
                {
                  "system": "http://loinc.org",
                  "code": "8462-4",
                  "display": "Diastolic Blood Pressure"
                }
              ],
              "text": "Diastolic Blood Pressure"
            },
            "valueQuantity": {
              "value": 79,
              "unit": "mmHg",
              "system": "http://unitsofmeasure.org/",
              "code": "mmHg"
            }
          }
        ],
        "resourceType": "Observation"
      }
    },
    {
      "resource": {
        "meta": {
          "profile": [
            "http://standardhealthrecord.org/fhir/StructureDefinition/shr-procedure-Procedure"
          ]
        },
        "extension": [
          {
            "url": "http://standardhealthrecord.org/fhir/StructureDefinition/shr-core-CodeableConcept-extension",
            "valueCodeableConcept": {
              "coding": [
                {
                  "system": "http://snomed.info/sct",
                  "code": "428191000124101",
                  "display": "Documentation of current medications"
                }
              ],
              "text": "Documentation of current medications"
            }
          }
        ],
        "status": "completed",
        "code": {
          "coding": [
            {
              "system": "http://snomed.info/sct",
              "code": "428191000124101",
              "display": "Documentation of current medications"
            }
          ],
          "text": "Documentation of current medications"
        },
        "subject": {
          "reference": "urn:uuid:984d0ec1-d8a6-45af-a86f-588426e95e79"
        },
        "context": {
          "reference": "urn:uuid:7e79ef46-965f-447c-bfd9-b73e358741a7"
        },
        "performedDateTime": "2017-04-09T09:25:26-04:00",
        "resourceType": "Procedure"
      }
    },
    {
      "resource": {
        "meta": {
          "profile": [
            "http://standardhealthrecord.org/fhir/StructureDefinition/shr-immunization-Immunization"
          ]
        },
        "status": "completed",
        "notGiven": false,
        "vaccineCode": {
          "coding": [
            {
              "system": "http://hl7.org/fhir/sid/cvx",
              "code": "08",
              "display": "Hep B, adolescent or pediatric"
            }
          ],
          "text": "Hep B, adolescent or pediatric"
        },
        "patient": {
          "reference": "urn:uuid:984d0ec1-d8a6-45af-a86f-588426e95e79"
        },
        "encounter": {
          "reference": "urn:uuid:7e79ef46-965f-447c-bfd9-b73e358741a7"
        },
        "date": "2017-04-09T09:25:26-04:00",
        "primarySource": true,
        "resourceType": "Immunization"
      }
    },
    {
      "resource": {
        "meta": {
          "profile": [
            "http://standardhealthrecord.org/fhir/StructureDefinition/shr-immunization-Immunization"
          ]
        },
        "status": "completed",
        "notGiven": false,
        "vaccineCode": {
          "coding": [
            {
              "system": "http://hl7.org/fhir/sid/cvx",
              "code": "20",
              "display": "DTaP"
            }
          ],
          "text": "DTaP"
        },
        "patient": {
          "reference": "urn:uuid:984d0ec1-d8a6-45af-a86f-588426e95e79"
        },
        "encounter": {
          "reference": "urn:uuid:7e79ef46-965f-447c-bfd9-b73e358741a7"
        },
        "date": "2017-04-09T09:25:26-04:00",
        "primarySource": true,
        "resourceType": "Immunization"
      }
    },
    {
      "resource": {
        "meta": {
          "profile": [
            "http://standardhealthrecord.org/fhir/StructureDefinition/shr-immunization-Immunization"
          ]
        },
        "status": "completed",
        "notGiven": false,
        "vaccineCode": {
          "coding": [
            {
              "system": "http://hl7.org/fhir/sid/cvx",
              "code": "133",
              "display": "Pneumococcal conjugate PCV 13"
            }
          ],
          "text": "Pneumococcal conjugate PCV 13"
        },
        "patient": {
          "reference": "urn:uuid:984d0ec1-d8a6-45af-a86f-588426e95e79"
        },
        "encounter": {
          "reference": "urn:uuid:7e79ef46-965f-447c-bfd9-b73e358741a7"
        },
        "date": "2017-04-09T09:25:26-04:00",
        "primarySource": true,
        "resourceType": "Immunization"
      }
    },
    {
      "resource": {
        "meta": {
          "profile": [
            "http://standardhealthrecord.org/fhir/StructureDefinition/shr-immunization-Immunization"
          ]
        },
        "status": "completed",
        "notGiven": false,
        "vaccineCode": {
          "coding": [
            {
              "system": "http://hl7.org/fhir/sid/cvx",
              "code": "10",
              "display": "IPV"
            }
          ],
          "text": "IPV"
        },
        "patient": {
          "reference": "urn:uuid:984d0ec1-d8a6-45af-a86f-588426e95e79"
        },
        "encounter": {
          "reference": "urn:uuid:7e79ef46-965f-447c-bfd9-b73e358741a7"
        },
        "date": "2017-04-09T09:25:26-04:00",
        "primarySource": true,
        "resourceType": "Immunization"
      }
    },
    {
      "resource": {
        "meta": {
          "profile": [
            "http://standardhealthrecord.org/fhir/StructureDefinition/shr-immunization-Immunization"
          ]
        },
        "status": "completed",
        "notGiven": false,
        "vaccineCode": {
          "coding": [
            {
              "system": "http://hl7.org/fhir/sid/cvx",
              "code": "140",
              "display": "Influenza, seasonal, injectable, preservative free"
            }
          ],
          "text": "Influenza, seasonal, injectable, preservative free"
        },
        "patient": {
          "reference": "urn:uuid:984d0ec1-d8a6-45af-a86f-588426e95e79"
        },
        "encounter": {
          "reference": "urn:uuid:7e79ef46-965f-447c-bfd9-b73e358741a7"
        },
        "date": "2017-04-09T09:25:26-04:00",
        "primarySource": true,
        "resourceType": "Immunization"
      }
    }
  ],
  "resourceType": "Bundle"
}