{
  "type": "collection",
  "entry": [
    {
      "fullUrl": "urn:uuid:c607f580-9022-4ebd-9b4f-141eefea9d86",
      "resource": {
        "id": "c607f580-9022-4ebd-9b4f-141eefea9d86",
        "meta": {
          "profile": [
            "http://standardhealthrecord.org/fhir/StructureDefinition/shr-demographics-PersonOfRecord"
          ]
        },
        "text": {
          "status": "generated",
          "div": "<div>Generated by <a href=\"https://github.com/synthetichealth/synthea\">Synthea</a>. Version identifier: 4d02400401b9fab839e47bf5b2f1f6a8c683ab55</div>"
        },
        "extension": [
          {
            "url": "http://hl7.org/fhir/us/core/StructureDefinition/us-core-race",
            "valueCodeableConcept": {
              "coding": [
                {
                  "system": "http://hl7.org/fhir/v3/Race",
                  "code": "2106-3",
                  "display": "White"
                }
              ],
              "text": "race"
            }
          },
          {
            "url": "http://hl7.org/fhir/us/core/StructureDefinition/us-core-ethnicity",
            "valueCodeableConcept": {
              "coding": [
                {
                  "system": "http://hl7.org/fhir/v3/Ethnicity",
                  "code": "2186-5",
                  "display": "Nonhispanic"
                }
              ],
              "text": "ethnicity"
            }
          },
          {
            "url": "http://hl7.org/fhir/StructureDefinition/birthPlace",
            "valueAddress": {
              "city": "Northampton",
              "state": "MA",
              "country": "US"
            }
          },
          {
            "url": "http://hl7.org/fhir/StructureDefinition/patient-mothersMaidenName",
            "valueString": "Richie584 Cruickshank876"
          },
          {
            "url": "http://hl7.org/fhir/us/core/StructureDefinition/us-core-birthsex",
            "valueCode": "M"
          },
          {
            "url": "http://hl7.org/fhir/StructureDefinition/patient-interpreterRequired",
            "valueBoolean": false
          },
          {
            "url": "http://standardhealthrecord.org/fhir/StructureDefinition/shr-actor-FictionalPerson-extension",
            "valueBoolean": true
          },
          {
            "url": "http://standardhealthrecord.org/fhir/StructureDefinition/shr-demographics-FathersName-extension",
            "valueHumanName": {
              "text": "Darien576 Abbott992"
            }
          },
          {
            "url": "http://standardhealthrecord.org/fhir/StructureDefinition/shr-demographics-SocialSecurityNumber-extension",
            "valueString": "999-50-5831"
          }
        ],
        "identifier": [
          {
            "system": "https://github.com/synthetichealth/synthea",
            "value": "92ca7ae5-cc60-46b9-b278-373ec098480f"
          },
          {
            "type": {
              "coding": [
                {
                  "system": "http://hl7.org/fhir/identifier-type",
                  "code": "SB"
                }
              ]
            },
            "system": "http://hl7.org/fhir/sid/us-ssn",
            "value": "999505831"
          }
        ],
        "name": [
          {
            "use": "official",
            "family": "Abbott992",
            "given": [
              "Erica386"
            ]
          }
        ],
        "telecom": [
          {
            "system": "phone",
            "value": "817-045-9518 x2406",
            "use": "home"
          }
        ],
        "gender": "male",
        "birthDate": "2017-01-08",
        "address": [
          {
            "extension": [
              {
                "extension": [
                  {
                    "url": "latitude",
                    "valueDecimal": 42.31864286626232
                  },
                  {
                    "url": "longitude",
                    "valueDecimal": -70.92884848408409
                  }
                ],
                "url": "http://hl7.org/fhir/StructureDefinition/geolocation"
              }
            ],
            "line": [
              "81389 Witting Rue"
            ],
            "city": "Boston",
            "state": "MA",
            "postalCode": "02125",
            "country": "US"
          }
        ],
        "maritalStatus": {
          "coding": [
            {
              "system": "http://hl7.org/fhir/v3/MaritalStatus",
              "code": "S"
            }
          ],
          "text": "Never Married"
        },
        "multipleBirthBoolean": false,
        "communication": [
          {
            "language": {
              "coding": [
                {
                  "system": "http://hl7.org/fhir/ValueSet/languages",
                  "code": "en-US",
                  "display": "English (United States)"
                }
              ]
            }
          }
        ],
        "resourceType": "Patient"
      }
    },
    {
      "fullUrl": "urn:uuid:4bd25265-089e-43f8-971d-5368f88439a5",
      "resource": {
        "id": "4bd25265-089e-43f8-971d-5368f88439a5",
        "meta": {
          "profile": [
            "http://standardhealthrecord.org/fhir/StructureDefinition/shr-actor-Organization"
          ]
        },
        "type": [
          {
            "coding": [
              {
                "system": "http://hl7.org/fhir/ValueSet/organization-type",
                "code": "prov",
                "display": "Healthcare Provider"
              }
            ],
            "text": "Healthcare Provider"
          }
        ],
        "name": "Synthetic Provider",
        "resourceType": "Organization"
      }
    },
    {
      "fullUrl": "urn:uuid:2c389568-1544-4fca-b664-d44506e6bf51",
      "resource": {
        "id": "2c389568-1544-4fca-b664-d44506e6bf51",
        "meta": {
          "profile": [
            "http://standardhealthrecord.org/fhir/StructureDefinition/shr-encounter-Encounter"
          ]
        },
        "status": "finished",
        "class": {
          "code": "outpatient"
        },
        "type": [
          {
            "coding": [
              {
                "system": "http://snomed.info/sct",
                "code": "170258001"
              }
            ],
            "text": "Outpatient Encounter"
          }
        ],
        "subject": {
          "reference": "urn:uuid:c607f580-9022-4ebd-9b4f-141eefea9d86"
        },
        "period": {
          "start": "2017-01-08T08:03:32-05:00",
          "end": "2017-01-08T09:03:32-05:00"
        },
        "serviceProvider": {
          "reference": "urn:uuid:4bd25265-089e-43f8-971d-5368f88439a5"
        },
        "resourceType": "Encounter"
      }
    },
    {
      "resource": {
        "meta": {
          "profile": [
            "http://standardhealthrecord.org/fhir/StructureDefinition/shr-immunization-Immunization"
          ]
        },
        "status": "completed",
        "notGiven": false,
        "vaccineCode": {
          "coding": [
            {
              "system": "http://hl7.org/fhir/sid/cvx",
              "code": "08",
              "display": "Hep B, adolescent or pediatric"
            }
          ],
          "text": "Hep B, adolescent or pediatric"
        },
        "patient": {
          "reference": "urn:uuid:c607f580-9022-4ebd-9b4f-141eefea9d86"
        },
        "encounter": {
          "reference": "urn:uuid:2c389568-1544-4fca-b664-d44506e6bf51"
        },
        "date": "2017-01-08T08:03:32-05:00",
        "primarySource": true,
        "resourceType": "Immunization"
      }
    },
    {
      "fullUrl": "urn:uuid:8a984b6d-b8e1-4fd6-96d4-6bf32d4dccb1",
      "resource": {
        "id": "8a984b6d-b8e1-4fd6-96d4-6bf32d4dccb1",
        "meta": {
          "profile": [
            "http://standardhealthrecord.org/fhir/StructureDefinition/shr-encounter-Encounter"
          ]
        },
        "status": "finished",
        "class": {
          "code": "outpatient"
        },
        "type": [
          {
            "coding": [
              {
                "system": "http://snomed.info/sct",
                "code": "170258001"
              }
            ],
            "text": "Outpatient Encounter"
          }
        ],
        "subject": {
          "reference": "urn:uuid:c607f580-9022-4ebd-9b4f-141eefea9d86"
        },
        "period": {
          "start": "2017-02-09T11:59:03-05:00",
          "end": "2017-02-09T12:59:03-05:00"
        },
        "serviceProvider": {
          "reference": "urn:uuid:4bd25265-089e-43f8-971d-5368f88439a5"
        },
        "resourceType": "Encounter"
      }
    },
    {
      "fullUrl": "urn:uuid:96b9e77e-4b0f-4fe0-a20e-ec4f783fe47f",
      "resource": {
        "id": "96b9e77e-4b0f-4fe0-a20e-ec4f783fe47f",
        "meta": {
          "profile": [
            "http://standardhealthrecord.org/fhir/StructureDefinition/shr-observation-Observation",
            "http://standardhealthrecord.org/fhir/StructureDefinition/shr-vital-VitalSign",
            "http://standardhealthrecord.org/fhir/StructureDefinition/shr-vital-BodyHeight"
          ]
        },
        "status": "final",
        "category": [
          {
            "coding": [
              {
                "system": "http://hl7.org/fhir/observation-category",
                "code": "vital-signs"
              }
            ]
          }
        ],
        "code": {
          "coding": [
            {
              "system": "http://loinc.org",
              "code": "8302-2",
              "display": "Body Height"
            }
          ],
          "text": "Body Height"
        },
        "subject": {
          "reference": "urn:uuid:c607f580-9022-4ebd-9b4f-141eefea9d86"
        },
        "context": {
          "reference": "urn:uuid:8a984b6d-b8e1-4fd6-96d4-6bf32d4dccb1"
        },
        "effectiveDateTime": "2017-02-09T11:59:03-05:00",
        "issued": "2017-02-09T11:59:03-05:00",
        "valueQuantity": {
          "value": 52.637920736421385,
          "unit": "cm",
          "system": "http://unitsofmeasure.org/",
          "code": "cm"
        },
        "resourceType": "Observation"
      }
    },
    {
      "fullUrl": "urn:uuid:e9a30586-bffd-4b25-8806-9f35afda2aac",
      "resource": {
        "id": "e9a30586-bffd-4b25-8806-9f35afda2aac",
        "meta": {
          "profile": [
            "http://standardhealthrecord.org/fhir/StructureDefinition/shr-observation-Observation",
            "http://standardhealthrecord.org/fhir/StructureDefinition/shr-vital-VitalSign",
            "http://standardhealthrecord.org/fhir/StructureDefinition/shr-vital-BodyWeight"
          ]
        },
        "status": "final",
        "category": [
          {
            "coding": [
              {
                "system": "http://hl7.org/fhir/observation-category",
                "code": "vital-signs"
              }
            ]
          }
        ],
        "code": {
          "coding": [
            {
              "system": "http://loinc.org",
              "code": "29463-7",
              "display": "Body Weight"
            }
          ],
          "text": "Body Weight"
        },
        "subject": {
          "reference": "urn:uuid:c607f580-9022-4ebd-9b4f-141eefea9d86"
        },
        "context": {
          "reference": "urn:uuid:8a984b6d-b8e1-4fd6-96d4-6bf32d4dccb1"
        },
        "effectiveDateTime": "2017-02-09T11:59:03-05:00",
        "issued": "2017-02-09T11:59:03-05:00",
        "valueQuantity": {
          "value": 3.8729319348651177,
          "unit": "kg",
          "system": "http://unitsofmeasure.org/",
          "code": "kg"
        },
        "resourceType": "Observation"
      }
    },
    {
      "fullUrl": "urn:uuid:8d2d0c79-ed64-4c42-9c49-70f39d4d72cc",
      "resource": {
        "id": "8d2d0c79-ed64-4c42-9c49-70f39d4d72cc",
        "meta": {
          "profile": [
            "http://standardhealthrecord.org/fhir/StructureDefinition/shr-observation-Observation",
            "http://standardhealthrecord.org/fhir/StructureDefinition/shr-vital-BloodPressure"
          ]
        },
        "status": "final",
        "category": [
          {
            "coding": [
              {
                "system": "http://hl7.org/fhir/observation-category",
                "code": "vital-signs"
              }
            ]
          }
        ],
        "code": {
          "coding": [
            {
              "system": "http://loinc.org",
              "code": "55284-4",
              "display": "Blood Pressure"
            }
          ]
        },
        "subject": {
          "reference": "urn:uuid:c607f580-9022-4ebd-9b4f-141eefea9d86"
        },
        "context": {
          "reference": "urn:uuid:8a984b6d-b8e1-4fd6-96d4-6bf32d4dccb1"
        },
        "effectiveDateTime": "2017-02-09T11:59:03-05:00",
        "issued": "2017-02-09T11:59:03-05:00",
        "component": [
          {
            "code": {
              "coding": [
                {
                  "system": "http://loinc.org",
                  "code": "8480-6",
                  "display": "Systolic Blood Pressure"
                }
              ],
              "text": "Systolic Blood Pressure"
            },
            "valueQuantity": {
              "value": 102,
              "unit": "mmHg",
              "system": "http://unitsofmeasure.org/",
              "code": "mmHg"
            }
          },
          {
            "code": {
              "coding": [
                {
                  "system": "http://loinc.org",
                  "code": "8462-4",
                  "display": "Diastolic Blood Pressure"
                }
              ],
              "text": "Diastolic Blood Pressure"
            },
            "valueQuantity": {
              "value": 87,
              "unit": "mmHg",
              "system": "http://unitsofmeasure.org/",
              "code": "mmHg"
            }
          }
        ],
        "resourceType": "Observation"
      }
    },
    {
      "resource": {
        "meta": {
          "profile": [
            "http://standardhealthrecord.org/fhir/StructureDefinition/shr-procedure-Procedure"
          ]
        },
        "extension": [
          {
            "url": "http://standardhealthrecord.org/fhir/StructureDefinition/shr-core-CodeableConcept-extension",
            "valueCodeableConcept": {
              "coding": [
                {
                  "system": "http://snomed.info/sct",
                  "code": "428191000124101",
                  "display": "Documentation of current medications"
                }
              ],
              "text": "Documentation of current medications"
            }
          }
        ],
        "status": "completed",
        "code": {
          "coding": [
            {
              "system": "http://snomed.info/sct",
              "code": "428191000124101",
              "display": "Documentation of current medications"
            }
          ],
          "text": "Documentation of current medications"
        },
        "subject": {
          "reference": "urn:uuid:c607f580-9022-4ebd-9b4f-141eefea9d86"
        },
        "context": {
          "reference": "urn:uuid:8a984b6d-b8e1-4fd6-96d4-6bf32d4dccb1"
        },
        "performedDateTime": "2017-02-09T11:59:03-05:00",
        "resourceType": "Procedure"
      }
    },
    {
      "resource": {
        "meta": {
          "profile": [
            "http://standardhealthrecord.org/fhir/StructureDefinition/shr-immunization-Immunization"
          ]
        },
        "status": "completed",
        "notGiven": false,
        "vaccineCode": {
          "coding": [
            {
              "system": "http://hl7.org/fhir/sid/cvx",
              "code": "08",
              "display": "Hep B, adolescent or pediatric"
            }
          ],
          "text": "Hep B, adolescent or pediatric"
        },
        "patient": {
          "reference": "urn:uuid:c607f580-9022-4ebd-9b4f-141eefea9d86"
        },
        "encounter": {
          "reference": "urn:uuid:8a984b6d-b8e1-4fd6-96d4-6bf32d4dccb1"
        },
        "date": "2017-02-09T11:59:03-05:00",
        "primarySource": true,
        "resourceType": "Immunization"
      }
    },
    {
      "fullUrl": "urn:uuid:42bf1f1c-011d-4aea-ad0c-482cff49c344",
      "resource": {
        "id": "42bf1f1c-011d-4aea-ad0c-482cff49c344",
        "meta": {
          "profile": [
            "http://standardhealthrecord.org/fhir/StructureDefinition/shr-encounter-Encounter"
          ]
        },
        "status": "finished",
        "class": {
          "code": "outpatient"
        },
        "type": [
          {
            "coding": [
              {
                "system": "http://snomed.info/sct",
                "code": "170258001"
              }
            ],
            "text": "Outpatient Encounter"
          }
        ],
        "subject": {
          "reference": "urn:uuid:c607f580-9022-4ebd-9b4f-141eefea9d86"
        },
        "period": {
          "start": "2017-03-13T09:25:50-04:00",
          "end": "2017-03-13T10:25:50-04:00"
        },
        "serviceProvider": {
          "reference": "urn:uuid:4bd25265-089e-43f8-971d-5368f88439a5"
        },
        "resourceType": "Encounter"
      }
    },
    {
      "fullUrl": "urn:uuid:6fb17aad-f48a-4111-818c-8cd64aea424f",
      "resource": {
        "id": "6fb17aad-f48a-4111-818c-8cd64aea424f",
        "meta": {
          "profile": [
            "http://standardhealthrecord.org/fhir/StructureDefinition/shr-observation-Observation",
            "http://standardhealthrecord.org/fhir/StructureDefinition/shr-vital-VitalSign",
            "http://standardhealthrecord.org/fhir/StructureDefinition/shr-vital-BodyHeight"
          ]
        },
        "status": "final",
        "category": [
          {
            "coding": [
              {
                "system": "http://hl7.org/fhir/observation-category",
                "code": "vital-signs"
              }
            ]
          }
        ],
        "code": {
          "coding": [
            {
              "system": "http://loinc.org",
              "code": "8302-2",
              "display": "Body Height"
            }
          ],
          "text": "Body Height"
        },
        "subject": {
          "reference": "urn:uuid:c607f580-9022-4ebd-9b4f-141eefea9d86"
        },
        "context": {
          "reference": "urn:uuid:42bf1f1c-011d-4aea-ad0c-482cff49c344"
        },
        "effectiveDateTime": "2017-03-13T09:25:50-04:00",
        "issued": "2017-03-13T09:25:50-04:00",
        "valueQuantity": {
          "value": 59.55262269872123,
          "unit": "cm",
          "system": "http://unitsofmeasure.org/",
          "code": "cm"
        },
        "resourceType": "Observation"
      }
    },
    {
      "fullUrl": "urn:uuid:0cce543c-8f55-4145-80c4-6e03f8f017c9",
      "resource": {
        "id": "0cce543c-8f55-4145-80c4-6e03f8f017c9",
        "meta": {
          "profile": [
            "http://standardhealthrecord.org/fhir/StructureDefinition/shr-observation-Observation",
            "http://standardhealthrecord.org/fhir/StructureDefinition/shr-vital-VitalSign",
            "http://standardhealthrecord.org/fhir/StructureDefinition/shr-vital-BodyWeight"
          ]
        },
        "status": "final",
        "category": [
          {
            "coding": [
              {
                "system": "http://hl7.org/fhir/observation-category",
                "code": "vital-signs"
              }
            ]
          }
        ],
        "code": {
          "coding": [
            {
              "system": "http://loinc.org",
              "code": "29463-7",
              "display": "Body Weight"
            }
          ],
          "text": "Body Weight"
        },
        "subject": {
          "reference": "urn:uuid:c607f580-9022-4ebd-9b4f-141eefea9d86"
        },
        "context": {
          "reference": "urn:uuid:42bf1f1c-011d-4aea-ad0c-482cff49c344"
        },
        "effectiveDateTime": "2017-03-13T09:25:50-04:00",
        "issued": "2017-03-13T09:25:50-04:00",
        "valueQuantity": {
          "value": 5.511242072907945,
          "unit": "kg",
          "system": "http://unitsofmeasure.org/",
          "code": "kg"
        },
        "resourceType": "Observation"
      }
    },
    {
      "fullUrl": "urn:uuid:52910b77-dfc6-477a-8dba-dd19c78d8da2",
      "resource": {
        "id": "52910b77-dfc6-477a-8dba-dd19c78d8da2",
        "meta": {
          "profile": [
            "http://standardhealthrecord.org/fhir/StructureDefinition/shr-observation-Observation",
            "http://standardhealthrecord.org/fhir/StructureDefinition/shr-vital-BloodPressure"
          ]
        },
        "status": "final",
        "category": [
          {
            "coding": [
              {
                "system": "http://hl7.org/fhir/observation-category",
                "code": "vital-signs"
              }
            ]
          }
        ],
        "code": {
          "coding": [
            {
              "system": "http://loinc.org",
              "code": "55284-4",
              "display": "Blood Pressure"
            }
          ]
        },
        "subject": {
          "reference": "urn:uuid:c607f580-9022-4ebd-9b4f-141eefea9d86"
        },
        "context": {
          "reference": "urn:uuid:42bf1f1c-011d-4aea-ad0c-482cff49c344"
        },
        "effectiveDateTime": "2017-03-13T09:25:50-04:00",
        "issued": "2017-03-13T09:25:50-04:00",
        "component": [
          {
            "code": {
              "coding": [
                {
                  "system": "http://loinc.org",
                  "code": "8480-6",
                  "display": "Systolic Blood Pressure"
                }
              ],
              "text": "Systolic Blood Pressure"
            },
            "valueQuantity": {
              "value": 123,
              "unit": "mmHg",
              "system": "http://unitsofmeasure.org/",
              "code": "mmHg"
            }
          },
          {
            "code": {
              "coding": [
                {
                  "system": "http://loinc.org",
                  "code": "8462-4",
                  "display": "Diastolic Blood Pressure"
                }
              ],
              "text": "Diastolic Blood Pressure"
            },
            "valueQuantity": {
              "value": 78,
              "unit": "mmHg",
              "system": "http://unitsofmeasure.org/",
              "code": "mmHg"
            }
          }
        ],
        "resourceType": "Observation"
      }
    },
    {
      "resource": {
        "meta": {
          "profile": [
            "http://standardhealthrecord.org/fhir/StructureDefinition/shr-immunization-Immunization"
          ]
        },
        "status": "completed",
        "notGiven": false,
        "vaccineCode": {
          "coding": [
            {
              "system": "http://hl7.org/fhir/sid/cvx",
              "code": "119",
              "display": "rotavirus, monovalent"
            }
          ],
          "text": "rotavirus, monovalent"
        },
        "patient": {
          "reference": "urn:uuid:c607f580-9022-4ebd-9b4f-141eefea9d86"
        },
        "encounter": {
          "reference": "urn:uuid:42bf1f1c-011d-4aea-ad0c-482cff49c344"
        },
        "date": "2017-03-13T09:25:50-04:00",
        "primarySource": true,
        "resourceType": "Immunization"
      }
    },
    {
      "resource": {
        "meta": {
          "profile": [
            "http://standardhealthrecord.org/fhir/StructureDefinition/shr-immunization-Immunization"
          ]
        },
        "status": "completed",
        "notGiven": false,
        "vaccineCode": {
          "coding": [
            {
              "system": "http://hl7.org/fhir/sid/cvx",
              "code": "20",
              "display": "DTaP"
            }
          ],
          "text": "DTaP"
        },
        "patient": {
          "reference": "urn:uuid:c607f580-9022-4ebd-9b4f-141eefea9d86"
        },
        "encounter": {
          "reference": "urn:uuid:42bf1f1c-011d-4aea-ad0c-482cff49c344"
        },
        "date": "2017-03-13T09:25:50-04:00",
        "primarySource": true,
        "resourceType": "Immunization"
      }
    },
    {
      "resource": {
        "meta": {
          "profile": [
            "http://standardhealthrecord.org/fhir/StructureDefinition/shr-immunization-Immunization"
          ]
        },
        "status": "completed",
        "notGiven": false,
        "vaccineCode": {
          "coding": [
            {
              "system": "http://hl7.org/fhir/sid/cvx",
              "code": "49",
              "display": "Hib (PRP-OMP)"
            }
          ],
          "text": "Hib (PRP-OMP)"
        },
        "patient": {
          "reference": "urn:uuid:c607f580-9022-4ebd-9b4f-141eefea9d86"
        },
        "encounter": {
          "reference": "urn:uuid:42bf1f1c-011d-4aea-ad0c-482cff49c344"
        },
        "date": "2017-03-13T09:25:50-04:00",
        "primarySource": true,
        "resourceType": "Immunization"
      }
    },
    {
      "resource": {
        "meta": {
          "profile": [
            "http://standardhealthrecord.org/fhir/StructureDefinition/shr-immunization-Immunization"
          ]
        },
        "status": "completed",
        "notGiven": false,
        "vaccineCode": {
          "coding": [
            {
              "system": "http://hl7.org/fhir/sid/cvx",
              "code": "133",
              "display": "Pneumococcal conjugate PCV 13"
            }
          ],
          "text": "Pneumococcal conjugate PCV 13"
        },
        "patient": {
          "reference": "urn:uuid:c607f580-9022-4ebd-9b4f-141eefea9d86"
        },
        "encounter": {
          "reference": "urn:uuid:42bf1f1c-011d-4aea-ad0c-482cff49c344"
        },
        "date": "2017-03-13T09:25:50-04:00",
        "primarySource": true,
        "resourceType": "Immunization"
      }
    },
    {
      "resource": {
        "meta": {
          "profile": [
            "http://standardhealthrecord.org/fhir/StructureDefinition/shr-immunization-Immunization"
          ]
        },
        "status": "completed",
        "notGiven": false,
        "vaccineCode": {
          "coding": [
            {
              "system": "http://hl7.org/fhir/sid/cvx",
              "code": "10",
              "display": "IPV"
            }
          ],
          "text": "IPV"
        },
        "patient": {
          "reference": "urn:uuid:c607f580-9022-4ebd-9b4f-141eefea9d86"
        },
        "encounter": {
          "reference": "urn:uuid:42bf1f1c-011d-4aea-ad0c-482cff49c344"
        },
        "date": "2017-03-13T09:25:50-04:00",
        "primarySource": true,
        "resourceType": "Immunization"
      }
    },
    {
      "fullUrl": "urn:uuid:fb04c9dd-1e57-42a3-bd6d-4fbd23147f32",
      "resource": {
        "id": "fb04c9dd-1e57-42a3-bd6d-4fbd23147f32",
        "meta": {
          "profile": [
            "http://standardhealthrecord.org/fhir/StructureDefinition/shr-encounter-Encounter"
          ]
        },
        "status": "finished",
        "class": {
          "code": "outpatient"
        },
        "type": [
          {
            "coding": [
              {
                "system": "http://snomed.info/sct",
                "code": "170258001"
              }
            ],
            "text": "Outpatient Encounter"
          }
        ],
        "subject": {
          "reference": "urn:uuid:c607f580-9022-4ebd-9b4f-141eefea9d86"
        },
        "period": {
          "start": "2017-05-16T16:05:00-04:00",
          "end": "2017-05-16T17:05:00-04:00"
        },
        "serviceProvider": {
          "reference": "urn:uuid:4bd25265-089e-43f8-971d-5368f88439a5"
        },
        "resourceType": "Encounter"
      }
    },
    {
      "fullUrl": "urn:uuid:511dbfdf-8466-49ad-b568-785bb799309a",
      "resource": {
        "id": "511dbfdf-8466-49ad-b568-785bb799309a",
        "meta": {
          "profile": [
            "http://standardhealthrecord.org/fhir/StructureDefinition/shr-observation-Observation",
            "http://standardhealthrecord.org/fhir/StructureDefinition/shr-vital-VitalSign",
            "http://standardhealthrecord.org/fhir/StructureDefinition/shr-vital-BodyHeight"
          ]
        },
        "status": "final",
        "category": [
          {
            "coding": [
              {
                "system": "http://hl7.org/fhir/observation-category",
                "code": "vital-signs"
              }
            ]
          }
        ],
        "code": {
          "coding": [
            {
              "system": "http://loinc.org",
              "code": "8302-2",
              "display": "Body Height"
            }
          ],
          "text": "Body Height"
        },
        "subject": {
          "reference": "urn:uuid:c607f580-9022-4ebd-9b4f-141eefea9d86"
        },
        "context": {
          "reference": "urn:uuid:fb04c9dd-1e57-42a3-bd6d-4fbd23147f32"
        },
        "effectiveDateTime": "2017-05-16T16:05:00-04:00",
        "issued": "2017-05-16T16:05:00-04:00",
        "valueQuantity": {
          "value": 64.15932609824299,
          "unit": "cm",
          "system": "http://unitsofmeasure.org/",
          "code": "cm"
        },
        "resourceType": "Observation"
      }
    },
    {
      "fullUrl": "urn:uuid:7dbf78b4-87f8-452f-8f9c-ab68153b944d",
      "resource": {
        "id": "7dbf78b4-87f8-452f-8f9c-ab68153b944d",
        "meta": {
          "profile": [
            "http://standardhealthrecord.org/fhir/StructureDefinition/shr-observation-Observation",
            "http://standardhealthrecord.org/fhir/StructureDefinition/shr-vital-VitalSign",
            "http://standardhealthrecord.org/fhir/StructureDefinition/shr-vital-BodyWeight"
          ]
        },
        "status": "final",
        "category": [
          {
            "coding": [
              {
                "system": "http://hl7.org/fhir/observation-category",
                "code": "vital-signs"
              }
            ]
          }
        ],
        "code": {
          "coding": [
            {
              "system": "http://loinc.org",
              "code": "29463-7",
              "display": "Body Weight"
            }
          ],
          "text": "Body Weight"
        },
        "subject": {
          "reference": "urn:uuid:c607f580-9022-4ebd-9b4f-141eefea9d86"
        },
        "context": {
          "reference": "urn:uuid:fb04c9dd-1e57-42a3-bd6d-4fbd23147f32"
        },
        "effectiveDateTime": "2017-05-16T16:05:00-04:00",
        "issued": "2017-05-16T16:05:00-04:00",
        "valueQuantity": {
          "value": 6.8556759305838835,
          "unit": "kg",
          "system": "http://unitsofmeasure.org/",
          "code": "kg"
        },
        "resourceType": "Observation"
      }
    },
    {
      "fullUrl": "urn:uuid:47954ee2-276b-48ee-8969-a13e5549a627",
      "resource": {
        "id": "47954ee2-276b-48ee-8969-a13e5549a627",
        "meta": {
          "profile": [
            "http://standardhealthrecord.org/fhir/StructureDefinition/shr-observation-Observation",
            "http://standardhealthrecord.org/fhir/StructureDefinition/shr-vital-BloodPressure"
          ]
        },
        "status": "final",
        "category": [
          {
            "coding": [
              {
                "system": "http://hl7.org/fhir/observation-category",
                "code": "vital-signs"
              }
            ]
          }
        ],
        "code": {
          "coding": [
            {
              "system": "http://loinc.org",
              "code": "55284-4",
              "display": "Blood Pressure"
            }
          ]
        },
        "subject": {
          "reference": "urn:uuid:c607f580-9022-4ebd-9b4f-141eefea9d86"
        },
        "context": {
          "reference": "urn:uuid:fb04c9dd-1e57-42a3-bd6d-4fbd23147f32"
        },
        "effectiveDateTime": "2017-05-16T16:05:00-04:00",
        "issued": "2017-05-16T16:05:00-04:00",
        "component": [
          {
            "code": {
              "coding": [
                {
                  "system": "http://loinc.org",
                  "code": "8480-6",
                  "display": "Systolic Blood Pressure"
                }
              ],
              "text": "Systolic Blood Pressure"
            },
            "valueQuantity": {
              "value": 122,
              "unit": "mmHg",
              "system": "http://unitsofmeasure.org/",
              "code": "mmHg"
            }
          },
          {
            "code": {
              "coding": [
                {
                  "system": "http://loinc.org",
                  "code": "8462-4",
                  "display": "Diastolic Blood Pressure"
                }
              ],
              "text": "Diastolic Blood Pressure"
            },
            "valueQuantity": {
              "value": 89,
              "unit": "mmHg",
              "system": "http://unitsofmeasure.org/",
              "code": "mmHg"
            }
          }
        ],
        "resourceType": "Observation"
      }
    },
    {
      "resource": {
        "meta": {
          "profile": [
            "http://standardhealthrecord.org/fhir/StructureDefinition/shr-immunization-Immunization"
          ]
        },
        "status": "completed",
        "notGiven": false,
        "vaccineCode": {
          "coding": [
            {
              "system": "http://hl7.org/fhir/sid/cvx",
              "code": "119",
              "display": "rotavirus, monovalent"
            }
          ],
          "text": "rotavirus, monovalent"
        },
        "patient": {
          "reference": "urn:uuid:c607f580-9022-4ebd-9b4f-141eefea9d86"
        },
        "encounter": {
          "reference": "urn:uuid:fb04c9dd-1e57-42a3-bd6d-4fbd23147f32"
        },
        "date": "2017-05-16T16:05:00-04:00",
        "primarySource": true,
        "resourceType": "Immunization"
      }
    },
    {
      "resource": {
        "meta": {
          "profile": [
            "http://standardhealthrecord.org/fhir/StructureDefinition/shr-immunization-Immunization"
          ]
        },
        "status": "completed",
        "notGiven": false,
        "vaccineCode": {
          "coding": [
            {
              "system": "http://hl7.org/fhir/sid/cvx",
              "code": "20",
              "display": "DTaP"
            }
          ],
          "text": "DTaP"
        },
        "patient": {
          "reference": "urn:uuid:c607f580-9022-4ebd-9b4f-141eefea9d86"
        },
        "encounter": {
          "reference": "urn:uuid:fb04c9dd-1e57-42a3-bd6d-4fbd23147f32"
        },
        "date": "2017-05-16T16:05:00-04:00",
        "primarySource": true,
        "resourceType": "Immunization"
      }
    },
    {
      "resource": {
        "meta": {
          "profile": [
            "http://standardhealthrecord.org/fhir/StructureDefinition/shr-immunization-Immunization"
          ]
        },
        "status": "completed",
        "notGiven": false,
        "vaccineCode": {
          "coding": [
            {
              "system": "http://hl7.org/fhir/sid/cvx",
              "code": "49",
              "display": "Hib (PRP-OMP)"
            }
          ],
          "text": "Hib (PRP-OMP)"
        },
        "patient": {
          "reference": "urn:uuid:c607f580-9022-4ebd-9b4f-141eefea9d86"
        },
        "encounter": {
          "reference": "urn:uuid:fb04c9dd-1e57-42a3-bd6d-4fbd23147f32"
        },
        "date": "2017-05-16T16:05:00-04:00",
        "primarySource": true,
        "resourceType": "Immunization"
      }
    },
    {
      "resource": {
        "meta": {
          "profile": [
            "http://standardhealthrecord.org/fhir/StructureDefinition/shr-immunization-Immunization"
          ]
        },
        "status": "completed",
        "notGiven": false,
        "vaccineCode": {
          "coding": [
            {
              "system": "http://hl7.org/fhir/sid/cvx",
              "code": "133",
              "display": "Pneumococcal conjugate PCV 13"
            }
          ],
          "text": "Pneumococcal conjugate PCV 13"
        },
        "patient": {
          "reference": "urn:uuid:c607f580-9022-4ebd-9b4f-141eefea9d86"
        },
        "encounter": {
          "reference": "urn:uuid:fb04c9dd-1e57-42a3-bd6d-4fbd23147f32"
        },
        "date": "2017-05-16T16:05:00-04:00",
        "primarySource": true,
        "resourceType": "Immunization"
      }
    },
    {
      "resource": {
        "meta": {
          "profile": [
            "http://standardhealthrecord.org/fhir/StructureDefinition/shr-immunization-Immunization"
          ]
        },
        "status": "completed",
        "notGiven": false,
        "vaccineCode": {
          "coding": [
            {
              "system": "http://hl7.org/fhir/sid/cvx",
              "code": "10",
              "display": "IPV"
            }
          ],
          "text": "IPV"
        },
        "patient": {
          "reference": "urn:uuid:c607f580-9022-4ebd-9b4f-141eefea9d86"
        },
        "encounter": {
          "reference": "urn:uuid:fb04c9dd-1e57-42a3-bd6d-4fbd23147f32"
        },
        "date": "2017-05-16T16:05:00-04:00",
        "primarySource": true,
        "resourceType": "Immunization"
      }
    }
  ],
  "resourceType": "Bundle"
}