{
  "type": "collection",
  "entry": [
    {
      "fullUrl": "urn:uuid:457834f9-e8b2-40ca-9cc3-02c344046364",
      "resource": {
        "id": "457834f9-e8b2-40ca-9cc3-02c344046364",
        "meta": {
          "profile": [
            "http://standardhealthrecord.org/fhir/StructureDefinition/shr-demographics-PersonOfRecord"
          ]
        },
        "text": {
          "status": "generated",
          "div": "<div>Generated by <a href=\"https://github.com/synthetichealth/synthea\">Synthea</a>. Version identifier: 4d02400401b9fab839e47bf5b2f1f6a8c683ab55</div>"
        },
        "extension": [
          {
            "url": "http://hl7.org/fhir/us/core/StructureDefinition/us-core-race",
            "valueCodeableConcept": {
              "coding": [
                {
                  "system": "http://hl7.org/fhir/v3/Race",
                  "code": "2028-9",
                  "display": "Asian"
                }
              ],
              "text": "race"
            }
          },
          {
            "url": "http://hl7.org/fhir/us/core/StructureDefinition/us-core-ethnicity",
            "valueCodeableConcept": {
              "coding": [
                {
                  "system": "http://hl7.org/fhir/v3/Ethnicity",
                  "code": "2186-5",
                  "display": "Nonhispanic"
                }
              ],
              "text": "ethnicity"
            }
          },
          {
            "url": "http://hl7.org/fhir/StructureDefinition/birthPlace",
            "valueAddress": {
              "city": "Boston",
              "state": "MA",
              "country": "US"
            }
          },
          {
            "url": "http://hl7.org/fhir/StructureDefinition/patient-mothersMaidenName",
            "valueString": "Jovanny133 Reichert518"
          },
          {
            "url": "http://hl7.org/fhir/us/core/StructureDefinition/us-core-birthsex",
            "valueCode": "F"
          },
          {
            "url": "http://hl7.org/fhir/StructureDefinition/patient-interpreterRequired",
            "valueBoolean": false
          },
          {
            "url": "http://standardhealthrecord.org/fhir/StructureDefinition/shr-actor-FictionalPerson-extension",
            "valueBoolean": true
          },
          {
            "url": "http://standardhealthrecord.org/fhir/StructureDefinition/shr-demographics-FathersName-extension",
            "valueHumanName": {
              "text": "Nelda677 Lakin227"
            }
          },
          {
            "url": "http://standardhealthrecord.org/fhir/StructureDefinition/shr-demographics-SocialSecurityNumber-extension",
            "valueString": "999-83-6546"
          }
        ],
        "identifier": [
          {
            "system": "https://github.com/synthetichealth/synthea",
            "value": "05e55189-b3be-4787-8ed8-29b412bbf213"
          },
          {
            "type": {
              "coding": [
                {
                  "system": "http://hl7.org/fhir/identifier-type",
                  "code": "SB"
                }
              ]
            },
            "system": "http://hl7.org/fhir/sid/us-ssn",
            "value": "999836546"
          },
          {
            "type": {
              "coding": [
                {
                  "system": "http://hl7.org/fhir/v2/0203",
                  "code": "DL"
                }
              ]
            },
            "system": "urn:oid:2.16.840.1.113883.4.3.25",
            "value": "S99997566"
          }
        ],
        "name": [
          {
            "use": "official",
            "family": "Abbott992",
            "given": [
              "Lois894"
            ],
            "prefix": [
              "Mrs."
            ]
          },
          {
            "use": "maiden",
            "family": "Lakin227",
            "given": [
              "Lois894"
            ]
          }
        ],
        "telecom": [
          {
            "system": "phone",
            "value": "1-218-507-5494 x49171",
            "use": "home"
          }
        ],
        "gender": "female",
        "birthDate": "1982-12-29",
        "address": [
          {
            "extension": [
              {
                "extension": [
                  {
                    "url": "latitude",
                    "valueDecimal": 42.61424826161601
                  },
                  {
                    "url": "longitude",
                    "valueDecimal": -70.85621034373504
                  }
                ],
                "url": "http://hl7.org/fhir/StructureDefinition/geolocation"
              }
            ],
            "line": [
              "510 Valentine Path",
              "Apt. 460"
            ],
            "city": "Hamilton",
            "state": "MA",
            "postalCode": "01936",
            "country": "US"
          }
        ],
        "maritalStatus": {
          "coding": [
            {
              "system": "http://hl7.org/fhir/v3/MaritalStatus",
              "code": "M"
            }
          ],
          "text": "M"
        },
        "multipleBirthBoolean": false,
        "communication": [
          {
            "language": {
              "coding": [
                {
                  "system": "http://hl7.org/fhir/ValueSet/languages",
                  "code": "en-US",
                  "display": "English (United States)"
                }
              ]
            }
          }
        ],
        "resourceType": "Patient"
      }
    },
    {
      "fullUrl": "urn:uuid:686cbd19-8593-4015-91bb-3bb38828b599",
      "resource": {
        "id": "686cbd19-8593-4015-91bb-3bb38828b599",
        "meta": {
          "profile": [
            "http://standardhealthrecord.org/fhir/StructureDefinition/shr-actor-Organization"
          ]
        },
        "type": [
          {
            "coding": [
              {
                "system": "http://hl7.org/fhir/ValueSet/organization-type",
                "code": "prov",
                "display": "Healthcare Provider"
              }
            ],
            "text": "Healthcare Provider"
          }
        ],
        "name": "Synthetic Provider",
        "resourceType": "Organization"
      }
    },
    {
      "fullUrl": "urn:uuid:1042a0af-4cb3-4598-8aab-4d2f06d14cdb",
      "resource": {
        "id": "1042a0af-4cb3-4598-8aab-4d2f06d14cdb",
        "meta": {
          "profile": [
            "http://standardhealthrecord.org/fhir/StructureDefinition/shr-encounter-Encounter"
          ]
        },
        "status": "finished",
        "class": {
          "code": "ambulatory"
        },
        "type": [
          {
            "coding": [
              {
                "system": "http://snomed.info/sct",
                "code": "185345009"
              }
            ],
            "text": "Encounter for symptom"
          }
        ],
        "subject": {
          "reference": "urn:uuid:457834f9-e8b2-40ca-9cc3-02c344046364"
        },
        "period": {
          "start": "2010-05-31T08:43:27-04:00",
          "end": "2010-05-31T08:43:27-04:00"
        },
        "reason": {
          "coding": [
            {
              "system": "http://snomed.info/sct",
              "code": "444814009",
              "display": "Viral sinusitis (disorder)"
            }
          ]
        },
        "serviceProvider": {
          "reference": "urn:uuid:686cbd19-8593-4015-91bb-3bb38828b599"
        },
        "resourceType": "Encounter"
      }
    },
    {
      "fullUrl": "urn:uuid:e76bdaef-77f6-494b-a644-851cb4fdd56e",
      "resource": {
        "id": "e76bdaef-77f6-494b-a644-851cb4fdd56e",
        "meta": {
          "profile": [
            "http://standardhealthrecord.org/fhir/StructureDefinition/shr-problem-Problem"
          ]
        },
        "clinicalStatus": "active",
        "verificationStatus": "confirmed",
        "code": {
          "coding": [
            {
              "system": "http://snomed.info/sct",
              "code": "38341003",
              "display": "Hypertension"
            }
          ],
          "text": "Hypertension"
        },
        "subject": {
          "reference": "urn:uuid:457834f9-e8b2-40ca-9cc3-02c344046364"
        },
        "context": {
          "reference": "urn:uuid:1042a0af-4cb3-4598-8aab-4d2f06d14cdb"
        },
        "onsetDateTime": "2001-03-01T21:42:23-05:00",
        "assertedDate": "2001-03-01",
        "resourceType": "Condition"
      }
    },
    {
      "fullUrl": "urn:uuid:ce55124d-6a71-46e3-987e-ced74bfa38cc",
      "resource": {
        "id": "ce55124d-6a71-46e3-987e-ced74bfa38cc",
        "meta": {
          "profile": [
            "http://standardhealthrecord.org/fhir/StructureDefinition/shr-problem-Problem"
          ]
        },
        "clinicalStatus": "active",
        "verificationStatus": "confirmed",
        "code": {
          "coding": [
            {
              "system": "http://snomed.info/sct",
              "code": "444814009",
              "display": "Viral sinusitis (disorder)"
            }
          ],
          "text": "Viral sinusitis (disorder)"
        },
        "subject": {
          "reference": "urn:uuid:457834f9-e8b2-40ca-9cc3-02c344046364"
        },
        "context": {
          "reference": "urn:uuid:1042a0af-4cb3-4598-8aab-4d2f06d14cdb"
        },
        "onsetDateTime": "2010-05-22T09:26:31-04:00",
        "abatementDateTime": "2010-06-15T02:51:43-04:00",
        "assertedDate": "2010-05-22",
        "resourceType": "Condition"
      }
    },
    {
      "resource": {
        "meta": {
          "profile": [
            "http://standardhealthrecord.org/fhir/StructureDefinition/shr-medication-Medication"
          ]
        },
        "code": {
          "coding": [
            {
              "system": "http://www.nlm.nih.gov/research/umls/rxnorm",
              "code": "834060",
              "display": "Penicillin V Potassium 250 MG"
            }
          ],
          "text": "Penicillin V Potassium 250 MG"
        },
        "resourceType": "Medication"
      }
    },
    {
      "resource": {
        "meta": {
          "profile": [
            "http://standardhealthrecord.org/fhir/StructureDefinition/shr-medication-MedicationPrescription"
          ]
        },
        "extension": [
          {
            "url": "http://standardhealthrecord.org/fhir/StructureDefinition/shr-base-ActionCode-extension",
            "valueCodeableConcept": {
              "coding": [
                {
                  "system": "http://snomed.info/sct",
                  "code": "33633005",
                  "display": "Prescription of drug (procedure)"
                }
              ],
              "text": "Prescription of drug (procedure)"
            }
          }
        ],
        "status": "active",
        "medicationReference": {
          "reference": ""
        },
        "subject": {
          "reference": "urn:uuid:457834f9-e8b2-40ca-9cc3-02c344046364"
        },
        "context": {
          "reference": "urn:uuid:1042a0af-4cb3-4598-8aab-4d2f06d14cdb"
        },
        "authoredOn": "1986-05-07",
        "dosageInstruction": [
          {

          }
        ],
        "resourceType": "MedicationRequest"
      }
    },
    {
      "resource": {
        "meta": {
          "profile": [
            "http://standardhealthrecord.org/fhir/StructureDefinition/shr-medication-Medication"
          ]
        },
        "code": {
          "coding": [
            {
              "system": "http://www.nlm.nih.gov/research/umls/rxnorm",
              "code": "831533",
              "display": "Errin 28 Day Pack"
            }
          ],
          "text": "Errin 28 Day Pack"
        },
        "resourceType": "Medication"
      }
    },
    {
      "resource": {
        "meta": {
          "profile": [
            "http://standardhealthrecord.org/fhir/StructureDefinition/shr-medication-MedicationPrescription"
          ]
        },
        "extension": [
          {
            "url": "http://standardhealthrecord.org/fhir/StructureDefinition/shr-base-ActionCode-extension",
            "valueCodeableConcept": {
              "coding": [
                {
                  "system": "http://snomed.info/sct",
                  "code": "33633005",
                  "display": "Prescription of drug (procedure)"
                }
              ],
              "text": "Prescription of drug (procedure)"
            }
          }
        ],
        "status": "active",
        "medicationReference": {
          "reference": ""
        },
        "subject": {
          "reference": "urn:uuid:457834f9-e8b2-40ca-9cc3-02c344046364"
        },
        "context": {
          "reference": "urn:uuid:1042a0af-4cb3-4598-8aab-4d2f06d14cdb"
        },
        "authoredOn": "2008-01-02",
        "dosageInstruction": [
          {

          }
        ],
        "resourceType": "MedicationRequest"
      }
    },
    {
      "fullUrl": "urn:uuid:b9f1f92a-c6a4-403d-b94f-81e7c631f118",
      "resource": {
        "id": "b9f1f92a-c6a4-403d-b94f-81e7c631f118",
        "meta": {
          "profile": [
            "http://standardhealthrecord.org/fhir/StructureDefinition/shr-encounter-Encounter"
          ]
        },
        "status": "finished",
        "class": {
          "code": "ambulatory"
        },
        "type": [
          {
            "coding": [
              {
                "system": "http://snomed.info/sct",
                "code": "185345009"
              }
            ],
            "text": "Encounter for symptom"
          }
        ],
        "subject": {
          "reference": "urn:uuid:457834f9-e8b2-40ca-9cc3-02c344046364"
        },
        "period": {
          "start": "2012-04-24T22:51:29-04:00",
          "end": "2012-04-24T22:51:29-04:00"
        },
        "reason": {
          "coding": [
            {
              "system": "http://snomed.info/sct",
              "code": "444814009",
              "display": "Viral sinusitis (disorder)"
            }
          ]
        },
        "serviceProvider": {
          "reference": "urn:uuid:686cbd19-8593-4015-91bb-3bb38828b599"
        },
        "resourceType": "Encounter"
      }
    },
    {
      "fullUrl": "urn:uuid:efc0b467-4e1c-4371-9126-21b90ec49b69",
      "resource": {
        "id": "efc0b467-4e1c-4371-9126-21b90ec49b69",
        "meta": {
          "profile": [
            "http://standardhealthrecord.org/fhir/StructureDefinition/shr-problem-Problem"
          ]
        },
        "clinicalStatus": "active",
        "verificationStatus": "confirmed",
        "code": {
          "coding": [
            {
              "system": "http://snomed.info/sct",
              "code": "444814009",
              "display": "Viral sinusitis (disorder)"
            }
          ],
          "text": "Viral sinusitis (disorder)"
        },
        "subject": {
          "reference": "urn:uuid:457834f9-e8b2-40ca-9cc3-02c344046364"
        },
        "context": {
          "reference": "urn:uuid:b9f1f92a-c6a4-403d-b94f-81e7c631f118"
        },
        "onsetDateTime": "2012-04-15T02:51:43-04:00",
        "abatementDateTime": "2012-05-16T11:07:06-04:00",
        "assertedDate": "2012-04-15",
        "resourceType": "Condition"
      }
    },
    {
      "fullUrl": "urn:uuid:47bb22b3-dacd-4d03-a1b7-e901ff91886e",
      "resource": {
        "id": "47bb22b3-dacd-4d03-a1b7-e901ff91886e",
        "meta": {
          "profile": [
            "http://standardhealthrecord.org/fhir/StructureDefinition/shr-encounter-Encounter"
          ]
        },
        "status": "finished",
        "class": {
          "code": "ambulatory"
        },
        "type": [
          {
            "coding": [
              {
                "system": "http://snomed.info/sct",
                "code": "185347001"
              }
            ],
            "text": "Encounter for problem"
          }
        ],
        "subject": {
          "reference": "urn:uuid:457834f9-e8b2-40ca-9cc3-02c344046364"
        },
        "period": {
          "start": "2012-11-17T00:00:09-05:00",
          "end": "2012-11-17T00:00:09-05:00"
        },
        "reason": {
          "coding": [
            {
              "system": "http://snomed.info/sct",
              "code": "239873007",
              "display": "Osteoarthritis of knee"
            }
          ]
        },
        "serviceProvider": {
          "reference": "urn:uuid:686cbd19-8593-4015-91bb-3bb38828b599"
        },
        "resourceType": "Encounter"
      }
    },
    {
      "fullUrl": "urn:uuid:0a740911-b2e6-4455-b1fa-e06c293302f9",
      "resource": {
        "id": "0a740911-b2e6-4455-b1fa-e06c293302f9",
        "meta": {
          "profile": [
            "http://standardhealthrecord.org/fhir/StructureDefinition/shr-problem-Problem"
          ]
        },
        "clinicalStatus": "active",
        "verificationStatus": "confirmed",
        "code": {
          "coding": [
            {
              "system": "http://snomed.info/sct",
              "code": "239873007",
              "display": "Osteoarthritis of knee"
            }
          ],
          "text": "Osteoarthritis of knee"
        },
        "subject": {
          "reference": "urn:uuid:457834f9-e8b2-40ca-9cc3-02c344046364"
        },
        "context": {
          "reference": "urn:uuid:47bb22b3-dacd-4d03-a1b7-e901ff91886e"
        },
        "onsetDateTime": "2012-11-17T00:00:09-05:00",
        "assertedDate": "2012-11-17",
        "resourceType": "Condition"
      }
    },
    {
      "resource": {
        "status": "active",
        "category": [
          {
            "coding": [
              {
                "system": "http://snomed.info/sct",
                "code": "872781000000100",
                "display": "Musculoskeletal care"
              }
            ]
          }
        ],
        "subject": {
          "reference": "urn:uuid:457834f9-e8b2-40ca-9cc3-02c344046364"
        },
        "context": {
          "reference": "urn:uuid:47bb22b3-dacd-4d03-a1b7-e901ff91886e"
        },
        "period": {
          "start": "2012-11-17"
        },
        "addresses": [
          {
            "reference": "urn:uuid:0a740911-b2e6-4455-b1fa-e06c293302f9"
          }
        ],
        "activity": [
          {
            "detail": {
              "code": {
                "coding": [
                  {
                    "system": "http://snomed.info/sct",
                    "code": "872781000000100",
                    "display": "Joint mobility exercises"
                  }
                ]
              },
              "status": "in-progress"
            }
          },
          {
            "detail": {
              "code": {
                "coding": [
                  {
                    "system": "http://snomed.info/sct",
                    "code": "266694003",
                    "display": "Heat therapy"
                  }
                ]
              },
              "status": "in-progress"
            }
          }
        ],
        "resourceType": "CarePlan"
      }
    },
    {
      "resource": {
        "meta": {
          "profile": [
            "http://standardhealthrecord.org/fhir/StructureDefinition/shr-medication-Medication"
          ]
        },
        "code": {
          "coding": [
            {
              "system": "http://www.nlm.nih.gov/research/umls/rxnorm",
              "code": "849727",
              "display": "Naproxen sodium 220 MG [Aleve]"
            }
          ],
          "text": "Naproxen sodium 220 MG [Aleve]"
        },
        "resourceType": "Medication"
      }
    },
    {
      "resource": {
        "meta": {
          "profile": [
            "http://standardhealthrecord.org/fhir/StructureDefinition/shr-medication-MedicationPrescription"
          ]
        },
        "extension": [
          {
            "url": "http://standardhealthrecord.org/fhir/StructureDefinition/shr-base-ActionCode-extension",
            "valueCodeableConcept": {
              "coding": [
                {
                  "system": "http://snomed.info/sct",
                  "code": "33633005",
                  "display": "Prescription of drug (procedure)"
                }
              ],
              "text": "Prescription of drug (procedure)"
            }
          }
        ],
        "status": "active",
        "medicationReference": {
          "reference": ""
        },
        "subject": {
          "reference": "urn:uuid:457834f9-e8b2-40ca-9cc3-02c344046364"
        },
        "context": {
          "reference": "urn:uuid:47bb22b3-dacd-4d03-a1b7-e901ff91886e"
        },
        "authoredOn": "2012-11-17",
        "reasonReference": [
          {
            "reference": "urn:uuid:0a740911-b2e6-4455-b1fa-e06c293302f9"
          }
        ],
        "dosageInstruction": [
          {

          }
        ],
        "resourceType": "MedicationRequest"
      }
    },
    {
      "fullUrl": "urn:uuid:27b31693-2f35-4e38-864c-bffc2df39511",
      "resource": {
        "id": "27b31693-2f35-4e38-864c-bffc2df39511",
        "meta": {
          "profile": [
            "http://standardhealthrecord.org/fhir/StructureDefinition/shr-encounter-Encounter"
          ]
        },
        "status": "finished",
        "class": {
          "code": "outpatient"
        },
        "type": [
          {
            "coding": [
              {
                "system": "http://snomed.info/sct",
                "code": "185349003"
              }
            ],
            "text": "Outpatient Encounter"
          }
        ],
        "subject": {
          "reference": "urn:uuid:457834f9-e8b2-40ca-9cc3-02c344046364"
        },
        "period": {
          "start": "2013-03-07T23:30:44-05:00",
          "end": "2013-03-08T00:30:44-05:00"
        },
        "serviceProvider": {
          "reference": "urn:uuid:686cbd19-8593-4015-91bb-3bb38828b599"
        },
        "resourceType": "Encounter"
      }
    },
    {
      "fullUrl": "urn:uuid:83cf884e-5616-4279-8a3d-f80192428191",
      "resource": {
        "id": "83cf884e-5616-4279-8a3d-f80192428191",
        "meta": {
          "profile": [
            "http://standardhealthrecord.org/fhir/StructureDefinition/shr-observation-Observation",
            "http://standardhealthrecord.org/fhir/StructureDefinition/shr-vital-VitalSign",
            "http://standardhealthrecord.org/fhir/StructureDefinition/shr-vital-BodyHeight"
          ]
        },
        "status": "final",
        "category": [
          {
            "coding": [
              {
                "system": "http://hl7.org/fhir/observation-category",
                "code": "vital-signs"
              }
            ]
          }
        ],
        "code": {
          "coding": [
            {
              "system": "http://loinc.org",
              "code": "8302-2",
              "display": "Body Height"
            }
          ],
          "text": "Body Height"
        },
        "subject": {
          "reference": "urn:uuid:457834f9-e8b2-40ca-9cc3-02c344046364"
        },
        "context": {
          "reference": "urn:uuid:27b31693-2f35-4e38-864c-bffc2df39511"
        },
        "effectiveDateTime": "2013-03-07T23:30:44-05:00",
        "issued": "2013-03-07T23:30:44-05:00",
        "valueQuantity": {
          "value": 163.4421280224163,
          "unit": "cm",
          "system": "http://unitsofmeasure.org/",
          "code": "cm"
        },
        "resourceType": "Observation"
      }
    },
    {
      "fullUrl": "urn:uuid:af574d53-63e2-4ad9-ba97-a5311760c725",
      "resource": {
        "id": "af574d53-63e2-4ad9-ba97-a5311760c725",
        "meta": {
          "profile": [
            "http://standardhealthrecord.org/fhir/StructureDefinition/shr-observation-Observation",
            "http://standardhealthrecord.org/fhir/StructureDefinition/shr-vital-VitalSign",
            "http://standardhealthrecord.org/fhir/StructureDefinition/shr-vital-BodyWeight"
          ]
        },
        "status": "final",
        "category": [
          {
            "coding": [
              {
                "system": "http://hl7.org/fhir/observation-category",
                "code": "vital-signs"
              }
            ]
          }
        ],
        "code": {
          "coding": [
            {
              "system": "http://loinc.org",
              "code": "29463-7",
              "display": "Body Weight"
            }
          ],
          "text": "Body Weight"
        },
        "subject": {
          "reference": "urn:uuid:457834f9-e8b2-40ca-9cc3-02c344046364"
        },
        "context": {
          "reference": "urn:uuid:27b31693-2f35-4e38-864c-bffc2df39511"
        },
        "effectiveDateTime": "2013-03-07T23:30:44-05:00",
        "issued": "2013-03-07T23:30:44-05:00",
        "valueQuantity": {
          "value": 71.11709865951045,
          "unit": "kg",
          "system": "http://unitsofmeasure.org/",
          "code": "kg"
        },
        "resourceType": "Observation"
      }
    },
    {
      "fullUrl": "urn:uuid:3af1b336-ecb4-468e-bc3b-b15df1c0dcec",
      "resource": {
        "id": "3af1b336-ecb4-468e-bc3b-b15df1c0dcec",
        "meta": {
          "profile": [
            "http://standardhealthrecord.org/fhir/StructureDefinition/shr-observation-Observation",
            "http://standardhealthrecord.org/fhir/StructureDefinition/shr-vital-VitalSign",
            "http://standardhealthrecord.org/fhir/StructureDefinition/shr-vital-BodyMassIndex"
          ]
        },
        "status": "final",
        "category": [
          {
            "coding": [
              {
                "system": "http://hl7.org/fhir/observation-category",
                "code": "vital-signs"
              }
            ]
          }
        ],
        "code": {
          "coding": [
            {
              "system": "http://loinc.org",
              "code": "39156-5",
              "display": "Body Mass Index"
            }
          ],
          "text": "Body Mass Index"
        },
        "subject": {
          "reference": "urn:uuid:457834f9-e8b2-40ca-9cc3-02c344046364"
        },
        "context": {
          "reference": "urn:uuid:27b31693-2f35-4e38-864c-bffc2df39511"
        },
        "effectiveDateTime": "2013-03-07T23:30:44-05:00",
        "issued": "2013-03-07T23:30:44-05:00",
        "valueQuantity": {
          "value": 26.62232703898374,
          "unit": "kg/m2",
          "system": "http://unitsofmeasure.org/",
          "code": "kg/m2"
        },
        "resourceType": "Observation"
      }
    },
    {
      "fullUrl": "urn:uuid:cb439261-da02-4b17-bb4b-163f2b02b3be",
      "resource": {
        "id": "cb439261-da02-4b17-bb4b-163f2b02b3be",
        "meta": {
          "profile": [
            "http://standardhealthrecord.org/fhir/StructureDefinition/shr-observation-Observation",
            "http://standardhealthrecord.org/fhir/StructureDefinition/shr-vital-BloodPressure"
          ]
        },
        "status": "final",
        "category": [
          {
            "coding": [
              {
                "system": "http://hl7.org/fhir/observation-category",
                "code": "vital-signs"
              }
            ]
          }
        ],
        "code": {
          "coding": [
            {
              "system": "http://loinc.org",
              "code": "55284-4",
              "display": "Blood Pressure"
            }
          ]
        },
        "subject": {
          "reference": "urn:uuid:457834f9-e8b2-40ca-9cc3-02c344046364"
        },
        "context": {
          "reference": "urn:uuid:27b31693-2f35-4e38-864c-bffc2df39511"
        },
        "effectiveDateTime": "2013-03-07T23:30:44-05:00",
        "issued": "2013-03-07T23:30:44-05:00",
        "component": [
          {
            "code": {
              "coding": [
                {
                  "system": "http://loinc.org",
                  "code": "8480-6",
                  "display": "Systolic Blood Pressure"
                }
              ],
              "text": "Systolic Blood Pressure"
            },
            "valueQuantity": {
              "value": 169,
              "unit": "mmHg",
              "system": "http://unitsofmeasure.org/",
              "code": "mmHg"
            }
          },
          {
            "code": {
              "coding": [
                {
                  "system": "http://loinc.org",
                  "code": "8462-4",
                  "display": "Diastolic Blood Pressure"
                }
              ],
              "text": "Diastolic Blood Pressure"
            },
            "valueQuantity": {
              "value": 106,
              "unit": "mmHg",
              "system": "http://unitsofmeasure.org/",
              "code": "mmHg"
            }
          }
        ],
        "resourceType": "Observation"
      }
    },
    {
      "fullUrl": "urn:uuid:1df00053-31a8-49f8-a7e2-62b51ba8b6e0",
      "resource": {
        "id": "1df00053-31a8-49f8-a7e2-62b51ba8b6e0",
        "meta": {
          "profile": [
            "http://standardhealthrecord.org/fhir/StructureDefinition/shr-observation-Observation"
          ]
        },
        "status": "final",
        "category": [
          {
            "coding": [
              {
                "system": "http://hl7.org/fhir/observation-category",
                "code": "laboratory"
              }
            ]
          }
        ],
        "code": {
          "coding": [
            {
              "system": "http://loinc.org",
              "code": "2093-3",
              "display": "Total Cholesterol"
            }
          ],
          "text": "Total Cholesterol"
        },
        "subject": {
          "reference": "urn:uuid:457834f9-e8b2-40ca-9cc3-02c344046364"
        },
        "context": {
          "reference": "urn:uuid:27b31693-2f35-4e38-864c-bffc2df39511"
        },
        "effectiveDateTime": "2013-03-07T23:30:44-05:00",
        "issued": "2013-03-07T23:30:44-05:00",
        "valueQuantity": {
          "value": 178,
          "unit": "mg/dL",
          "system": "http://unitsofmeasure.org/",
          "code": "mg/dL"
        },
        "resourceType": "Observation"
      }
    },
    {
      "fullUrl": "urn:uuid:09985e34-f6ce-4b67-9039-3fd6f794af87",
      "resource": {
        "id": "09985e34-f6ce-4b67-9039-3fd6f794af87",
        "meta": {
          "profile": [
            "http://standardhealthrecord.org/fhir/StructureDefinition/shr-observation-Observation"
          ]
        },
        "status": "final",
        "category": [
          {
            "coding": [
              {
                "system": "http://hl7.org/fhir/observation-category",
                "code": "laboratory"
              }
            ]
          }
        ],
        "code": {
          "coding": [
            {
              "system": "http://loinc.org",
              "code": "2571-8",
              "display": "Triglycerides"
            }
          ],
          "text": "Triglycerides"
        },
        "subject": {
          "reference": "urn:uuid:457834f9-e8b2-40ca-9cc3-02c344046364"
        },
        "context": {
          "reference": "urn:uuid:27b31693-2f35-4e38-864c-bffc2df39511"
        },
        "effectiveDateTime": "2013-03-07T23:30:44-05:00",
        "issued": "2013-03-07T23:30:44-05:00",
        "valueQuantity": {
          "value": 150,
          "unit": "mg/dL",
          "system": "http://unitsofmeasure.org/",
          "code": "mg/dL"
        },
        "resourceType": "Observation"
      }
    },
    {
      "fullUrl": "urn:uuid:c87c9126-f9ee-4b9d-a931-d07ceb0130a4",
      "resource": {
        "id": "c87c9126-f9ee-4b9d-a931-d07ceb0130a4",
        "meta": {
          "profile": [
            "http://standardhealthrecord.org/fhir/StructureDefinition/shr-observation-Observation"
          ]
        },
        "status": "final",
        "category": [
          {
            "coding": [
              {
                "system": "http://hl7.org/fhir/observation-category",
                "code": "laboratory"
              }
            ]
          }
        ],
        "code": {
          "coding": [
            {
              "system": "http://loinc.org",
              "code": "18262-6",
              "display": "Low Density Lipoprotein Cholesterol"
            }
          ],
          "text": "Low Density Lipoprotein Cholesterol"
        },
        "subject": {
          "reference": "urn:uuid:457834f9-e8b2-40ca-9cc3-02c344046364"
        },
        "context": {
          "reference": "urn:uuid:27b31693-2f35-4e38-864c-bffc2df39511"
        },
        "effectiveDateTime": "2013-03-07T23:30:44-05:00",
        "issued": "2013-03-07T23:30:44-05:00",
        "valueQuantity": {
          "value": 86,
          "unit": "mg/dL",
          "system": "http://unitsofmeasure.org/",
          "code": "mg/dL"
        },
        "resourceType": "Observation"
      }
    },
    {
      "fullUrl": "urn:uuid:218abdab-141e-4321-84af-c38f9f5e8d23",
      "resource": {
        "id": "218abdab-141e-4321-84af-c38f9f5e8d23",
        "meta": {
          "profile": [
            "http://standardhealthrecord.org/fhir/StructureDefinition/shr-observation-Observation"
          ]
        },
        "status": "final",
        "category": [
          {
            "coding": [
              {
                "system": "http://hl7.org/fhir/observation-category",
                "code": "laboratory"
              }
            ]
          }
        ],
        "code": {
          "coding": [
            {
              "system": "http://loinc.org",
              "code": "2085-9",
              "display": "High Density Lipoprotein Cholesterol"
            }
          ],
          "text": "High Density Lipoprotein Cholesterol"
        },
        "subject": {
          "reference": "urn:uuid:457834f9-e8b2-40ca-9cc3-02c344046364"
        },
        "context": {
          "reference": "urn:uuid:27b31693-2f35-4e38-864c-bffc2df39511"
        },
        "effectiveDateTime": "2013-03-07T23:30:44-05:00",
        "issued": "2013-03-07T23:30:44-05:00",
        "valueQuantity": {
          "value": 62,
          "unit": "mg/dL",
          "system": "http://unitsofmeasure.org/",
          "code": "mg/dL"
        },
        "resourceType": "Observation"
      }
    },
    {
      "fullUrl": "urn:uuid:7c4e2f10-dd50-42bd-8bde-cef539403eb9",
      "resource": {
        "id": "7c4e2f10-dd50-42bd-8bde-cef539403eb9",
        "meta": {
          "profile": [
            "http://standardhealthrecord.org/fhir/StructureDefinition/shr-observation-Panel"
          ]
        },
        "status": "final",
        "code": {
          "coding": [
            {
              "system": "http://loinc.org",
              "code": "57698-3",
              "display": "Lipid Panel"
            }
          ]
        },
        "subject": {
          "reference": "urn:uuid:457834f9-e8b2-40ca-9cc3-02c344046364"
        },
        "context": {
          "reference": "urn:uuid:27b31693-2f35-4e38-864c-bffc2df39511"
        },
        "effectiveDateTime": "2013-03-07T23:30:44-05:00",
        "issued": "2013-03-07T23:30:44-05:00",
        "result": [
          {
            "reference": "urn:uuid:1df00053-31a8-49f8-a7e2-62b51ba8b6e0",
            "display": "Total Cholesterol"
          },
          {
            "reference": "urn:uuid:09985e34-f6ce-4b67-9039-3fd6f794af87",
            "display": "Triglycerides"
          },
          {
            "reference": "urn:uuid:c87c9126-f9ee-4b9d-a931-d07ceb0130a4",
            "display": "Low Density Lipoprotein Cholesterol"
          },
          {
            "reference": "urn:uuid:218abdab-141e-4321-84af-c38f9f5e8d23",
            "display": "High Density Lipoprotein Cholesterol"
          }
        ],
        "resourceType": "DiagnosticReport"
      }
    },
    {
      "fullUrl": "urn:uuid:b67d4054-2e3c-412a-979b-64d4351c2ab3",
      "resource": {
        "id": "b67d4054-2e3c-412a-979b-64d4351c2ab3",
        "meta": {
          "profile": [
            "http://standardhealthrecord.org/fhir/StructureDefinition/shr-observation-Observation"
          ]
        },
        "status": "final",
        "category": [
          {
            "coding": [
              {
                "system": "http://hl7.org/fhir/observation-category",
                "code": "laboratory"
              }
            ]
          }
        ],
        "code": {
          "coding": [
            {
              "system": "http://loinc.org",
              "code": "33914-3",
              "display": "Estimated Glomerular Filtration Rate"
            }
          ],
          "text": "Estimated Glomerular Filtration Rate"
        },
        "subject": {
          "reference": "urn:uuid:457834f9-e8b2-40ca-9cc3-02c344046364"
        },
        "context": {
          "reference": "urn:uuid:27b31693-2f35-4e38-864c-bffc2df39511"
        },
        "effectiveDateTime": "2013-03-07T23:30:44-05:00",
        "issued": "2013-03-07T23:30:44-05:00",
        "valueQuantity": {
          "value": 60,
          "unit": "mL/min/{1.73_m2}",
          "system": "http://unitsofmeasure.org/",
          "code": "mL/min/{1.73_m2}"
        },
        "resourceType": "Observation"
      }
    },
    {
      "resource": {
        "meta": {
          "profile": [
            "http://standardhealthrecord.org/fhir/StructureDefinition/shr-procedure-Procedure"
          ]
        },
        "extension": [
          {
            "url": "http://standardhealthrecord.org/fhir/StructureDefinition/shr-core-CodeableConcept-extension",
            "valueCodeableConcept": {
              "coding": [
                {
                  "system": "http://snomed.info/sct",
                  "code": "428191000124101",
                  "display": "Documentation of current medications"
                }
              ],
              "text": "Documentation of current medications"
            }
          }
        ],
        "status": "completed",
        "code": {
          "coding": [
            {
              "system": "http://snomed.info/sct",
              "code": "428191000124101",
              "display": "Documentation of current medications"
            }
          ],
          "text": "Documentation of current medications"
        },
        "subject": {
          "reference": "urn:uuid:457834f9-e8b2-40ca-9cc3-02c344046364"
        },
        "context": {
          "reference": "urn:uuid:27b31693-2f35-4e38-864c-bffc2df39511"
        },
        "performedDateTime": "2013-03-07T23:30:44-05:00",
        "resourceType": "Procedure"
      }
    },
    {
      "resource": {
        "meta": {
          "profile": [
            "http://standardhealthrecord.org/fhir/StructureDefinition/shr-immunization-Immunization"
          ]
        },
        "status": "completed",
        "notGiven": false,
        "vaccineCode": {
          "coding": [
            {
              "system": "http://hl7.org/fhir/sid/cvx",
              "code": "140",
              "display": "Influenza, seasonal, injectable, preservative free"
            }
          ],
          "text": "Influenza, seasonal, injectable, preservative free"
        },
        "patient": {
          "reference": "urn:uuid:457834f9-e8b2-40ca-9cc3-02c344046364"
        },
        "encounter": {
          "reference": "urn:uuid:27b31693-2f35-4e38-864c-bffc2df39511"
        },
        "date": "2013-03-07T23:30:44-05:00",
        "primarySource": true,
        "resourceType": "Immunization"
      }
    },
    {
      "fullUrl": "urn:uuid:0b788f07-f034-4da9-9f41-c577c4177a3b",
      "resource": {
        "id": "0b788f07-f034-4da9-9f41-c577c4177a3b",
        "meta": {
          "profile": [
            "http://standardhealthrecord.org/fhir/StructureDefinition/shr-encounter-Encounter"
          ]
        },
        "status": "finished",
        "class": {
          "code": "ambulatory"
        },
        "type": [
          {
            "coding": [
              {
                "system": "http://snomed.info/sct",
                "code": "185345009"
              }
            ],
            "text": "Encounter for symptom"
          }
        ],
        "subject": {
          "reference": "urn:uuid:457834f9-e8b2-40ca-9cc3-02c344046364"
        },
        "period": {
          "start": "2016-09-21T18:32:08-04:00",
          "end": "2016-09-21T18:32:08-04:00"
        },
        "reason": {
          "coding": [
            {
              "system": "http://snomed.info/sct",
              "code": "36971009",
              "display": "Sinusitis (disorder)"
            }
          ]
        },
        "serviceProvider": {
          "reference": "urn:uuid:686cbd19-8593-4015-91bb-3bb38828b599"
        },
        "resourceType": "Encounter"
      }
    },
    {
      "fullUrl": "urn:uuid:fc3ba9bc-0c81-4557-944b-14ff29d601c6",
      "resource": {
        "id": "fc3ba9bc-0c81-4557-944b-14ff29d601c6",
        "meta": {
          "profile": [
            "http://standardhealthrecord.org/fhir/StructureDefinition/shr-problem-Problem"
          ]
        },
        "clinicalStatus": "active",
        "verificationStatus": "confirmed",
        "code": {
          "coding": [
            {
              "system": "http://snomed.info/sct",
              "code": "36971009",
              "display": "Sinusitis (disorder)"
            }
          ],
          "text": "Sinusitis (disorder)"
        },
        "subject": {
          "reference": "urn:uuid:457834f9-e8b2-40ca-9cc3-02c344046364"
        },
        "context": {
          "reference": "urn:uuid:0b788f07-f034-4da9-9f41-c577c4177a3b"
        },
        "onsetDateTime": "2016-09-16T11:07:06-04:00",
        "abatementDateTime": "2017-01-03T15:46:50-05:00",
        "assertedDate": "2016-09-16",
        "resourceType": "Condition"
      }
    },
    {
      "fullUrl": "urn:uuid:a16c4d8b-8f28-4497-9ded-5b5f888cce8f",
      "resource": {
        "id": "a16c4d8b-8f28-4497-9ded-5b5f888cce8f",
        "meta": {
          "profile": [
            "http://standardhealthrecord.org/fhir/StructureDefinition/shr-encounter-Encounter"
          ]
        },
        "status": "finished",
        "class": {
          "code": "outpatient"
        },
        "type": [
          {
            "coding": [
              {
                "system": "http://snomed.info/sct",
                "code": "185349003"
              }
            ],
            "text": "Outpatient Encounter"
          }
        ],
        "subject": {
          "reference": "urn:uuid:457834f9-e8b2-40ca-9cc3-02c344046364"
        },
        "period": {
          "start": "2016-10-08T22:08:27-04:00",
          "end": "2016-10-08T23:08:27-04:00"
        },
        "serviceProvider": {
          "reference": "urn:uuid:686cbd19-8593-4015-91bb-3bb38828b599"
        },
        "resourceType": "Encounter"
      }
    },
    {
      "fullUrl": "urn:uuid:a9feaf90-c4a6-49fb-8f94-ffecbc888f4f",
      "resource": {
        "id": "a9feaf90-c4a6-49fb-8f94-ffecbc888f4f",
        "meta": {
          "profile": [
            "http://standardhealthrecord.org/fhir/StructureDefinition/shr-observation-Observation",
            "http://standardhealthrecord.org/fhir/StructureDefinition/shr-vital-VitalSign",
            "http://standardhealthrecord.org/fhir/StructureDefinition/shr-vital-BodyHeight"
          ]
        },
        "status": "final",
        "category": [
          {
            "coding": [
              {
                "system": "http://hl7.org/fhir/observation-category",
                "code": "vital-signs"
              }
            ]
          }
        ],
        "code": {
          "coding": [
            {
              "system": "http://loinc.org",
              "code": "8302-2",
              "display": "Body Height"
            }
          ],
          "text": "Body Height"
        },
        "subject": {
          "reference": "urn:uuid:457834f9-e8b2-40ca-9cc3-02c344046364"
        },
        "context": {
          "reference": "urn:uuid:a16c4d8b-8f28-4497-9ded-5b5f888cce8f"
        },
        "effectiveDateTime": "2016-10-08T22:08:27-04:00",
        "issued": "2016-10-08T22:08:27-04:00",
        "valueQuantity": {
          "value": 163.4421280224163,
          "unit": "cm",
          "system": "http://unitsofmeasure.org/",
          "code": "cm"
        },
        "resourceType": "Observation"
      }
    },
    {
      "fullUrl": "urn:uuid:8a54facf-3a2b-45e5-894c-25b27b456fc9",
      "resource": {
        "id": "8a54facf-3a2b-45e5-894c-25b27b456fc9",
        "meta": {
          "profile": [
            "http://standardhealthrecord.org/fhir/StructureDefinition/shr-observation-Observation",
            "http://standardhealthrecord.org/fhir/StructureDefinition/shr-vital-VitalSign",
            "http://standardhealthrecord.org/fhir/StructureDefinition/shr-vital-BodyWeight"
          ]
        },
        "status": "final",
        "category": [
          {
            "coding": [
              {
                "system": "http://hl7.org/fhir/observation-category",
                "code": "vital-signs"
              }
            ]
          }
        ],
        "code": {
          "coding": [
            {
              "system": "http://loinc.org",
              "code": "29463-7",
              "display": "Body Weight"
            }
          ],
          "text": "Body Weight"
        },
        "subject": {
          "reference": "urn:uuid:457834f9-e8b2-40ca-9cc3-02c344046364"
        },
        "context": {
          "reference": "urn:uuid:a16c4d8b-8f28-4497-9ded-5b5f888cce8f"
        },
        "effectiveDateTime": "2016-10-08T22:08:27-04:00",
        "issued": "2016-10-08T22:08:27-04:00",
        "valueQuantity": {
          "value": 75.48985688984183,
          "unit": "kg",
          "system": "http://unitsofmeasure.org/",
          "code": "kg"
        },
        "resourceType": "Observation"
      }
    },
    {
      "fullUrl": "urn:uuid:2a91714d-e5e5-4d6c-8485-9cd9d2ed610a",
      "resource": {
        "id": "2a91714d-e5e5-4d6c-8485-9cd9d2ed610a",
        "meta": {
          "profile": [
            "http://standardhealthrecord.org/fhir/StructureDefinition/shr-observation-Observation",
            "http://standardhealthrecord.org/fhir/StructureDefinition/shr-vital-VitalSign",
            "http://standardhealthrecord.org/fhir/StructureDefinition/shr-vital-BodyMassIndex"
          ]
        },
        "status": "final",
        "category": [
          {
            "coding": [
              {
                "system": "http://hl7.org/fhir/observation-category",
                "code": "vital-signs"
              }
            ]
          }
        ],
        "code": {
          "coding": [
            {
              "system": "http://loinc.org",
              "code": "39156-5",
              "display": "Body Mass Index"
            }
          ],
          "text": "Body Mass Index"
        },
        "subject": {
          "reference": "urn:uuid:457834f9-e8b2-40ca-9cc3-02c344046364"
        },
        "context": {
          "reference": "urn:uuid:a16c4d8b-8f28-4497-9ded-5b5f888cce8f"
        },
        "effectiveDateTime": "2016-10-08T22:08:27-04:00",
        "issued": "2016-10-08T22:08:27-04:00",
        "valueQuantity": {
          "value": 28.25924701834966,
          "unit": "kg/m2",
          "system": "http://unitsofmeasure.org/",
          "code": "kg/m2"
        },
        "resourceType": "Observation"
      }
    },
    {
      "fullUrl": "urn:uuid:d8565372-416b-43b2-978b-735e433e0087",
      "resource": {
        "id": "d8565372-416b-43b2-978b-735e433e0087",
        "meta": {
          "profile": [
            "http://standardhealthrecord.org/fhir/StructureDefinition/shr-observation-Observation",
            "http://standardhealthrecord.org/fhir/StructureDefinition/shr-vital-BloodPressure"
          ]
        },
        "status": "final",
        "category": [
          {
            "coding": [
              {
                "system": "http://hl7.org/fhir/observation-category",
                "code": "vital-signs"
              }
            ]
          }
        ],
        "code": {
          "coding": [
            {
              "system": "http://loinc.org",
              "code": "55284-4",
              "display": "Blood Pressure"
            }
          ]
        },
        "subject": {
          "reference": "urn:uuid:457834f9-e8b2-40ca-9cc3-02c344046364"
        },
        "context": {
          "reference": "urn:uuid:a16c4d8b-8f28-4497-9ded-5b5f888cce8f"
        },
        "effectiveDateTime": "2016-10-08T22:08:27-04:00",
        "issued": "2016-10-08T22:08:27-04:00",
        "component": [
          {
            "code": {
              "coding": [
                {
                  "system": "http://loinc.org",
                  "code": "8480-6",
                  "display": "Systolic Blood Pressure"
                }
              ],
              "text": "Systolic Blood Pressure"
            },
            "valueQuantity": {
              "value": 154,
              "unit": "mmHg",
              "system": "http://unitsofmeasure.org/",
              "code": "mmHg"
            }
          },
          {
            "code": {
              "coding": [
                {
                  "system": "http://loinc.org",
                  "code": "8462-4",
                  "display": "Diastolic Blood Pressure"
                }
              ],
              "text": "Diastolic Blood Pressure"
            },
            "valueQuantity": {
              "value": 109,
              "unit": "mmHg",
              "system": "http://unitsofmeasure.org/",
              "code": "mmHg"
            }
          }
        ],
        "resourceType": "Observation"
      }
    },
    {
      "fullUrl": "urn:uuid:26c5cf68-a5bd-4206-9629-e16fc5ed82ae",
      "resource": {
        "id": "26c5cf68-a5bd-4206-9629-e16fc5ed82ae",
        "meta": {
          "profile": [
            "http://standardhealthrecord.org/fhir/StructureDefinition/shr-observation-Observation"
          ]
        },
        "status": "final",
        "category": [
          {
            "coding": [
              {
                "system": "http://hl7.org/fhir/observation-category",
                "code": "laboratory"
              }
            ]
          }
        ],
        "code": {
          "coding": [
            {
              "system": "http://loinc.org",
              "code": "2093-3",
              "display": "Total Cholesterol"
            }
          ],
          "text": "Total Cholesterol"
        },
        "subject": {
          "reference": "urn:uuid:457834f9-e8b2-40ca-9cc3-02c344046364"
        },
        "context": {
          "reference": "urn:uuid:a16c4d8b-8f28-4497-9ded-5b5f888cce8f"
        },
        "effectiveDateTime": "2016-10-08T22:08:27-04:00",
        "issued": "2016-10-08T22:08:27-04:00",
        "valueQuantity": {
          "value": 184,
          "unit": "mg/dL",
          "system": "http://unitsofmeasure.org/",
          "code": "mg/dL"
        },
        "resourceType": "Observation"
      }
    },
    {
      "fullUrl": "urn:uuid:d2f50545-5b59-40a1-b607-9c32c22aaa46",
      "resource": {
        "id": "d2f50545-5b59-40a1-b607-9c32c22aaa46",
        "meta": {
          "profile": [
            "http://standardhealthrecord.org/fhir/StructureDefinition/shr-observation-Observation"
          ]
        },
        "status": "final",
        "category": [
          {
            "coding": [
              {
                "system": "http://hl7.org/fhir/observation-category",
                "code": "laboratory"
              }
            ]
          }
        ],
        "code": {
          "coding": [
            {
              "system": "http://loinc.org",
              "code": "2571-8",
              "display": "Triglycerides"
            }
          ],
          "text": "Triglycerides"
        },
        "subject": {
          "reference": "urn:uuid:457834f9-e8b2-40ca-9cc3-02c344046364"
        },
        "context": {
          "reference": "urn:uuid:a16c4d8b-8f28-4497-9ded-5b5f888cce8f"
        },
        "effectiveDateTime": "2016-10-08T22:08:27-04:00",
        "issued": "2016-10-08T22:08:27-04:00",
        "valueQuantity": {
          "value": 107,
          "unit": "mg/dL",
          "system": "http://unitsofmeasure.org/",
          "code": "mg/dL"
        },
        "resourceType": "Observation"
      }
    },
    {
      "fullUrl": "urn:uuid:c8cc564f-fbee-4369-b3a5-48b85a4a5bf8",
      "resource": {
        "id": "c8cc564f-fbee-4369-b3a5-48b85a4a5bf8",
        "meta": {
          "profile": [
            "http://standardhealthrecord.org/fhir/StructureDefinition/shr-observation-Observation"
          ]
        },
        "status": "final",
        "category": [
          {
            "coding": [
              {
                "system": "http://hl7.org/fhir/observation-category",
                "code": "laboratory"
              }
            ]
          }
        ],
        "code": {
          "coding": [
            {
              "system": "http://loinc.org",
              "code": "18262-6",
              "display": "Low Density Lipoprotein Cholesterol"
            }
          ],
          "text": "Low Density Lipoprotein Cholesterol"
        },
        "subject": {
          "reference": "urn:uuid:457834f9-e8b2-40ca-9cc3-02c344046364"
        },
        "context": {
          "reference": "urn:uuid:a16c4d8b-8f28-4497-9ded-5b5f888cce8f"
        },
        "effectiveDateTime": "2016-10-08T22:08:27-04:00",
        "issued": "2016-10-08T22:08:27-04:00",
        "valueQuantity": {
          "value": 103,
          "unit": "mg/dL",
          "system": "http://unitsofmeasure.org/",
          "code": "mg/dL"
        },
        "resourceType": "Observation"
      }
    },
    {
      "fullUrl": "urn:uuid:34228b25-8bf1-4970-b586-faececb0fe5f",
      "resource": {
        "id": "34228b25-8bf1-4970-b586-faececb0fe5f",
        "meta": {
          "profile": [
            "http://standardhealthrecord.org/fhir/StructureDefinition/shr-observation-Observation"
          ]
        },
        "status": "final",
        "category": [
          {
            "coding": [
              {
                "system": "http://hl7.org/fhir/observation-category",
                "code": "laboratory"
              }
            ]
          }
        ],
        "code": {
          "coding": [
            {
              "system": "http://loinc.org",
              "code": "2085-9",
              "display": "High Density Lipoprotein Cholesterol"
            }
          ],
          "text": "High Density Lipoprotein Cholesterol"
        },
        "subject": {
          "reference": "urn:uuid:457834f9-e8b2-40ca-9cc3-02c344046364"
        },
        "context": {
          "reference": "urn:uuid:a16c4d8b-8f28-4497-9ded-5b5f888cce8f"
        },
        "effectiveDateTime": "2016-10-08T22:08:27-04:00",
        "issued": "2016-10-08T22:08:27-04:00",
        "valueQuantity": {
          "value": 59,
          "unit": "mg/dL",
          "system": "http://unitsofmeasure.org/",
          "code": "mg/dL"
        },
        "resourceType": "Observation"
      }
    },
    {
      "fullUrl": "urn:uuid:b45020fb-1504-4651-b4c3-b9cd81738a77",
      "resource": {
        "id": "b45020fb-1504-4651-b4c3-b9cd81738a77",
        "meta": {
          "profile": [
            "http://standardhealthrecord.org/fhir/StructureDefinition/shr-observation-Panel"
          ]
        },
        "status": "final",
        "code": {
          "coding": [
            {
              "system": "http://loinc.org",
              "code": "57698-3",
              "display": "Lipid Panel"
            }
          ]
        },
        "subject": {
          "reference": "urn:uuid:457834f9-e8b2-40ca-9cc3-02c344046364"
        },
        "context": {
          "reference": "urn:uuid:a16c4d8b-8f28-4497-9ded-5b5f888cce8f"
        },
        "effectiveDateTime": "2016-10-08T22:08:27-04:00",
        "issued": "2016-10-08T22:08:27-04:00",
        "result": [
          {
            "reference": "urn:uuid:26c5cf68-a5bd-4206-9629-e16fc5ed82ae",
            "display": "Total Cholesterol"
          },
          {
            "reference": "urn:uuid:d2f50545-5b59-40a1-b607-9c32c22aaa46",
            "display": "Triglycerides"
          },
          {
            "reference": "urn:uuid:c8cc564f-fbee-4369-b3a5-48b85a4a5bf8",
            "display": "Low Density Lipoprotein Cholesterol"
          },
          {
            "reference": "urn:uuid:34228b25-8bf1-4970-b586-faececb0fe5f",
            "display": "High Density Lipoprotein Cholesterol"
          }
        ],
        "resourceType": "DiagnosticReport"
      }
    },
    {
      "fullUrl": "urn:uuid:b2f384e1-9c4c-4f9c-999a-ebc7ff0c79ae",
      "resource": {
        "id": "b2f384e1-9c4c-4f9c-999a-ebc7ff0c79ae",
        "meta": {
          "profile": [
            "http://standardhealthrecord.org/fhir/StructureDefinition/shr-observation-Observation"
          ]
        },
        "status": "final",
        "category": [
          {
            "coding": [
              {
                "system": "http://hl7.org/fhir/observation-category",
                "code": "laboratory"
              }
            ]
          }
        ],
        "code": {
          "coding": [
            {
              "system": "http://loinc.org",
              "code": "33914-3",
              "display": "Estimated Glomerular Filtration Rate"
            }
          ],
          "text": "Estimated Glomerular Filtration Rate"
        },
        "subject": {
          "reference": "urn:uuid:457834f9-e8b2-40ca-9cc3-02c344046364"
        },
        "context": {
          "reference": "urn:uuid:a16c4d8b-8f28-4497-9ded-5b5f888cce8f"
        },
        "effectiveDateTime": "2016-10-08T22:08:27-04:00",
        "issued": "2016-10-08T22:08:27-04:00",
        "valueQuantity": {
          "value": 60,
          "unit": "mL/min/{1.73_m2}",
          "system": "http://unitsofmeasure.org/",
          "code": "mL/min/{1.73_m2}"
        },
        "resourceType": "Observation"
      }
    },
    {
      "resource": {
        "meta": {
          "profile": [
            "http://standardhealthrecord.org/fhir/StructureDefinition/shr-immunization-Immunization"
          ]
        },
        "status": "completed",
        "notGiven": false,
        "vaccineCode": {
          "coding": [
            {
              "system": "http://hl7.org/fhir/sid/cvx",
              "code": "140",
              "display": "Influenza, seasonal, injectable, preservative free"
            }
          ],
          "text": "Influenza, seasonal, injectable, preservative free"
        },
        "patient": {
          "reference": "urn:uuid:457834f9-e8b2-40ca-9cc3-02c344046364"
        },
        "encounter": {
          "reference": "urn:uuid:a16c4d8b-8f28-4497-9ded-5b5f888cce8f"
        },
        "date": "2016-10-08T22:08:27-04:00",
        "primarySource": true,
        "resourceType": "Immunization"
      }
    },
    {
      "resource": {
        "meta": {
          "profile": [
            "http://standardhealthrecord.org/fhir/StructureDefinition/shr-immunization-Immunization"
          ]
        },
        "status": "completed",
        "notGiven": false,
        "vaccineCode": {
          "coding": [
            {
              "system": "http://hl7.org/fhir/sid/cvx",
              "code": "113",
              "display": "Td (adult) preservative free"
            }
          ],
          "text": "Td (adult) preservative free"
        },
        "patient": {
          "reference": "urn:uuid:457834f9-e8b2-40ca-9cc3-02c344046364"
        },
        "encounter": {
          "reference": "urn:uuid:a16c4d8b-8f28-4497-9ded-5b5f888cce8f"
        },
        "date": "2016-10-08T22:08:27-04:00",
        "primarySource": true,
        "resourceType": "Immunization"
      }
    },
    {
      "fullUrl": "urn:uuid:6c794493-0319-4605-9563-30666cdc1821",
      "resource": {
        "id": "6c794493-0319-4605-9563-30666cdc1821",
        "meta": {
          "profile": [
            "http://standardhealthrecord.org/fhir/StructureDefinition/shr-encounter-Encounter"
          ]
        },
        "status": "finished",
        "class": {
          "code": "ambulatory"
        },
        "type": [
          {
            "coding": [
              {
                "system": "http://snomed.info/sct",
                "code": "185345009"
              }
            ],
            "text": "Encounter for symptom"
          }
        ],
        "subject": {
          "reference": "urn:uuid:457834f9-e8b2-40ca-9cc3-02c344046364"
        },
        "period": {
          "start": "2016-12-20T15:46:50-05:00",
          "end": "2016-12-20T15:46:50-05:00"
        },
        "reason": {
          "coding": [
            {
              "system": "http://snomed.info/sct",
              "code": "36971009",
              "display": "Sinusitis (disorder)"
            }
          ]
        },
        "serviceProvider": {
          "reference": "urn:uuid:686cbd19-8593-4015-91bb-3bb38828b599"
        },
        "resourceType": "Encounter"
      }
    },
    {
      "fullUrl": "urn:uuid:717b25c0-f100-4f51-9912-b15bd798b459",
      "resource": {
        "id": "717b25c0-f100-4f51-9912-b15bd798b459",
        "meta": {
          "profile": [
            "http://standardhealthrecord.org/fhir/StructureDefinition/shr-problem-Problem"
          ]
        },
        "clinicalStatus": "active",
        "verificationStatus": "confirmed",
        "code": {
          "coding": [
            {
              "system": "http://snomed.info/sct",
              "code": "40055000",
              "display": "Chronic sinusitis (disorder)"
            }
          ],
          "text": "Chronic sinusitis (disorder)"
        },
        "subject": {
          "reference": "urn:uuid:457834f9-e8b2-40ca-9cc3-02c344046364"
        },
        "context": {
          "reference": "urn:uuid:6c794493-0319-4605-9563-30666cdc1821"
        },
        "onsetDateTime": "2016-12-20T15:46:50-05:00",
        "assertedDate": "2016-12-20",
        "resourceType": "Condition"
      }
    }
  ],
  "resourceType": "Bundle"
}