{
  "type": "collection",
  "entry": [
    {
      "fullUrl": "urn:uuid:85071b18-390e-4767-bad0-cbb8a3530f66",
      "resource": {
        "id": "85071b18-390e-4767-bad0-cbb8a3530f66",
        "meta": {
          "profile": [
            "http://standardhealthrecord.org/fhir/StructureDefinition/shr-demographics-PersonOfRecord"
          ]
        },
        "text": {
          "status": "generated",
          "div": "<div>Generated by <a href=\"https://github.com/synthetichealth/synthea\">Synthea</a>. Version identifier: 4d02400401b9fab839e47bf5b2f1f6a8c683ab55</div>"
        },
        "extension": [
          {
            "url": "http://hl7.org/fhir/us/core/StructureDefinition/us-core-race",
            "valueCodeableConcept": {
              "coding": [
                {
                  "system": "http://hl7.org/fhir/v3/Race",
                  "code": "2131-1",
                  "display": "Other"
                }
              ],
              "text": "race"
            }
          },
          {
            "url": "http://hl7.org/fhir/us/core/StructureDefinition/us-core-ethnicity",
            "valueCodeableConcept": {
              "coding": [
                {
                  "system": "http://hl7.org/fhir/v3/Ethnicity",
                  "code": "2180-8",
                  "display": "Puerto_rican"
                }
              ],
              "text": "ethnicity"
            }
          },
          {
            "url": "http://hl7.org/fhir/StructureDefinition/birthPlace",
            "valueAddress": {
              "city": "Milford",
              "state": "MA",
              "country": "US"
            }
          },
          {
            "url": "http://hl7.org/fhir/StructureDefinition/patient-mothersMaidenName",
            "valueString": "Reilly906 Douglas657"
          },
          {
            "url": "http://hl7.org/fhir/us/core/StructureDefinition/us-core-birthsex",
            "valueCode": "F"
          },
          {
            "url": "http://hl7.org/fhir/StructureDefinition/patient-interpreterRequired",
            "valueBoolean": false
          },
          {
            "url": "http://standardhealthrecord.org/fhir/StructureDefinition/shr-actor-FictionalPerson-extension",
            "valueBoolean": true
          },
          {
            "url": "http://standardhealthrecord.org/fhir/StructureDefinition/shr-demographics-FathersName-extension",
            "valueHumanName": {
              "text": "Evangeline995 Abbott992"
            }
          },
          {
            "url": "http://standardhealthrecord.org/fhir/StructureDefinition/shr-demographics-SocialSecurityNumber-extension",
            "valueString": "999-12-9365"
          }
        ],
        "identifier": [
          {
            "system": "https://github.com/synthetichealth/synthea",
            "value": "501d4056-d345-42c7-bc6a-8b644d49fd4b"
          },
          {
            "type": {
              "coding": [
                {
                  "system": "http://hl7.org/fhir/identifier-type",
                  "code": "SB"
                }
              ]
            },
            "system": "http://hl7.org/fhir/sid/us-ssn",
            "value": "999129365"
          }
        ],
        "name": [
          {
            "use": "official",
            "family": "Abbott992",
            "given": [
              "Rey848"
            ]
          }
        ],
        "telecom": [
          {
            "system": "phone",
            "value": "1-753-629-4033 x1038",
            "use": "home"
          }
        ],
        "gender": "female",
        "birthDate": "2016-03-06",
        "address": [
          {
            "extension": [
              {
                "extension": [
                  {
                    "url": "latitude",
                    "valueDecimal": 42.32642610088244
                  },
                  {
                    "url": "longitude",
                    "valueDecimal": -70.93764392393372
                  }
                ],
                "url": "http://hl7.org/fhir/StructureDefinition/geolocation"
              }
            ],
            "line": [
              "5750 Nikolaus Throughway",
              "Apt. 113"
            ],
            "city": "Boston",
            "state": "MA",
            "postalCode": "02201",
            "country": "US"
          }
        ],
        "maritalStatus": {
          "coding": [
            {
              "system": "http://hl7.org/fhir/v3/MaritalStatus",
              "code": "S"
            }
          ],
          "text": "Never Married"
        },
        "multipleBirthBoolean": false,
        "communication": [
          {
            "language": {
              "coding": [
                {
                  "system": "http://hl7.org/fhir/ValueSet/languages",
                  "code": "es",
                  "display": "Spanish"
                }
              ]
            }
          }
        ],
        "resourceType": "Patient"
      }
    },
    {
      "fullUrl": "urn:uuid:bc6b4c76-7386-451f-93fa-e65fd7c3c521",
      "resource": {
        "id": "bc6b4c76-7386-451f-93fa-e65fd7c3c521",
        "meta": {
          "profile": [
            "http://standardhealthrecord.org/fhir/StructureDefinition/shr-actor-Organization"
          ]
        },
        "type": [
          {
            "coding": [
              {
                "system": "http://hl7.org/fhir/ValueSet/organization-type",
                "code": "prov",
                "display": "Healthcare Provider"
              }
            ],
            "text": "Healthcare Provider"
          }
        ],
        "name": "Synthetic Provider",
        "resourceType": "Organization"
      }
    },
    {
      "fullUrl": "urn:uuid:db1bd452-7b35-497e-b753-5264c78d4903",
      "resource": {
        "id": "db1bd452-7b35-497e-b753-5264c78d4903",
        "meta": {
          "profile": [
            "http://standardhealthrecord.org/fhir/StructureDefinition/shr-encounter-Encounter"
          ]
        },
        "status": "finished",
        "class": {
          "code": "outpatient"
        },
        "type": [
          {
            "coding": [
              {
                "system": "http://snomed.info/sct",
                "code": "170258001"
              }
            ],
            "text": "Outpatient Encounter"
          }
        ],
        "subject": {
          "reference": "urn:uuid:85071b18-390e-4767-bad0-cbb8a3530f66"
        },
        "period": {
          "start": "2016-03-06T18:14:46-05:00",
          "end": "2016-03-06T19:14:46-05:00"
        },
        "serviceProvider": {
          "reference": "urn:uuid:bc6b4c76-7386-451f-93fa-e65fd7c3c521"
        },
        "resourceType": "Encounter"
      }
    },
    {
      "resource": {
        "meta": {
          "profile": [
            "http://standardhealthrecord.org/fhir/StructureDefinition/shr-immunization-Immunization"
          ]
        },
        "status": "completed",
        "notGiven": false,
        "vaccineCode": {
          "coding": [
            {
              "system": "http://hl7.org/fhir/sid/cvx",
              "code": "08",
              "display": "Hep B, adolescent or pediatric"
            }
          ],
          "text": "Hep B, adolescent or pediatric"
        },
        "patient": {
          "reference": "urn:uuid:85071b18-390e-4767-bad0-cbb8a3530f66"
        },
        "encounter": {
          "reference": "urn:uuid:db1bd452-7b35-497e-b753-5264c78d4903"
        },
        "date": "2016-03-06T18:14:46-05:00",
        "primarySource": true,
        "resourceType": "Immunization"
      }
    },
    {
      "fullUrl": "urn:uuid:1aae03cb-e1a0-4015-9845-a24c6b387de0",
      "resource": {
        "id": "1aae03cb-e1a0-4015-9845-a24c6b387de0",
        "meta": {
          "profile": [
            "http://standardhealthrecord.org/fhir/StructureDefinition/shr-encounter-Encounter"
          ]
        },
        "status": "finished",
        "class": {
          "code": "outpatient"
        },
        "type": [
          {
            "coding": [
              {
                "system": "http://snomed.info/sct",
                "code": "170258001"
              }
            ],
            "text": "Outpatient Encounter"
          }
        ],
        "subject": {
          "reference": "urn:uuid:85071b18-390e-4767-bad0-cbb8a3530f66"
        },
        "period": {
          "start": "2016-04-13T08:56:40-04:00",
          "end": "2016-04-13T09:56:40-04:00"
        },
        "serviceProvider": {
          "reference": "urn:uuid:bc6b4c76-7386-451f-93fa-e65fd7c3c521"
        },
        "resourceType": "Encounter"
      }
    },
    {
      "fullUrl": "urn:uuid:9837507d-f9b5-4a6c-ad26-849ac697302e",
      "resource": {
        "id": "9837507d-f9b5-4a6c-ad26-849ac697302e",
        "meta": {
          "profile": [
            "http://standardhealthrecord.org/fhir/StructureDefinition/shr-observation-Observation",
            "http://standardhealthrecord.org/fhir/StructureDefinition/shr-vital-VitalSign",
            "http://standardhealthrecord.org/fhir/StructureDefinition/shr-vital-BodyHeight"
          ]
        },
        "status": "final",
        "category": [
          {
            "coding": [
              {
                "system": "http://hl7.org/fhir/observation-category",
                "code": "vital-signs"
              }
            ]
          }
        ],
        "code": {
          "coding": [
            {
              "system": "http://loinc.org",
              "code": "8302-2",
              "display": "Body Height"
            }
          ],
          "text": "Body Height"
        },
        "subject": {
          "reference": "urn:uuid:85071b18-390e-4767-bad0-cbb8a3530f66"
        },
        "context": {
          "reference": "urn:uuid:1aae03cb-e1a0-4015-9845-a24c6b387de0"
        },
        "effectiveDateTime": "2016-04-13T08:56:40-04:00",
        "issued": "2016-04-13T08:56:40-04:00",
        "valueQuantity": {
          "value": 56.613827791277124,
          "unit": "cm",
          "system": "http://unitsofmeasure.org/",
          "code": "cm"
        },
        "resourceType": "Observation"
      }
    },
    {
      "fullUrl": "urn:uuid:f439291d-c962-4c2e-ab3e-0f1a2c976cb1",
      "resource": {
        "id": "f439291d-c962-4c2e-ab3e-0f1a2c976cb1",
        "meta": {
          "profile": [
            "http://standardhealthrecord.org/fhir/StructureDefinition/shr-observation-Observation",
            "http://standardhealthrecord.org/fhir/StructureDefinition/shr-vital-VitalSign",
            "http://standardhealthrecord.org/fhir/StructureDefinition/shr-vital-BodyWeight"
          ]
        },
        "status": "final",
        "category": [
          {
            "coding": [
              {
                "system": "http://hl7.org/fhir/observation-category",
                "code": "vital-signs"
              }
            ]
          }
        ],
        "code": {
          "coding": [
            {
              "system": "http://loinc.org",
              "code": "29463-7",
              "display": "Body Weight"
            }
          ],
          "text": "Body Weight"
        },
        "subject": {
          "reference": "urn:uuid:85071b18-390e-4767-bad0-cbb8a3530f66"
        },
        "context": {
          "reference": "urn:uuid:1aae03cb-e1a0-4015-9845-a24c6b387de0"
        },
        "effectiveDateTime": "2016-04-13T08:56:40-04:00",
        "issued": "2016-04-13T08:56:40-04:00",
        "valueQuantity": {
          "value": 4.6549030988357325,
          "unit": "kg",
          "system": "http://unitsofmeasure.org/",
          "code": "kg"
        },
        "resourceType": "Observation"
      }
    },
    {
      "fullUrl": "urn:uuid:bb61f1ae-3735-48e4-94fa-7e0807801b4b",
      "resource": {
        "id": "bb61f1ae-3735-48e4-94fa-7e0807801b4b",
        "meta": {
          "profile": [
            "http://standardhealthrecord.org/fhir/StructureDefinition/shr-observation-Observation",
            "http://standardhealthrecord.org/fhir/StructureDefinition/shr-vital-BloodPressure"
          ]
        },
        "status": "final",
        "category": [
          {
            "coding": [
              {
                "system": "http://hl7.org/fhir/observation-category",
                "code": "vital-signs"
              }
            ]
          }
        ],
        "code": {
          "coding": [
            {
              "system": "http://loinc.org",
              "code": "55284-4",
              "display": "Blood Pressure"
            }
          ]
        },
        "subject": {
          "reference": "urn:uuid:85071b18-390e-4767-bad0-cbb8a3530f66"
        },
        "context": {
          "reference": "urn:uuid:1aae03cb-e1a0-4015-9845-a24c6b387de0"
        },
        "effectiveDateTime": "2016-04-13T08:56:40-04:00",
        "issued": "2016-04-13T08:56:40-04:00",
        "component": [
          {
            "code": {
              "coding": [
                {
                  "system": "http://loinc.org",
                  "code": "8480-6",
                  "display": "Systolic Blood Pressure"
                }
              ],
              "text": "Systolic Blood Pressure"
            },
            "valueQuantity": {
              "value": 111,
              "unit": "mmHg",
              "system": "http://unitsofmeasure.org/",
              "code": "mmHg"
            }
          },
          {
            "code": {
              "coding": [
                {
                  "system": "http://loinc.org",
                  "code": "8462-4",
                  "display": "Diastolic Blood Pressure"
                }
              ],
              "text": "Diastolic Blood Pressure"
            },
            "valueQuantity": {
              "value": 73,
              "unit": "mmHg",
              "system": "http://unitsofmeasure.org/",
              "code": "mmHg"
            }
          }
        ],
        "resourceType": "Observation"
      }
    },
    {
      "resource": {
        "meta": {
          "profile": [
            "http://standardhealthrecord.org/fhir/StructureDefinition/shr-immunization-Immunization"
          ]
        },
        "status": "completed",
        "notGiven": false,
        "vaccineCode": {
          "coding": [
            {
              "system": "http://hl7.org/fhir/sid/cvx",
              "code": "08",
              "display": "Hep B, adolescent or pediatric"
            }
          ],
          "text": "Hep B, adolescent or pediatric"
        },
        "patient": {
          "reference": "urn:uuid:85071b18-390e-4767-bad0-cbb8a3530f66"
        },
        "encounter": {
          "reference": "urn:uuid:1aae03cb-e1a0-4015-9845-a24c6b387de0"
        },
        "date": "2016-04-13T08:56:40-04:00",
        "primarySource": true,
        "resourceType": "Immunization"
      }
    },
    {
      "fullUrl": "urn:uuid:c1ec9346-1a32-48c2-a915-531145d53e87",
      "resource": {
        "id": "c1ec9346-1a32-48c2-a915-531145d53e87",
        "meta": {
          "profile": [
            "http://standardhealthrecord.org/fhir/StructureDefinition/shr-encounter-Encounter"
          ]
        },
        "status": "finished",
        "class": {
          "code": "ambulatory"
        },
        "type": [
          {
            "coding": [
              {
                "system": "http://snomed.info/sct",
                "code": "185345009"
              }
            ],
            "text": "Encounter for symptom"
          }
        ],
        "subject": {
          "reference": "urn:uuid:85071b18-390e-4767-bad0-cbb8a3530f66"
        },
        "period": {
          "start": "2016-04-17T12:30:09-04:00",
          "end": "2016-04-17T12:30:09-04:00"
        },
        "reason": {
          "coding": [
            {
              "system": "http://snomed.info/sct",
              "code": "195662009",
              "display": "Acute viral pharyngitis (disorder)"
            }
          ]
        },
        "serviceProvider": {
          "reference": "urn:uuid:bc6b4c76-7386-451f-93fa-e65fd7c3c521"
        },
        "resourceType": "Encounter"
      }
    },
    {
      "fullUrl": "urn:uuid:1567ad59-f9af-4399-a468-b682979a06f3",
      "resource": {
        "id": "1567ad59-f9af-4399-a468-b682979a06f3",
        "meta": {
          "profile": [
            "http://standardhealthrecord.org/fhir/StructureDefinition/shr-problem-Problem"
          ]
        },
        "clinicalStatus": "active",
        "verificationStatus": "confirmed",
        "code": {
          "coding": [
            {
              "system": "http://snomed.info/sct",
              "code": "195662009",
              "display": "Acute viral pharyngitis (disorder)"
            }
          ],
          "text": "Acute viral pharyngitis (disorder)"
        },
        "subject": {
          "reference": "urn:uuid:85071b18-390e-4767-bad0-cbb8a3530f66"
        },
        "context": {
          "reference": "urn:uuid:c1ec9346-1a32-48c2-a915-531145d53e87"
        },
        "onsetDateTime": "2016-04-17T12:30:09-04:00",
        "abatementDateTime": "2016-05-01T02:01:37-04:00",
        "assertedDate": "2016-04-17",
        "resourceType": "Condition"
      }
    },
    {
      "fullUrl": "urn:uuid:a2c186cc-5853-4738-87e7-729820ed1660",
      "resource": {
        "id": "a2c186cc-5853-4738-87e7-729820ed1660",
        "meta": {
          "profile": [
            "http://standardhealthrecord.org/fhir/StructureDefinition/shr-observation-Observation",
            "http://standardhealthrecord.org/fhir/StructureDefinition/shr-vital-VitalSign"
          ]
        },
        "status": "final",
        "category": [
          {
            "coding": [
              {
                "system": "http://hl7.org/fhir/observation-category",
                "code": "vital-signs"
              }
            ]
          }
        ],
        "code": {
          "coding": [
            {
              "system": "http://loinc.org",
              "code": "8331-1",
              "display": "Oral temperature"
            }
          ],
          "text": "Oral temperature"
        },
        "subject": {
          "reference": "urn:uuid:85071b18-390e-4767-bad0-cbb8a3530f66"
        },
        "context": {
          "reference": "urn:uuid:c1ec9346-1a32-48c2-a915-531145d53e87"
        },
        "effectiveDateTime": "2016-04-17T12:30:09-04:00",
        "issued": "2016-04-17T12:30:09-04:00",
        "valueQuantity": {
          "value": 38,
          "unit": "Cel",
          "system": "http://unitsofmeasure.org/",
          "code": "Cel"
        },
        "resourceType": "Observation"
      }
    },
    {
      "fullUrl": "urn:uuid:d579efa3-e794-4527-ad7c-89277e5b528c",
      "resource": {
        "id": "d579efa3-e794-4527-ad7c-89277e5b528c",
        "meta": {
          "profile": [
            "http://standardhealthrecord.org/fhir/StructureDefinition/shr-encounter-Encounter"
          ]
        },
        "status": "finished",
        "class": {
          "code": "outpatient"
        },
        "type": [
          {
            "coding": [
              {
                "system": "http://snomed.info/sct",
                "code": "170258001"
              }
            ],
            "text": "Outpatient Encounter"
          }
        ],
        "subject": {
          "reference": "urn:uuid:85071b18-390e-4767-bad0-cbb8a3530f66"
        },
        "period": {
          "start": "2016-05-22T22:55:58-04:00",
          "end": "2016-05-22T23:55:58-04:00"
        },
        "serviceProvider": {
          "reference": "urn:uuid:bc6b4c76-7386-451f-93fa-e65fd7c3c521"
        },
        "resourceType": "Encounter"
      }
    },
    {
      "fullUrl": "urn:uuid:a926379c-7f0c-4751-aac2-279db906fd45",
      "resource": {
        "id": "a926379c-7f0c-4751-aac2-279db906fd45",
        "meta": {
          "profile": [
            "http://standardhealthrecord.org/fhir/StructureDefinition/shr-observation-Observation",
            "http://standardhealthrecord.org/fhir/StructureDefinition/shr-vital-VitalSign",
            "http://standardhealthrecord.org/fhir/StructureDefinition/shr-vital-BodyHeight"
          ]
        },
        "status": "final",
        "category": [
          {
            "coding": [
              {
                "system": "http://hl7.org/fhir/observation-category",
                "code": "vital-signs"
              }
            ]
          }
        ],
        "code": {
          "coding": [
            {
              "system": "http://loinc.org",
              "code": "8302-2",
              "display": "Body Height"
            }
          ],
          "text": "Body Height"
        },
        "subject": {
          "reference": "urn:uuid:85071b18-390e-4767-bad0-cbb8a3530f66"
        },
        "context": {
          "reference": "urn:uuid:d579efa3-e794-4527-ad7c-89277e5b528c"
        },
        "effectiveDateTime": "2016-05-22T22:55:58-04:00",
        "issued": "2016-05-22T22:55:58-04:00",
        "valueQuantity": {
          "value": 59.424714131903144,
          "unit": "cm",
          "system": "http://unitsofmeasure.org/",
          "code": "cm"
        },
        "resourceType": "Observation"
      }
    },
    {
      "fullUrl": "urn:uuid:bc8c5387-7a62-4fc3-8f28-d5724d5d9be9",
      "resource": {
        "id": "bc8c5387-7a62-4fc3-8f28-d5724d5d9be9",
        "meta": {
          "profile": [
            "http://standardhealthrecord.org/fhir/StructureDefinition/shr-observation-Observation",
            "http://standardhealthrecord.org/fhir/StructureDefinition/shr-vital-VitalSign",
            "http://standardhealthrecord.org/fhir/StructureDefinition/shr-vital-BodyWeight"
          ]
        },
        "status": "final",
        "category": [
          {
            "coding": [
              {
                "system": "http://hl7.org/fhir/observation-category",
                "code": "vital-signs"
              }
            ]
          }
        ],
        "code": {
          "coding": [
            {
              "system": "http://loinc.org",
              "code": "29463-7",
              "display": "Body Weight"
            }
          ],
          "text": "Body Weight"
        },
        "subject": {
          "reference": "urn:uuid:85071b18-390e-4767-bad0-cbb8a3530f66"
        },
        "context": {
          "reference": "urn:uuid:d579efa3-e794-4527-ad7c-89277e5b528c"
        },
        "effectiveDateTime": "2016-05-22T22:55:58-04:00",
        "issued": "2016-05-22T22:55:58-04:00",
        "valueQuantity": {
          "value": 5.352964347542578,
          "unit": "kg",
          "system": "http://unitsofmeasure.org/",
          "code": "kg"
        },
        "resourceType": "Observation"
      }
    },
    {
      "fullUrl": "urn:uuid:659f5f7f-c5a8-4cf0-a8f5-5a94ef45e3b4",
      "resource": {
        "id": "659f5f7f-c5a8-4cf0-a8f5-5a94ef45e3b4",
        "meta": {
          "profile": [
            "http://standardhealthrecord.org/fhir/StructureDefinition/shr-observation-Observation",
            "http://standardhealthrecord.org/fhir/StructureDefinition/shr-vital-BloodPressure"
          ]
        },
        "status": "final",
        "category": [
          {
            "coding": [
              {
                "system": "http://hl7.org/fhir/observation-category",
                "code": "vital-signs"
              }
            ]
          }
        ],
        "code": {
          "coding": [
            {
              "system": "http://loinc.org",
              "code": "55284-4",
              "display": "Blood Pressure"
            }
          ]
        },
        "subject": {
          "reference": "urn:uuid:85071b18-390e-4767-bad0-cbb8a3530f66"
        },
        "context": {
          "reference": "urn:uuid:d579efa3-e794-4527-ad7c-89277e5b528c"
        },
        "effectiveDateTime": "2016-05-22T22:55:58-04:00",
        "issued": "2016-05-22T22:55:58-04:00",
        "component": [
          {
            "code": {
              "coding": [
                {
                  "system": "http://loinc.org",
                  "code": "8480-6",
                  "display": "Systolic Blood Pressure"
                }
              ],
              "text": "Systolic Blood Pressure"
            },
            "valueQuantity": {
              "value": 111,
              "unit": "mmHg",
              "system": "http://unitsofmeasure.org/",
              "code": "mmHg"
            }
          },
          {
            "code": {
              "coding": [
                {
                  "system": "http://loinc.org",
                  "code": "8462-4",
                  "display": "Diastolic Blood Pressure"
                }
              ],
              "text": "Diastolic Blood Pressure"
            },
            "valueQuantity": {
              "value": 85,
              "unit": "mmHg",
              "system": "http://unitsofmeasure.org/",
              "code": "mmHg"
            }
          }
        ],
        "resourceType": "Observation"
      }
    },
    {
      "resource": {
        "meta": {
          "profile": [
            "http://standardhealthrecord.org/fhir/StructureDefinition/shr-procedure-Procedure"
          ]
        },
        "extension": [
          {
            "url": "http://standardhealthrecord.org/fhir/StructureDefinition/shr-core-CodeableConcept-extension",
            "valueCodeableConcept": {
              "coding": [
                {
                  "system": "http://snomed.info/sct",
                  "code": "428191000124101",
                  "display": "Documentation of current medications"
                }
              ],
              "text": "Documentation of current medications"
            }
          }
        ],
        "status": "completed",
        "code": {
          "coding": [
            {
              "system": "http://snomed.info/sct",
              "code": "428191000124101",
              "display": "Documentation of current medications"
            }
          ],
          "text": "Documentation of current medications"
        },
        "subject": {
          "reference": "urn:uuid:85071b18-390e-4767-bad0-cbb8a3530f66"
        },
        "context": {
          "reference": "urn:uuid:d579efa3-e794-4527-ad7c-89277e5b528c"
        },
        "performedDateTime": "2016-05-22T22:55:58-04:00",
        "resourceType": "Procedure"
      }
    },
    {
      "resource": {
        "meta": {
          "profile": [
            "http://standardhealthrecord.org/fhir/StructureDefinition/shr-immunization-Immunization"
          ]
        },
        "status": "completed",
        "notGiven": false,
        "vaccineCode": {
          "coding": [
            {
              "system": "http://hl7.org/fhir/sid/cvx",
              "code": "119",
              "display": "rotavirus, monovalent"
            }
          ],
          "text": "rotavirus, monovalent"
        },
        "patient": {
          "reference": "urn:uuid:85071b18-390e-4767-bad0-cbb8a3530f66"
        },
        "encounter": {
          "reference": "urn:uuid:d579efa3-e794-4527-ad7c-89277e5b528c"
        },
        "date": "2016-05-22T22:55:58-04:00",
        "primarySource": true,
        "resourceType": "Immunization"
      }
    },
    {
      "resource": {
        "meta": {
          "profile": [
            "http://standardhealthrecord.org/fhir/StructureDefinition/shr-immunization-Immunization"
          ]
        },
        "status": "completed",
        "notGiven": false,
        "vaccineCode": {
          "coding": [
            {
              "system": "http://hl7.org/fhir/sid/cvx",
              "code": "20",
              "display": "DTaP"
            }
          ],
          "text": "DTaP"
        },
        "patient": {
          "reference": "urn:uuid:85071b18-390e-4767-bad0-cbb8a3530f66"
        },
        "encounter": {
          "reference": "urn:uuid:d579efa3-e794-4527-ad7c-89277e5b528c"
        },
        "date": "2016-05-22T22:55:58-04:00",
        "primarySource": true,
        "resourceType": "Immunization"
      }
    },
    {
      "resource": {
        "meta": {
          "profile": [
            "http://standardhealthrecord.org/fhir/StructureDefinition/shr-immunization-Immunization"
          ]
        },
        "status": "completed",
        "notGiven": false,
        "vaccineCode": {
          "coding": [
            {
              "system": "http://hl7.org/fhir/sid/cvx",
              "code": "49",
              "display": "Hib (PRP-OMP)"
            }
          ],
          "text": "Hib (PRP-OMP)"
        },
        "patient": {
          "reference": "urn:uuid:85071b18-390e-4767-bad0-cbb8a3530f66"
        },
        "encounter": {
          "reference": "urn:uuid:d579efa3-e794-4527-ad7c-89277e5b528c"
        },
        "date": "2016-05-22T22:55:58-04:00",
        "primarySource": true,
        "resourceType": "Immunization"
      }
    },
    {
      "resource": {
        "meta": {
          "profile": [
            "http://standardhealthrecord.org/fhir/StructureDefinition/shr-immunization-Immunization"
          ]
        },
        "status": "completed",
        "notGiven": false,
        "vaccineCode": {
          "coding": [
            {
              "system": "http://hl7.org/fhir/sid/cvx",
              "code": "133",
              "display": "Pneumococcal conjugate PCV 13"
            }
          ],
          "text": "Pneumococcal conjugate PCV 13"
        },
        "patient": {
          "reference": "urn:uuid:85071b18-390e-4767-bad0-cbb8a3530f66"
        },
        "encounter": {
          "reference": "urn:uuid:d579efa3-e794-4527-ad7c-89277e5b528c"
        },
        "date": "2016-05-22T22:55:58-04:00",
        "primarySource": true,
        "resourceType": "Immunization"
      }
    },
    {
      "resource": {
        "meta": {
          "profile": [
            "http://standardhealthrecord.org/fhir/StructureDefinition/shr-immunization-Immunization"
          ]
        },
        "status": "completed",
        "notGiven": false,
        "vaccineCode": {
          "coding": [
            {
              "system": "http://hl7.org/fhir/sid/cvx",
              "code": "10",
              "display": "IPV"
            }
          ],
          "text": "IPV"
        },
        "patient": {
          "reference": "urn:uuid:85071b18-390e-4767-bad0-cbb8a3530f66"
        },
        "encounter": {
          "reference": "urn:uuid:d579efa3-e794-4527-ad7c-89277e5b528c"
        },
        "date": "2016-05-22T22:55:58-04:00",
        "primarySource": true,
        "resourceType": "Immunization"
      }
    },
    {
      "fullUrl": "urn:uuid:e3d1aca8-fb9a-4e76-bd8b-cbcd704d8e2d",
      "resource": {
        "id": "e3d1aca8-fb9a-4e76-bd8b-cbcd704d8e2d",
        "meta": {
          "profile": [
            "http://standardhealthrecord.org/fhir/StructureDefinition/shr-encounter-Encounter"
          ]
        },
        "status": "finished",
        "class": {
          "code": "outpatient"
        },
        "type": [
          {
            "coding": [
              {
                "system": "http://snomed.info/sct",
                "code": "170258001"
              }
            ],
            "text": "Outpatient Encounter"
          }
        ],
        "subject": {
          "reference": "urn:uuid:85071b18-390e-4767-bad0-cbb8a3530f66"
        },
        "period": {
          "start": "2016-07-29T09:56:27-04:00",
          "end": "2016-07-29T10:56:27-04:00"
        },
        "serviceProvider": {
          "reference": "urn:uuid:bc6b4c76-7386-451f-93fa-e65fd7c3c521"
        },
        "resourceType": "Encounter"
      }
    },
    {
      "fullUrl": "urn:uuid:40ba183f-97d3-48bc-80af-7dcaba02b156",
      "resource": {
        "id": "40ba183f-97d3-48bc-80af-7dcaba02b156",
        "meta": {
          "profile": [
            "http://standardhealthrecord.org/fhir/StructureDefinition/shr-observation-Observation",
            "http://standardhealthrecord.org/fhir/StructureDefinition/shr-vital-VitalSign",
            "http://standardhealthrecord.org/fhir/StructureDefinition/shr-vital-BodyHeight"
          ]
        },
        "status": "final",
        "category": [
          {
            "coding": [
              {
                "system": "http://hl7.org/fhir/observation-category",
                "code": "vital-signs"
              }
            ]
          }
        ],
        "code": {
          "coding": [
            {
              "system": "http://loinc.org",
              "code": "8302-2",
              "display": "Body Height"
            }
          ],
          "text": "Body Height"
        },
        "subject": {
          "reference": "urn:uuid:85071b18-390e-4767-bad0-cbb8a3530f66"
        },
        "context": {
          "reference": "urn:uuid:e3d1aca8-fb9a-4e76-bd8b-cbcd704d8e2d"
        },
        "effectiveDateTime": "2016-07-29T09:56:27-04:00",
        "issued": "2016-07-29T09:56:27-04:00",
        "valueQuantity": {
          "value": 63.903575773740215,
          "unit": "cm",
          "system": "http://unitsofmeasure.org/",
          "code": "cm"
        },
        "resourceType": "Observation"
      }
    },
    {
      "fullUrl": "urn:uuid:0e5d27cf-01a8-49ec-8e57-5cf48c32fa0e",
      "resource": {
        "id": "0e5d27cf-01a8-49ec-8e57-5cf48c32fa0e",
        "meta": {
          "profile": [
            "http://standardhealthrecord.org/fhir/StructureDefinition/shr-observation-Observation",
            "http://standardhealthrecord.org/fhir/StructureDefinition/shr-vital-VitalSign",
            "http://standardhealthrecord.org/fhir/StructureDefinition/shr-vital-BodyWeight"
          ]
        },
        "status": "final",
        "category": [
          {
            "coding": [
              {
                "system": "http://hl7.org/fhir/observation-category",
                "code": "vital-signs"
              }
            ]
          }
        ],
        "code": {
          "coding": [
            {
              "system": "http://loinc.org",
              "code": "29463-7",
              "display": "Body Weight"
            }
          ],
          "text": "Body Weight"
        },
        "subject": {
          "reference": "urn:uuid:85071b18-390e-4767-bad0-cbb8a3530f66"
        },
        "context": {
          "reference": "urn:uuid:e3d1aca8-fb9a-4e76-bd8b-cbcd704d8e2d"
        },
        "effectiveDateTime": "2016-07-29T09:56:27-04:00",
        "issued": "2016-07-29T09:56:27-04:00",
        "valueQuantity": {
          "value": 6.5803187553601,
          "unit": "kg",
          "system": "http://unitsofmeasure.org/",
          "code": "kg"
        },
        "resourceType": "Observation"
      }
    },
    {
      "fullUrl": "urn:uuid:d6a538aa-62bf-4843-9b46-a40463dbc4dd",
      "resource": {
        "id": "d6a538aa-62bf-4843-9b46-a40463dbc4dd",
        "meta": {
          "profile": [
            "http://standardhealthrecord.org/fhir/StructureDefinition/shr-observation-Observation",
            "http://standardhealthrecord.org/fhir/StructureDefinition/shr-vital-BloodPressure"
          ]
        },
        "status": "final",
        "category": [
          {
            "coding": [
              {
                "system": "http://hl7.org/fhir/observation-category",
                "code": "vital-signs"
              }
            ]
          }
        ],
        "code": {
          "coding": [
            {
              "system": "http://loinc.org",
              "code": "55284-4",
              "display": "Blood Pressure"
            }
          ]
        },
        "subject": {
          "reference": "urn:uuid:85071b18-390e-4767-bad0-cbb8a3530f66"
        },
        "context": {
          "reference": "urn:uuid:e3d1aca8-fb9a-4e76-bd8b-cbcd704d8e2d"
        },
        "effectiveDateTime": "2016-07-29T09:56:27-04:00",
        "issued": "2016-07-29T09:56:27-04:00",
        "component": [
          {
            "code": {
              "coding": [
                {
                  "system": "http://loinc.org",
                  "code": "8480-6",
                  "display": "Systolic Blood Pressure"
                }
              ],
              "text": "Systolic Blood Pressure"
            },
            "valueQuantity": {
              "value": 106,
              "unit": "mmHg",
              "system": "http://unitsofmeasure.org/",
              "code": "mmHg"
            }
          },
          {
            "code": {
              "coding": [
                {
                  "system": "http://loinc.org",
                  "code": "8462-4",
                  "display": "Diastolic Blood Pressure"
                }
              ],
              "text": "Diastolic Blood Pressure"
            },
            "valueQuantity": {
              "value": 75,
              "unit": "mmHg",
              "system": "http://unitsofmeasure.org/",
              "code": "mmHg"
            }
          }
        ],
        "resourceType": "Observation"
      }
    },
    {
      "resource": {
        "meta": {
          "profile": [
            "http://standardhealthrecord.org/fhir/StructureDefinition/shr-immunization-Immunization"
          ]
        },
        "status": "completed",
        "notGiven": false,
        "vaccineCode": {
          "coding": [
            {
              "system": "http://hl7.org/fhir/sid/cvx",
              "code": "119",
              "display": "rotavirus, monovalent"
            }
          ],
          "text": "rotavirus, monovalent"
        },
        "patient": {
          "reference": "urn:uuid:85071b18-390e-4767-bad0-cbb8a3530f66"
        },
        "encounter": {
          "reference": "urn:uuid:e3d1aca8-fb9a-4e76-bd8b-cbcd704d8e2d"
        },
        "date": "2016-07-29T09:56:27-04:00",
        "primarySource": true,
        "resourceType": "Immunization"
      }
    },
    {
      "resource": {
        "meta": {
          "profile": [
            "http://standardhealthrecord.org/fhir/StructureDefinition/shr-immunization-Immunization"
          ]
        },
        "status": "completed",
        "notGiven": false,
        "vaccineCode": {
          "coding": [
            {
              "system": "http://hl7.org/fhir/sid/cvx",
              "code": "20",
              "display": "DTaP"
            }
          ],
          "text": "DTaP"
        },
        "patient": {
          "reference": "urn:uuid:85071b18-390e-4767-bad0-cbb8a3530f66"
        },
        "encounter": {
          "reference": "urn:uuid:e3d1aca8-fb9a-4e76-bd8b-cbcd704d8e2d"
        },
        "date": "2016-07-29T09:56:27-04:00",
        "primarySource": true,
        "resourceType": "Immunization"
      }
    },
    {
      "resource": {
        "meta": {
          "profile": [
            "http://standardhealthrecord.org/fhir/StructureDefinition/shr-immunization-Immunization"
          ]
        },
        "status": "completed",
        "notGiven": false,
        "vaccineCode": {
          "coding": [
            {
              "system": "http://hl7.org/fhir/sid/cvx",
              "code": "49",
              "display": "Hib (PRP-OMP)"
            }
          ],
          "text": "Hib (PRP-OMP)"
        },
        "patient": {
          "reference": "urn:uuid:85071b18-390e-4767-bad0-cbb8a3530f66"
        },
        "encounter": {
          "reference": "urn:uuid:e3d1aca8-fb9a-4e76-bd8b-cbcd704d8e2d"
        },
        "date": "2016-07-29T09:56:27-04:00",
        "primarySource": true,
        "resourceType": "Immunization"
      }
    },
    {
      "resource": {
        "meta": {
          "profile": [
            "http://standardhealthrecord.org/fhir/StructureDefinition/shr-immunization-Immunization"
          ]
        },
        "status": "completed",
        "notGiven": false,
        "vaccineCode": {
          "coding": [
            {
              "system": "http://hl7.org/fhir/sid/cvx",
              "code": "133",
              "display": "Pneumococcal conjugate PCV 13"
            }
          ],
          "text": "Pneumococcal conjugate PCV 13"
        },
        "patient": {
          "reference": "urn:uuid:85071b18-390e-4767-bad0-cbb8a3530f66"
        },
        "encounter": {
          "reference": "urn:uuid:e3d1aca8-fb9a-4e76-bd8b-cbcd704d8e2d"
        },
        "date": "2016-07-29T09:56:27-04:00",
        "primarySource": true,
        "resourceType": "Immunization"
      }
    },
    {
      "resource": {
        "meta": {
          "profile": [
            "http://standardhealthrecord.org/fhir/StructureDefinition/shr-immunization-Immunization"
          ]
        },
        "status": "completed",
        "notGiven": false,
        "vaccineCode": {
          "coding": [
            {
              "system": "http://hl7.org/fhir/sid/cvx",
              "code": "10",
              "display": "IPV"
            }
          ],
          "text": "IPV"
        },
        "patient": {
          "reference": "urn:uuid:85071b18-390e-4767-bad0-cbb8a3530f66"
        },
        "encounter": {
          "reference": "urn:uuid:e3d1aca8-fb9a-4e76-bd8b-cbcd704d8e2d"
        },
        "date": "2016-07-29T09:56:27-04:00",
        "primarySource": true,
        "resourceType": "Immunization"
      }
    },
    {
      "fullUrl": "urn:uuid:cb5ba1c2-7ae6-42dc-b51e-02791982c31b",
      "resource": {
        "id": "cb5ba1c2-7ae6-42dc-b51e-02791982c31b",
        "meta": {
          "profile": [
            "http://standardhealthrecord.org/fhir/StructureDefinition/shr-encounter-Encounter"
          ]
        },
        "status": "finished",
        "class": {
          "code": "outpatient"
        },
        "type": [
          {
            "coding": [
              {
                "system": "http://snomed.info/sct",
                "code": "170258001"
              }
            ],
            "text": "Outpatient Encounter"
          }
        ],
        "subject": {
          "reference": "urn:uuid:85071b18-390e-4767-bad0-cbb8a3530f66"
        },
        "period": {
          "start": "2016-10-01T19:06:10-04:00",
          "end": "2016-10-01T20:06:10-04:00"
        },
        "serviceProvider": {
          "reference": "urn:uuid:bc6b4c76-7386-451f-93fa-e65fd7c3c521"
        },
        "resourceType": "Encounter"
      }
    },
    {
      "fullUrl": "urn:uuid:7eebd009-4153-42e5-96a5-9f18328ed947",
      "resource": {
        "id": "7eebd009-4153-42e5-96a5-9f18328ed947",
        "meta": {
          "profile": [
            "http://standardhealthrecord.org/fhir/StructureDefinition/shr-observation-Observation",
            "http://standardhealthrecord.org/fhir/StructureDefinition/shr-vital-VitalSign",
            "http://standardhealthrecord.org/fhir/StructureDefinition/shr-vital-BodyHeight"
          ]
        },
        "status": "final",
        "category": [
          {
            "coding": [
              {
                "system": "http://hl7.org/fhir/observation-category",
                "code": "vital-signs"
              }
            ]
          }
        ],
        "code": {
          "coding": [
            {
              "system": "http://loinc.org",
              "code": "8302-2",
              "display": "Body Height"
            }
          ],
          "text": "Body Height"
        },
        "subject": {
          "reference": "urn:uuid:85071b18-390e-4767-bad0-cbb8a3530f66"
        },
        "context": {
          "reference": "urn:uuid:cb5ba1c2-7ae6-42dc-b51e-02791982c31b"
        },
        "effectiveDateTime": "2016-10-01T19:06:10-04:00",
        "issued": "2016-10-01T19:06:10-04:00",
        "valueQuantity": {
          "value": 67.53627404067349,
          "unit": "cm",
          "system": "http://unitsofmeasure.org/",
          "code": "cm"
        },
        "resourceType": "Observation"
      }
    },
    {
      "fullUrl": "urn:uuid:c468a12a-0494-4388-8524-ab3aa9cbc8c3",
      "resource": {
        "id": "c468a12a-0494-4388-8524-ab3aa9cbc8c3",
        "meta": {
          "profile": [
            "http://standardhealthrecord.org/fhir/StructureDefinition/shr-observation-Observation",
            "http://standardhealthrecord.org/fhir/StructureDefinition/shr-vital-VitalSign",
            "http://standardhealthrecord.org/fhir/StructureDefinition/shr-vital-BodyWeight"
          ]
        },
        "status": "final",
        "category": [
          {
            "coding": [
              {
                "system": "http://hl7.org/fhir/observation-category",
                "code": "vital-signs"
              }
            ]
          }
        ],
        "code": {
          "coding": [
            {
              "system": "http://loinc.org",
              "code": "29463-7",
              "display": "Body Weight"
            }
          ],
          "text": "Body Weight"
        },
        "subject": {
          "reference": "urn:uuid:85071b18-390e-4767-bad0-cbb8a3530f66"
        },
        "context": {
          "reference": "urn:uuid:cb5ba1c2-7ae6-42dc-b51e-02791982c31b"
        },
        "effectiveDateTime": "2016-10-01T19:06:10-04:00",
        "issued": "2016-10-01T19:06:10-04:00",
        "valueQuantity": {
          "value": 7.613687509626699,
          "unit": "kg",
          "system": "http://unitsofmeasure.org/",
          "code": "kg"
        },
        "resourceType": "Observation"
      }
    },
    {
      "fullUrl": "urn:uuid:1c0d0a73-d214-43b4-8bde-deda136dfd26",
      "resource": {
        "id": "1c0d0a73-d214-43b4-8bde-deda136dfd26",
        "meta": {
          "profile": [
            "http://standardhealthrecord.org/fhir/StructureDefinition/shr-observation-Observation",
            "http://standardhealthrecord.org/fhir/StructureDefinition/shr-vital-BloodPressure"
          ]
        },
        "status": "final",
        "category": [
          {
            "coding": [
              {
                "system": "http://hl7.org/fhir/observation-category",
                "code": "vital-signs"
              }
            ]
          }
        ],
        "code": {
          "coding": [
            {
              "system": "http://loinc.org",
              "code": "55284-4",
              "display": "Blood Pressure"
            }
          ]
        },
        "subject": {
          "reference": "urn:uuid:85071b18-390e-4767-bad0-cbb8a3530f66"
        },
        "context": {
          "reference": "urn:uuid:cb5ba1c2-7ae6-42dc-b51e-02791982c31b"
        },
        "effectiveDateTime": "2016-10-01T19:06:10-04:00",
        "issued": "2016-10-01T19:06:10-04:00",
        "component": [
          {
            "code": {
              "coding": [
                {
                  "system": "http://loinc.org",
                  "code": "8480-6",
                  "display": "Systolic Blood Pressure"
                }
              ],
              "text": "Systolic Blood Pressure"
            },
            "valueQuantity": {
              "value": 107,
              "unit": "mmHg",
              "system": "http://unitsofmeasure.org/",
              "code": "mmHg"
            }
          },
          {
            "code": {
              "coding": [
                {
                  "system": "http://loinc.org",
                  "code": "8462-4",
                  "display": "Diastolic Blood Pressure"
                }
              ],
              "text": "Diastolic Blood Pressure"
            },
            "valueQuantity": {
              "value": 89,
              "unit": "mmHg",
              "system": "http://unitsofmeasure.org/",
              "code": "mmHg"
            }
          }
        ],
        "resourceType": "Observation"
      }
    },
    {
      "resource": {
        "meta": {
          "profile": [
            "http://standardhealthrecord.org/fhir/StructureDefinition/shr-procedure-Procedure"
          ]
        },
        "extension": [
          {
            "url": "http://standardhealthrecord.org/fhir/StructureDefinition/shr-core-CodeableConcept-extension",
            "valueCodeableConcept": {
              "coding": [
                {
                  "system": "http://snomed.info/sct",
                  "code": "428191000124101",
                  "display": "Documentation of current medications"
                }
              ],
              "text": "Documentation of current medications"
            }
          }
        ],
        "status": "completed",
        "code": {
          "coding": [
            {
              "system": "http://snomed.info/sct",
              "code": "428191000124101",
              "display": "Documentation of current medications"
            }
          ],
          "text": "Documentation of current medications"
        },
        "subject": {
          "reference": "urn:uuid:85071b18-390e-4767-bad0-cbb8a3530f66"
        },
        "context": {
          "reference": "urn:uuid:cb5ba1c2-7ae6-42dc-b51e-02791982c31b"
        },
        "performedDateTime": "2016-10-01T19:06:10-04:00",
        "resourceType": "Procedure"
      }
    },
    {
      "resource": {
        "meta": {
          "profile": [
            "http://standardhealthrecord.org/fhir/StructureDefinition/shr-immunization-Immunization"
          ]
        },
        "status": "completed",
        "notGiven": false,
        "vaccineCode": {
          "coding": [
            {
              "system": "http://hl7.org/fhir/sid/cvx",
              "code": "08",
              "display": "Hep B, adolescent or pediatric"
            }
          ],
          "text": "Hep B, adolescent or pediatric"
        },
        "patient": {
          "reference": "urn:uuid:85071b18-390e-4767-bad0-cbb8a3530f66"
        },
        "encounter": {
          "reference": "urn:uuid:cb5ba1c2-7ae6-42dc-b51e-02791982c31b"
        },
        "date": "2016-10-01T19:06:10-04:00",
        "primarySource": true,
        "resourceType": "Immunization"
      }
    },
    {
      "resource": {
        "meta": {
          "profile": [
            "http://standardhealthrecord.org/fhir/StructureDefinition/shr-immunization-Immunization"
          ]
        },
        "status": "completed",
        "notGiven": false,
        "vaccineCode": {
          "coding": [
            {
              "system": "http://hl7.org/fhir/sid/cvx",
              "code": "20",
              "display": "DTaP"
            }
          ],
          "text": "DTaP"
        },
        "patient": {
          "reference": "urn:uuid:85071b18-390e-4767-bad0-cbb8a3530f66"
        },
        "encounter": {
          "reference": "urn:uuid:cb5ba1c2-7ae6-42dc-b51e-02791982c31b"
        },
        "date": "2016-10-01T19:06:10-04:00",
        "primarySource": true,
        "resourceType": "Immunization"
      }
    },
    {
      "resource": {
        "meta": {
          "profile": [
            "http://standardhealthrecord.org/fhir/StructureDefinition/shr-immunization-Immunization"
          ]
        },
        "status": "completed",
        "notGiven": false,
        "vaccineCode": {
          "coding": [
            {
              "system": "http://hl7.org/fhir/sid/cvx",
              "code": "133",
              "display": "Pneumococcal conjugate PCV 13"
            }
          ],
          "text": "Pneumococcal conjugate PCV 13"
        },
        "patient": {
          "reference": "urn:uuid:85071b18-390e-4767-bad0-cbb8a3530f66"
        },
        "encounter": {
          "reference": "urn:uuid:cb5ba1c2-7ae6-42dc-b51e-02791982c31b"
        },
        "date": "2016-10-01T19:06:10-04:00",
        "primarySource": true,
        "resourceType": "Immunization"
      }
    },
    {
      "resource": {
        "meta": {
          "profile": [
            "http://standardhealthrecord.org/fhir/StructureDefinition/shr-immunization-Immunization"
          ]
        },
        "status": "completed",
        "notGiven": false,
        "vaccineCode": {
          "coding": [
            {
              "system": "http://hl7.org/fhir/sid/cvx",
              "code": "10",
              "display": "IPV"
            }
          ],
          "text": "IPV"
        },
        "patient": {
          "reference": "urn:uuid:85071b18-390e-4767-bad0-cbb8a3530f66"
        },
        "encounter": {
          "reference": "urn:uuid:cb5ba1c2-7ae6-42dc-b51e-02791982c31b"
        },
        "date": "2016-10-01T19:06:10-04:00",
        "primarySource": true,
        "resourceType": "Immunization"
      }
    },
    {
      "resource": {
        "meta": {
          "profile": [
            "http://standardhealthrecord.org/fhir/StructureDefinition/shr-immunization-Immunization"
          ]
        },
        "status": "completed",
        "notGiven": false,
        "vaccineCode": {
          "coding": [
            {
              "system": "http://hl7.org/fhir/sid/cvx",
              "code": "140",
              "display": "Influenza, seasonal, injectable, preservative free"
            }
          ],
          "text": "Influenza, seasonal, injectable, preservative free"
        },
        "patient": {
          "reference": "urn:uuid:85071b18-390e-4767-bad0-cbb8a3530f66"
        },
        "encounter": {
          "reference": "urn:uuid:cb5ba1c2-7ae6-42dc-b51e-02791982c31b"
        },
        "date": "2016-10-01T19:06:10-04:00",
        "primarySource": true,
        "resourceType": "Immunization"
      }
    },
    {
      "fullUrl": "urn:uuid:3b698c54-dee0-45b2-bc75-0613acdafd7e",
      "resource": {
        "id": "3b698c54-dee0-45b2-bc75-0613acdafd7e",
        "meta": {
          "profile": [
            "http://standardhealthrecord.org/fhir/StructureDefinition/shr-encounter-Encounter"
          ]
        },
        "status": "finished",
        "class": {
          "code": "ambulatory"
        },
        "type": [
          {
            "coding": [
              {
                "system": "http://snomed.info/sct",
                "code": "185345009"
              }
            ],
            "text": "Encounter for symptom"
          }
        ],
        "subject": {
          "reference": "urn:uuid:85071b18-390e-4767-bad0-cbb8a3530f66"
        },
        "period": {
          "start": "2016-10-13T18:14:46-04:00",
          "end": "2016-10-13T18:14:46-04:00"
        },
        "reason": {
          "coding": [
            {
              "system": "http://snomed.info/sct",
              "code": "65363002",
              "display": "Otitis media"
            }
          ]
        },
        "serviceProvider": {
          "reference": "urn:uuid:bc6b4c76-7386-451f-93fa-e65fd7c3c521"
        },
        "resourceType": "Encounter"
      }
    },
    {
      "fullUrl": "urn:uuid:de7c801b-f84f-480d-8f29-65e1ebd4192f",
      "resource": {
        "id": "de7c801b-f84f-480d-8f29-65e1ebd4192f",
        "meta": {
          "profile": [
            "http://standardhealthrecord.org/fhir/StructureDefinition/shr-problem-Problem"
          ]
        },
        "clinicalStatus": "active",
        "verificationStatus": "confirmed",
        "code": {
          "coding": [
            {
              "system": "http://snomed.info/sct",
              "code": "65363002",
              "display": "Otitis media"
            }
          ],
          "text": "Otitis media"
        },
        "subject": {
          "reference": "urn:uuid:85071b18-390e-4767-bad0-cbb8a3530f66"
        },
        "context": {
          "reference": "urn:uuid:3b698c54-dee0-45b2-bc75-0613acdafd7e"
        },
        "onsetDateTime": "2016-10-13T18:14:46-04:00",
        "abatementDateTime": "2017-01-05T07:07:31-05:00",
        "assertedDate": "2016-10-13",
        "resourceType": "Condition"
      }
    },
    {
      "resource": {
        "meta": {
          "profile": [
            "http://standardhealthrecord.org/fhir/StructureDefinition/shr-medication-Medication"
          ]
        },
        "code": {
          "coding": [
            {
              "system": "http://www.nlm.nih.gov/research/umls/rxnorm",
              "code": "392151",
              "display": "Amoxicillin 200 MG Oral Tablet"
            }
          ],
          "text": "Amoxicillin 200 MG Oral Tablet"
        },
        "resourceType": "Medication"
      }
    },
    {
      "resource": {
        "meta": {
          "profile": [
            "http://standardhealthrecord.org/fhir/StructureDefinition/shr-medication-MedicationPrescription"
          ]
        },
        "extension": [
          {
            "url": "http://standardhealthrecord.org/fhir/StructureDefinition/shr-base-ActionCode-extension",
            "valueCodeableConcept": {
              "coding": [
                {
                  "system": "http://snomed.info/sct",
                  "code": "33633005",
                  "display": "Prescription of drug (procedure)"
                }
              ],
              "text": "Prescription of drug (procedure)"
            }
          }
        ],
        "status": "stopped",
        "medicationReference": {
          "reference": ""
        },
        "subject": {
          "reference": "urn:uuid:85071b18-390e-4767-bad0-cbb8a3530f66"
        },
        "context": {
          "reference": "urn:uuid:3b698c54-dee0-45b2-bc75-0613acdafd7e"
        },
        "authoredOn": "2016-10-13",
        "dosageInstruction": [
          {
            "sequence": 1,
            "timing": {
              "repeat": {
                "frequency": 2,
                "period": 1,
                "periodUnit": "d"
              }
            },
            "asNeededBoolean": false,
            "doseQuantity": {
              "value": 1
            }
          }
        ],
        "dispenseRequest": {
          "numberOfRepeatsAllowed": 0,
          "quantity": {
            "value": 28,
            "unit": "doses"
          },
          "expectedSupplyDuration": {
            "value": 2,
            "unit": "weeks",
            "system": "http://hl7.org/fhir/ValueSet/units-of-time",
            "code": "wk"
          }
        },
        "resourceType": "MedicationRequest"
      }
    },
    {
      "resource": {
        "meta": {
          "profile": [
            "http://standardhealthrecord.org/fhir/StructureDefinition/shr-medication-Medication"
          ]
        },
        "code": {
          "coding": [
            {
              "system": "http://www.nlm.nih.gov/research/umls/rxnorm",
              "code": "198405",
              "display": "Ibuprofen 100 MG Oral Tablet"
            }
          ],
          "text": "Ibuprofen 100 MG Oral Tablet"
        },
        "resourceType": "Medication"
      }
    },
    {
      "resource": {
        "meta": {
          "profile": [
            "http://standardhealthrecord.org/fhir/StructureDefinition/shr-medication-MedicationPrescription"
          ]
        },
        "extension": [
          {
            "url": "http://standardhealthrecord.org/fhir/StructureDefinition/shr-base-ActionCode-extension",
            "valueCodeableConcept": {
              "coding": [
                {
                  "system": "http://snomed.info/sct",
                  "code": "33633005",
                  "display": "Prescription of drug (procedure)"
                }
              ],
              "text": "Prescription of drug (procedure)"
            }
          }
        ],
        "status": "stopped",
        "medicationReference": {
          "reference": ""
        },
        "subject": {
          "reference": "urn:uuid:85071b18-390e-4767-bad0-cbb8a3530f66"
        },
        "context": {
          "reference": "urn:uuid:3b698c54-dee0-45b2-bc75-0613acdafd7e"
        },
        "authoredOn": "2016-10-13",
        "dosageInstruction": [
          {
            "sequence": 1,
            "asNeededBoolean": true
          }
        ],
        "resourceType": "MedicationRequest"
      }
    },
    {
      "fullUrl": "urn:uuid:bb111d9b-e424-4dda-9078-30be67968304",
      "resource": {
        "id": "bb111d9b-e424-4dda-9078-30be67968304",
        "meta": {
          "profile": [
            "http://standardhealthrecord.org/fhir/StructureDefinition/shr-encounter-Encounter"
          ]
        },
        "status": "finished",
        "class": {
          "code": "outpatient"
        },
        "type": [
          {
            "coding": [
              {
                "system": "http://snomed.info/sct",
                "code": "170258001"
              }
            ],
            "text": "Outpatient Encounter"
          }
        ],
        "subject": {
          "reference": "urn:uuid:85071b18-390e-4767-bad0-cbb8a3530f66"
        },
        "period": {
          "start": "2017-01-05T07:07:31-05:00",
          "end": "2017-01-05T08:07:31-05:00"
        },
        "serviceProvider": {
          "reference": "urn:uuid:bc6b4c76-7386-451f-93fa-e65fd7c3c521"
        },
        "resourceType": "Encounter"
      }
    },
    {
      "fullUrl": "urn:uuid:6a82c721-e9dd-4de3-aa01-a0a708eba64b",
      "resource": {
        "id": "6a82c721-e9dd-4de3-aa01-a0a708eba64b",
        "meta": {
          "profile": [
            "http://standardhealthrecord.org/fhir/StructureDefinition/shr-observation-Observation",
            "http://standardhealthrecord.org/fhir/StructureDefinition/shr-vital-VitalSign",
            "http://standardhealthrecord.org/fhir/StructureDefinition/shr-vital-BodyHeight"
          ]
        },
        "status": "final",
        "category": [
          {
            "coding": [
              {
                "system": "http://hl7.org/fhir/observation-category",
                "code": "vital-signs"
              }
            ]
          }
        ],
        "code": {
          "coding": [
            {
              "system": "http://loinc.org",
              "code": "8302-2",
              "display": "Body Height"
            }
          ],
          "text": "Body Height"
        },
        "subject": {
          "reference": "urn:uuid:85071b18-390e-4767-bad0-cbb8a3530f66"
        },
        "context": {
          "reference": "urn:uuid:bb111d9b-e424-4dda-9078-30be67968304"
        },
        "effectiveDateTime": "2017-01-05T07:07:31-05:00",
        "issued": "2017-01-05T07:07:31-05:00",
        "valueQuantity": {
          "value": 72.09461147767227,
          "unit": "cm",
          "system": "http://unitsofmeasure.org/",
          "code": "cm"
        },
        "resourceType": "Observation"
      }
    },
    {
      "fullUrl": "urn:uuid:95e339e6-a7fc-43d7-b6a6-df4b620c7107",
      "resource": {
        "id": "95e339e6-a7fc-43d7-b6a6-df4b620c7107",
        "meta": {
          "profile": [
            "http://standardhealthrecord.org/fhir/StructureDefinition/shr-observation-Observation",
            "http://standardhealthrecord.org/fhir/StructureDefinition/shr-vital-VitalSign",
            "http://standardhealthrecord.org/fhir/StructureDefinition/shr-vital-BodyWeight"
          ]
        },
        "status": "final",
        "category": [
          {
            "coding": [
              {
                "system": "http://hl7.org/fhir/observation-category",
                "code": "vital-signs"
              }
            ]
          }
        ],
        "code": {
          "coding": [
            {
              "system": "http://loinc.org",
              "code": "29463-7",
              "display": "Body Weight"
            }
          ],
          "text": "Body Weight"
        },
        "subject": {
          "reference": "urn:uuid:85071b18-390e-4767-bad0-cbb8a3530f66"
        },
        "context": {
          "reference": "urn:uuid:bb111d9b-e424-4dda-9078-30be67968304"
        },
        "effectiveDateTime": "2017-01-05T07:07:31-05:00",
        "issued": "2017-01-05T07:07:31-05:00",
        "valueQuantity": {
          "value": 8.87098644905435,
          "unit": "kg",
          "system": "http://unitsofmeasure.org/",
          "code": "kg"
        },
        "resourceType": "Observation"
      }
    },
    {
      "fullUrl": "urn:uuid:0e573955-c918-487d-b21a-c604a9983064",
      "resource": {
        "id": "0e573955-c918-487d-b21a-c604a9983064",
        "meta": {
          "profile": [
            "http://standardhealthrecord.org/fhir/StructureDefinition/shr-observation-Observation",
            "http://standardhealthrecord.org/fhir/StructureDefinition/shr-vital-BloodPressure"
          ]
        },
        "status": "final",
        "category": [
          {
            "coding": [
              {
                "system": "http://hl7.org/fhir/observation-category",
                "code": "vital-signs"
              }
            ]
          }
        ],
        "code": {
          "coding": [
            {
              "system": "http://loinc.org",
              "code": "55284-4",
              "display": "Blood Pressure"
            }
          ]
        },
        "subject": {
          "reference": "urn:uuid:85071b18-390e-4767-bad0-cbb8a3530f66"
        },
        "context": {
          "reference": "urn:uuid:bb111d9b-e424-4dda-9078-30be67968304"
        },
        "effectiveDateTime": "2017-01-05T07:07:31-05:00",
        "issued": "2017-01-05T07:07:31-05:00",
        "component": [
          {
            "code": {
              "coding": [
                {
                  "system": "http://loinc.org",
                  "code": "8480-6",
                  "display": "Systolic Blood Pressure"
                }
              ],
              "text": "Systolic Blood Pressure"
            },
            "valueQuantity": {
              "value": 112,
              "unit": "mmHg",
              "system": "http://unitsofmeasure.org/",
              "code": "mmHg"
            }
          },
          {
            "code": {
              "coding": [
                {
                  "system": "http://loinc.org",
                  "code": "8462-4",
                  "display": "Diastolic Blood Pressure"
                }
              ],
              "text": "Diastolic Blood Pressure"
            },
            "valueQuantity": {
              "value": 89,
              "unit": "mmHg",
              "system": "http://unitsofmeasure.org/",
              "code": "mmHg"
            }
          }
        ],
        "resourceType": "Observation"
      }
    },
    {
      "resource": {
        "meta": {
          "profile": [
            "http://standardhealthrecord.org/fhir/StructureDefinition/shr-procedure-Procedure"
          ]
        },
        "extension": [
          {
            "url": "http://standardhealthrecord.org/fhir/StructureDefinition/shr-core-CodeableConcept-extension",
            "valueCodeableConcept": {
              "coding": [
                {
                  "system": "http://snomed.info/sct",
                  "code": "428191000124101",
                  "display": "Documentation of current medications"
                }
              ],
              "text": "Documentation of current medications"
            }
          }
        ],
        "status": "completed",
        "code": {
          "coding": [
            {
              "system": "http://snomed.info/sct",
              "code": "428191000124101",
              "display": "Documentation of current medications"
            }
          ],
          "text": "Documentation of current medications"
        },
        "subject": {
          "reference": "urn:uuid:85071b18-390e-4767-bad0-cbb8a3530f66"
        },
        "context": {
          "reference": "urn:uuid:bb111d9b-e424-4dda-9078-30be67968304"
        },
        "performedDateTime": "2017-01-05T07:07:31-05:00",
        "resourceType": "Procedure"
      }
    },
    {
      "fullUrl": "urn:uuid:206b10d6-f5ea-4217-b495-11e402135019",
      "resource": {
        "id": "206b10d6-f5ea-4217-b495-11e402135019",
        "meta": {
          "profile": [
            "http://standardhealthrecord.org/fhir/StructureDefinition/shr-encounter-Encounter"
          ]
        },
        "status": "finished",
        "class": {
          "code": "outpatient"
        },
        "type": [
          {
            "coding": [
              {
                "system": "http://snomed.info/sct",
                "code": "170258001"
              }
            ],
            "text": "Outpatient Encounter"
          }
        ],
        "subject": {
          "reference": "urn:uuid:85071b18-390e-4767-bad0-cbb8a3530f66"
        },
        "period": {
          "start": "2017-03-30T22:58:24-04:00",
          "end": "2017-03-30T23:58:24-04:00"
        },
        "serviceProvider": {
          "reference": "urn:uuid:bc6b4c76-7386-451f-93fa-e65fd7c3c521"
        },
        "resourceType": "Encounter"
      }
    },
    {
      "fullUrl": "urn:uuid:7961ed74-ffa5-4c56-b836-3e70c325b59e",
      "resource": {
        "id": "7961ed74-ffa5-4c56-b836-3e70c325b59e",
        "meta": {
          "profile": [
            "http://standardhealthrecord.org/fhir/StructureDefinition/shr-observation-Observation",
            "http://standardhealthrecord.org/fhir/StructureDefinition/shr-vital-VitalSign",
            "http://standardhealthrecord.org/fhir/StructureDefinition/shr-vital-BodyHeight"
          ]
        },
        "status": "final",
        "category": [
          {
            "coding": [
              {
                "system": "http://hl7.org/fhir/observation-category",
                "code": "vital-signs"
              }
            ]
          }
        ],
        "code": {
          "coding": [
            {
              "system": "http://loinc.org",
              "code": "8302-2",
              "display": "Body Height"
            }
          ],
          "text": "Body Height"
        },
        "subject": {
          "reference": "urn:uuid:85071b18-390e-4767-bad0-cbb8a3530f66"
        },
        "context": {
          "reference": "urn:uuid:206b10d6-f5ea-4217-b495-11e402135019"
        },
        "effectiveDateTime": "2017-03-30T22:58:24-04:00",
        "issued": "2017-03-30T22:58:24-04:00",
        "valueQuantity": {
          "value": 75.98588605457509,
          "unit": "cm",
          "system": "http://unitsofmeasure.org/",
          "code": "cm"
        },
        "resourceType": "Observation"
      }
    },
    {
      "fullUrl": "urn:uuid:69e06023-4820-4ca7-9a6a-7492a79a0891",
      "resource": {
        "id": "69e06023-4820-4ca7-9a6a-7492a79a0891",
        "meta": {
          "profile": [
            "http://standardhealthrecord.org/fhir/StructureDefinition/shr-observation-Observation",
            "http://standardhealthrecord.org/fhir/StructureDefinition/shr-vital-VitalSign",
            "http://standardhealthrecord.org/fhir/StructureDefinition/shr-vital-BodyWeight"
          ]
        },
        "status": "final",
        "category": [
          {
            "coding": [
              {
                "system": "http://hl7.org/fhir/observation-category",
                "code": "vital-signs"
              }
            ]
          }
        ],
        "code": {
          "coding": [
            {
              "system": "http://loinc.org",
              "code": "29463-7",
              "display": "Body Weight"
            }
          ],
          "text": "Body Weight"
        },
        "subject": {
          "reference": "urn:uuid:85071b18-390e-4767-bad0-cbb8a3530f66"
        },
        "context": {
          "reference": "urn:uuid:206b10d6-f5ea-4217-b495-11e402135019"
        },
        "effectiveDateTime": "2017-03-30T22:58:24-04:00",
        "issued": "2017-03-30T22:58:24-04:00",
        "valueQuantity": {
          "value": 9.858465211718023,
          "unit": "kg",
          "system": "http://unitsofmeasure.org/",
          "code": "kg"
        },
        "resourceType": "Observation"
      }
    },
    {
      "fullUrl": "urn:uuid:88047111-dabc-4eb4-be94-5f1f17a3424d",
      "resource": {
        "id": "88047111-dabc-4eb4-be94-5f1f17a3424d",
        "meta": {
          "profile": [
            "http://standardhealthrecord.org/fhir/StructureDefinition/shr-observation-Observation",
            "http://standardhealthrecord.org/fhir/StructureDefinition/shr-vital-BloodPressure"
          ]
        },
        "status": "final",
        "category": [
          {
            "coding": [
              {
                "system": "http://hl7.org/fhir/observation-category",
                "code": "vital-signs"
              }
            ]
          }
        ],
        "code": {
          "coding": [
            {
              "system": "http://loinc.org",
              "code": "55284-4",
              "display": "Blood Pressure"
            }
          ]
        },
        "subject": {
          "reference": "urn:uuid:85071b18-390e-4767-bad0-cbb8a3530f66"
        },
        "context": {
          "reference": "urn:uuid:206b10d6-f5ea-4217-b495-11e402135019"
        },
        "effectiveDateTime": "2017-03-30T22:58:24-04:00",
        "issued": "2017-03-30T22:58:24-04:00",
        "component": [
          {
            "code": {
              "coding": [
                {
                  "system": "http://loinc.org",
                  "code": "8480-6",
                  "display": "Systolic Blood Pressure"
                }
              ],
              "text": "Systolic Blood Pressure"
            },
            "valueQuantity": {
              "value": 131,
              "unit": "mmHg",
              "system": "http://unitsofmeasure.org/",
              "code": "mmHg"
            }
          },
          {
            "code": {
              "coding": [
                {
                  "system": "http://loinc.org",
                  "code": "8462-4",
                  "display": "Diastolic Blood Pressure"
                }
              ],
              "text": "Diastolic Blood Pressure"
            },
            "valueQuantity": {
              "value": 88,
              "unit": "mmHg",
              "system": "http://unitsofmeasure.org/",
              "code": "mmHg"
            }
          }
        ],
        "resourceType": "Observation"
      }
    },
    {
      "resource": {
        "meta": {
          "profile": [
            "http://standardhealthrecord.org/fhir/StructureDefinition/shr-immunization-Immunization"
          ]
        },
        "status": "completed",
        "notGiven": false,
        "vaccineCode": {
          "coding": [
            {
              "system": "http://hl7.org/fhir/sid/cvx",
              "code": "49",
              "display": "Hib (PRP-OMP)"
            }
          ],
          "text": "Hib (PRP-OMP)"
        },
        "patient": {
          "reference": "urn:uuid:85071b18-390e-4767-bad0-cbb8a3530f66"
        },
        "encounter": {
          "reference": "urn:uuid:206b10d6-f5ea-4217-b495-11e402135019"
        },
        "date": "2017-03-30T22:58:24-04:00",
        "primarySource": true,
        "resourceType": "Immunization"
      }
    },
    {
      "resource": {
        "meta": {
          "profile": [
            "http://standardhealthrecord.org/fhir/StructureDefinition/shr-immunization-Immunization"
          ]
        },
        "status": "completed",
        "notGiven": false,
        "vaccineCode": {
          "coding": [
            {
              "system": "http://hl7.org/fhir/sid/cvx",
              "code": "133",
              "display": "Pneumococcal conjugate PCV 13"
            }
          ],
          "text": "Pneumococcal conjugate PCV 13"
        },
        "patient": {
          "reference": "urn:uuid:85071b18-390e-4767-bad0-cbb8a3530f66"
        },
        "encounter": {
          "reference": "urn:uuid:206b10d6-f5ea-4217-b495-11e402135019"
        },
        "date": "2017-03-30T22:58:24-04:00",
        "primarySource": true,
        "resourceType": "Immunization"
      }
    },
    {
      "resource": {
        "meta": {
          "profile": [
            "http://standardhealthrecord.org/fhir/StructureDefinition/shr-immunization-Immunization"
          ]
        },
        "status": "completed",
        "notGiven": false,
        "vaccineCode": {
          "coding": [
            {
              "system": "http://hl7.org/fhir/sid/cvx",
              "code": "03",
              "display": "MMR"
            }
          ],
          "text": "MMR"
        },
        "patient": {
          "reference": "urn:uuid:85071b18-390e-4767-bad0-cbb8a3530f66"
        },
        "encounter": {
          "reference": "urn:uuid:206b10d6-f5ea-4217-b495-11e402135019"
        },
        "date": "2017-03-30T22:58:24-04:00",
        "primarySource": true,
        "resourceType": "Immunization"
      }
    },
    {
      "resource": {
        "meta": {
          "profile": [
            "http://standardhealthrecord.org/fhir/StructureDefinition/shr-immunization-Immunization"
          ]
        },
        "status": "completed",
        "notGiven": false,
        "vaccineCode": {
          "coding": [
            {
              "system": "http://hl7.org/fhir/sid/cvx",
              "code": "21",
              "display": "varicella"
            }
          ],
          "text": "varicella"
        },
        "patient": {
          "reference": "urn:uuid:85071b18-390e-4767-bad0-cbb8a3530f66"
        },
        "encounter": {
          "reference": "urn:uuid:206b10d6-f5ea-4217-b495-11e402135019"
        },
        "date": "2017-03-30T22:58:24-04:00",
        "primarySource": true,
        "resourceType": "Immunization"
      }
    },
    {
      "resource": {
        "meta": {
          "profile": [
            "http://standardhealthrecord.org/fhir/StructureDefinition/shr-immunization-Immunization"
          ]
        },
        "status": "completed",
        "notGiven": false,
        "vaccineCode": {
          "coding": [
            {
              "system": "http://hl7.org/fhir/sid/cvx",
              "code": "83",
              "display": "Hep A, ped/adol, 2 dose"
            }
          ],
          "text": "Hep A, ped/adol, 2 dose"
        },
        "patient": {
          "reference": "urn:uuid:85071b18-390e-4767-bad0-cbb8a3530f66"
        },
        "encounter": {
          "reference": "urn:uuid:206b10d6-f5ea-4217-b495-11e402135019"
        },
        "date": "2017-03-30T22:58:24-04:00",
        "primarySource": true,
        "resourceType": "Immunization"
      }
    }
  ],
  "resourceType": "Bundle"
}