{
  "type": "collection",
  "entry": [
    {
      "fullUrl": "urn:uuid:ced6aa02-17f7-4b84-ace3-ed03a5a87289",
      "resource": {
        "id": "ced6aa02-17f7-4b84-ace3-ed03a5a87289",
        "meta": {
          "profile": [
            "http://standardhealthrecord.org/fhir/StructureDefinition/shr-demographics-PersonOfRecord"
          ]
        },
        "text": {
          "status": "generated",
          "div": "<div>Generated by <a href=\"https://github.com/synthetichealth/synthea\">Synthea</a>. Version identifier: 4d02400401b9fab839e47bf5b2f1f6a8c683ab55</div>"
        },
        "extension": [
          {
            "url": "http://hl7.org/fhir/us/core/StructureDefinition/us-core-race",
            "valueCodeableConcept": {
              "coding": [
                {
                  "system": "http://hl7.org/fhir/v3/Race",
                  "code": "2106-3",
                  "display": "White"
                }
              ],
              "text": "race"
            }
          },
          {
            "url": "http://hl7.org/fhir/us/core/StructureDefinition/us-core-ethnicity",
            "valueCodeableConcept": {
              "coding": [
                {
                  "system": "http://hl7.org/fhir/v3/Ethnicity",
                  "code": "2186-5",
                  "display": "Nonhispanic"
                }
              ],
              "text": "ethnicity"
            }
          },
          {
            "url": "http://hl7.org/fhir/StructureDefinition/birthPlace",
            "valueAddress": {
              "city": "Falmouth",
              "state": "MA",
              "country": "US"
            }
          },
          {
            "url": "http://hl7.org/fhir/StructureDefinition/patient-mothersMaidenName",
            "valueString": "Jeffry557 Yundt692"
          },
          {
            "url": "http://hl7.org/fhir/us/core/StructureDefinition/us-core-birthsex",
            "valueCode": "M"
          },
          {
            "url": "http://hl7.org/fhir/StructureDefinition/patient-interpreterRequired",
            "valueBoolean": false
          },
          {
            "url": "http://standardhealthrecord.org/fhir/StructureDefinition/shr-actor-FictionalPerson-extension",
            "valueBoolean": true
          },
          {
            "url": "http://standardhealthrecord.org/fhir/StructureDefinition/shr-demographics-FathersName-extension",
            "valueHumanName": {
              "text": "Felton641 Abbott992"
            }
          },
          {
            "url": "http://standardhealthrecord.org/fhir/StructureDefinition/shr-demographics-SocialSecurityNumber-extension",
            "valueString": "999-13-5194"
          }
        ],
        "identifier": [
          {
            "system": "https://github.com/synthetichealth/synthea",
            "value": "76b87349-c1cb-4304-aede-b05b0079c534"
          },
          {
            "type": {
              "coding": [
                {
                  "system": "http://hl7.org/fhir/identifier-type",
                  "code": "SB"
                }
              ]
            },
            "system": "http://hl7.org/fhir/sid/us-ssn",
            "value": "999135194"
          },
          {
            "type": {
              "coding": [
                {
                  "system": "http://hl7.org/fhir/v2/0203",
                  "code": "DL"
                }
              ]
            },
            "system": "urn:oid:2.16.840.1.113883.4.3.25",
            "value": "S99940027"
          },
          {
            "type": {
              "coding": [
                {
                  "system": "http://hl7.org/fhir/v2/0203",
                  "code": "PPN"
                }
              ]
            },
            "system": "http://standardhealthrecord.org/fhir/StructureDefinition/passportNumber",
            "value": "X45180327X"
          }
        ],
        "name": [
          {
            "use": "official",
            "family": "Abbott992",
            "given": [
              "Okey593"
            ],
            "prefix": [
              "Mr."
            ]
          }
        ],
        "telecom": [
          {
            "system": "phone",
            "value": "1-449-151-3446",
            "use": "home"
          }
        ],
        "gender": "male",
        "birthDate": "1990-08-06",
        "address": [
          {
            "extension": [
              {
                "extension": [
                  {
                    "url": "latitude",
                    "valueDecimal": 42.21379918969624
                  },
                  {
                    "url": "longitude",
                    "valueDecimal": -72.64264093046096
                  }
                ],
                "url": "http://hl7.org/fhir/StructureDefinition/geolocation"
              }
            ],
            "line": [
              "38710 Shannon Courts",
              "Apt. 820"
            ],
            "city": "Holyoke",
            "state": "MA",
            "postalCode": "01041",
            "country": "US"
          }
        ],
        "maritalStatus": {
          "coding": [
            {
              "system": "http://hl7.org/fhir/v3/MaritalStatus",
              "code": "S"
            }
          ],
          "text": "Never Married"
        },
        "multipleBirthBoolean": false,
        "communication": [
          {
            "language": {
              "coding": [
                {
                  "system": "http://hl7.org/fhir/ValueSet/languages",
                  "code": "en-US",
                  "display": "English (United States)"
                }
              ]
            }
          }
        ],
        "resourceType": "Patient"
      }
    },
    {
      "fullUrl": "urn:uuid:a60b7d32-0a08-4f03-85b9-53fccfb4f1fd",
      "resource": {
        "id": "a60b7d32-0a08-4f03-85b9-53fccfb4f1fd",
        "meta": {
          "profile": [
            "http://standardhealthrecord.org/fhir/StructureDefinition/shr-actor-Organization"
          ]
        },
        "type": [
          {
            "coding": [
              {
                "system": "http://hl7.org/fhir/ValueSet/organization-type",
                "code": "prov",
                "display": "Healthcare Provider"
              }
            ],
            "text": "Healthcare Provider"
          }
        ],
        "name": "Synthetic Provider",
        "resourceType": "Organization"
      }
    },
    {
      "fullUrl": "urn:uuid:866acac9-f493-4be5-9ca2-0b4fb1196444",
      "resource": {
        "id": "866acac9-f493-4be5-9ca2-0b4fb1196444",
        "meta": {
          "profile": [
            "http://standardhealthrecord.org/fhir/StructureDefinition/shr-encounter-Encounter"
          ]
        },
        "status": "finished",
        "class": {
          "code": "outpatient"
        },
        "type": [
          {
            "coding": [
              {
                "system": "http://snomed.info/sct",
                "code": "185349003"
              }
            ],
            "text": "Outpatient Encounter"
          }
        ],
        "subject": {
          "reference": "urn:uuid:ced6aa02-17f7-4b84-ace3-ed03a5a87289"
        },
        "period": {
          "start": "2010-07-29T14:57:48-04:00",
          "end": "2010-07-29T15:57:48-04:00"
        },
        "serviceProvider": {
          "reference": "urn:uuid:a60b7d32-0a08-4f03-85b9-53fccfb4f1fd"
        },
        "resourceType": "Encounter"
      }
    },
    {
      "fullUrl": "urn:uuid:a51fff73-dc81-4ca3-8281-8053eb0c705f",
      "resource": {
        "id": "a51fff73-dc81-4ca3-8281-8053eb0c705f",
        "meta": {
          "profile": [
            "http://standardhealthrecord.org/fhir/StructureDefinition/shr-problem-Problem"
          ]
        },
        "clinicalStatus": "active",
        "verificationStatus": "confirmed",
        "code": {
          "coding": [
            {
              "system": "http://snomed.info/sct",
              "code": "38341003",
              "display": "Hypertension"
            }
          ],
          "text": "Hypertension"
        },
        "subject": {
          "reference": "urn:uuid:ced6aa02-17f7-4b84-ace3-ed03a5a87289"
        },
        "context": {
          "reference": "urn:uuid:866acac9-f493-4be5-9ca2-0b4fb1196444"
        },
        "onsetDateTime": "2009-06-15T20:36:57-04:00",
        "assertedDate": "2009-06-15",
        "resourceType": "Condition"
      }
    },
    {
      "fullUrl": "urn:uuid:9ee65158-c73b-426e-a47a-fd5361dce71b",
      "resource": {
        "id": "9ee65158-c73b-426e-a47a-fd5361dce71b",
        "meta": {
          "profile": [
            "http://standardhealthrecord.org/fhir/StructureDefinition/shr-observation-Observation",
            "http://standardhealthrecord.org/fhir/StructureDefinition/shr-vital-VitalSign",
            "http://standardhealthrecord.org/fhir/StructureDefinition/shr-vital-BodyHeight"
          ]
        },
        "status": "final",
        "category": [
          {
            "coding": [
              {
                "system": "http://hl7.org/fhir/observation-category",
                "code": "vital-signs"
              }
            ]
          }
        ],
        "code": {
          "coding": [
            {
              "system": "http://loinc.org",
              "code": "8302-2",
              "display": "Body Height"
            }
          ],
          "text": "Body Height"
        },
        "subject": {
          "reference": "urn:uuid:ced6aa02-17f7-4b84-ace3-ed03a5a87289"
        },
        "context": {
          "reference": "urn:uuid:866acac9-f493-4be5-9ca2-0b4fb1196444"
        },
        "effectiveDateTime": "2010-07-29T14:57:48-04:00",
        "issued": "2010-07-29T14:57:48-04:00",
        "valueQuantity": {
          "value": 190.1848657986878,
          "unit": "cm",
          "system": "http://unitsofmeasure.org/",
          "code": "cm"
        },
        "resourceType": "Observation"
      }
    },
    {
      "fullUrl": "urn:uuid:fcf9628c-b651-495e-b0b0-c78ab64b2f7a",
      "resource": {
        "id": "fcf9628c-b651-495e-b0b0-c78ab64b2f7a",
        "meta": {
          "profile": [
            "http://standardhealthrecord.org/fhir/StructureDefinition/shr-observation-Observation",
            "http://standardhealthrecord.org/fhir/StructureDefinition/shr-vital-VitalSign",
            "http://standardhealthrecord.org/fhir/StructureDefinition/shr-vital-BodyWeight"
          ]
        },
        "status": "final",
        "category": [
          {
            "coding": [
              {
                "system": "http://hl7.org/fhir/observation-category",
                "code": "vital-signs"
              }
            ]
          }
        ],
        "code": {
          "coding": [
            {
              "system": "http://loinc.org",
              "code": "29463-7",
              "display": "Body Weight"
            }
          ],
          "text": "Body Weight"
        },
        "subject": {
          "reference": "urn:uuid:ced6aa02-17f7-4b84-ace3-ed03a5a87289"
        },
        "context": {
          "reference": "urn:uuid:866acac9-f493-4be5-9ca2-0b4fb1196444"
        },
        "effectiveDateTime": "2010-07-29T14:57:48-04:00",
        "issued": "2010-07-29T14:57:48-04:00",
        "valueQuantity": {
          "value": 72.24060268610586,
          "unit": "kg",
          "system": "http://unitsofmeasure.org/",
          "code": "kg"
        },
        "resourceType": "Observation"
      }
    },
    {
      "fullUrl": "urn:uuid:1ccbaecc-5574-46d7-afb5-2efe64d15927",
      "resource": {
        "id": "1ccbaecc-5574-46d7-afb5-2efe64d15927",
        "meta": {
          "profile": [
            "http://standardhealthrecord.org/fhir/StructureDefinition/shr-observation-Observation",
            "http://standardhealthrecord.org/fhir/StructureDefinition/shr-vital-VitalSign",
            "http://standardhealthrecord.org/fhir/StructureDefinition/shr-vital-BodyMassIndex"
          ]
        },
        "status": "final",
        "category": [
          {
            "coding": [
              {
                "system": "http://hl7.org/fhir/observation-category",
                "code": "vital-signs"
              }
            ]
          }
        ],
        "code": {
          "coding": [
            {
              "system": "http://loinc.org",
              "code": "39156-5",
              "display": "Body Mass Index"
            }
          ],
          "text": "Body Mass Index"
        },
        "subject": {
          "reference": "urn:uuid:ced6aa02-17f7-4b84-ace3-ed03a5a87289"
        },
        "context": {
          "reference": "urn:uuid:866acac9-f493-4be5-9ca2-0b4fb1196444"
        },
        "effectiveDateTime": "2010-07-29T14:57:48-04:00",
        "issued": "2010-07-29T14:57:48-04:00",
        "valueQuantity": {
          "value": 19.97236303870512,
          "unit": "kg/m2",
          "system": "http://unitsofmeasure.org/",
          "code": "kg/m2"
        },
        "resourceType": "Observation"
      }
    },
    {
      "fullUrl": "urn:uuid:c3492922-76f0-42b9-bbaf-8bdb6b36a76d",
      "resource": {
        "id": "c3492922-76f0-42b9-bbaf-8bdb6b36a76d",
        "meta": {
          "profile": [
            "http://standardhealthrecord.org/fhir/StructureDefinition/shr-observation-Observation",
            "http://standardhealthrecord.org/fhir/StructureDefinition/shr-vital-BloodPressure"
          ]
        },
        "status": "final",
        "category": [
          {
            "coding": [
              {
                "system": "http://hl7.org/fhir/observation-category",
                "code": "vital-signs"
              }
            ]
          }
        ],
        "code": {
          "coding": [
            {
              "system": "http://loinc.org",
              "code": "55284-4",
              "display": "Blood Pressure"
            }
          ]
        },
        "subject": {
          "reference": "urn:uuid:ced6aa02-17f7-4b84-ace3-ed03a5a87289"
        },
        "context": {
          "reference": "urn:uuid:866acac9-f493-4be5-9ca2-0b4fb1196444"
        },
        "effectiveDateTime": "2010-07-29T14:57:48-04:00",
        "issued": "2010-07-29T14:57:48-04:00",
        "component": [
          {
            "code": {
              "coding": [
                {
                  "system": "http://loinc.org",
                  "code": "8480-6",
                  "display": "Systolic Blood Pressure"
                }
              ],
              "text": "Systolic Blood Pressure"
            },
            "valueQuantity": {
              "value": 197,
              "unit": "mmHg",
              "system": "http://unitsofmeasure.org/",
              "code": "mmHg"
            }
          },
          {
            "code": {
              "coding": [
                {
                  "system": "http://loinc.org",
                  "code": "8462-4",
                  "display": "Diastolic Blood Pressure"
                }
              ],
              "text": "Diastolic Blood Pressure"
            },
            "valueQuantity": {
              "value": 110,
              "unit": "mmHg",
              "system": "http://unitsofmeasure.org/",
              "code": "mmHg"
            }
          }
        ],
        "resourceType": "Observation"
      }
    },
    {
      "fullUrl": "urn:uuid:447b3bdd-79d3-4e07-a93a-04a5d5a76b44",
      "resource": {
        "id": "447b3bdd-79d3-4e07-a93a-04a5d5a76b44",
        "meta": {
          "profile": [
            "http://standardhealthrecord.org/fhir/StructureDefinition/shr-observation-Observation"
          ]
        },
        "status": "final",
        "category": [
          {
            "coding": [
              {
                "system": "http://hl7.org/fhir/observation-category",
                "code": "laboratory"
              }
            ]
          }
        ],
        "code": {
          "coding": [
            {
              "system": "http://loinc.org",
              "code": "33914-3",
              "display": "Estimated Glomerular Filtration Rate"
            }
          ],
          "text": "Estimated Glomerular Filtration Rate"
        },
        "subject": {
          "reference": "urn:uuid:ced6aa02-17f7-4b84-ace3-ed03a5a87289"
        },
        "context": {
          "reference": "urn:uuid:866acac9-f493-4be5-9ca2-0b4fb1196444"
        },
        "effectiveDateTime": "2010-07-29T14:57:48-04:00",
        "issued": "2010-07-29T14:57:48-04:00",
        "valueQuantity": {
          "value": 60,
          "unit": "mL/min/{1.73_m2}",
          "system": "http://unitsofmeasure.org/",
          "code": "mL/min/{1.73_m2}"
        },
        "resourceType": "Observation"
      }
    },
    {
      "resource": {
        "meta": {
          "profile": [
            "http://standardhealthrecord.org/fhir/StructureDefinition/shr-immunization-Immunization"
          ]
        },
        "status": "completed",
        "notGiven": false,
        "vaccineCode": {
          "coding": [
            {
              "system": "http://hl7.org/fhir/sid/cvx",
              "code": "140",
              "display": "Influenza, seasonal, injectable, preservative free"
            }
          ],
          "text": "Influenza, seasonal, injectable, preservative free"
        },
        "patient": {
          "reference": "urn:uuid:ced6aa02-17f7-4b84-ace3-ed03a5a87289"
        },
        "encounter": {
          "reference": "urn:uuid:866acac9-f493-4be5-9ca2-0b4fb1196444"
        },
        "date": "2010-07-29T14:57:48-04:00",
        "primarySource": true,
        "resourceType": "Immunization"
      }
    },
    {
      "resource": {
        "meta": {
          "profile": [
            "http://standardhealthrecord.org/fhir/StructureDefinition/shr-medication-Medication"
          ]
        },
        "code": {
          "coding": [
            {
              "system": "http://www.nlm.nih.gov/research/umls/rxnorm",
              "code": "834060",
              "display": "Penicillin V Potassium 250 MG"
            }
          ],
          "text": "Penicillin V Potassium 250 MG"
        },
        "resourceType": "Medication"
      }
    },
    {
      "resource": {
        "meta": {
          "profile": [
            "http://standardhealthrecord.org/fhir/StructureDefinition/shr-medication-MedicationPrescription"
          ]
        },
        "extension": [
          {
            "url": "http://standardhealthrecord.org/fhir/StructureDefinition/shr-base-ActionCode-extension",
            "valueCodeableConcept": {
              "coding": [
                {
                  "system": "http://snomed.info/sct",
                  "code": "33633005",
                  "display": "Prescription of drug (procedure)"
                }
              ],
              "text": "Prescription of drug (procedure)"
            }
          }
        ],
        "status": "active",
        "medicationReference": {
          "reference": ""
        },
        "subject": {
          "reference": "urn:uuid:ced6aa02-17f7-4b84-ace3-ed03a5a87289"
        },
        "context": {
          "reference": "urn:uuid:866acac9-f493-4be5-9ca2-0b4fb1196444"
        },
        "authoredOn": "1999-06-15",
        "dosageInstruction": [
          {

          }
        ],
        "resourceType": "MedicationRequest"
      }
    },
    {
      "fullUrl": "urn:uuid:42dce582-17f0-4c77-9ad6-9ab57eb86376",
      "resource": {
        "id": "42dce582-17f0-4c77-9ad6-9ab57eb86376",
        "meta": {
          "profile": [
            "http://standardhealthrecord.org/fhir/StructureDefinition/shr-encounter-Encounter"
          ]
        },
        "status": "finished",
        "class": {
          "code": "outpatient"
        },
        "type": [
          {
            "coding": [
              {
                "system": "http://snomed.info/sct",
                "code": "185349003"
              }
            ],
            "text": "Outpatient Encounter"
          }
        ],
        "subject": {
          "reference": "urn:uuid:ced6aa02-17f7-4b84-ace3-ed03a5a87289"
        },
        "period": {
          "start": "2011-09-09T07:51:31-04:00",
          "end": "2011-09-09T08:51:31-04:00"
        },
        "serviceProvider": {
          "reference": "urn:uuid:a60b7d32-0a08-4f03-85b9-53fccfb4f1fd"
        },
        "resourceType": "Encounter"
      }
    },
    {
      "fullUrl": "urn:uuid:cf8e916b-ac53-4d7a-8442-cbbaddee857f",
      "resource": {
        "id": "cf8e916b-ac53-4d7a-8442-cbbaddee857f",
        "meta": {
          "profile": [
            "http://standardhealthrecord.org/fhir/StructureDefinition/shr-observation-Observation",
            "http://standardhealthrecord.org/fhir/StructureDefinition/shr-vital-VitalSign",
            "http://standardhealthrecord.org/fhir/StructureDefinition/shr-vital-BodyHeight"
          ]
        },
        "status": "final",
        "category": [
          {
            "coding": [
              {
                "system": "http://hl7.org/fhir/observation-category",
                "code": "vital-signs"
              }
            ]
          }
        ],
        "code": {
          "coding": [
            {
              "system": "http://loinc.org",
              "code": "8302-2",
              "display": "Body Height"
            }
          ],
          "text": "Body Height"
        },
        "subject": {
          "reference": "urn:uuid:ced6aa02-17f7-4b84-ace3-ed03a5a87289"
        },
        "context": {
          "reference": "urn:uuid:42dce582-17f0-4c77-9ad6-9ab57eb86376"
        },
        "effectiveDateTime": "2011-09-09T07:51:31-04:00",
        "issued": "2011-09-09T07:51:31-04:00",
        "valueQuantity": {
          "value": 190.1848657986878,
          "unit": "cm",
          "system": "http://unitsofmeasure.org/",
          "code": "cm"
        },
        "resourceType": "Observation"
      }
    },
    {
      "fullUrl": "urn:uuid:dcb10dae-8071-4843-8880-bf05902d4ad8",
      "resource": {
        "id": "dcb10dae-8071-4843-8880-bf05902d4ad8",
        "meta": {
          "profile": [
            "http://standardhealthrecord.org/fhir/StructureDefinition/shr-observation-Observation",
            "http://standardhealthrecord.org/fhir/StructureDefinition/shr-vital-VitalSign",
            "http://standardhealthrecord.org/fhir/StructureDefinition/shr-vital-BodyWeight"
          ]
        },
        "status": "final",
        "category": [
          {
            "coding": [
              {
                "system": "http://hl7.org/fhir/observation-category",
                "code": "vital-signs"
              }
            ]
          }
        ],
        "code": {
          "coding": [
            {
              "system": "http://loinc.org",
              "code": "29463-7",
              "display": "Body Weight"
            }
          ],
          "text": "Body Weight"
        },
        "subject": {
          "reference": "urn:uuid:ced6aa02-17f7-4b84-ace3-ed03a5a87289"
        },
        "context": {
          "reference": "urn:uuid:42dce582-17f0-4c77-9ad6-9ab57eb86376"
        },
        "effectiveDateTime": "2011-09-09T07:51:31-04:00",
        "issued": "2011-09-09T07:51:31-04:00",
        "valueQuantity": {
          "value": 75.58772150929555,
          "unit": "kg",
          "system": "http://unitsofmeasure.org/",
          "code": "kg"
        },
        "resourceType": "Observation"
      }
    },
    {
      "fullUrl": "urn:uuid:3799afd6-0ea8-46bc-b0d5-80aaab233a70",
      "resource": {
        "id": "3799afd6-0ea8-46bc-b0d5-80aaab233a70",
        "meta": {
          "profile": [
            "http://standardhealthrecord.org/fhir/StructureDefinition/shr-observation-Observation",
            "http://standardhealthrecord.org/fhir/StructureDefinition/shr-vital-VitalSign",
            "http://standardhealthrecord.org/fhir/StructureDefinition/shr-vital-BodyMassIndex"
          ]
        },
        "status": "final",
        "category": [
          {
            "coding": [
              {
                "system": "http://hl7.org/fhir/observation-category",
                "code": "vital-signs"
              }
            ]
          }
        ],
        "code": {
          "coding": [
            {
              "system": "http://loinc.org",
              "code": "39156-5",
              "display": "Body Mass Index"
            }
          ],
          "text": "Body Mass Index"
        },
        "subject": {
          "reference": "urn:uuid:ced6aa02-17f7-4b84-ace3-ed03a5a87289"
        },
        "context": {
          "reference": "urn:uuid:42dce582-17f0-4c77-9ad6-9ab57eb86376"
        },
        "effectiveDateTime": "2011-09-09T07:51:31-04:00",
        "issued": "2011-09-09T07:51:31-04:00",
        "valueQuantity": {
          "value": 20.89774114720317,
          "unit": "kg/m2",
          "system": "http://unitsofmeasure.org/",
          "code": "kg/m2"
        },
        "resourceType": "Observation"
      }
    },
    {
      "fullUrl": "urn:uuid:ebead801-c30d-4bfa-bdff-49272c85d4ef",
      "resource": {
        "id": "ebead801-c30d-4bfa-bdff-49272c85d4ef",
        "meta": {
          "profile": [
            "http://standardhealthrecord.org/fhir/StructureDefinition/shr-observation-Observation",
            "http://standardhealthrecord.org/fhir/StructureDefinition/shr-vital-BloodPressure"
          ]
        },
        "status": "final",
        "category": [
          {
            "coding": [
              {
                "system": "http://hl7.org/fhir/observation-category",
                "code": "vital-signs"
              }
            ]
          }
        ],
        "code": {
          "coding": [
            {
              "system": "http://loinc.org",
              "code": "55284-4",
              "display": "Blood Pressure"
            }
          ]
        },
        "subject": {
          "reference": "urn:uuid:ced6aa02-17f7-4b84-ace3-ed03a5a87289"
        },
        "context": {
          "reference": "urn:uuid:42dce582-17f0-4c77-9ad6-9ab57eb86376"
        },
        "effectiveDateTime": "2011-09-09T07:51:31-04:00",
        "issued": "2011-09-09T07:51:31-04:00",
        "component": [
          {
            "code": {
              "coding": [
                {
                  "system": "http://loinc.org",
                  "code": "8480-6",
                  "display": "Systolic Blood Pressure"
                }
              ],
              "text": "Systolic Blood Pressure"
            },
            "valueQuantity": {
              "value": 146,
              "unit": "mmHg",
              "system": "http://unitsofmeasure.org/",
              "code": "mmHg"
            }
          },
          {
            "code": {
              "coding": [
                {
                  "system": "http://loinc.org",
                  "code": "8462-4",
                  "display": "Diastolic Blood Pressure"
                }
              ],
              "text": "Diastolic Blood Pressure"
            },
            "valueQuantity": {
              "value": 105,
              "unit": "mmHg",
              "system": "http://unitsofmeasure.org/",
              "code": "mmHg"
            }
          }
        ],
        "resourceType": "Observation"
      }
    },
    {
      "fullUrl": "urn:uuid:634be291-a221-4ac3-8665-3a1ca1605d76",
      "resource": {
        "id": "634be291-a221-4ac3-8665-3a1ca1605d76",
        "meta": {
          "profile": [
            "http://standardhealthrecord.org/fhir/StructureDefinition/shr-observation-Observation"
          ]
        },
        "status": "final",
        "category": [
          {
            "coding": [
              {
                "system": "http://hl7.org/fhir/observation-category",
                "code": "laboratory"
              }
            ]
          }
        ],
        "code": {
          "coding": [
            {
              "system": "http://loinc.org",
              "code": "33914-3",
              "display": "Estimated Glomerular Filtration Rate"
            }
          ],
          "text": "Estimated Glomerular Filtration Rate"
        },
        "subject": {
          "reference": "urn:uuid:ced6aa02-17f7-4b84-ace3-ed03a5a87289"
        },
        "context": {
          "reference": "urn:uuid:42dce582-17f0-4c77-9ad6-9ab57eb86376"
        },
        "effectiveDateTime": "2011-09-09T07:51:31-04:00",
        "issued": "2011-09-09T07:51:31-04:00",
        "valueQuantity": {
          "value": 60,
          "unit": "mL/min/{1.73_m2}",
          "system": "http://unitsofmeasure.org/",
          "code": "mL/min/{1.73_m2}"
        },
        "resourceType": "Observation"
      }
    },
    {
      "resource": {
        "meta": {
          "profile": [
            "http://standardhealthrecord.org/fhir/StructureDefinition/shr-procedure-Procedure"
          ]
        },
        "extension": [
          {
            "url": "http://standardhealthrecord.org/fhir/StructureDefinition/shr-core-CodeableConcept-extension",
            "valueCodeableConcept": {
              "coding": [
                {
                  "system": "http://snomed.info/sct",
                  "code": "428191000124101",
                  "display": "Documentation of current medications"
                }
              ],
              "text": "Documentation of current medications"
            }
          }
        ],
        "status": "completed",
        "code": {
          "coding": [
            {
              "system": "http://snomed.info/sct",
              "code": "428191000124101",
              "display": "Documentation of current medications"
            }
          ],
          "text": "Documentation of current medications"
        },
        "subject": {
          "reference": "urn:uuid:ced6aa02-17f7-4b84-ace3-ed03a5a87289"
        },
        "context": {
          "reference": "urn:uuid:42dce582-17f0-4c77-9ad6-9ab57eb86376"
        },
        "performedDateTime": "2011-09-09T07:51:31-04:00",
        "resourceType": "Procedure"
      }
    },
    {
      "resource": {
        "meta": {
          "profile": [
            "http://standardhealthrecord.org/fhir/StructureDefinition/shr-immunization-Immunization"
          ]
        },
        "status": "completed",
        "notGiven": false,
        "vaccineCode": {
          "coding": [
            {
              "system": "http://hl7.org/fhir/sid/cvx",
              "code": "140",
              "display": "Influenza, seasonal, injectable, preservative free"
            }
          ],
          "text": "Influenza, seasonal, injectable, preservative free"
        },
        "patient": {
          "reference": "urn:uuid:ced6aa02-17f7-4b84-ace3-ed03a5a87289"
        },
        "encounter": {
          "reference": "urn:uuid:42dce582-17f0-4c77-9ad6-9ab57eb86376"
        },
        "date": "2011-09-09T07:51:31-04:00",
        "primarySource": true,
        "resourceType": "Immunization"
      }
    },
    {
      "resource": {
        "meta": {
          "profile": [
            "http://standardhealthrecord.org/fhir/StructureDefinition/shr-immunization-Immunization"
          ]
        },
        "status": "completed",
        "notGiven": false,
        "vaccineCode": {
          "coding": [
            {
              "system": "http://hl7.org/fhir/sid/cvx",
              "code": "113",
              "display": "Td (adult) preservative free"
            }
          ],
          "text": "Td (adult) preservative free"
        },
        "patient": {
          "reference": "urn:uuid:ced6aa02-17f7-4b84-ace3-ed03a5a87289"
        },
        "encounter": {
          "reference": "urn:uuid:42dce582-17f0-4c77-9ad6-9ab57eb86376"
        },
        "date": "2011-09-09T07:51:31-04:00",
        "primarySource": true,
        "resourceType": "Immunization"
      }
    },
    {
      "fullUrl": "urn:uuid:9fd0aa81-768e-4825-ae73-cda5b8c7d162",
      "resource": {
        "id": "9fd0aa81-768e-4825-ae73-cda5b8c7d162",
        "meta": {
          "profile": [
            "http://standardhealthrecord.org/fhir/StructureDefinition/shr-encounter-Encounter"
          ]
        },
        "status": "finished",
        "class": {
          "code": "outpatient"
        },
        "type": [
          {
            "coding": [
              {
                "system": "http://snomed.info/sct",
                "code": "185349003"
              }
            ],
            "text": "Outpatient Encounter"
          }
        ],
        "subject": {
          "reference": "urn:uuid:ced6aa02-17f7-4b84-ace3-ed03a5a87289"
        },
        "period": {
          "start": "2015-01-03T09:47:27-05:00",
          "end": "2015-01-03T10:47:27-05:00"
        },
        "serviceProvider": {
          "reference": "urn:uuid:a60b7d32-0a08-4f03-85b9-53fccfb4f1fd"
        },
        "resourceType": "Encounter"
      }
    },
    {
      "fullUrl": "urn:uuid:9c5dfa08-4fe2-4fac-b21b-3f4380695c68",
      "resource": {
        "id": "9c5dfa08-4fe2-4fac-b21b-3f4380695c68",
        "meta": {
          "profile": [
            "http://standardhealthrecord.org/fhir/StructureDefinition/shr-observation-Observation",
            "http://standardhealthrecord.org/fhir/StructureDefinition/shr-vital-VitalSign",
            "http://standardhealthrecord.org/fhir/StructureDefinition/shr-vital-BodyHeight"
          ]
        },
        "status": "final",
        "category": [
          {
            "coding": [
              {
                "system": "http://hl7.org/fhir/observation-category",
                "code": "vital-signs"
              }
            ]
          }
        ],
        "code": {
          "coding": [
            {
              "system": "http://loinc.org",
              "code": "8302-2",
              "display": "Body Height"
            }
          ],
          "text": "Body Height"
        },
        "subject": {
          "reference": "urn:uuid:ced6aa02-17f7-4b84-ace3-ed03a5a87289"
        },
        "context": {
          "reference": "urn:uuid:9fd0aa81-768e-4825-ae73-cda5b8c7d162"
        },
        "effectiveDateTime": "2015-01-03T09:47:27-05:00",
        "issued": "2015-01-03T09:47:27-05:00",
        "valueQuantity": {
          "value": 190.1848657986878,
          "unit": "cm",
          "system": "http://unitsofmeasure.org/",
          "code": "cm"
        },
        "resourceType": "Observation"
      }
    },
    {
      "fullUrl": "urn:uuid:d3fe4984-c389-4b1e-aceb-4df1b092e499",
      "resource": {
        "id": "d3fe4984-c389-4b1e-aceb-4df1b092e499",
        "meta": {
          "profile": [
            "http://standardhealthrecord.org/fhir/StructureDefinition/shr-observation-Observation",
            "http://standardhealthrecord.org/fhir/StructureDefinition/shr-vital-VitalSign",
            "http://standardhealthrecord.org/fhir/StructureDefinition/shr-vital-BodyWeight"
          ]
        },
        "status": "final",
        "category": [
          {
            "coding": [
              {
                "system": "http://hl7.org/fhir/observation-category",
                "code": "vital-signs"
              }
            ]
          }
        ],
        "code": {
          "coding": [
            {
              "system": "http://loinc.org",
              "code": "29463-7",
              "display": "Body Weight"
            }
          ],
          "text": "Body Weight"
        },
        "subject": {
          "reference": "urn:uuid:ced6aa02-17f7-4b84-ace3-ed03a5a87289"
        },
        "context": {
          "reference": "urn:uuid:9fd0aa81-768e-4825-ae73-cda5b8c7d162"
        },
        "effectiveDateTime": "2015-01-03T09:47:27-05:00",
        "issued": "2015-01-03T09:47:27-05:00",
        "valueQuantity": {
          "value": 80.09650408984133,
          "unit": "kg",
          "system": "http://unitsofmeasure.org/",
          "code": "kg"
        },
        "resourceType": "Observation"
      }
    },
    {
      "fullUrl": "urn:uuid:0277b081-03bf-403e-80b1-dbb57780b764",
      "resource": {
        "id": "0277b081-03bf-403e-80b1-dbb57780b764",
        "meta": {
          "profile": [
            "http://standardhealthrecord.org/fhir/StructureDefinition/shr-observation-Observation",
            "http://standardhealthrecord.org/fhir/StructureDefinition/shr-vital-VitalSign",
            "http://standardhealthrecord.org/fhir/StructureDefinition/shr-vital-BodyMassIndex"
          ]
        },
        "status": "final",
        "category": [
          {
            "coding": [
              {
                "system": "http://hl7.org/fhir/observation-category",
                "code": "vital-signs"
              }
            ]
          }
        ],
        "code": {
          "coding": [
            {
              "system": "http://loinc.org",
              "code": "39156-5",
              "display": "Body Mass Index"
            }
          ],
          "text": "Body Mass Index"
        },
        "subject": {
          "reference": "urn:uuid:ced6aa02-17f7-4b84-ace3-ed03a5a87289"
        },
        "context": {
          "reference": "urn:uuid:9fd0aa81-768e-4825-ae73-cda5b8c7d162"
        },
        "effectiveDateTime": "2015-01-03T09:47:27-05:00",
        "issued": "2015-01-03T09:47:27-05:00",
        "valueQuantity": {
          "value": 22.14428449281357,
          "unit": "kg/m2",
          "system": "http://unitsofmeasure.org/",
          "code": "kg/m2"
        },
        "resourceType": "Observation"
      }
    },
    {
      "fullUrl": "urn:uuid:da60ce02-02eb-41b5-91a5-3d1925703cf2",
      "resource": {
        "id": "da60ce02-02eb-41b5-91a5-3d1925703cf2",
        "meta": {
          "profile": [
            "http://standardhealthrecord.org/fhir/StructureDefinition/shr-observation-Observation",
            "http://standardhealthrecord.org/fhir/StructureDefinition/shr-vital-BloodPressure"
          ]
        },
        "status": "final",
        "category": [
          {
            "coding": [
              {
                "system": "http://hl7.org/fhir/observation-category",
                "code": "vital-signs"
              }
            ]
          }
        ],
        "code": {
          "coding": [
            {
              "system": "http://loinc.org",
              "code": "55284-4",
              "display": "Blood Pressure"
            }
          ]
        },
        "subject": {
          "reference": "urn:uuid:ced6aa02-17f7-4b84-ace3-ed03a5a87289"
        },
        "context": {
          "reference": "urn:uuid:9fd0aa81-768e-4825-ae73-cda5b8c7d162"
        },
        "effectiveDateTime": "2015-01-03T09:47:27-05:00",
        "issued": "2015-01-03T09:47:27-05:00",
        "component": [
          {
            "code": {
              "coding": [
                {
                  "system": "http://loinc.org",
                  "code": "8480-6",
                  "display": "Systolic Blood Pressure"
                }
              ],
              "text": "Systolic Blood Pressure"
            },
            "valueQuantity": {
              "value": 195,
              "unit": "mmHg",
              "system": "http://unitsofmeasure.org/",
              "code": "mmHg"
            }
          },
          {
            "code": {
              "coding": [
                {
                  "system": "http://loinc.org",
                  "code": "8462-4",
                  "display": "Diastolic Blood Pressure"
                }
              ],
              "text": "Diastolic Blood Pressure"
            },
            "valueQuantity": {
              "value": 99,
              "unit": "mmHg",
              "system": "http://unitsofmeasure.org/",
              "code": "mmHg"
            }
          }
        ],
        "resourceType": "Observation"
      }
    },
    {
      "fullUrl": "urn:uuid:c9f96b1c-c8c2-4c9e-a41f-ea14a5e03f7f",
      "resource": {
        "id": "c9f96b1c-c8c2-4c9e-a41f-ea14a5e03f7f",
        "meta": {
          "profile": [
            "http://standardhealthrecord.org/fhir/StructureDefinition/shr-observation-Observation"
          ]
        },
        "status": "final",
        "category": [
          {
            "coding": [
              {
                "system": "http://hl7.org/fhir/observation-category",
                "code": "laboratory"
              }
            ]
          }
        ],
        "code": {
          "coding": [
            {
              "system": "http://loinc.org",
              "code": "33914-3",
              "display": "Estimated Glomerular Filtration Rate"
            }
          ],
          "text": "Estimated Glomerular Filtration Rate"
        },
        "subject": {
          "reference": "urn:uuid:ced6aa02-17f7-4b84-ace3-ed03a5a87289"
        },
        "context": {
          "reference": "urn:uuid:9fd0aa81-768e-4825-ae73-cda5b8c7d162"
        },
        "effectiveDateTime": "2015-01-03T09:47:27-05:00",
        "issued": "2015-01-03T09:47:27-05:00",
        "valueQuantity": {
          "value": 60,
          "unit": "mL/min/{1.73_m2}",
          "system": "http://unitsofmeasure.org/",
          "code": "mL/min/{1.73_m2}"
        },
        "resourceType": "Observation"
      }
    },
    {
      "resource": {
        "meta": {
          "profile": [
            "http://standardhealthrecord.org/fhir/StructureDefinition/shr-immunization-Immunization"
          ]
        },
        "status": "completed",
        "notGiven": false,
        "vaccineCode": {
          "coding": [
            {
              "system": "http://hl7.org/fhir/sid/cvx",
              "code": "140",
              "display": "Influenza, seasonal, injectable, preservative free"
            }
          ],
          "text": "Influenza, seasonal, injectable, preservative free"
        },
        "patient": {
          "reference": "urn:uuid:ced6aa02-17f7-4b84-ace3-ed03a5a87289"
        },
        "encounter": {
          "reference": "urn:uuid:9fd0aa81-768e-4825-ae73-cda5b8c7d162"
        },
        "date": "2015-01-03T09:47:27-05:00",
        "primarySource": true,
        "resourceType": "Immunization"
      }
    },
    {
      "fullUrl": "urn:uuid:b1ce682b-5d94-410f-bb98-ada3fb849ae8",
      "resource": {
        "id": "b1ce682b-5d94-410f-bb98-ada3fb849ae8",
        "meta": {
          "profile": [
            "http://standardhealthrecord.org/fhir/StructureDefinition/shr-encounter-Encounter"
          ]
        },
        "status": "finished",
        "class": {
          "code": "emergency"
        },
        "type": [
          {
            "coding": [
              {
                "system": "http://snomed.info/sct",
                "code": "50849002"
              }
            ],
            "text": "Emergency room admission"
          }
        ],
        "subject": {
          "reference": "urn:uuid:ced6aa02-17f7-4b84-ace3-ed03a5a87289"
        },
        "period": {
          "start": "2016-01-12T23:15:15-05:00",
          "end": "2016-01-12T23:15:15-05:00"
        },
        "serviceProvider": {
          "reference": "urn:uuid:a60b7d32-0a08-4f03-85b9-53fccfb4f1fd"
        },
        "resourceType": "Encounter"
      }
    },
    {
      "fullUrl": "urn:uuid:9ed808a2-726f-4d36-8b3f-ea02ca9f18f3",
      "resource": {
        "id": "9ed808a2-726f-4d36-8b3f-ea02ca9f18f3",
        "meta": {
          "profile": [
            "http://standardhealthrecord.org/fhir/StructureDefinition/shr-problem-Problem"
          ]
        },
        "clinicalStatus": "active",
        "verificationStatus": "confirmed",
        "code": {
          "coding": [
            {
              "system": "http://snomed.info/sct",
              "code": "62106007",
              "display": "Concussion with no loss of consciousness"
            }
          ],
          "text": "Concussion with no loss of consciousness"
        },
        "subject": {
          "reference": "urn:uuid:ced6aa02-17f7-4b84-ace3-ed03a5a87289"
        },
        "context": {
          "reference": "urn:uuid:b1ce682b-5d94-410f-bb98-ada3fb849ae8"
        },
        "onsetDateTime": "2016-01-12T23:15:15-05:00",
        "abatementDateTime": "2016-02-26T19:28:33-05:00",
        "assertedDate": "2016-01-12",
        "resourceType": "Condition"
      }
    },
    {
      "resource": {
        "status": "completed",
        "category": [
          {
            "coding": [
              {
                "system": "http://snomed.info/sct",
                "code": "47387005",
                "display": "Head injury rehabilitation"
              }
            ]
          }
        ],
        "subject": {
          "reference": "urn:uuid:ced6aa02-17f7-4b84-ace3-ed03a5a87289"
        },
        "context": {
          "reference": "urn:uuid:b1ce682b-5d94-410f-bb98-ada3fb849ae8"
        },
        "period": {
          "start": "2016-01-12",
          "end": "2016-02-26"
        },
        "addresses": [
          {
            "reference": "urn:uuid:9ed808a2-726f-4d36-8b3f-ea02ca9f18f3"
          }
        ],
        "activity": [
          {
            "detail": {
              "code": {
                "coding": [
                  {
                    "system": "http://snomed.info/sct",
                    "code": "183051005",
                    "display": "Recommendation to rest"
                  }
                ]
              },
              "status": "completed"
            }
          },
          {
            "detail": {
              "code": {
                "coding": [
                  {
                    "system": "http://snomed.info/sct",
                    "code": "226138001",
                    "display": "Alcohol-free diet"
                  }
                ]
              },
              "status": "completed"
            }
          }
        ],
        "resourceType": "CarePlan"
      }
    },
    {
      "fullUrl": "urn:uuid:5ae813ac-d919-4cc6-a73e-8b8081b6040b",
      "resource": {
        "id": "5ae813ac-d919-4cc6-a73e-8b8081b6040b",
        "meta": {
          "profile": [
            "http://standardhealthrecord.org/fhir/StructureDefinition/shr-encounter-Encounter"
          ]
        },
        "status": "finished",
        "class": {
          "code": "ambulatory"
        },
        "type": [
          {
            "coding": [
              {
                "system": "http://snomed.info/sct",
                "code": "185349003"
              }
            ],
            "text": "Encounter for 'check-up'"
          }
        ],
        "subject": {
          "reference": "urn:uuid:ced6aa02-17f7-4b84-ace3-ed03a5a87289"
        },
        "period": {
          "start": "2016-02-26T19:28:33-05:00",
          "end": "2016-02-26T19:28:33-05:00"
        },
        "reason": {
          "coding": [
            {
              "system": "http://snomed.info/sct",
              "code": "62106007",
              "display": "Concussion with no loss of consciousness"
            }
          ]
        },
        "serviceProvider": {
          "reference": "urn:uuid:a60b7d32-0a08-4f03-85b9-53fccfb4f1fd"
        },
        "resourceType": "Encounter"
      }
    }
  ],
  "resourceType": "Bundle"
}