{
  "type": "collection",
  "entry": [
    {
      "fullUrl": "urn:uuid:0da4ceec-cffa-4b2f-9eb8-5221f983f832",
      "resource": {
        "id": "0da4ceec-cffa-4b2f-9eb8-5221f983f832",
        "meta": {
          "profile": [
            "http://standardhealthrecord.org/fhir/StructureDefinition/shr-demographics-PersonOfRecord"
          ]
        },
        "text": {
          "status": "generated",
          "div": "<div>Generated by <a href=\"https://github.com/synthetichealth/synthea\">Synthea</a>. Version identifier: 4d02400401b9fab839e47bf5b2f1f6a8c683ab55</div>"
        },
        "extension": [
          {
            "url": "http://hl7.org/fhir/us/core/StructureDefinition/us-core-race",
            "valueCodeableConcept": {
              "coding": [
                {
                  "system": "http://hl7.org/fhir/v3/Race",
                  "code": "2054-5",
                  "display": "Black"
                }
              ],
              "text": "race"
            }
          },
          {
            "url": "http://hl7.org/fhir/us/core/StructureDefinition/us-core-ethnicity",
            "valueCodeableConcept": {
              "coding": [
                {
                  "system": "http://hl7.org/fhir/v3/Ethnicity",
                  "code": "2186-5",
                  "display": "Nonhispanic"
                }
              ],
              "text": "ethnicity"
            }
          },
          {
            "url": "http://hl7.org/fhir/StructureDefinition/birthPlace",
            "valueAddress": {
              "city": "Malden",
              "state": "MA",
              "country": "US"
            }
          },
          {
            "url": "http://hl7.org/fhir/StructureDefinition/patient-mothersMaidenName",
            "valueString": "Leanne784 Schamberger112"
          },
          {
            "url": "http://hl7.org/fhir/us/core/StructureDefinition/us-core-birthsex",
            "valueCode": "M"
          },
          {
            "url": "http://hl7.org/fhir/StructureDefinition/patient-interpreterRequired",
            "valueBoolean": false
          },
          {
            "url": "http://standardhealthrecord.org/fhir/StructureDefinition/shr-actor-FictionalPerson-extension",
            "valueBoolean": true
          },
          {
            "url": "http://standardhealthrecord.org/fhir/StructureDefinition/shr-demographics-FathersName-extension",
            "valueHumanName": {
              "text": "Amy570 Abbott992"
            }
          },
          {
            "url": "http://standardhealthrecord.org/fhir/StructureDefinition/shr-demographics-SocialSecurityNumber-extension",
            "valueString": "999-39-4350"
          }
        ],
        "identifier": [
          {
            "system": "https://github.com/synthetichealth/synthea",
            "value": "c364d2e1-5562-4122-89ee-8b139b39837d"
          },
          {
            "type": {
              "coding": [
                {
                  "system": "http://hl7.org/fhir/identifier-type",
                  "code": "SB"
                }
              ]
            },
            "system": "http://hl7.org/fhir/sid/us-ssn",
            "value": "999394350"
          },
          {
            "type": {
              "coding": [
                {
                  "system": "http://hl7.org/fhir/v2/0203",
                  "code": "DL"
                }
              ]
            },
            "system": "urn:oid:2.16.840.1.113883.4.3.25",
            "value": "S99912014"
          },
          {
            "type": {
              "coding": [
                {
                  "system": "http://hl7.org/fhir/v2/0203",
                  "code": "PPN"
                }
              ]
            },
            "system": "http://standardhealthrecord.org/fhir/StructureDefinition/passportNumber",
            "value": "X97905054X"
          }
        ],
        "name": [
          {
            "use": "official",
            "family": "Abbott992",
            "given": [
              "Cortney494"
            ],
            "prefix": [
              "Mr."
            ]
          }
        ],
        "telecom": [
          {
            "system": "phone",
            "value": "(696) 177-3538",
            "use": "home"
          }
        ],
        "gender": "male",
        "birthDate": "1988-09-11",
        "address": [
          {
            "extension": [
              {
                "extension": [
                  {
                    "url": "latitude",
                    "valueDecimal": 42.271642200526664
                  },
                  {
                    "url": "longitude",
                    "valueDecimal": -71.29763381813669
                  }
                ],
                "url": "http://hl7.org/fhir/StructureDefinition/geolocation"
              }
            ],
            "line": [
              "333 Legros Square",
              "Apt. 352"
            ],
            "city": "Wellesley",
            "state": "MA",
            "postalCode": "02482",
            "country": "US"
          }
        ],
        "maritalStatus": {
          "coding": [
            {
              "system": "http://hl7.org/fhir/v3/MaritalStatus",
              "code": "M"
            }
          ],
          "text": "M"
        },
        "multipleBirthBoolean": false,
        "communication": [
          {
            "language": {
              "coding": [
                {
                  "system": "http://hl7.org/fhir/ValueSet/languages",
                  "code": "en-US",
                  "display": "English (United States)"
                }
              ]
            }
          }
        ],
        "resourceType": "Patient"
      }
    },
    {
      "fullUrl": "urn:uuid:a7dcc500-0b83-4f10-90a0-00e58d0afe18",
      "resource": {
        "id": "a7dcc500-0b83-4f10-90a0-00e58d0afe18",
        "meta": {
          "profile": [
            "http://standardhealthrecord.org/fhir/StructureDefinition/shr-actor-Organization"
          ]
        },
        "type": [
          {
            "coding": [
              {
                "system": "http://hl7.org/fhir/ValueSet/organization-type",
                "code": "prov",
                "display": "Healthcare Provider"
              }
            ],
            "text": "Healthcare Provider"
          }
        ],
        "name": "Synthetic Provider",
        "resourceType": "Organization"
      }
    },
    {
      "fullUrl": "urn:uuid:b562174a-52f4-45d4-accc-89c520a09fd7",
      "resource": {
        "id": "b562174a-52f4-45d4-accc-89c520a09fd7",
        "meta": {
          "profile": [
            "http://standardhealthrecord.org/fhir/StructureDefinition/shr-encounter-Encounter"
          ]
        },
        "status": "finished",
        "class": {
          "code": "outpatient"
        },
        "type": [
          {
            "coding": [
              {
                "system": "http://snomed.info/sct",
                "code": "185349003"
              }
            ],
            "text": "Outpatient Encounter"
          }
        ],
        "subject": {
          "reference": "urn:uuid:0da4ceec-cffa-4b2f-9eb8-5221f983f832"
        },
        "period": {
          "start": "2012-03-09T11:04:49-05:00",
          "end": "2012-03-09T12:04:49-05:00"
        },
        "serviceProvider": {
          "reference": "urn:uuid:a7dcc500-0b83-4f10-90a0-00e58d0afe18"
        },
        "resourceType": "Encounter"
      }
    },
    {
      "resource": {
        "meta": {
          "profile": [
            "http://standardhealthrecord.org/fhir/StructureDefinition/shr-allergy-AllergyIntolerance"
          ]
        },
        "modifierExtension": [
          {
            "extension": [
              {
                "url": "http://standardhealthrecord.org/fhir/StructureDefinition/primitive-boolean-extension",
                "valueBoolean": false
              }
            ],
            "url": "http://standardhealthrecord.org/fhir/StructureDefinition/shr-base-NonOccurrenceModifier-extension"
          }
        ],
        "clinicalStatus": "active",
        "verificationStatus": "confirmed",
        "type": "allergy",
        "category": [
          "food"
        ],
        "criticality": "high",
        "code": {
          "coding": [
            {
              "system": "http://snomed.info/sct",
              "code": "232347008",
              "display": "Dander (animal) allergy"
            }
          ]
        },
        "patient": {
          "reference": "urn:uuid:0da4ceec-cffa-4b2f-9eb8-5221f983f832"
        },
        "assertedDate": "1990-01-21T01:45:04-05:00",
        "resourceType": "AllergyIntolerance"
      }
    },
    {
      "fullUrl": "urn:uuid:1792ecdf-a33d-409b-b80f-54c7c0e239aa",
      "resource": {
        "id": "1792ecdf-a33d-409b-b80f-54c7c0e239aa",
        "meta": {
          "profile": [
            "http://standardhealthrecord.org/fhir/StructureDefinition/shr-problem-Problem"
          ]
        },
        "clinicalStatus": "active",
        "verificationStatus": "confirmed",
        "code": {
          "coding": [
            {
              "system": "http://snomed.info/sct",
              "code": "367498001",
              "display": "Seasonal allergic rhinitis"
            }
          ],
          "text": "Seasonal allergic rhinitis"
        },
        "subject": {
          "reference": "urn:uuid:0da4ceec-cffa-4b2f-9eb8-5221f983f832"
        },
        "context": {
          "reference": "urn:uuid:b562174a-52f4-45d4-accc-89c520a09fd7"
        },
        "onsetDateTime": "1994-03-21T17:15:49-05:00",
        "assertedDate": "1994-03-21",
        "resourceType": "Condition"
      }
    },
    {
      "fullUrl": "urn:uuid:eaad30cd-b2a8-4046-b66c-1755eed8164e",
      "resource": {
        "id": "eaad30cd-b2a8-4046-b66c-1755eed8164e",
        "meta": {
          "profile": [
            "http://standardhealthrecord.org/fhir/StructureDefinition/shr-problem-Problem"
          ]
        },
        "clinicalStatus": "active",
        "verificationStatus": "confirmed",
        "code": {
          "coding": [
            {
              "system": "http://snomed.info/sct",
              "code": "40055000",
              "display": "Chronic sinusitis (disorder)"
            }
          ],
          "text": "Chronic sinusitis (disorder)"
        },
        "subject": {
          "reference": "urn:uuid:0da4ceec-cffa-4b2f-9eb8-5221f983f832"
        },
        "context": {
          "reference": "urn:uuid:b562174a-52f4-45d4-accc-89c520a09fd7"
        },
        "onsetDateTime": "2005-07-10T09:11:43-04:00",
        "assertedDate": "2005-07-10",
        "resourceType": "Condition"
      }
    },
    {
      "fullUrl": "urn:uuid:430c8828-3da6-4c0d-b033-8c7fc519d3d2",
      "resource": {
        "id": "430c8828-3da6-4c0d-b033-8c7fc519d3d2",
        "meta": {
          "profile": [
            "http://standardhealthrecord.org/fhir/StructureDefinition/shr-problem-Problem"
          ]
        },
        "clinicalStatus": "active",
        "verificationStatus": "confirmed",
        "code": {
          "coding": [
            {
              "system": "http://snomed.info/sct",
              "code": "38341003",
              "display": "Hypertension"
            }
          ],
          "text": "Hypertension"
        },
        "subject": {
          "reference": "urn:uuid:0da4ceec-cffa-4b2f-9eb8-5221f983f832"
        },
        "context": {
          "reference": "urn:uuid:b562174a-52f4-45d4-accc-89c520a09fd7"
        },
        "onsetDateTime": "2007-07-09T20:01:04-04:00",
        "assertedDate": "2007-07-09",
        "resourceType": "Condition"
      }
    },
    {
      "fullUrl": "urn:uuid:c0aef02c-7282-4f7b-88e8-f5cdbb9cbb3a",
      "resource": {
        "id": "c0aef02c-7282-4f7b-88e8-f5cdbb9cbb3a",
        "meta": {
          "profile": [
            "http://standardhealthrecord.org/fhir/StructureDefinition/shr-observation-Observation",
            "http://standardhealthrecord.org/fhir/StructureDefinition/shr-vital-VitalSign",
            "http://standardhealthrecord.org/fhir/StructureDefinition/shr-vital-BodyHeight"
          ]
        },
        "status": "final",
        "category": [
          {
            "coding": [
              {
                "system": "http://hl7.org/fhir/observation-category",
                "code": "vital-signs"
              }
            ]
          }
        ],
        "code": {
          "coding": [
            {
              "system": "http://loinc.org",
              "code": "8302-2",
              "display": "Body Height"
            }
          ],
          "text": "Body Height"
        },
        "subject": {
          "reference": "urn:uuid:0da4ceec-cffa-4b2f-9eb8-5221f983f832"
        },
        "context": {
          "reference": "urn:uuid:b562174a-52f4-45d4-accc-89c520a09fd7"
        },
        "effectiveDateTime": "2012-03-09T11:04:49-05:00",
        "issued": "2012-03-09T11:04:49-05:00",
        "valueQuantity": {
          "value": 176.54905025894928,
          "unit": "cm",
          "system": "http://unitsofmeasure.org/",
          "code": "cm"
        },
        "resourceType": "Observation"
      }
    },
    {
      "fullUrl": "urn:uuid:b3ea7385-077c-45cd-a4d4-6804759856fa",
      "resource": {
        "id": "b3ea7385-077c-45cd-a4d4-6804759856fa",
        "meta": {
          "profile": [
            "http://standardhealthrecord.org/fhir/StructureDefinition/shr-observation-Observation",
            "http://standardhealthrecord.org/fhir/StructureDefinition/shr-vital-VitalSign",
            "http://standardhealthrecord.org/fhir/StructureDefinition/shr-vital-BodyWeight"
          ]
        },
        "status": "final",
        "category": [
          {
            "coding": [
              {
                "system": "http://hl7.org/fhir/observation-category",
                "code": "vital-signs"
              }
            ]
          }
        ],
        "code": {
          "coding": [
            {
              "system": "http://loinc.org",
              "code": "29463-7",
              "display": "Body Weight"
            }
          ],
          "text": "Body Weight"
        },
        "subject": {
          "reference": "urn:uuid:0da4ceec-cffa-4b2f-9eb8-5221f983f832"
        },
        "context": {
          "reference": "urn:uuid:b562174a-52f4-45d4-accc-89c520a09fd7"
        },
        "effectiveDateTime": "2012-03-09T11:04:49-05:00",
        "issued": "2012-03-09T11:04:49-05:00",
        "valueQuantity": {
          "value": 85.3223168212194,
          "unit": "kg",
          "system": "http://unitsofmeasure.org/",
          "code": "kg"
        },
        "resourceType": "Observation"
      }
    },
    {
      "fullUrl": "urn:uuid:30be4bba-c12a-4bc3-8a2a-104a7f73b94a",
      "resource": {
        "id": "30be4bba-c12a-4bc3-8a2a-104a7f73b94a",
        "meta": {
          "profile": [
            "http://standardhealthrecord.org/fhir/StructureDefinition/shr-observation-Observation",
            "http://standardhealthrecord.org/fhir/StructureDefinition/shr-vital-VitalSign",
            "http://standardhealthrecord.org/fhir/StructureDefinition/shr-vital-BodyMassIndex"
          ]
        },
        "status": "final",
        "category": [
          {
            "coding": [
              {
                "system": "http://hl7.org/fhir/observation-category",
                "code": "vital-signs"
              }
            ]
          }
        ],
        "code": {
          "coding": [
            {
              "system": "http://loinc.org",
              "code": "39156-5",
              "display": "Body Mass Index"
            }
          ],
          "text": "Body Mass Index"
        },
        "subject": {
          "reference": "urn:uuid:0da4ceec-cffa-4b2f-9eb8-5221f983f832"
        },
        "context": {
          "reference": "urn:uuid:b562174a-52f4-45d4-accc-89c520a09fd7"
        },
        "effectiveDateTime": "2012-03-09T11:04:49-05:00",
        "issued": "2012-03-09T11:04:49-05:00",
        "valueQuantity": {
          "value": 27.3735969504822,
          "unit": "kg/m2",
          "system": "http://unitsofmeasure.org/",
          "code": "kg/m2"
        },
        "resourceType": "Observation"
      }
    },
    {
      "fullUrl": "urn:uuid:bbedc9f3-c260-4afc-9796-e9cc24a1a7e0",
      "resource": {
        "id": "bbedc9f3-c260-4afc-9796-e9cc24a1a7e0",
        "meta": {
          "profile": [
            "http://standardhealthrecord.org/fhir/StructureDefinition/shr-observation-Observation",
            "http://standardhealthrecord.org/fhir/StructureDefinition/shr-vital-BloodPressure"
          ]
        },
        "status": "final",
        "category": [
          {
            "coding": [
              {
                "system": "http://hl7.org/fhir/observation-category",
                "code": "vital-signs"
              }
            ]
          }
        ],
        "code": {
          "coding": [
            {
              "system": "http://loinc.org",
              "code": "55284-4",
              "display": "Blood Pressure"
            }
          ]
        },
        "subject": {
          "reference": "urn:uuid:0da4ceec-cffa-4b2f-9eb8-5221f983f832"
        },
        "context": {
          "reference": "urn:uuid:b562174a-52f4-45d4-accc-89c520a09fd7"
        },
        "effectiveDateTime": "2012-03-09T11:04:49-05:00",
        "issued": "2012-03-09T11:04:49-05:00",
        "component": [
          {
            "code": {
              "coding": [
                {
                  "system": "http://loinc.org",
                  "code": "8480-6",
                  "display": "Systolic Blood Pressure"
                }
              ],
              "text": "Systolic Blood Pressure"
            },
            "valueQuantity": {
              "value": 149,
              "unit": "mmHg",
              "system": "http://unitsofmeasure.org/",
              "code": "mmHg"
            }
          },
          {
            "code": {
              "coding": [
                {
                  "system": "http://loinc.org",
                  "code": "8462-4",
                  "display": "Diastolic Blood Pressure"
                }
              ],
              "text": "Diastolic Blood Pressure"
            },
            "valueQuantity": {
              "value": 103,
              "unit": "mmHg",
              "system": "http://unitsofmeasure.org/",
              "code": "mmHg"
            }
          }
        ],
        "resourceType": "Observation"
      }
    },
    {
      "fullUrl": "urn:uuid:98c9a0fe-8883-4ec6-8130-ee95905f8d18",
      "resource": {
        "id": "98c9a0fe-8883-4ec6-8130-ee95905f8d18",
        "meta": {
          "profile": [
            "http://standardhealthrecord.org/fhir/StructureDefinition/shr-observation-Observation"
          ]
        },
        "status": "final",
        "category": [
          {
            "coding": [
              {
                "system": "http://hl7.org/fhir/observation-category",
                "code": "laboratory"
              }
            ]
          }
        ],
        "code": {
          "coding": [
            {
              "system": "http://loinc.org",
              "code": "33914-3",
              "display": "Estimated Glomerular Filtration Rate"
            }
          ],
          "text": "Estimated Glomerular Filtration Rate"
        },
        "subject": {
          "reference": "urn:uuid:0da4ceec-cffa-4b2f-9eb8-5221f983f832"
        },
        "context": {
          "reference": "urn:uuid:b562174a-52f4-45d4-accc-89c520a09fd7"
        },
        "effectiveDateTime": "2012-03-09T11:04:49-05:00",
        "issued": "2012-03-09T11:04:49-05:00",
        "valueQuantity": {
          "value": 60,
          "unit": "mL/min/{1.73_m2}",
          "system": "http://unitsofmeasure.org/",
          "code": "mL/min/{1.73_m2}"
        },
        "resourceType": "Observation"
      }
    },
    {
      "resource": {
        "meta": {
          "profile": [
            "http://standardhealthrecord.org/fhir/StructureDefinition/shr-procedure-Procedure"
          ]
        },
        "extension": [
          {
            "url": "http://standardhealthrecord.org/fhir/StructureDefinition/shr-core-CodeableConcept-extension",
            "valueCodeableConcept": {
              "coding": [
                {
                  "system": "http://snomed.info/sct",
                  "code": "428191000124101",
                  "display": "Documentation of current medications"
                }
              ],
              "text": "Documentation of current medications"
            }
          }
        ],
        "status": "completed",
        "code": {
          "coding": [
            {
              "system": "http://snomed.info/sct",
              "code": "428191000124101",
              "display": "Documentation of current medications"
            }
          ],
          "text": "Documentation of current medications"
        },
        "subject": {
          "reference": "urn:uuid:0da4ceec-cffa-4b2f-9eb8-5221f983f832"
        },
        "context": {
          "reference": "urn:uuid:b562174a-52f4-45d4-accc-89c520a09fd7"
        },
        "performedDateTime": "2012-03-09T11:04:49-05:00",
        "resourceType": "Procedure"
      }
    },
    {
      "resource": {
        "meta": {
          "profile": [
            "http://standardhealthrecord.org/fhir/StructureDefinition/shr-immunization-Immunization"
          ]
        },
        "status": "completed",
        "notGiven": false,
        "vaccineCode": {
          "coding": [
            {
              "system": "http://hl7.org/fhir/sid/cvx",
              "code": "140",
              "display": "Influenza, seasonal, injectable, preservative free"
            }
          ],
          "text": "Influenza, seasonal, injectable, preservative free"
        },
        "patient": {
          "reference": "urn:uuid:0da4ceec-cffa-4b2f-9eb8-5221f983f832"
        },
        "encounter": {
          "reference": "urn:uuid:b562174a-52f4-45d4-accc-89c520a09fd7"
        },
        "date": "2012-03-09T11:04:49-05:00",
        "primarySource": true,
        "resourceType": "Immunization"
      }
    },
    {
      "resource": {
        "meta": {
          "profile": [
            "http://standardhealthrecord.org/fhir/StructureDefinition/shr-immunization-Immunization"
          ]
        },
        "status": "completed",
        "notGiven": false,
        "vaccineCode": {
          "coding": [
            {
              "system": "http://hl7.org/fhir/sid/cvx",
              "code": "113",
              "display": "Td (adult) preservative free"
            }
          ],
          "text": "Td (adult) preservative free"
        },
        "patient": {
          "reference": "urn:uuid:0da4ceec-cffa-4b2f-9eb8-5221f983f832"
        },
        "encounter": {
          "reference": "urn:uuid:b562174a-52f4-45d4-accc-89c520a09fd7"
        },
        "date": "2012-03-09T11:04:49-05:00",
        "primarySource": true,
        "resourceType": "Immunization"
      }
    },
    {
      "resource": {
        "status": "active",
        "category": [
          {
            "coding": [
              {
                "system": "http://snomed.info/sct",
                "code": "326051000000105",
                "display": "Self care"
              }
            ]
          }
        ],
        "subject": {
          "reference": "urn:uuid:0da4ceec-cffa-4b2f-9eb8-5221f983f832"
        },
        "context": {
          "reference": "urn:uuid:b562174a-52f4-45d4-accc-89c520a09fd7"
        },
        "period": {
          "start": "1990-01-07"
        },
        "activity": [
          {
            "detail": {
              "code": {
                "coding": [
                  {
                    "system": "http://snomed.info/sct",
                    "code": "409002",
                    "display": "Food allergy diet"
                  }
                ]
              },
              "status": "in-progress"
            }
          },
          {
            "detail": {
              "code": {
                "coding": [
                  {
                    "system": "http://snomed.info/sct",
                    "code": "58332002",
                    "display": "Allergy education"
                  }
                ]
              },
              "status": "in-progress"
            }
          }
        ],
        "resourceType": "CarePlan"
      }
    },
    {
      "resource": {
        "status": "active",
        "category": [
          {
            "coding": [
              {
                "system": "http://snomed.info/sct",
                "code": "326051000000105",
                "display": "Self care"
              }
            ]
          }
        ],
        "subject": {
          "reference": "urn:uuid:0da4ceec-cffa-4b2f-9eb8-5221f983f832"
        },
        "context": {
          "reference": "urn:uuid:b562174a-52f4-45d4-accc-89c520a09fd7"
        },
        "period": {
          "start": "1990-01-21"
        },
        "activity": [
          {
            "detail": {
              "code": {
                "coding": [
                  {
                    "system": "http://snomed.info/sct",
                    "code": "58332002",
                    "display": "Allergy education"
                  }
                ]
              },
              "status": "in-progress"
            }
          }
        ],
        "resourceType": "CarePlan"
      }
    },
    {
      "resource": {
        "meta": {
          "profile": [
            "http://standardhealthrecord.org/fhir/StructureDefinition/shr-medication-Medication"
          ]
        },
        "code": {
          "coding": [
            {
              "system": "http://www.nlm.nih.gov/research/umls/rxnorm",
              "code": "197378",
              "display": "Astemizole 10 MG Oral Tablet"
            }
          ],
          "text": "Astemizole 10 MG Oral Tablet"
        },
        "resourceType": "Medication"
      }
    },
    {
      "resource": {
        "meta": {
          "profile": [
            "http://standardhealthrecord.org/fhir/StructureDefinition/shr-medication-MedicationPrescription"
          ]
        },
        "extension": [
          {
            "url": "http://standardhealthrecord.org/fhir/StructureDefinition/shr-base-ActionCode-extension",
            "valueCodeableConcept": {
              "coding": [
                {
                  "system": "http://snomed.info/sct",
                  "code": "33633005",
                  "display": "Prescription of drug (procedure)"
                }
              ],
              "text": "Prescription of drug (procedure)"
            }
          }
        ],
        "status": "active",
        "medicationReference": {
          "reference": ""
        },
        "subject": {
          "reference": "urn:uuid:0da4ceec-cffa-4b2f-9eb8-5221f983f832"
        },
        "context": {
          "reference": "urn:uuid:b562174a-52f4-45d4-accc-89c520a09fd7"
        },
        "authoredOn": "1990-01-21",
        "dosageInstruction": [
          {
            "sequence": 1,
            "asNeededBoolean": true
          }
        ],
        "resourceType": "MedicationRequest"
      }
    },
    {
      "resource": {
        "meta": {
          "profile": [
            "http://standardhealthrecord.org/fhir/StructureDefinition/shr-medication-Medication"
          ]
        },
        "code": {
          "coding": [
            {
              "system": "http://www.nlm.nih.gov/research/umls/rxnorm",
              "code": "727316",
              "display": "0.3 ML EPINEPHrine 0.5 MG/ML Auto-Injector"
            }
          ],
          "text": "0.3 ML EPINEPHrine 0.5 MG/ML Auto-Injector"
        },
        "resourceType": "Medication"
      }
    },
    {
      "resource": {
        "meta": {
          "profile": [
            "http://standardhealthrecord.org/fhir/StructureDefinition/shr-medication-MedicationPrescription"
          ]
        },
        "extension": [
          {
            "url": "http://standardhealthrecord.org/fhir/StructureDefinition/shr-base-ActionCode-extension",
            "valueCodeableConcept": {
              "coding": [
                {
                  "system": "http://snomed.info/sct",
                  "code": "33633005",
                  "display": "Prescription of drug (procedure)"
                }
              ],
              "text": "Prescription of drug (procedure)"
            }
          }
        ],
        "status": "active",
        "medicationReference": {
          "reference": ""
        },
        "subject": {
          "reference": "urn:uuid:0da4ceec-cffa-4b2f-9eb8-5221f983f832"
        },
        "context": {
          "reference": "urn:uuid:b562174a-52f4-45d4-accc-89c520a09fd7"
        },
        "authoredOn": "1990-01-21",
        "dosageInstruction": [
          {
            "sequence": 1,
            "asNeededBoolean": true
          }
        ],
        "resourceType": "MedicationRequest"
      }
    },
    {
      "resource": {
        "meta": {
          "profile": [
            "http://standardhealthrecord.org/fhir/StructureDefinition/shr-medication-Medication"
          ]
        },
        "code": {
          "coding": [
            {
              "system": "http://www.nlm.nih.gov/research/umls/rxnorm",
              "code": "834060",
              "display": "Penicillin V Potassium 250 MG"
            }
          ],
          "text": "Penicillin V Potassium 250 MG"
        },
        "resourceType": "Medication"
      }
    },
    {
      "resource": {
        "meta": {
          "profile": [
            "http://standardhealthrecord.org/fhir/StructureDefinition/shr-medication-MedicationPrescription"
          ]
        },
        "extension": [
          {
            "url": "http://standardhealthrecord.org/fhir/StructureDefinition/shr-base-ActionCode-extension",
            "valueCodeableConcept": {
              "coding": [
                {
                  "system": "http://snomed.info/sct",
                  "code": "33633005",
                  "display": "Prescription of drug (procedure)"
                }
              ],
              "text": "Prescription of drug (procedure)"
            }
          }
        ],
        "status": "active",
        "medicationReference": {
          "reference": ""
        },
        "subject": {
          "reference": "urn:uuid:0da4ceec-cffa-4b2f-9eb8-5221f983f832"
        },
        "context": {
          "reference": "urn:uuid:b562174a-52f4-45d4-accc-89c520a09fd7"
        },
        "authoredOn": "1995-02-20",
        "dosageInstruction": [
          {

          }
        ],
        "resourceType": "MedicationRequest"
      }
    },
    {
      "fullUrl": "urn:uuid:2836d509-8aa4-4f4f-8218-149f11d702fb",
      "resource": {
        "id": "2836d509-8aa4-4f4f-8218-149f11d702fb",
        "meta": {
          "profile": [
            "http://standardhealthrecord.org/fhir/StructureDefinition/shr-encounter-Encounter"
          ]
        },
        "status": "finished",
        "class": {
          "code": "ambulatory"
        },
        "type": [
          {
            "coding": [
              {
                "system": "http://snomed.info/sct",
                "code": "185345009"
              }
            ],
            "text": "Encounter for symptom"
          }
        ],
        "subject": {
          "reference": "urn:uuid:0da4ceec-cffa-4b2f-9eb8-5221f983f832"
        },
        "period": {
          "start": "2012-10-21T09:43:53-04:00",
          "end": "2012-10-21T10:04:08-04:00"
        },
        "reason": {
          "coding": [
            {
              "system": "http://snomed.info/sct",
              "code": "10509002",
              "display": "Acute bronchitis (disorder)"
            }
          ]
        },
        "serviceProvider": {
          "reference": "urn:uuid:a7dcc500-0b83-4f10-90a0-00e58d0afe18"
        },
        "resourceType": "Encounter"
      }
    },
    {
      "fullUrl": "urn:uuid:dc57ddca-4d26-4667-8991-6ffdc4e11622",
      "resource": {
        "id": "dc57ddca-4d26-4667-8991-6ffdc4e11622",
        "meta": {
          "profile": [
            "http://standardhealthrecord.org/fhir/StructureDefinition/shr-problem-Problem"
          ]
        },
        "clinicalStatus": "active",
        "verificationStatus": "confirmed",
        "code": {
          "coding": [
            {
              "system": "http://snomed.info/sct",
              "code": "10509002",
              "display": "Acute bronchitis (disorder)"
            }
          ],
          "text": "Acute bronchitis (disorder)"
        },
        "subject": {
          "reference": "urn:uuid:0da4ceec-cffa-4b2f-9eb8-5221f983f832"
        },
        "context": {
          "reference": "urn:uuid:2836d509-8aa4-4f4f-8218-149f11d702fb"
        },
        "onsetDateTime": "2012-10-21T09:43:53-04:00",
        "abatementDateTime": "2012-11-01T20:15:30-04:00",
        "assertedDate": "2012-10-21",
        "resourceType": "Condition"
      }
    },
    {
      "resource": {
        "meta": {
          "profile": [
            "http://standardhealthrecord.org/fhir/StructureDefinition/shr-procedure-Procedure"
          ]
        },
        "extension": [
          {
            "url": "http://standardhealthrecord.org/fhir/StructureDefinition/shr-core-CodeableConcept-extension",
            "valueCodeableConcept": {
              "coding": [
                {
                  "system": "http://snomed.info/sct",
                  "code": "23426006",
                  "display": "Measurement of respiratory function (procedure)"
                }
              ],
              "text": "Measurement of respiratory function (procedure)"
            }
          }
        ],
        "status": "completed",
        "code": {
          "coding": [
            {
              "system": "http://snomed.info/sct",
              "code": "23426006",
              "display": "Measurement of respiratory function (procedure)"
            }
          ],
          "text": "Measurement of respiratory function (procedure)"
        },
        "subject": {
          "reference": "urn:uuid:0da4ceec-cffa-4b2f-9eb8-5221f983f832"
        },
        "context": {
          "reference": "urn:uuid:2836d509-8aa4-4f4f-8218-149f11d702fb"
        },
        "performedPeriod": {
          "start": "2012-10-21T09:43:53-04:00",
          "end": "2012-10-21T09:54:27-04:00"
        },
        "reasonReference": {
          "reference": "urn:uuid:dc57ddca-4d26-4667-8991-6ffdc4e11622",
          "display": "Acute bronchitis (disorder)"
        },
        "resourceType": "Procedure"
      }
    },
    {
      "resource": {
        "status": "completed",
        "category": [
          {
            "coding": [
              {
                "system": "http://snomed.info/sct",
                "code": "53950000",
                "display": "Respiratory therapy"
              }
            ]
          }
        ],
        "subject": {
          "reference": "urn:uuid:0da4ceec-cffa-4b2f-9eb8-5221f983f832"
        },
        "context": {
          "reference": "urn:uuid:2836d509-8aa4-4f4f-8218-149f11d702fb"
        },
        "period": {
          "start": "2012-10-21",
          "end": "2015-05-08"
        },
        "addresses": [
          {
            "reference": "urn:uuid:dc57ddca-4d26-4667-8991-6ffdc4e11622"
          }
        ],
        "activity": [
          {
            "detail": {
              "code": {
                "coding": [
                  {
                    "system": "http://snomed.info/sct",
                    "code": "304510005",
                    "display": "Recommendation to avoid exercise"
                  }
                ]
              },
              "status": "completed"
            }
          },
          {
            "detail": {
              "code": {
                "coding": [
                  {
                    "system": "http://snomed.info/sct",
                    "code": "371605008",
                    "display": "Deep breathing and coughing exercises"
                  }
                ]
              },
              "status": "completed"
            }
          }
        ],
        "resourceType": "CarePlan"
      }
    },
    {
      "resource": {
        "meta": {
          "profile": [
            "http://standardhealthrecord.org/fhir/StructureDefinition/shr-medication-Medication"
          ]
        },
        "code": {
          "coding": [
            {
              "system": "http://www.nlm.nih.gov/research/umls/rxnorm",
              "code": "608680",
              "display": "Acetaminophen 160 MG"
            }
          ],
          "text": "Acetaminophen 160 MG"
        },
        "resourceType": "Medication"
      }
    },
    {
      "resource": {
        "meta": {
          "profile": [
            "http://standardhealthrecord.org/fhir/StructureDefinition/shr-medication-MedicationPrescription"
          ]
        },
        "extension": [
          {
            "url": "http://standardhealthrecord.org/fhir/StructureDefinition/shr-base-ActionCode-extension",
            "valueCodeableConcept": {
              "coding": [
                {
                  "system": "http://snomed.info/sct",
                  "code": "33633005",
                  "display": "Prescription of drug (procedure)"
                }
              ],
              "text": "Prescription of drug (procedure)"
            }
          }
        ],
        "status": "stopped",
        "medicationReference": {
          "reference": ""
        },
        "subject": {
          "reference": "urn:uuid:0da4ceec-cffa-4b2f-9eb8-5221f983f832"
        },
        "context": {
          "reference": "urn:uuid:2836d509-8aa4-4f4f-8218-149f11d702fb"
        },
        "authoredOn": "2012-10-21",
        "reasonReference": [
          {
            "reference": "urn:uuid:dc57ddca-4d26-4667-8991-6ffdc4e11622"
          }
        ],
        "dosageInstruction": [
          {

          }
        ],
        "resourceType": "MedicationRequest"
      }
    },
    {
      "fullUrl": "urn:uuid:49c1ed7a-59ce-41ee-821b-1a94c091dee1",
      "resource": {
        "id": "49c1ed7a-59ce-41ee-821b-1a94c091dee1",
        "meta": {
          "profile": [
            "http://standardhealthrecord.org/fhir/StructureDefinition/shr-encounter-Encounter"
          ]
        },
        "status": "finished",
        "class": {
          "code": "outpatient"
        },
        "type": [
          {
            "coding": [
              {
                "system": "http://snomed.info/sct",
                "code": "185349003"
              }
            ],
            "text": "Outpatient Encounter"
          }
        ],
        "subject": {
          "reference": "urn:uuid:0da4ceec-cffa-4b2f-9eb8-5221f983f832"
        },
        "period": {
          "start": "2015-05-08T15:00:51-04:00",
          "end": "2015-05-08T16:00:51-04:00"
        },
        "serviceProvider": {
          "reference": "urn:uuid:a7dcc500-0b83-4f10-90a0-00e58d0afe18"
        },
        "resourceType": "Encounter"
      }
    },
    {
      "fullUrl": "urn:uuid:423acd38-a4b7-4583-a4d6-fed122821b88",
      "resource": {
        "id": "423acd38-a4b7-4583-a4d6-fed122821b88",
        "meta": {
          "profile": [
            "http://standardhealthrecord.org/fhir/StructureDefinition/shr-observation-Observation",
            "http://standardhealthrecord.org/fhir/StructureDefinition/shr-vital-VitalSign",
            "http://standardhealthrecord.org/fhir/StructureDefinition/shr-vital-BodyHeight"
          ]
        },
        "status": "final",
        "category": [
          {
            "coding": [
              {
                "system": "http://hl7.org/fhir/observation-category",
                "code": "vital-signs"
              }
            ]
          }
        ],
        "code": {
          "coding": [
            {
              "system": "http://loinc.org",
              "code": "8302-2",
              "display": "Body Height"
            }
          ],
          "text": "Body Height"
        },
        "subject": {
          "reference": "urn:uuid:0da4ceec-cffa-4b2f-9eb8-5221f983f832"
        },
        "context": {
          "reference": "urn:uuid:49c1ed7a-59ce-41ee-821b-1a94c091dee1"
        },
        "effectiveDateTime": "2015-05-08T15:00:51-04:00",
        "issued": "2015-05-08T15:00:51-04:00",
        "valueQuantity": {
          "value": 176.54905025894928,
          "unit": "cm",
          "system": "http://unitsofmeasure.org/",
          "code": "cm"
        },
        "resourceType": "Observation"
      }
    },
    {
      "fullUrl": "urn:uuid:e78ed0ea-2910-4f16-84fd-e6e1dc0d0415",
      "resource": {
        "id": "e78ed0ea-2910-4f16-84fd-e6e1dc0d0415",
        "meta": {
          "profile": [
            "http://standardhealthrecord.org/fhir/StructureDefinition/shr-observation-Observation",
            "http://standardhealthrecord.org/fhir/StructureDefinition/shr-vital-VitalSign",
            "http://standardhealthrecord.org/fhir/StructureDefinition/shr-vital-BodyWeight"
          ]
        },
        "status": "final",
        "category": [
          {
            "coding": [
              {
                "system": "http://hl7.org/fhir/observation-category",
                "code": "vital-signs"
              }
            ]
          }
        ],
        "code": {
          "coding": [
            {
              "system": "http://loinc.org",
              "code": "29463-7",
              "display": "Body Weight"
            }
          ],
          "text": "Body Weight"
        },
        "subject": {
          "reference": "urn:uuid:0da4ceec-cffa-4b2f-9eb8-5221f983f832"
        },
        "context": {
          "reference": "urn:uuid:49c1ed7a-59ce-41ee-821b-1a94c091dee1"
        },
        "effectiveDateTime": "2015-05-08T15:00:51-04:00",
        "issued": "2015-05-08T15:00:51-04:00",
        "valueQuantity": {
          "value": 89.98615109776524,
          "unit": "kg",
          "system": "http://unitsofmeasure.org/",
          "code": "kg"
        },
        "resourceType": "Observation"
      }
    },
    {
      "fullUrl": "urn:uuid:8459deac-7b1b-4abb-a8d6-aeb83d717797",
      "resource": {
        "id": "8459deac-7b1b-4abb-a8d6-aeb83d717797",
        "meta": {
          "profile": [
            "http://standardhealthrecord.org/fhir/StructureDefinition/shr-observation-Observation",
            "http://standardhealthrecord.org/fhir/StructureDefinition/shr-vital-VitalSign",
            "http://standardhealthrecord.org/fhir/StructureDefinition/shr-vital-BodyMassIndex"
          ]
        },
        "status": "final",
        "category": [
          {
            "coding": [
              {
                "system": "http://hl7.org/fhir/observation-category",
                "code": "vital-signs"
              }
            ]
          }
        ],
        "code": {
          "coding": [
            {
              "system": "http://loinc.org",
              "code": "39156-5",
              "display": "Body Mass Index"
            }
          ],
          "text": "Body Mass Index"
        },
        "subject": {
          "reference": "urn:uuid:0da4ceec-cffa-4b2f-9eb8-5221f983f832"
        },
        "context": {
          "reference": "urn:uuid:49c1ed7a-59ce-41ee-821b-1a94c091dee1"
        },
        "effectiveDateTime": "2015-05-08T15:00:51-04:00",
        "issued": "2015-05-08T15:00:51-04:00",
        "valueQuantity": {
          "value": 28.869875116457404,
          "unit": "kg/m2",
          "system": "http://unitsofmeasure.org/",
          "code": "kg/m2"
        },
        "resourceType": "Observation"
      }
    },
    {
      "fullUrl": "urn:uuid:ba49a9cb-f67b-4fc2-b07c-66c15edac479",
      "resource": {
        "id": "ba49a9cb-f67b-4fc2-b07c-66c15edac479",
        "meta": {
          "profile": [
            "http://standardhealthrecord.org/fhir/StructureDefinition/shr-observation-Observation",
            "http://standardhealthrecord.org/fhir/StructureDefinition/shr-vital-BloodPressure"
          ]
        },
        "status": "final",
        "category": [
          {
            "coding": [
              {
                "system": "http://hl7.org/fhir/observation-category",
                "code": "vital-signs"
              }
            ]
          }
        ],
        "code": {
          "coding": [
            {
              "system": "http://loinc.org",
              "code": "55284-4",
              "display": "Blood Pressure"
            }
          ]
        },
        "subject": {
          "reference": "urn:uuid:0da4ceec-cffa-4b2f-9eb8-5221f983f832"
        },
        "context": {
          "reference": "urn:uuid:49c1ed7a-59ce-41ee-821b-1a94c091dee1"
        },
        "effectiveDateTime": "2015-05-08T15:00:51-04:00",
        "issued": "2015-05-08T15:00:51-04:00",
        "component": [
          {
            "code": {
              "coding": [
                {
                  "system": "http://loinc.org",
                  "code": "8480-6",
                  "display": "Systolic Blood Pressure"
                }
              ],
              "text": "Systolic Blood Pressure"
            },
            "valueQuantity": {
              "value": 159,
              "unit": "mmHg",
              "system": "http://unitsofmeasure.org/",
              "code": "mmHg"
            }
          },
          {
            "code": {
              "coding": [
                {
                  "system": "http://loinc.org",
                  "code": "8462-4",
                  "display": "Diastolic Blood Pressure"
                }
              ],
              "text": "Diastolic Blood Pressure"
            },
            "valueQuantity": {
              "value": 98,
              "unit": "mmHg",
              "system": "http://unitsofmeasure.org/",
              "code": "mmHg"
            }
          }
        ],
        "resourceType": "Observation"
      }
    },
    {
      "fullUrl": "urn:uuid:6c2a2c12-6277-4a51-930c-3bc6de9b3253",
      "resource": {
        "id": "6c2a2c12-6277-4a51-930c-3bc6de9b3253",
        "meta": {
          "profile": [
            "http://standardhealthrecord.org/fhir/StructureDefinition/shr-observation-Observation"
          ]
        },
        "status": "final",
        "category": [
          {
            "coding": [
              {
                "system": "http://hl7.org/fhir/observation-category",
                "code": "laboratory"
              }
            ]
          }
        ],
        "code": {
          "coding": [
            {
              "system": "http://loinc.org",
              "code": "33914-3",
              "display": "Estimated Glomerular Filtration Rate"
            }
          ],
          "text": "Estimated Glomerular Filtration Rate"
        },
        "subject": {
          "reference": "urn:uuid:0da4ceec-cffa-4b2f-9eb8-5221f983f832"
        },
        "context": {
          "reference": "urn:uuid:49c1ed7a-59ce-41ee-821b-1a94c091dee1"
        },
        "effectiveDateTime": "2015-05-08T15:00:51-04:00",
        "issued": "2015-05-08T15:00:51-04:00",
        "valueQuantity": {
          "value": 60,
          "unit": "mL/min/{1.73_m2}",
          "system": "http://unitsofmeasure.org/",
          "code": "mL/min/{1.73_m2}"
        },
        "resourceType": "Observation"
      }
    },
    {
      "resource": {
        "meta": {
          "profile": [
            "http://standardhealthrecord.org/fhir/StructureDefinition/shr-immunization-Immunization"
          ]
        },
        "status": "completed",
        "notGiven": false,
        "vaccineCode": {
          "coding": [
            {
              "system": "http://hl7.org/fhir/sid/cvx",
              "code": "140",
              "display": "Influenza, seasonal, injectable, preservative free"
            }
          ],
          "text": "Influenza, seasonal, injectable, preservative free"
        },
        "patient": {
          "reference": "urn:uuid:0da4ceec-cffa-4b2f-9eb8-5221f983f832"
        },
        "encounter": {
          "reference": "urn:uuid:49c1ed7a-59ce-41ee-821b-1a94c091dee1"
        },
        "date": "2015-05-08T15:00:51-04:00",
        "primarySource": true,
        "resourceType": "Immunization"
      }
    },
    {
      "fullUrl": "urn:uuid:9faa899b-57ea-44f8-b20c-d35c46b81d4f",
      "resource": {
        "id": "9faa899b-57ea-44f8-b20c-d35c46b81d4f",
        "meta": {
          "profile": [
            "http://standardhealthrecord.org/fhir/StructureDefinition/shr-encounter-Encounter"
          ]
        },
        "status": "finished",
        "class": {
          "code": "ambulatory"
        },
        "type": [
          {
            "coding": [
              {
                "system": "http://snomed.info/sct",
                "code": "185345009"
              }
            ],
            "text": "Encounter for symptom"
          }
        ],
        "subject": {
          "reference": "urn:uuid:0da4ceec-cffa-4b2f-9eb8-5221f983f832"
        },
        "period": {
          "start": "2015-08-17T23:33:45-04:00",
          "end": "2015-08-17T23:33:45-04:00"
        },
        "reason": {
          "coding": [
            {
              "system": "http://snomed.info/sct",
              "code": "444814009",
              "display": "Viral sinusitis (disorder)"
            }
          ]
        },
        "serviceProvider": {
          "reference": "urn:uuid:a7dcc500-0b83-4f10-90a0-00e58d0afe18"
        },
        "resourceType": "Encounter"
      }
    },
    {
      "fullUrl": "urn:uuid:58f66e69-0fdb-40fb-a12a-7c286e65ca5b",
      "resource": {
        "id": "58f66e69-0fdb-40fb-a12a-7c286e65ca5b",
        "meta": {
          "profile": [
            "http://standardhealthrecord.org/fhir/StructureDefinition/shr-problem-Problem"
          ]
        },
        "clinicalStatus": "active",
        "verificationStatus": "confirmed",
        "code": {
          "coding": [
            {
              "system": "http://snomed.info/sct",
              "code": "444814009",
              "display": "Viral sinusitis (disorder)"
            }
          ],
          "text": "Viral sinusitis (disorder)"
        },
        "subject": {
          "reference": "urn:uuid:0da4ceec-cffa-4b2f-9eb8-5221f983f832"
        },
        "context": {
          "reference": "urn:uuid:9faa899b-57ea-44f8-b20c-d35c46b81d4f"
        },
        "onsetDateTime": "2015-08-09T17:35:16-04:00",
        "abatementDateTime": "2015-09-03T19:31:35-04:00",
        "assertedDate": "2015-08-09",
        "resourceType": "Condition"
      }
    },
    {
      "fullUrl": "urn:uuid:ec0663b8-0fc0-4082-b807-4b45ddf7aafa",
      "resource": {
        "id": "ec0663b8-0fc0-4082-b807-4b45ddf7aafa",
        "meta": {
          "profile": [
            "http://standardhealthrecord.org/fhir/StructureDefinition/shr-encounter-Encounter"
          ]
        },
        "status": "finished",
        "class": {
          "code": "ambulatory"
        },
        "type": [
          {
            "coding": [
              {
                "system": "http://snomed.info/sct",
                "code": "185345009"
              }
            ],
            "text": "Encounter for symptom"
          }
        ],
        "subject": {
          "reference": "urn:uuid:0da4ceec-cffa-4b2f-9eb8-5221f983f832"
        },
        "period": {
          "start": "2017-03-09T07:33:28-05:00",
          "end": "2017-03-09T07:33:28-05:00"
        },
        "reason": {
          "coding": [
            {
              "system": "http://snomed.info/sct",
              "code": "444814009",
              "display": "Viral sinusitis (disorder)"
            }
          ]
        },
        "serviceProvider": {
          "reference": "urn:uuid:a7dcc500-0b83-4f10-90a0-00e58d0afe18"
        },
        "resourceType": "Encounter"
      }
    },
    {
      "fullUrl": "urn:uuid:e807bdd9-dc99-470b-a968-ec0e362762ad",
      "resource": {
        "id": "e807bdd9-dc99-470b-a968-ec0e362762ad",
        "meta": {
          "profile": [
            "http://standardhealthrecord.org/fhir/StructureDefinition/shr-problem-Problem"
          ]
        },
        "clinicalStatus": "active",
        "verificationStatus": "confirmed",
        "code": {
          "coding": [
            {
              "system": "http://snomed.info/sct",
              "code": "444814009",
              "display": "Viral sinusitis (disorder)"
            }
          ],
          "text": "Viral sinusitis (disorder)"
        },
        "subject": {
          "reference": "urn:uuid:0da4ceec-cffa-4b2f-9eb8-5221f983f832"
        },
        "context": {
          "reference": "urn:uuid:ec0663b8-0fc0-4082-b807-4b45ddf7aafa"
        },
        "onsetDateTime": "2017-03-03T19:31:35-05:00",
        "abatementDateTime": "2017-03-26T13:53:02-04:00",
        "assertedDate": "2017-03-03",
        "resourceType": "Condition"
      }
    },
    {
      "fullUrl": "urn:uuid:f015d6a6-de27-43f3-9839-52e1ffcbb6cc",
      "resource": {
        "id": "f015d6a6-de27-43f3-9839-52e1ffcbb6cc",
        "meta": {
          "profile": [
            "http://standardhealthrecord.org/fhir/StructureDefinition/shr-encounter-Encounter"
          ]
        },
        "status": "finished",
        "class": {
          "code": "ambulatory"
        },
        "type": [
          {
            "coding": [
              {
                "system": "http://snomed.info/sct",
                "code": "185345009"
              }
            ],
            "text": "Encounter for symptom"
          }
        ],
        "subject": {
          "reference": "urn:uuid:0da4ceec-cffa-4b2f-9eb8-5221f983f832"
        },
        "period": {
          "start": "2017-04-06T05:42:41-04:00",
          "end": "2017-04-06T05:42:41-04:00"
        },
        "reason": {
          "coding": [
            {
              "system": "http://snomed.info/sct",
              "code": "43878008",
              "display": "Streptococcal sore throat (disorder)"
            }
          ]
        },
        "serviceProvider": {
          "reference": "urn:uuid:a7dcc500-0b83-4f10-90a0-00e58d0afe18"
        },
        "resourceType": "Encounter"
      }
    },
    {
      "fullUrl": "urn:uuid:931e20aa-de75-41a3-9a6d-8412c48cadb2",
      "resource": {
        "id": "931e20aa-de75-41a3-9a6d-8412c48cadb2",
        "meta": {
          "profile": [
            "http://standardhealthrecord.org/fhir/StructureDefinition/shr-problem-Problem"
          ]
        },
        "clinicalStatus": "active",
        "verificationStatus": "confirmed",
        "code": {
          "coding": [
            {
              "system": "http://snomed.info/sct",
              "code": "43878008",
              "display": "Streptococcal sore throat (disorder)"
            }
          ],
          "text": "Streptococcal sore throat (disorder)"
        },
        "subject": {
          "reference": "urn:uuid:0da4ceec-cffa-4b2f-9eb8-5221f983f832"
        },
        "context": {
          "reference": "urn:uuid:f015d6a6-de27-43f3-9839-52e1ffcbb6cc"
        },
        "onsetDateTime": "2017-04-04T14:02:20-04:00",
        "abatementDateTime": "2017-04-18T11:06:03-04:00",
        "assertedDate": "2017-04-04",
        "resourceType": "Condition"
      }
    },
    {
      "fullUrl": "urn:uuid:8ebfd9f2-fe0e-4816-a444-21da3033cf81",
      "resource": {
        "id": "8ebfd9f2-fe0e-4816-a444-21da3033cf81",
        "meta": {
          "profile": [
            "http://standardhealthrecord.org/fhir/StructureDefinition/shr-observation-Observation",
            "http://standardhealthrecord.org/fhir/StructureDefinition/shr-vital-VitalSign"
          ]
        },
        "status": "final",
        "category": [
          {
            "coding": [
              {
                "system": "http://hl7.org/fhir/observation-category",
                "code": "vital-signs"
              }
            ]
          }
        ],
        "code": {
          "coding": [
            {
              "system": "http://loinc.org",
              "code": "8331-1",
              "display": "Oral temperature"
            }
          ],
          "text": "Oral temperature"
        },
        "subject": {
          "reference": "urn:uuid:0da4ceec-cffa-4b2f-9eb8-5221f983f832"
        },
        "context": {
          "reference": "urn:uuid:f015d6a6-de27-43f3-9839-52e1ffcbb6cc"
        },
        "effectiveDateTime": "2017-04-06T05:42:41-04:00",
        "issued": "2017-04-06T05:42:41-04:00",
        "valueQuantity": {
          "value": 38.1933010658039,
          "unit": "Cel",
          "system": "http://unitsofmeasure.org/",
          "code": "Cel"
        },
        "resourceType": "Observation"
      }
    },
    {
      "resource": {
        "meta": {
          "profile": [
            "http://standardhealthrecord.org/fhir/StructureDefinition/shr-medication-Medication"
          ]
        },
        "code": {
          "coding": [
            {
              "system": "http://www.nlm.nih.gov/research/umls/rxnorm",
              "code": "834101",
              "display": "Penicillin V Potassium 500 MG"
            }
          ],
          "text": "Penicillin V Potassium 500 MG"
        },
        "resourceType": "Medication"
      }
    },
    {
      "resource": {
        "meta": {
          "profile": [
            "http://standardhealthrecord.org/fhir/StructureDefinition/shr-medication-MedicationPrescription"
          ]
        },
        "extension": [
          {
            "url": "http://standardhealthrecord.org/fhir/StructureDefinition/shr-base-ActionCode-extension",
            "valueCodeableConcept": {
              "coding": [
                {
                  "system": "http://snomed.info/sct",
                  "code": "33633005",
                  "display": "Prescription of drug (procedure)"
                }
              ],
              "text": "Prescription of drug (procedure)"
            }
          }
        ],
        "status": "active",
        "medicationReference": {
          "reference": ""
        },
        "subject": {
          "reference": "urn:uuid:0da4ceec-cffa-4b2f-9eb8-5221f983f832"
        },
        "context": {
          "reference": "urn:uuid:f015d6a6-de27-43f3-9839-52e1ffcbb6cc"
        },
        "authoredOn": "2017-04-06",
        "reasonReference": [
          {
            "reference": "urn:uuid:931e20aa-de75-41a3-9a6d-8412c48cadb2"
          }
        ],
        "dosageInstruction": [
          {

          }
        ],
        "resourceType": "MedicationRequest"
      }
    }
  ],
  "resourceType": "Bundle"
}