{
  "type": "collection",
  "entry": [
    {
      "fullUrl": "urn:uuid:07cb3045-c048-480c-a3d1-a606c6f1a14e",
      "resource": {
        "id": "07cb3045-c048-480c-a3d1-a606c6f1a14e",
        "meta": {
          "profile": [
            "http://standardhealthrecord.org/fhir/StructureDefinition/shr-demographics-PersonOfRecord"
          ]
        },
        "text": {
          "status": "generated",
          "div": "<div>Generated by <a href=\"https://github.com/synthetichealth/synthea\">Synthea</a>. Version identifier: 4d02400401b9fab839e47bf5b2f1f6a8c683ab55</div>"
        },
        "extension": [
          {
            "url": "http://hl7.org/fhir/us/core/StructureDefinition/us-core-race",
            "valueCodeableConcept": {
              "coding": [
                {
                  "system": "http://hl7.org/fhir/v3/Race",
                  "code": "2106-3",
                  "display": "White"
                }
              ],
              "text": "race"
            }
          },
          {
            "url": "http://hl7.org/fhir/us/core/StructureDefinition/us-core-ethnicity",
            "valueCodeableConcept": {
              "coding": [
                {
                  "system": "http://hl7.org/fhir/v3/Ethnicity",
                  "code": "2186-5",
                  "display": "Nonhispanic"
                }
              ],
              "text": "ethnicity"
            }
          },
          {
            "url": "http://hl7.org/fhir/StructureDefinition/birthPlace",
            "valueAddress": {
              "city": "Salem",
              "state": "MA",
              "country": "US"
            }
          },
          {
            "url": "http://hl7.org/fhir/StructureDefinition/patient-mothersMaidenName",
            "valueString": "Sydney248 Bosco20"
          },
          {
            "url": "http://hl7.org/fhir/us/core/StructureDefinition/us-core-birthsex",
            "valueCode": "F"
          },
          {
            "url": "http://hl7.org/fhir/StructureDefinition/patient-interpreterRequired",
            "valueBoolean": false
          },
          {
            "url": "http://standardhealthrecord.org/fhir/StructureDefinition/shr-actor-FictionalPerson-extension",
            "valueBoolean": true
          },
          {
            "url": "http://standardhealthrecord.org/fhir/StructureDefinition/shr-demographics-FathersName-extension",
            "valueHumanName": {
              "text": "Bertha255 Metz969"
            }
          },
          {
            "url": "http://standardhealthrecord.org/fhir/StructureDefinition/shr-demographics-SocialSecurityNumber-extension",
            "valueString": "999-76-5895"
          }
        ],
        "identifier": [
          {
            "system": "https://github.com/synthetichealth/synthea",
            "value": "d4ac0143-d4fa-45bd-985d-89ebc8512a65"
          },
          {
            "type": {
              "coding": [
                {
                  "system": "http://hl7.org/fhir/identifier-type",
                  "code": "SB"
                }
              ]
            },
            "system": "http://hl7.org/fhir/sid/us-ssn",
            "value": "999765895"
          },
          {
            "type": {
              "coding": [
                {
                  "system": "http://hl7.org/fhir/v2/0203",
                  "code": "DL"
                }
              ]
            },
            "system": "urn:oid:2.16.840.1.113883.4.3.25",
            "value": "S99971718"
          },
          {
            "type": {
              "coding": [
                {
                  "system": "http://hl7.org/fhir/v2/0203",
                  "code": "PPN"
                }
              ]
            },
            "system": "http://standardhealthrecord.org/fhir/StructureDefinition/passportNumber",
            "value": "X38397028X"
          }
        ],
        "name": [
          {
            "use": "official",
            "family": "Abbott992",
            "given": [
              "Jess184"
            ],
            "prefix": [
              "Mrs."
            ]
          },
          {
            "use": "maiden",
            "family": "Metz969",
            "given": [
              "Jess184"
            ]
          }
        ],
        "telecom": [
          {
            "system": "phone",
            "value": "(413) 357-2413",
            "use": "home"
          }
        ],
        "gender": "female",
        "birthDate": "1975-12-23",
        "address": [
          {
            "extension": [
              {
                "extension": [
                  {
                    "url": "latitude",
                    "valueDecimal": 41.81105153319119
                  },
                  {
                    "url": "longitude",
                    "valueDecimal": -70.8089776689805
                  }
                ],
                "url": "http://hl7.org/fhir/StructureDefinition/geolocation"
              }
            ],
            "line": [
              "872 Salma Ports",
              "Apt. 603"
            ],
            "city": "Middleborough",
            "state": "MA",
            "postalCode": "02348",
            "country": "US"
          }
        ],
        "maritalStatus": {
          "coding": [
            {
              "system": "http://hl7.org/fhir/v3/MaritalStatus",
              "code": "M"
            }
          ],
          "text": "M"
        },
        "multipleBirthBoolean": false,
        "communication": [
          {
            "language": {
              "coding": [
                {
                  "system": "http://hl7.org/fhir/ValueSet/languages",
                  "code": "en-US",
                  "display": "English (United States)"
                }
              ]
            }
          }
        ],
        "resourceType": "Patient"
      }
    },
    {
      "fullUrl": "urn:uuid:4b4cf559-96ed-4e43-be85-7418eb55af05",
      "resource": {
        "id": "4b4cf559-96ed-4e43-be85-7418eb55af05",
        "meta": {
          "profile": [
            "http://standardhealthrecord.org/fhir/StructureDefinition/shr-actor-Organization"
          ]
        },
        "type": [
          {
            "coding": [
              {
                "system": "http://hl7.org/fhir/ValueSet/organization-type",
                "code": "prov",
                "display": "Healthcare Provider"
              }
            ],
            "text": "Healthcare Provider"
          }
        ],
        "name": "Synthetic Provider",
        "resourceType": "Organization"
      }
    },
    {
      "fullUrl": "urn:uuid:3fe8418b-dd5e-4c4d-b5a1-d43e6398f862",
      "resource": {
        "id": "3fe8418b-dd5e-4c4d-b5a1-d43e6398f862",
        "meta": {
          "profile": [
            "http://standardhealthrecord.org/fhir/StructureDefinition/shr-encounter-Encounter"
          ]
        },
        "status": "finished",
        "class": {
          "code": "outpatient"
        },
        "type": [
          {
            "coding": [
              {
                "system": "http://snomed.info/sct",
                "code": "698314001"
              }
            ],
            "text": "Consultation for treatment"
          }
        ],
        "subject": {
          "reference": "urn:uuid:07cb3045-c048-480c-a3d1-a606c6f1a14e"
        },
        "period": {
          "start": "2010-12-28T22:10:40-05:00",
          "end": "2010-12-28T22:10:40-05:00"
        },
        "serviceProvider": {
          "reference": "urn:uuid:4b4cf559-96ed-4e43-be85-7418eb55af05"
        },
        "resourceType": "Encounter"
      }
    },
    {
      "fullUrl": "urn:uuid:304f8657-edfb-4238-b6cb-6bf18feb013a",
      "resource": {
        "id": "304f8657-edfb-4238-b6cb-6bf18feb013a",
        "meta": {
          "profile": [
            "http://standardhealthrecord.org/fhir/StructureDefinition/shr-problem-Problem"
          ]
        },
        "clinicalStatus": "active",
        "verificationStatus": "confirmed",
        "code": {
          "coding": [
            {
              "system": "http://snomed.info/sct",
              "code": "195967001",
              "display": "Asthma"
            }
          ],
          "text": "Asthma"
        },
        "subject": {
          "reference": "urn:uuid:07cb3045-c048-480c-a3d1-a606c6f1a14e"
        },
        "context": {
          "reference": "urn:uuid:3fe8418b-dd5e-4c4d-b5a1-d43e6398f862"
        },
        "onsetDateTime": "1995-10-21T00:43:33-04:00",
        "assertedDate": "1995-10-21",
        "resourceType": "Condition"
      }
    },
    {
      "resource": {
        "status": "active",
        "category": [
          {
            "coding": [
              {
                "system": "http://snomed.info/sct",
                "code": "699728000",
                "display": "Asthma self management"
              }
            ]
          }
        ],
        "subject": {
          "reference": "urn:uuid:07cb3045-c048-480c-a3d1-a606c6f1a14e"
        },
        "context": {
          "reference": "urn:uuid:3fe8418b-dd5e-4c4d-b5a1-d43e6398f862"
        },
        "period": {
          "start": "1978-05-19"
        },
        "activity": [
          {
            "detail": {
              "code": {
                "coding": [
                  {
                    "system": "http://snomed.info/sct",
                    "code": "710818004",
                    "display": "Inhaled steroid therapy"
                  }
                ]
              },
              "status": "in-progress"
            }
          },
          {
            "detail": {
              "code": {
                "coding": [
                  {
                    "system": "http://snomed.info/sct",
                    "code": "708409001",
                    "display": "Home nebulizer therapy"
                  }
                ]
              },
              "status": "in-progress"
            }
          },
          {
            "detail": {
              "code": {
                "coding": [
                  {
                    "system": "http://snomed.info/sct",
                    "code": "229298005",
                    "display": "Breathing control"
                  }
                ]
              },
              "status": "in-progress"
            }
          }
        ],
        "resourceType": "CarePlan"
      }
    },
    {
      "resource": {
        "meta": {
          "profile": [
            "http://standardhealthrecord.org/fhir/StructureDefinition/shr-medication-Medication"
          ]
        },
        "code": {
          "coding": [
            {
              "system": "http://www.nlm.nih.gov/research/umls/rxnorm",
              "code": "895994",
              "display": "120 ACTUAT Fluticasone propionate 0.044 MG/ACTUAT Metered Dose Inhaler"
            }
          ],
          "text": "120 ACTUAT Fluticasone propionate 0.044 MG/ACTUAT Metered Dose Inhaler"
        },
        "resourceType": "Medication"
      }
    },
    {
      "resource": {
        "meta": {
          "profile": [
            "http://standardhealthrecord.org/fhir/StructureDefinition/shr-medication-MedicationPrescription"
          ]
        },
        "extension": [
          {
            "url": "http://standardhealthrecord.org/fhir/StructureDefinition/shr-base-ActionCode-extension",
            "valueCodeableConcept": {
              "coding": [
                {
                  "system": "http://snomed.info/sct",
                  "code": "33633005",
                  "display": "Prescription of drug (procedure)"
                }
              ],
              "text": "Prescription of drug (procedure)"
            }
          }
        ],
        "status": "active",
        "medicationReference": {
          "reference": ""
        },
        "subject": {
          "reference": "urn:uuid:07cb3045-c048-480c-a3d1-a606c6f1a14e"
        },
        "context": {
          "reference": "urn:uuid:3fe8418b-dd5e-4c4d-b5a1-d43e6398f862"
        },
        "authoredOn": "1978-05-19",
        "dosageInstruction": [
          {
            "sequence": 1,
            "asNeededBoolean": true
          }
        ],
        "resourceType": "MedicationRequest"
      }
    },
    {
      "resource": {
        "meta": {
          "profile": [
            "http://standardhealthrecord.org/fhir/StructureDefinition/shr-medication-Medication"
          ]
        },
        "code": {
          "coding": [
            {
              "system": "http://www.nlm.nih.gov/research/umls/rxnorm",
              "code": "745679",
              "display": "200 ACTUAT Albuterol 0.09 MG/ACTUAT Metered Dose Inhaler"
            }
          ],
          "text": "200 ACTUAT Albuterol 0.09 MG/ACTUAT Metered Dose Inhaler"
        },
        "resourceType": "Medication"
      }
    },
    {
      "resource": {
        "meta": {
          "profile": [
            "http://standardhealthrecord.org/fhir/StructureDefinition/shr-medication-MedicationPrescription"
          ]
        },
        "extension": [
          {
            "url": "http://standardhealthrecord.org/fhir/StructureDefinition/shr-base-ActionCode-extension",
            "valueCodeableConcept": {
              "coding": [
                {
                  "system": "http://snomed.info/sct",
                  "code": "33633005",
                  "display": "Prescription of drug (procedure)"
                }
              ],
              "text": "Prescription of drug (procedure)"
            }
          }
        ],
        "status": "active",
        "medicationReference": {
          "reference": ""
        },
        "subject": {
          "reference": "urn:uuid:07cb3045-c048-480c-a3d1-a606c6f1a14e"
        },
        "context": {
          "reference": "urn:uuid:3fe8418b-dd5e-4c4d-b5a1-d43e6398f862"
        },
        "authoredOn": "1978-05-19",
        "dosageInstruction": [
          {
            "sequence": 1,
            "asNeededBoolean": true
          }
        ],
        "resourceType": "MedicationRequest"
      }
    },
    {
      "fullUrl": "urn:uuid:1c5bbf07-8b02-46a7-b7d3-aa93c7ad69dc",
      "resource": {
        "id": "1c5bbf07-8b02-46a7-b7d3-aa93c7ad69dc",
        "meta": {
          "profile": [
            "http://standardhealthrecord.org/fhir/StructureDefinition/shr-encounter-Encounter"
          ]
        },
        "status": "finished",
        "class": {
          "code": "inpatient"
        },
        "type": [
          {
            "coding": [
              {
                "system": "http://snomed.info/sct",
                "code": "305408004"
              }
            ],
            "text": "Admission to surgical department"
          }
        ],
        "subject": {
          "reference": "urn:uuid:07cb3045-c048-480c-a3d1-a606c6f1a14e"
        },
        "period": {
          "start": "2011-01-18T03:17:59-05:00",
          "end": "2011-01-18T05:35:56-05:00"
        },
        "serviceProvider": {
          "reference": "urn:uuid:4b4cf559-96ed-4e43-be85-7418eb55af05"
        },
        "resourceType": "Encounter"
      }
    },
    {
      "resource": {
        "meta": {
          "profile": [
            "http://standardhealthrecord.org/fhir/StructureDefinition/shr-procedure-Procedure"
          ]
        },
        "extension": [
          {
            "url": "http://standardhealthrecord.org/fhir/StructureDefinition/shr-core-CodeableConcept-extension",
            "valueCodeableConcept": {
              "coding": [
                {
                  "system": "http://snomed.info/sct",
                  "code": "287664005",
                  "display": "Bilateral tubal ligation"
                }
              ],
              "text": "Bilateral tubal ligation"
            }
          }
        ],
        "status": "completed",
        "code": {
          "coding": [
            {
              "system": "http://snomed.info/sct",
              "code": "287664005",
              "display": "Bilateral tubal ligation"
            }
          ],
          "text": "Bilateral tubal ligation"
        },
        "subject": {
          "reference": "urn:uuid:07cb3045-c048-480c-a3d1-a606c6f1a14e"
        },
        "context": {
          "reference": "urn:uuid:1c5bbf07-8b02-46a7-b7d3-aa93c7ad69dc"
        },
        "performedPeriod": {
          "start": "2011-01-18T03:17:59-05:00",
          "end": "2011-01-18T06:16:52-05:00"
        },
        "resourceType": "Procedure"
      }
    },
    {
      "resource": {
        "status": "completed",
        "category": [
          {
            "coding": [
              {
                "system": "http://snomed.info/sct",
                "code": "787301000000101",
                "display": "Surgery care management"
              }
            ]
          }
        ],
        "subject": {
          "reference": "urn:uuid:07cb3045-c048-480c-a3d1-a606c6f1a14e"
        },
        "context": {
          "reference": "urn:uuid:1c5bbf07-8b02-46a7-b7d3-aa93c7ad69dc"
        },
        "period": {
          "start": "2011-01-18",
          "end": "2011-02-02"
        },
        "activity": [
          {
            "detail": {
              "code": {
                "coding": [
                  {
                    "system": "http://snomed.info/sct",
                    "code": "183051005",
                    "display": "Recommendation to rest"
                  }
                ]
              },
              "status": "completed"
            }
          },
          {
            "detail": {
              "code": {
                "coding": [
                  {
                    "system": "http://snomed.info/sct",
                    "code": "243077000",
                    "display": "Recommendation to limit sexual activity"
                  }
                ]
              },
              "status": "completed"
            }
          }
        ],
        "resourceType": "CarePlan"
      }
    },
    {
      "fullUrl": "urn:uuid:bbcd59fa-0c85-4a1d-b108-1edbbac24fcc",
      "resource": {
        "id": "bbcd59fa-0c85-4a1d-b108-1edbbac24fcc",
        "meta": {
          "profile": [
            "http://standardhealthrecord.org/fhir/StructureDefinition/shr-encounter-Encounter"
          ]
        },
        "status": "finished",
        "class": {
          "code": "ambulatory"
        },
        "type": [
          {
            "coding": [
              {
                "system": "http://snomed.info/sct",
                "code": "185345009"
              }
            ],
            "text": "Encounter for symptom"
          }
        ],
        "subject": {
          "reference": "urn:uuid:07cb3045-c048-480c-a3d1-a606c6f1a14e"
        },
        "period": {
          "start": "2011-08-11T07:35:48-04:00",
          "end": "2011-08-11T07:35:48-04:00"
        },
        "reason": {
          "coding": [
            {
              "system": "http://snomed.info/sct",
              "code": "38822007",
              "display": "Cystitis"
            }
          ]
        },
        "serviceProvider": {
          "reference": "urn:uuid:4b4cf559-96ed-4e43-be85-7418eb55af05"
        },
        "resourceType": "Encounter"
      }
    },
    {
      "fullUrl": "urn:uuid:f223f657-9337-4270-afc8-a2f5198fccbc",
      "resource": {
        "id": "f223f657-9337-4270-afc8-a2f5198fccbc",
        "meta": {
          "profile": [
            "http://standardhealthrecord.org/fhir/StructureDefinition/shr-problem-Problem"
          ]
        },
        "clinicalStatus": "active",
        "verificationStatus": "confirmed",
        "code": {
          "coding": [
            {
              "system": "http://snomed.info/sct",
              "code": "38822007",
              "display": "Cystitis"
            }
          ],
          "text": "Cystitis"
        },
        "subject": {
          "reference": "urn:uuid:07cb3045-c048-480c-a3d1-a606c6f1a14e"
        },
        "context": {
          "reference": "urn:uuid:bbcd59fa-0c85-4a1d-b108-1edbbac24fcc"
        },
        "onsetDateTime": "2011-08-11T07:35:48-04:00",
        "abatementDateTime": "2011-08-18T07:35:48-04:00",
        "assertedDate": "2011-08-11",
        "resourceType": "Condition"
      }
    },
    {
      "resource": {
        "status": "completed",
        "category": [
          {
            "coding": [
              {
                "system": "http://snomed.info/sct",
                "code": "869761000000107",
                "display": "Urinary tract infection care"
              }
            ]
          }
        ],
        "subject": {
          "reference": "urn:uuid:07cb3045-c048-480c-a3d1-a606c6f1a14e"
        },
        "context": {
          "reference": "urn:uuid:bbcd59fa-0c85-4a1d-b108-1edbbac24fcc"
        },
        "period": {
          "start": "2011-08-11",
          "end": "2011-08-18"
        },
        "addresses": [
          {
            "reference": "urn:uuid:f223f657-9337-4270-afc8-a2f5198fccbc"
          }
        ],
        "activity": [
          {
            "detail": {
              "code": {
                "coding": [
                  {
                    "system": "http://snomed.info/sct",
                    "code": "223472008",
                    "display": "Discussion about hygiene"
                  }
                ]
              },
              "status": "completed"
            }
          },
          {
            "detail": {
              "code": {
                "coding": [
                  {
                    "system": "http://snomed.info/sct",
                    "code": "171245007",
                    "display": "Urine screening"
                  }
                ]
              },
              "status": "completed"
            }
          }
        ],
        "resourceType": "CarePlan"
      }
    },
    {
      "resource": {
        "meta": {
          "profile": [
            "http://standardhealthrecord.org/fhir/StructureDefinition/shr-medication-Medication"
          ]
        },
        "code": {
          "coding": [
            {
              "system": "http://www.nlm.nih.gov/research/umls/rxnorm",
              "code": "568530",
              "display": "Nitrofurantoin 5 MG/ML [Furadantin]"
            }
          ],
          "text": "Nitrofurantoin 5 MG/ML [Furadantin]"
        },
        "resourceType": "Medication"
      }
    },
    {
      "resource": {
        "meta": {
          "profile": [
            "http://standardhealthrecord.org/fhir/StructureDefinition/shr-medication-MedicationPrescription"
          ]
        },
        "extension": [
          {
            "url": "http://standardhealthrecord.org/fhir/StructureDefinition/shr-base-ActionCode-extension",
            "valueCodeableConcept": {
              "coding": [
                {
                  "system": "http://snomed.info/sct",
                  "code": "33633005",
                  "display": "Prescription of drug (procedure)"
                }
              ],
              "text": "Prescription of drug (procedure)"
            }
          }
        ],
        "status": "stopped",
        "medicationReference": {
          "reference": ""
        },
        "subject": {
          "reference": "urn:uuid:07cb3045-c048-480c-a3d1-a606c6f1a14e"
        },
        "context": {
          "reference": "urn:uuid:bbcd59fa-0c85-4a1d-b108-1edbbac24fcc"
        },
        "authoredOn": "2011-08-11",
        "reasonReference": [
          {
            "reference": "urn:uuid:f223f657-9337-4270-afc8-a2f5198fccbc"
          }
        ],
        "dosageInstruction": [
          {

          }
        ],
        "resourceType": "MedicationRequest"
      }
    },
    {
      "resource": {
        "meta": {
          "profile": [
            "http://standardhealthrecord.org/fhir/StructureDefinition/shr-medication-Medication"
          ]
        },
        "code": {
          "coding": [
            {
              "system": "http://www.nlm.nih.gov/research/umls/rxnorm",
              "code": "1094108",
              "display": "Phenazopyridine hydrochloride 100 MG [Pyridium]"
            }
          ],
          "text": "Phenazopyridine hydrochloride 100 MG [Pyridium]"
        },
        "resourceType": "Medication"
      }
    },
    {
      "resource": {
        "meta": {
          "profile": [
            "http://standardhealthrecord.org/fhir/StructureDefinition/shr-medication-MedicationPrescription"
          ]
        },
        "extension": [
          {
            "url": "http://standardhealthrecord.org/fhir/StructureDefinition/shr-base-ActionCode-extension",
            "valueCodeableConcept": {
              "coding": [
                {
                  "system": "http://snomed.info/sct",
                  "code": "33633005",
                  "display": "Prescription of drug (procedure)"
                }
              ],
              "text": "Prescription of drug (procedure)"
            }
          }
        ],
        "status": "stopped",
        "medicationReference": {
          "reference": ""
        },
        "subject": {
          "reference": "urn:uuid:07cb3045-c048-480c-a3d1-a606c6f1a14e"
        },
        "context": {
          "reference": "urn:uuid:bbcd59fa-0c85-4a1d-b108-1edbbac24fcc"
        },
        "authoredOn": "2011-08-11",
        "reasonReference": [
          {
            "reference": "urn:uuid:f223f657-9337-4270-afc8-a2f5198fccbc"
          }
        ],
        "dosageInstruction": [
          {

          }
        ],
        "resourceType": "MedicationRequest"
      }
    },
    {
      "fullUrl": "urn:uuid:d35ede8b-0043-495f-afcc-0dec427943a2",
      "resource": {
        "id": "d35ede8b-0043-495f-afcc-0dec427943a2",
        "meta": {
          "profile": [
            "http://standardhealthrecord.org/fhir/StructureDefinition/shr-encounter-Encounter"
          ]
        },
        "status": "finished",
        "class": {
          "code": "outpatient"
        },
        "type": [
          {
            "coding": [
              {
                "system": "http://snomed.info/sct",
                "code": "185349003"
              }
            ],
            "text": "Outpatient Encounter"
          }
        ],
        "subject": {
          "reference": "urn:uuid:07cb3045-c048-480c-a3d1-a606c6f1a14e"
        },
        "period": {
          "start": "2012-05-10T19:07:49-04:00",
          "end": "2012-05-10T20:07:49-04:00"
        },
        "serviceProvider": {
          "reference": "urn:uuid:4b4cf559-96ed-4e43-be85-7418eb55af05"
        },
        "resourceType": "Encounter"
      }
    },
    {
      "fullUrl": "urn:uuid:c85d1d73-4695-4f6c-8810-11b6bb0fab2d",
      "resource": {
        "id": "c85d1d73-4695-4f6c-8810-11b6bb0fab2d",
        "meta": {
          "profile": [
            "http://standardhealthrecord.org/fhir/StructureDefinition/shr-observation-Observation",
            "http://standardhealthrecord.org/fhir/StructureDefinition/shr-vital-VitalSign",
            "http://standardhealthrecord.org/fhir/StructureDefinition/shr-vital-BodyHeight"
          ]
        },
        "status": "final",
        "category": [
          {
            "coding": [
              {
                "system": "http://hl7.org/fhir/observation-category",
                "code": "vital-signs"
              }
            ]
          }
        ],
        "code": {
          "coding": [
            {
              "system": "http://loinc.org",
              "code": "8302-2",
              "display": "Body Height"
            }
          ],
          "text": "Body Height"
        },
        "subject": {
          "reference": "urn:uuid:07cb3045-c048-480c-a3d1-a606c6f1a14e"
        },
        "context": {
          "reference": "urn:uuid:d35ede8b-0043-495f-afcc-0dec427943a2"
        },
        "effectiveDateTime": "2012-05-10T19:07:49-04:00",
        "issued": "2012-05-10T19:07:49-04:00",
        "valueQuantity": {
          "value": 165.50531941071606,
          "unit": "cm",
          "system": "http://unitsofmeasure.org/",
          "code": "cm"
        },
        "resourceType": "Observation"
      }
    },
    {
      "fullUrl": "urn:uuid:6c6a5be6-1f14-4e37-8d3d-8200cf80911d",
      "resource": {
        "id": "6c6a5be6-1f14-4e37-8d3d-8200cf80911d",
        "meta": {
          "profile": [
            "http://standardhealthrecord.org/fhir/StructureDefinition/shr-observation-Observation",
            "http://standardhealthrecord.org/fhir/StructureDefinition/shr-vital-VitalSign",
            "http://standardhealthrecord.org/fhir/StructureDefinition/shr-vital-BodyWeight"
          ]
        },
        "status": "final",
        "category": [
          {
            "coding": [
              {
                "system": "http://hl7.org/fhir/observation-category",
                "code": "vital-signs"
              }
            ]
          }
        ],
        "code": {
          "coding": [
            {
              "system": "http://loinc.org",
              "code": "29463-7",
              "display": "Body Weight"
            }
          ],
          "text": "Body Weight"
        },
        "subject": {
          "reference": "urn:uuid:07cb3045-c048-480c-a3d1-a606c6f1a14e"
        },
        "context": {
          "reference": "urn:uuid:d35ede8b-0043-495f-afcc-0dec427943a2"
        },
        "effectiveDateTime": "2012-05-10T19:07:49-04:00",
        "issued": "2012-05-10T19:07:49-04:00",
        "valueQuantity": {
          "value": 104.55253125207226,
          "unit": "kg",
          "system": "http://unitsofmeasure.org/",
          "code": "kg"
        },
        "resourceType": "Observation"
      }
    },
    {
      "fullUrl": "urn:uuid:2f7954bb-a0ee-420c-bee7-e02f672e5b42",
      "resource": {
        "id": "2f7954bb-a0ee-420c-bee7-e02f672e5b42",
        "meta": {
          "profile": [
            "http://standardhealthrecord.org/fhir/StructureDefinition/shr-observation-Observation",
            "http://standardhealthrecord.org/fhir/StructureDefinition/shr-vital-VitalSign",
            "http://standardhealthrecord.org/fhir/StructureDefinition/shr-vital-BodyMassIndex"
          ]
        },
        "status": "final",
        "category": [
          {
            "coding": [
              {
                "system": "http://hl7.org/fhir/observation-category",
                "code": "vital-signs"
              }
            ]
          }
        ],
        "code": {
          "coding": [
            {
              "system": "http://loinc.org",
              "code": "39156-5",
              "display": "Body Mass Index"
            }
          ],
          "text": "Body Mass Index"
        },
        "subject": {
          "reference": "urn:uuid:07cb3045-c048-480c-a3d1-a606c6f1a14e"
        },
        "context": {
          "reference": "urn:uuid:d35ede8b-0043-495f-afcc-0dec427943a2"
        },
        "effectiveDateTime": "2012-05-10T19:07:49-04:00",
        "issued": "2012-05-10T19:07:49-04:00",
        "valueQuantity": {
          "value": 38.168987371507036,
          "unit": "kg/m2",
          "system": "http://unitsofmeasure.org/",
          "code": "kg/m2"
        },
        "resourceType": "Observation"
      }
    },
    {
      "fullUrl": "urn:uuid:dd027aea-df5f-4af4-b2e0-2814ccd77679",
      "resource": {
        "id": "dd027aea-df5f-4af4-b2e0-2814ccd77679",
        "meta": {
          "profile": [
            "http://standardhealthrecord.org/fhir/StructureDefinition/shr-observation-Observation",
            "http://standardhealthrecord.org/fhir/StructureDefinition/shr-vital-BloodPressure"
          ]
        },
        "status": "final",
        "category": [
          {
            "coding": [
              {
                "system": "http://hl7.org/fhir/observation-category",
                "code": "vital-signs"
              }
            ]
          }
        ],
        "code": {
          "coding": [
            {
              "system": "http://loinc.org",
              "code": "55284-4",
              "display": "Blood Pressure"
            }
          ]
        },
        "subject": {
          "reference": "urn:uuid:07cb3045-c048-480c-a3d1-a606c6f1a14e"
        },
        "context": {
          "reference": "urn:uuid:d35ede8b-0043-495f-afcc-0dec427943a2"
        },
        "effectiveDateTime": "2012-05-10T19:07:49-04:00",
        "issued": "2012-05-10T19:07:49-04:00",
        "component": [
          {
            "code": {
              "coding": [
                {
                  "system": "http://loinc.org",
                  "code": "8480-6",
                  "display": "Systolic Blood Pressure"
                }
              ],
              "text": "Systolic Blood Pressure"
            },
            "valueQuantity": {
              "value": 132,
              "unit": "mmHg",
              "system": "http://unitsofmeasure.org/",
              "code": "mmHg"
            }
          },
          {
            "code": {
              "coding": [
                {
                  "system": "http://loinc.org",
                  "code": "8462-4",
                  "display": "Diastolic Blood Pressure"
                }
              ],
              "text": "Diastolic Blood Pressure"
            },
            "valueQuantity": {
              "value": 70,
              "unit": "mmHg",
              "system": "http://unitsofmeasure.org/",
              "code": "mmHg"
            }
          }
        ],
        "resourceType": "Observation"
      }
    },
    {
      "fullUrl": "urn:uuid:87643e41-0a3d-4524-8dbb-b34784ea8381",
      "resource": {
        "id": "87643e41-0a3d-4524-8dbb-b34784ea8381",
        "meta": {
          "profile": [
            "http://standardhealthrecord.org/fhir/StructureDefinition/shr-observation-Observation"
          ]
        },
        "status": "final",
        "category": [
          {
            "coding": [
              {
                "system": "http://hl7.org/fhir/observation-category",
                "code": "laboratory"
              }
            ]
          }
        ],
        "code": {
          "coding": [
            {
              "system": "http://loinc.org",
              "code": "2093-3",
              "display": "Total Cholesterol"
            }
          ],
          "text": "Total Cholesterol"
        },
        "subject": {
          "reference": "urn:uuid:07cb3045-c048-480c-a3d1-a606c6f1a14e"
        },
        "context": {
          "reference": "urn:uuid:d35ede8b-0043-495f-afcc-0dec427943a2"
        },
        "effectiveDateTime": "2012-05-10T19:07:49-04:00",
        "issued": "2012-05-10T19:07:49-04:00",
        "valueQuantity": {
          "value": 174,
          "unit": "mg/dL",
          "system": "http://unitsofmeasure.org/",
          "code": "mg/dL"
        },
        "resourceType": "Observation"
      }
    },
    {
      "fullUrl": "urn:uuid:0ccfe327-c0e9-4d12-ba05-0ea426c4e8e7",
      "resource": {
        "id": "0ccfe327-c0e9-4d12-ba05-0ea426c4e8e7",
        "meta": {
          "profile": [
            "http://standardhealthrecord.org/fhir/StructureDefinition/shr-observation-Observation"
          ]
        },
        "status": "final",
        "category": [
          {
            "coding": [
              {
                "system": "http://hl7.org/fhir/observation-category",
                "code": "laboratory"
              }
            ]
          }
        ],
        "code": {
          "coding": [
            {
              "system": "http://loinc.org",
              "code": "2571-8",
              "display": "Triglycerides"
            }
          ],
          "text": "Triglycerides"
        },
        "subject": {
          "reference": "urn:uuid:07cb3045-c048-480c-a3d1-a606c6f1a14e"
        },
        "context": {
          "reference": "urn:uuid:d35ede8b-0043-495f-afcc-0dec427943a2"
        },
        "effectiveDateTime": "2012-05-10T19:07:49-04:00",
        "issued": "2012-05-10T19:07:49-04:00",
        "valueQuantity": {
          "value": 145,
          "unit": "mg/dL",
          "system": "http://unitsofmeasure.org/",
          "code": "mg/dL"
        },
        "resourceType": "Observation"
      }
    },
    {
      "fullUrl": "urn:uuid:819ab65a-669b-4208-9a0f-f6c69de3b1bf",
      "resource": {
        "id": "819ab65a-669b-4208-9a0f-f6c69de3b1bf",
        "meta": {
          "profile": [
            "http://standardhealthrecord.org/fhir/StructureDefinition/shr-observation-Observation"
          ]
        },
        "status": "final",
        "category": [
          {
            "coding": [
              {
                "system": "http://hl7.org/fhir/observation-category",
                "code": "laboratory"
              }
            ]
          }
        ],
        "code": {
          "coding": [
            {
              "system": "http://loinc.org",
              "code": "18262-6",
              "display": "Low Density Lipoprotein Cholesterol"
            }
          ],
          "text": "Low Density Lipoprotein Cholesterol"
        },
        "subject": {
          "reference": "urn:uuid:07cb3045-c048-480c-a3d1-a606c6f1a14e"
        },
        "context": {
          "reference": "urn:uuid:d35ede8b-0043-495f-afcc-0dec427943a2"
        },
        "effectiveDateTime": "2012-05-10T19:07:49-04:00",
        "issued": "2012-05-10T19:07:49-04:00",
        "valueQuantity": {
          "value": 67,
          "unit": "mg/dL",
          "system": "http://unitsofmeasure.org/",
          "code": "mg/dL"
        },
        "resourceType": "Observation"
      }
    },
    {
      "fullUrl": "urn:uuid:6ffb5dee-f984-49ec-a473-42b9270d0208",
      "resource": {
        "id": "6ffb5dee-f984-49ec-a473-42b9270d0208",
        "meta": {
          "profile": [
            "http://standardhealthrecord.org/fhir/StructureDefinition/shr-observation-Observation"
          ]
        },
        "status": "final",
        "category": [
          {
            "coding": [
              {
                "system": "http://hl7.org/fhir/observation-category",
                "code": "laboratory"
              }
            ]
          }
        ],
        "code": {
          "coding": [
            {
              "system": "http://loinc.org",
              "code": "2085-9",
              "display": "High Density Lipoprotein Cholesterol"
            }
          ],
          "text": "High Density Lipoprotein Cholesterol"
        },
        "subject": {
          "reference": "urn:uuid:07cb3045-c048-480c-a3d1-a606c6f1a14e"
        },
        "context": {
          "reference": "urn:uuid:d35ede8b-0043-495f-afcc-0dec427943a2"
        },
        "effectiveDateTime": "2012-05-10T19:07:49-04:00",
        "issued": "2012-05-10T19:07:49-04:00",
        "valueQuantity": {
          "value": 78,
          "unit": "mg/dL",
          "system": "http://unitsofmeasure.org/",
          "code": "mg/dL"
        },
        "resourceType": "Observation"
      }
    },
    {
      "fullUrl": "urn:uuid:116cbcb9-39cd-46c7-8e97-73a4a5e7b7c9",
      "resource": {
        "id": "116cbcb9-39cd-46c7-8e97-73a4a5e7b7c9",
        "meta": {
          "profile": [
            "http://standardhealthrecord.org/fhir/StructureDefinition/shr-observation-Panel"
          ]
        },
        "status": "final",
        "code": {
          "coding": [
            {
              "system": "http://loinc.org",
              "code": "57698-3",
              "display": "Lipid Panel"
            }
          ]
        },
        "subject": {
          "reference": "urn:uuid:07cb3045-c048-480c-a3d1-a606c6f1a14e"
        },
        "context": {
          "reference": "urn:uuid:d35ede8b-0043-495f-afcc-0dec427943a2"
        },
        "effectiveDateTime": "2012-05-10T19:07:49-04:00",
        "issued": "2012-05-10T19:07:49-04:00",
        "result": [
          {
            "reference": "urn:uuid:87643e41-0a3d-4524-8dbb-b34784ea8381",
            "display": "Total Cholesterol"
          },
          {
            "reference": "urn:uuid:0ccfe327-c0e9-4d12-ba05-0ea426c4e8e7",
            "display": "Triglycerides"
          },
          {
            "reference": "urn:uuid:819ab65a-669b-4208-9a0f-f6c69de3b1bf",
            "display": "Low Density Lipoprotein Cholesterol"
          },
          {
            "reference": "urn:uuid:6ffb5dee-f984-49ec-a473-42b9270d0208",
            "display": "High Density Lipoprotein Cholesterol"
          }
        ],
        "resourceType": "DiagnosticReport"
      }
    },
    {
      "resource": {
        "meta": {
          "profile": [
            "http://standardhealthrecord.org/fhir/StructureDefinition/shr-procedure-Procedure"
          ]
        },
        "extension": [
          {
            "url": "http://standardhealthrecord.org/fhir/StructureDefinition/shr-core-CodeableConcept-extension",
            "valueCodeableConcept": {
              "coding": [
                {
                  "system": "http://snomed.info/sct",
                  "code": "428191000124101",
                  "display": "Documentation of current medications"
                }
              ],
              "text": "Documentation of current medications"
            }
          }
        ],
        "status": "completed",
        "code": {
          "coding": [
            {
              "system": "http://snomed.info/sct",
              "code": "428191000124101",
              "display": "Documentation of current medications"
            }
          ],
          "text": "Documentation of current medications"
        },
        "subject": {
          "reference": "urn:uuid:07cb3045-c048-480c-a3d1-a606c6f1a14e"
        },
        "context": {
          "reference": "urn:uuid:d35ede8b-0043-495f-afcc-0dec427943a2"
        },
        "performedDateTime": "2012-05-10T19:07:49-04:00",
        "resourceType": "Procedure"
      }
    },
    {
      "resource": {
        "meta": {
          "profile": [
            "http://standardhealthrecord.org/fhir/StructureDefinition/shr-immunization-Immunization"
          ]
        },
        "status": "completed",
        "notGiven": false,
        "vaccineCode": {
          "coding": [
            {
              "system": "http://hl7.org/fhir/sid/cvx",
              "code": "140",
              "display": "Influenza, seasonal, injectable, preservative free"
            }
          ],
          "text": "Influenza, seasonal, injectable, preservative free"
        },
        "patient": {
          "reference": "urn:uuid:07cb3045-c048-480c-a3d1-a606c6f1a14e"
        },
        "encounter": {
          "reference": "urn:uuid:d35ede8b-0043-495f-afcc-0dec427943a2"
        },
        "date": "2012-05-10T19:07:49-04:00",
        "primarySource": true,
        "resourceType": "Immunization"
      }
    },
    {
      "fullUrl": "urn:uuid:35b3b46a-f951-4bf7-a68d-9aa8ca0646fd",
      "resource": {
        "id": "35b3b46a-f951-4bf7-a68d-9aa8ca0646fd",
        "meta": {
          "profile": [
            "http://standardhealthrecord.org/fhir/StructureDefinition/shr-encounter-Encounter"
          ]
        },
        "status": "finished",
        "class": {
          "code": "ambulatory"
        },
        "type": [
          {
            "coding": [
              {
                "system": "http://snomed.info/sct",
                "code": "185345009"
              }
            ],
            "text": "Encounter for symptom"
          }
        ],
        "subject": {
          "reference": "urn:uuid:07cb3045-c048-480c-a3d1-a606c6f1a14e"
        },
        "period": {
          "start": "2012-11-18T14:30:19-05:00",
          "end": "2012-11-18T14:30:19-05:00"
        },
        "reason": {
          "coding": [
            {
              "system": "http://snomed.info/sct",
              "code": "301011002",
              "display": "Escherichia coli urinary tract infection"
            }
          ]
        },
        "serviceProvider": {
          "reference": "urn:uuid:4b4cf559-96ed-4e43-be85-7418eb55af05"
        },
        "resourceType": "Encounter"
      }
    },
    {
      "fullUrl": "urn:uuid:11b45903-5ef4-4b16-8d29-4957ca91a11b",
      "resource": {
        "id": "11b45903-5ef4-4b16-8d29-4957ca91a11b",
        "meta": {
          "profile": [
            "http://standardhealthrecord.org/fhir/StructureDefinition/shr-problem-Problem"
          ]
        },
        "clinicalStatus": "active",
        "verificationStatus": "confirmed",
        "code": {
          "coding": [
            {
              "system": "http://snomed.info/sct",
              "code": "301011002",
              "display": "Escherichia coli urinary tract infection"
            }
          ],
          "text": "Escherichia coli urinary tract infection"
        },
        "subject": {
          "reference": "urn:uuid:07cb3045-c048-480c-a3d1-a606c6f1a14e"
        },
        "context": {
          "reference": "urn:uuid:35b3b46a-f951-4bf7-a68d-9aa8ca0646fd"
        },
        "onsetDateTime": "2012-11-18T14:30:19-05:00",
        "abatementDateTime": "2012-11-25T14:30:19-05:00",
        "assertedDate": "2012-11-18",
        "resourceType": "Condition"
      }
    },
    {
      "resource": {
        "status": "completed",
        "category": [
          {
            "coding": [
              {
                "system": "http://snomed.info/sct",
                "code": "869761000000107",
                "display": "Urinary tract infection care"
              }
            ]
          }
        ],
        "subject": {
          "reference": "urn:uuid:07cb3045-c048-480c-a3d1-a606c6f1a14e"
        },
        "context": {
          "reference": "urn:uuid:35b3b46a-f951-4bf7-a68d-9aa8ca0646fd"
        },
        "period": {
          "start": "2012-11-18",
          "end": "2012-11-25"
        },
        "addresses": [
          {
            "reference": "urn:uuid:11b45903-5ef4-4b16-8d29-4957ca91a11b"
          }
        ],
        "activity": [
          {
            "detail": {
              "code": {
                "coding": [
                  {
                    "system": "http://snomed.info/sct",
                    "code": "223472008",
                    "display": "Discussion about hygiene"
                  }
                ]
              },
              "status": "completed"
            }
          },
          {
            "detail": {
              "code": {
                "coding": [
                  {
                    "system": "http://snomed.info/sct",
                    "code": "171245007",
                    "display": "Urine screening"
                  }
                ]
              },
              "status": "completed"
            }
          }
        ],
        "resourceType": "CarePlan"
      }
    },
    {
      "resource": {
        "meta": {
          "profile": [
            "http://standardhealthrecord.org/fhir/StructureDefinition/shr-medication-MedicationPrescription"
          ]
        },
        "extension": [
          {
            "url": "http://standardhealthrecord.org/fhir/StructureDefinition/shr-base-ActionCode-extension",
            "valueCodeableConcept": {
              "coding": [
                {
                  "system": "http://snomed.info/sct",
                  "code": "33633005",
                  "display": "Prescription of drug (procedure)"
                }
              ],
              "text": "Prescription of drug (procedure)"
            }
          }
        ],
        "status": "stopped",
        "medicationReference": {
          "reference": ""
        },
        "subject": {
          "reference": "urn:uuid:07cb3045-c048-480c-a3d1-a606c6f1a14e"
        },
        "context": {
          "reference": "urn:uuid:35b3b46a-f951-4bf7-a68d-9aa8ca0646fd"
        },
        "authoredOn": "2012-11-18",
        "reasonReference": [
          {
            "reference": "urn:uuid:11b45903-5ef4-4b16-8d29-4957ca91a11b"
          }
        ],
        "dosageInstruction": [
          {

          }
        ],
        "resourceType": "MedicationRequest"
      }
    },
    {
      "resource": {
        "meta": {
          "profile": [
            "http://standardhealthrecord.org/fhir/StructureDefinition/shr-medication-MedicationPrescription"
          ]
        },
        "extension": [
          {
            "url": "http://standardhealthrecord.org/fhir/StructureDefinition/shr-base-ActionCode-extension",
            "valueCodeableConcept": {
              "coding": [
                {
                  "system": "http://snomed.info/sct",
                  "code": "33633005",
                  "display": "Prescription of drug (procedure)"
                }
              ],
              "text": "Prescription of drug (procedure)"
            }
          }
        ],
        "status": "stopped",
        "medicationReference": {
          "reference": ""
        },
        "subject": {
          "reference": "urn:uuid:07cb3045-c048-480c-a3d1-a606c6f1a14e"
        },
        "context": {
          "reference": "urn:uuid:35b3b46a-f951-4bf7-a68d-9aa8ca0646fd"
        },
        "authoredOn": "2012-11-18",
        "reasonReference": [
          {
            "reference": "urn:uuid:11b45903-5ef4-4b16-8d29-4957ca91a11b"
          }
        ],
        "dosageInstruction": [
          {

          }
        ],
        "resourceType": "MedicationRequest"
      }
    },
    {
      "fullUrl": "urn:uuid:054d2571-2ca8-4c9b-a876-0e03085a8b61",
      "resource": {
        "id": "054d2571-2ca8-4c9b-a876-0e03085a8b61",
        "meta": {
          "profile": [
            "http://standardhealthrecord.org/fhir/StructureDefinition/shr-encounter-Encounter"
          ]
        },
        "status": "finished",
        "class": {
          "code": "ambulatory"
        },
        "type": [
          {
            "coding": [
              {
                "system": "http://snomed.info/sct",
                "code": "185345009"
              }
            ],
            "text": "Encounter for symptom"
          }
        ],
        "subject": {
          "reference": "urn:uuid:07cb3045-c048-480c-a3d1-a606c6f1a14e"
        },
        "period": {
          "start": "2013-05-16T01:54:58-04:00",
          "end": "2013-05-16T01:54:58-04:00"
        },
        "reason": {
          "coding": [
            {
              "system": "http://snomed.info/sct",
              "code": "195662009",
              "display": "Acute viral pharyngitis (disorder)"
            }
          ]
        },
        "serviceProvider": {
          "reference": "urn:uuid:4b4cf559-96ed-4e43-be85-7418eb55af05"
        },
        "resourceType": "Encounter"
      }
    },
    {
      "fullUrl": "urn:uuid:f77cfc27-cd5e-4d73-8bd6-d73891a60f6a",
      "resource": {
        "id": "f77cfc27-cd5e-4d73-8bd6-d73891a60f6a",
        "meta": {
          "profile": [
            "http://standardhealthrecord.org/fhir/StructureDefinition/shr-problem-Problem"
          ]
        },
        "clinicalStatus": "active",
        "verificationStatus": "confirmed",
        "code": {
          "coding": [
            {
              "system": "http://snomed.info/sct",
              "code": "195662009",
              "display": "Acute viral pharyngitis (disorder)"
            }
          ],
          "text": "Acute viral pharyngitis (disorder)"
        },
        "subject": {
          "reference": "urn:uuid:07cb3045-c048-480c-a3d1-a606c6f1a14e"
        },
        "context": {
          "reference": "urn:uuid:054d2571-2ca8-4c9b-a876-0e03085a8b61"
        },
        "onsetDateTime": "2013-05-14T22:37:20-04:00",
        "abatementDateTime": "2013-05-26T10:56:10-04:00",
        "assertedDate": "2013-05-14",
        "resourceType": "Condition"
      }
    },
    {
      "fullUrl": "urn:uuid:9c36f74b-a2be-4444-8501-2c99028ca449",
      "resource": {
        "id": "9c36f74b-a2be-4444-8501-2c99028ca449",
        "meta": {
          "profile": [
            "http://standardhealthrecord.org/fhir/StructureDefinition/shr-observation-Observation",
            "http://standardhealthrecord.org/fhir/StructureDefinition/shr-vital-VitalSign"
          ]
        },
        "status": "final",
        "category": [
          {
            "coding": [
              {
                "system": "http://hl7.org/fhir/observation-category",
                "code": "vital-signs"
              }
            ]
          }
        ],
        "code": {
          "coding": [
            {
              "system": "http://loinc.org",
              "code": "8331-1",
              "display": "Oral temperature"
            }
          ],
          "text": "Oral temperature"
        },
        "subject": {
          "reference": "urn:uuid:07cb3045-c048-480c-a3d1-a606c6f1a14e"
        },
        "context": {
          "reference": "urn:uuid:054d2571-2ca8-4c9b-a876-0e03085a8b61"
        },
        "effectiveDateTime": "2013-05-16T01:54:58-04:00",
        "issued": "2013-05-16T01:54:58-04:00",
        "valueQuantity": {
          "value": 37,
          "unit": "Cel",
          "system": "http://unitsofmeasure.org/",
          "code": "Cel"
        },
        "resourceType": "Observation"
      }
    },
    {
      "fullUrl": "urn:uuid:03bee78b-2f36-4571-941f-f0a5984ac5aa",
      "resource": {
        "id": "03bee78b-2f36-4571-941f-f0a5984ac5aa",
        "meta": {
          "profile": [
            "http://standardhealthrecord.org/fhir/StructureDefinition/shr-encounter-Encounter"
          ]
        },
        "status": "finished",
        "class": {
          "code": "outpatient"
        },
        "type": [
          {
            "coding": [
              {
                "system": "http://snomed.info/sct",
                "code": "185349003"
              }
            ],
            "text": "Outpatient Encounter"
          }
        ],
        "subject": {
          "reference": "urn:uuid:07cb3045-c048-480c-a3d1-a606c6f1a14e"
        },
        "period": {
          "start": "2015-01-17T10:40:18-05:00",
          "end": "2015-01-17T11:40:18-05:00"
        },
        "serviceProvider": {
          "reference": "urn:uuid:4b4cf559-96ed-4e43-be85-7418eb55af05"
        },
        "resourceType": "Encounter"
      }
    },
    {
      "fullUrl": "urn:uuid:5c53a5a9-86de-467b-8515-0d87d4869f49",
      "resource": {
        "id": "5c53a5a9-86de-467b-8515-0d87d4869f49",
        "meta": {
          "profile": [
            "http://standardhealthrecord.org/fhir/StructureDefinition/shr-observation-Observation",
            "http://standardhealthrecord.org/fhir/StructureDefinition/shr-vital-VitalSign",
            "http://standardhealthrecord.org/fhir/StructureDefinition/shr-vital-BodyHeight"
          ]
        },
        "status": "final",
        "category": [
          {
            "coding": [
              {
                "system": "http://hl7.org/fhir/observation-category",
                "code": "vital-signs"
              }
            ]
          }
        ],
        "code": {
          "coding": [
            {
              "system": "http://loinc.org",
              "code": "8302-2",
              "display": "Body Height"
            }
          ],
          "text": "Body Height"
        },
        "subject": {
          "reference": "urn:uuid:07cb3045-c048-480c-a3d1-a606c6f1a14e"
        },
        "context": {
          "reference": "urn:uuid:03bee78b-2f36-4571-941f-f0a5984ac5aa"
        },
        "effectiveDateTime": "2015-01-17T10:40:18-05:00",
        "issued": "2015-01-17T10:40:18-05:00",
        "valueQuantity": {
          "value": 165.50531941071606,
          "unit": "cm",
          "system": "http://unitsofmeasure.org/",
          "code": "cm"
        },
        "resourceType": "Observation"
      }
    },
    {
      "fullUrl": "urn:uuid:b342ed9b-6172-4948-b6dd-58c935763f02",
      "resource": {
        "id": "b342ed9b-6172-4948-b6dd-58c935763f02",
        "meta": {
          "profile": [
            "http://standardhealthrecord.org/fhir/StructureDefinition/shr-observation-Observation",
            "http://standardhealthrecord.org/fhir/StructureDefinition/shr-vital-VitalSign",
            "http://standardhealthrecord.org/fhir/StructureDefinition/shr-vital-BodyWeight"
          ]
        },
        "status": "final",
        "category": [
          {
            "coding": [
              {
                "system": "http://hl7.org/fhir/observation-category",
                "code": "vital-signs"
              }
            ]
          }
        ],
        "code": {
          "coding": [
            {
              "system": "http://loinc.org",
              "code": "29463-7",
              "display": "Body Weight"
            }
          ],
          "text": "Body Weight"
        },
        "subject": {
          "reference": "urn:uuid:07cb3045-c048-480c-a3d1-a606c6f1a14e"
        },
        "context": {
          "reference": "urn:uuid:03bee78b-2f36-4571-941f-f0a5984ac5aa"
        },
        "effectiveDateTime": "2015-01-17T10:40:18-05:00",
        "issued": "2015-01-17T10:40:18-05:00",
        "valueQuantity": {
          "value": 108.62663031473872,
          "unit": "kg",
          "system": "http://unitsofmeasure.org/",
          "code": "kg"
        },
        "resourceType": "Observation"
      }
    },
    {
      "fullUrl": "urn:uuid:9a845397-38a2-45d6-923d-0eae81f84ebe",
      "resource": {
        "id": "9a845397-38a2-45d6-923d-0eae81f84ebe",
        "meta": {
          "profile": [
            "http://standardhealthrecord.org/fhir/StructureDefinition/shr-observation-Observation",
            "http://standardhealthrecord.org/fhir/StructureDefinition/shr-vital-VitalSign",
            "http://standardhealthrecord.org/fhir/StructureDefinition/shr-vital-BodyMassIndex"
          ]
        },
        "status": "final",
        "category": [
          {
            "coding": [
              {
                "system": "http://hl7.org/fhir/observation-category",
                "code": "vital-signs"
              }
            ]
          }
        ],
        "code": {
          "coding": [
            {
              "system": "http://loinc.org",
              "code": "39156-5",
              "display": "Body Mass Index"
            }
          ],
          "text": "Body Mass Index"
        },
        "subject": {
          "reference": "urn:uuid:07cb3045-c048-480c-a3d1-a606c6f1a14e"
        },
        "context": {
          "reference": "urn:uuid:03bee78b-2f36-4571-941f-f0a5984ac5aa"
        },
        "effectiveDateTime": "2015-01-17T10:40:18-05:00",
        "issued": "2015-01-17T10:40:18-05:00",
        "valueQuantity": {
          "value": 39.656318513191884,
          "unit": "kg/m2",
          "system": "http://unitsofmeasure.org/",
          "code": "kg/m2"
        },
        "resourceType": "Observation"
      }
    },
    {
      "fullUrl": "urn:uuid:54648f0a-2f95-4fa0-91b6-102ad854da60",
      "resource": {
        "id": "54648f0a-2f95-4fa0-91b6-102ad854da60",
        "meta": {
          "profile": [
            "http://standardhealthrecord.org/fhir/StructureDefinition/shr-observation-Observation",
            "http://standardhealthrecord.org/fhir/StructureDefinition/shr-vital-BloodPressure"
          ]
        },
        "status": "final",
        "category": [
          {
            "coding": [
              {
                "system": "http://hl7.org/fhir/observation-category",
                "code": "vital-signs"
              }
            ]
          }
        ],
        "code": {
          "coding": [
            {
              "system": "http://loinc.org",
              "code": "55284-4",
              "display": "Blood Pressure"
            }
          ]
        },
        "subject": {
          "reference": "urn:uuid:07cb3045-c048-480c-a3d1-a606c6f1a14e"
        },
        "context": {
          "reference": "urn:uuid:03bee78b-2f36-4571-941f-f0a5984ac5aa"
        },
        "effectiveDateTime": "2015-01-17T10:40:18-05:00",
        "issued": "2015-01-17T10:40:18-05:00",
        "component": [
          {
            "code": {
              "coding": [
                {
                  "system": "http://loinc.org",
                  "code": "8480-6",
                  "display": "Systolic Blood Pressure"
                }
              ],
              "text": "Systolic Blood Pressure"
            },
            "valueQuantity": {
              "value": 113,
              "unit": "mmHg",
              "system": "http://unitsofmeasure.org/",
              "code": "mmHg"
            }
          },
          {
            "code": {
              "coding": [
                {
                  "system": "http://loinc.org",
                  "code": "8462-4",
                  "display": "Diastolic Blood Pressure"
                }
              ],
              "text": "Diastolic Blood Pressure"
            },
            "valueQuantity": {
              "value": 89,
              "unit": "mmHg",
              "system": "http://unitsofmeasure.org/",
              "code": "mmHg"
            }
          }
        ],
        "resourceType": "Observation"
      }
    },
    {
      "resource": {
        "meta": {
          "profile": [
            "http://standardhealthrecord.org/fhir/StructureDefinition/shr-immunization-Immunization"
          ]
        },
        "status": "completed",
        "notGiven": false,
        "vaccineCode": {
          "coding": [
            {
              "system": "http://hl7.org/fhir/sid/cvx",
              "code": "140",
              "display": "Influenza, seasonal, injectable, preservative free"
            }
          ],
          "text": "Influenza, seasonal, injectable, preservative free"
        },
        "patient": {
          "reference": "urn:uuid:07cb3045-c048-480c-a3d1-a606c6f1a14e"
        },
        "encounter": {
          "reference": "urn:uuid:03bee78b-2f36-4571-941f-f0a5984ac5aa"
        },
        "date": "2015-01-17T10:40:18-05:00",
        "primarySource": true,
        "resourceType": "Immunization"
      }
    },
    {
      "fullUrl": "urn:uuid:0d645289-d723-483c-a9cc-a3c7c98585e7",
      "resource": {
        "id": "0d645289-d723-483c-a9cc-a3c7c98585e7",
        "meta": {
          "profile": [
            "http://standardhealthrecord.org/fhir/StructureDefinition/shr-encounter-Encounter"
          ]
        },
        "status": "finished",
        "class": {
          "code": "emergency"
        },
        "type": [
          {
            "coding": [
              {
                "system": "http://snomed.info/sct",
                "code": "183478001"
              }
            ],
            "text": "Emergency hospital admission for asthma"
          }
        ],
        "subject": {
          "reference": "urn:uuid:07cb3045-c048-480c-a3d1-a606c6f1a14e"
        },
        "period": {
          "start": "2015-04-24T02:20:03-04:00",
          "end": "2015-04-24T02:20:03-04:00"
        },
        "reason": {
          "coding": [
            {
              "system": "http://snomed.info/sct",
              "code": "195967001",
              "display": "Asthma"
            }
          ]
        },
        "serviceProvider": {
          "reference": "urn:uuid:4b4cf559-96ed-4e43-be85-7418eb55af05"
        },
        "resourceType": "Encounter"
      }
    },
    {
      "fullUrl": "urn:uuid:b228768f-d815-4446-b5d9-ca660d90901e",
      "resource": {
        "id": "b228768f-d815-4446-b5d9-ca660d90901e",
        "meta": {
          "profile": [
            "http://standardhealthrecord.org/fhir/StructureDefinition/shr-encounter-Encounter"
          ]
        },
        "status": "finished",
        "class": {
          "code": "ambulatory"
        },
        "type": [
          {
            "coding": [
              {
                "system": "http://snomed.info/sct",
                "code": "394701000"
              }
            ],
            "text": "Asthma follow-up"
          }
        ],
        "subject": {
          "reference": "urn:uuid:07cb3045-c048-480c-a3d1-a606c6f1a14e"
        },
        "period": {
          "start": "2015-04-25T17:26:48-04:00",
          "end": "2015-04-25T17:26:48-04:00"
        },
        "reason": {
          "coding": [
            {
              "system": "http://snomed.info/sct",
              "code": "195967001",
              "display": "Asthma"
            }
          ]
        },
        "serviceProvider": {
          "reference": "urn:uuid:4b4cf559-96ed-4e43-be85-7418eb55af05"
        },
        "resourceType": "Encounter"
      }
    },
    {
      "fullUrl": "urn:uuid:9f3b09c5-be5a-4323-ac32-2c6cf913c021",
      "resource": {
        "id": "9f3b09c5-be5a-4323-ac32-2c6cf913c021",
        "meta": {
          "profile": [
            "http://standardhealthrecord.org/fhir/StructureDefinition/shr-encounter-Encounter"
          ]
        },
        "status": "finished",
        "class": {
          "code": "ambulatory"
        },
        "type": [
          {
            "coding": [
              {
                "system": "http://snomed.info/sct",
                "code": "394701000"
              }
            ],
            "text": "Asthma follow-up"
          }
        ],
        "subject": {
          "reference": "urn:uuid:07cb3045-c048-480c-a3d1-a606c6f1a14e"
        },
        "period": {
          "start": "2016-10-25T17:26:48-04:00",
          "end": "2016-10-25T17:26:48-04:00"
        },
        "reason": {
          "coding": [
            {
              "system": "http://snomed.info/sct",
              "code": "195967001",
              "display": "Asthma"
            }
          ]
        },
        "serviceProvider": {
          "reference": "urn:uuid:4b4cf559-96ed-4e43-be85-7418eb55af05"
        },
        "resourceType": "Encounter"
      }
    },
    {
      "fullUrl": "urn:uuid:837e46ed-9e04-471b-84fb-e14741e56f24",
      "resource": {
        "id": "837e46ed-9e04-471b-84fb-e14741e56f24",
        "meta": {
          "profile": [
            "http://standardhealthrecord.org/fhir/StructureDefinition/shr-encounter-Encounter"
          ]
        },
        "status": "finished",
        "class": {
          "code": "outpatient"
        },
        "type": [
          {
            "coding": [
              {
                "system": "http://snomed.info/sct",
                "code": "185345009"
              }
            ],
            "text": "Encounter for symptom"
          }
        ],
        "subject": {
          "reference": "urn:uuid:07cb3045-c048-480c-a3d1-a606c6f1a14e"
        },
        "period": {
          "start": "2017-05-07T15:22:36-04:00",
          "end": "2017-05-07T15:22:36-04:00"
        },
        "reason": {
          "coding": [
            {
              "system": "http://snomed.info/sct",
              "code": "444814009",
              "display": "Viral sinusitis (disorder)"
            }
          ]
        },
        "serviceProvider": {
          "reference": "urn:uuid:4b4cf559-96ed-4e43-be85-7418eb55af05"
        },
        "resourceType": "Encounter"
      }
    },
    {
      "fullUrl": "urn:uuid:093fff69-1a97-44f2-8173-4f3859c6cf4e",
      "resource": {
        "id": "093fff69-1a97-44f2-8173-4f3859c6cf4e",
        "meta": {
          "profile": [
            "http://standardhealthrecord.org/fhir/StructureDefinition/shr-problem-Problem"
          ]
        },
        "clinicalStatus": "active",
        "verificationStatus": "confirmed",
        "code": {
          "coding": [
            {
              "system": "http://snomed.info/sct",
              "code": "444814009",
              "display": "Viral sinusitis (disorder)"
            }
          ],
          "text": "Viral sinusitis (disorder)"
        },
        "subject": {
          "reference": "urn:uuid:07cb3045-c048-480c-a3d1-a606c6f1a14e"
        },
        "context": {
          "reference": "urn:uuid:837e46ed-9e04-471b-84fb-e14741e56f24"
        },
        "onsetDateTime": "2017-04-28T11:38:16-04:00",
        "abatementDateTime": "2017-05-19T05:45:25-04:00",
        "assertedDate": "2017-04-28",
        "resourceType": "Condition"
      }
    }
  ],
  "resourceType": "Bundle"
}