{
  "type": "collection",
  "entry": [
    {
      "fullUrl": "urn:uuid:ba196ba3-d4f2-438c-ab3d-9a7ca7f7f507",
      "resource": {
        "id": "ba196ba3-d4f2-438c-ab3d-9a7ca7f7f507",
        "meta": {
          "profile": [
            "http://standardhealthrecord.org/fhir/StructureDefinition/shr-demographics-PersonOfRecord"
          ]
        },
        "text": {
          "status": "generated",
          "div": "<div>Generated by <a href=\"https://github.com/synthetichealth/synthea\">Synthea</a>. Version identifier: 4d02400401b9fab839e47bf5b2f1f6a8c683ab55</div>"
        },
        "extension": [
          {
            "url": "http://hl7.org/fhir/us/core/StructureDefinition/us-core-race",
            "valueCodeableConcept": {
              "coding": [
                {
                  "system": "http://hl7.org/fhir/v3/Race",
                  "code": "2131-1",
                  "display": "Other"
                }
              ],
              "text": "race"
            }
          },
          {
            "url": "http://hl7.org/fhir/us/core/StructureDefinition/us-core-ethnicity",
            "valueCodeableConcept": {
              "coding": [
                {
                  "system": "http://hl7.org/fhir/v3/Ethnicity",
                  "code": "2155-0",
                  "display": "Central_american"
                }
              ],
              "text": "ethnicity"
            }
          },
          {
            "url": "http://hl7.org/fhir/StructureDefinition/birthPlace",
            "valueAddress": {
              "city": "Haverhill",
              "state": "MA",
              "country": "US"
            }
          },
          {
            "url": "http://hl7.org/fhir/StructureDefinition/patient-mothersMaidenName",
            "valueString": "Marcus845 Olson699"
          },
          {
            "url": "http://hl7.org/fhir/us/core/StructureDefinition/us-core-birthsex",
            "valueCode": "M"
          },
          {
            "url": "http://hl7.org/fhir/StructureDefinition/patient-interpreterRequired",
            "valueBoolean": false
          },
          {
            "url": "http://standardhealthrecord.org/fhir/StructureDefinition/shr-actor-FictionalPerson-extension",
            "valueBoolean": true
          },
          {
            "url": "http://standardhealthrecord.org/fhir/StructureDefinition/shr-demographics-FathersName-extension",
            "valueHumanName": {
              "text": "Sally855 Abbott992"
            }
          },
          {
            "url": "http://standardhealthrecord.org/fhir/StructureDefinition/shr-demographics-SocialSecurityNumber-extension",
            "valueString": "999-47-8198"
          }
        ],
        "identifier": [
          {
            "system": "https://github.com/synthetichealth/synthea",
            "value": "1045ed77-c4bb-4d25-822d-506114b8bb72"
          },
          {
            "type": {
              "coding": [
                {
                  "system": "http://hl7.org/fhir/identifier-type",
                  "code": "SB"
                }
              ]
            },
            "system": "http://hl7.org/fhir/sid/us-ssn",
            "value": "999478198"
          },
          {
            "type": {
              "coding": [
                {
                  "system": "http://hl7.org/fhir/v2/0203",
                  "code": "DL"
                }
              ]
            },
            "system": "urn:oid:2.16.840.1.113883.4.3.25",
            "value": "S99946758"
          }
        ],
        "name": [
          {
            "use": "official",
            "family": "Abbott992",
            "given": [
              "Kaya977"
            ],
            "prefix": [
              "Mr."
            ]
          }
        ],
        "telecom": [
          {
            "system": "phone",
            "value": "(167) 145-5304",
            "use": "home"
          }
        ],
        "gender": "male",
        "birthDate": "1916-02-13",
        "deceasedDateTime": "1991-03-31T21:14:09-05:00",
        "address": [
          {
            "extension": [
              {
                "extension": [
                  {
                    "url": "latitude",
                    "valueDecimal": 42.1729083464822
                  },
                  {
                    "url": "longitude",
                    "valueDecimal": -71.07183857937073
                  }
                ],
                "url": "http://hl7.org/fhir/StructureDefinition/geolocation"
              }
            ],
            "line": [
              "142 Konopelski Terrace",
              "Apt. 236"
            ],
            "city": "Randolph",
            "state": "MA",
            "postalCode": "02368",
            "country": "US"
          }
        ],
        "maritalStatus": {
          "coding": [
            {
              "system": "http://hl7.org/fhir/v3/MaritalStatus",
              "code": "M"
            }
          ],
          "text": "M"
        },
        "multipleBirthBoolean": false,
        "communication": [
          {
            "language": {
              "coding": [
                {
                  "system": "http://hl7.org/fhir/ValueSet/languages",
                  "code": "es",
                  "display": "Spanish"
                }
              ]
            }
          }
        ],
        "resourceType": "Patient"
      }
    },
    {
      "fullUrl": "urn:uuid:18f91233-6f80-49e6-a20c-a980288a2de8",
      "resource": {
        "id": "18f91233-6f80-49e6-a20c-a980288a2de8",
        "meta": {
          "profile": [
            "http://standardhealthrecord.org/fhir/StructureDefinition/shr-actor-Organization"
          ]
        },
        "type": [
          {
            "coding": [
              {
                "system": "http://hl7.org/fhir/ValueSet/organization-type",
                "code": "prov",
                "display": "Healthcare Provider"
              }
            ],
            "text": "Healthcare Provider"
          }
        ],
        "name": "Synthetic Provider",
        "resourceType": "Organization"
      }
    },
    {
      "fullUrl": "urn:uuid:54b4cea6-915d-4382-b25a-6377699d6de5",
      "resource": {
        "id": "54b4cea6-915d-4382-b25a-6377699d6de5",
        "meta": {
          "profile": [
            "http://standardhealthrecord.org/fhir/StructureDefinition/shr-encounter-Encounter"
          ]
        },
        "status": "finished",
        "class": {
          "code": "ambulatory"
        },
        "type": [
          {
            "coding": [
              {
                "system": "http://snomed.info/sct",
                "code": "308646001"
              }
            ],
            "text": "Death Certification"
          }
        ],
        "subject": {
          "reference": "urn:uuid:ba196ba3-d4f2-438c-ab3d-9a7ca7f7f507"
        },
        "period": {
          "start": "1991-03-31T21:14:09-05:00",
          "end": "1991-03-31T21:29:09-05:00"
        },
        "serviceProvider": {
          "reference": "urn:uuid:18f91233-6f80-49e6-a20c-a980288a2de8"
        },
        "resourceType": "Encounter"
      }
    },
    {
      "fullUrl": "urn:uuid:fccadcf9-a161-48fa-b081-2db1bf8ea5af",
      "resource": {
        "id": "fccadcf9-a161-48fa-b081-2db1bf8ea5af",
        "meta": {
          "profile": [
            "http://standardhealthrecord.org/fhir/StructureDefinition/shr-problem-Problem"
          ]
        },
        "clinicalStatus": "active",
        "verificationStatus": "confirmed",
        "code": {
          "coding": [
            {
              "system": "http://snomed.info/sct",
              "code": "40055000",
              "display": "Chronic sinusitis (disorder)"
            }
          ],
          "text": "Chronic sinusitis (disorder)"
        },
        "subject": {
          "reference": "urn:uuid:ba196ba3-d4f2-438c-ab3d-9a7ca7f7f507"
        },
        "context": {
          "reference": "urn:uuid:54b4cea6-915d-4382-b25a-6377699d6de5"
        },
        "onsetDateTime": "1923-10-12T14:34:23-05:00",
        "assertedDate": "1923-10-12",
        "resourceType": "Condition"
      }
    },
    {
      "fullUrl": "urn:uuid:fe48bb36-de72-4428-ab11-1864ae9799e1",
      "resource": {
        "id": "fe48bb36-de72-4428-ab11-1864ae9799e1",
        "meta": {
          "profile": [
            "http://standardhealthrecord.org/fhir/StructureDefinition/shr-problem-Problem"
          ]
        },
        "clinicalStatus": "active",
        "verificationStatus": "confirmed",
        "code": {
          "coding": [
            {
              "system": "http://snomed.info/sct",
              "code": "38341003",
              "display": "Hypertension"
            }
          ],
          "text": "Hypertension"
        },
        "subject": {
          "reference": "urn:uuid:ba196ba3-d4f2-438c-ab3d-9a7ca7f7f507"
        },
        "context": {
          "reference": "urn:uuid:54b4cea6-915d-4382-b25a-6377699d6de5"
        },
        "onsetDateTime": "1934-11-24T23:07:56-05:00",
        "assertedDate": "1934-11-24",
        "resourceType": "Condition"
      }
    },
    {
      "fullUrl": "urn:uuid:31db8bb1-a9dc-450d-9503-c2a4660dc6b4",
      "resource": {
        "id": "31db8bb1-a9dc-450d-9503-c2a4660dc6b4",
        "meta": {
          "profile": [
            "http://standardhealthrecord.org/fhir/StructureDefinition/shr-problem-Problem"
          ]
        },
        "clinicalStatus": "active",
        "verificationStatus": "confirmed",
        "code": {
          "coding": [
            {
              "system": "http://snomed.info/sct",
              "code": "201834006",
              "display": "Localized, primary osteoarthritis of the hand"
            }
          ],
          "text": "Localized, primary osteoarthritis of the hand"
        },
        "subject": {
          "reference": "urn:uuid:ba196ba3-d4f2-438c-ab3d-9a7ca7f7f507"
        },
        "context": {
          "reference": "urn:uuid:54b4cea6-915d-4382-b25a-6377699d6de5"
        },
        "onsetDateTime": "1969-10-23T00:38:44-04:00",
        "assertedDate": "1969-10-23",
        "resourceType": "Condition"
      }
    },
    {
      "fullUrl": "urn:uuid:d0782770-d282-478d-b3e7-792245dde01c",
      "resource": {
        "id": "d0782770-d282-478d-b3e7-792245dde01c",
        "meta": {
          "profile": [
            "http://standardhealthrecord.org/fhir/StructureDefinition/shr-problem-Problem"
          ]
        },
        "clinicalStatus": "active",
        "verificationStatus": "confirmed",
        "code": {
          "coding": [
            {
              "system": "http://snomed.info/sct",
              "code": "230690007",
              "display": "Stroke"
            }
          ],
          "text": "Stroke"
        },
        "subject": {
          "reference": "urn:uuid:ba196ba3-d4f2-438c-ab3d-9a7ca7f7f507"
        },
        "context": {
          "reference": "urn:uuid:54b4cea6-915d-4382-b25a-6377699d6de5"
        },
        "onsetDateTime": "1979-09-02T20:09:45-04:00",
        "assertedDate": "1979-09-02",
        "resourceType": "Condition"
      }
    },
    {
      "fullUrl": "urn:uuid:4bb5dc72-58d6-47e1-8015-92e9567f1f2e",
      "resource": {
        "id": "4bb5dc72-58d6-47e1-8015-92e9567f1f2e",
        "meta": {
          "profile": [
            "http://standardhealthrecord.org/fhir/StructureDefinition/shr-problem-Problem"
          ]
        },
        "clinicalStatus": "active",
        "verificationStatus": "confirmed",
        "code": {
          "coding": [
            {
              "system": "http://snomed.info/sct",
              "code": "87433001",
              "display": "Pulmonary emphysema (disorder)"
            }
          ],
          "text": "Pulmonary emphysema (disorder)"
        },
        "subject": {
          "reference": "urn:uuid:ba196ba3-d4f2-438c-ab3d-9a7ca7f7f507"
        },
        "context": {
          "reference": "urn:uuid:54b4cea6-915d-4382-b25a-6377699d6de5"
        },
        "onsetDateTime": "1989-05-27T13:14:03-04:00",
        "assertedDate": "1989-05-27",
        "resourceType": "Condition"
      }
    },
    {
      "fullUrl": "urn:uuid:abbf0935-baa8-4544-bb80-0645c876fdf8",
      "resource": {
        "id": "abbf0935-baa8-4544-bb80-0645c876fdf8",
        "meta": {
          "profile": [
            "http://standardhealthrecord.org/fhir/StructureDefinition/shr-observation-Observation"
          ]
        },
        "status": "final",
        "category": [
          {
            "coding": [
              {
                "system": "http://hl7.org/fhir/observation-category"
              }
            ]
          }
        ],
        "code": {
          "coding": [
            {
              "system": "http://loinc.org",
              "code": "69453-9",
              "display": "Cause of Death [US Standard Certificate of Death]"
            }
          ],
          "text": "Cause of Death [US Standard Certificate of Death]"
        },
        "subject": {
          "reference": "urn:uuid:ba196ba3-d4f2-438c-ab3d-9a7ca7f7f507"
        },
        "context": {
          "reference": "urn:uuid:54b4cea6-915d-4382-b25a-6377699d6de5"
        },
        "effectiveDateTime": "1991-03-31T21:14:09-05:00",
        "issued": "1991-03-31T21:14:09-05:00",
        "valueCodeableConcept": {
          "coding": [
            {
              "system": "http://snomed.info/sct",
              "code": "87433001",
              "display": "Pulmonary emphysema (disorder)"
            }
          ],
          "text": "Pulmonary emphysema (disorder)"
        },
        "resourceType": "Observation"
      }
    },
    {
      "fullUrl": "urn:uuid:cfb03883-9e4c-42c7-8546-8a1a1187362f",
      "resource": {
        "id": "cfb03883-9e4c-42c7-8546-8a1a1187362f",
        "meta": {
          "profile": [
            "http://standardhealthrecord.org/fhir/StructureDefinition/shr-observation-Panel"
          ]
        },
        "status": "final",
        "code": {
          "coding": [
            {
              "system": "http://loinc.org",
              "code": "69409-1",
              "display": "U.S. standard certificate of death - 2003 revision"
            }
          ]
        },
        "subject": {
          "reference": "urn:uuid:ba196ba3-d4f2-438c-ab3d-9a7ca7f7f507"
        },
        "context": {
          "reference": "urn:uuid:54b4cea6-915d-4382-b25a-6377699d6de5"
        },
        "effectiveDateTime": "1991-03-31T21:14:09-05:00",
        "issued": "1991-03-31T21:14:09-05:00",
        "result": [
          {
            "reference": "urn:uuid:abbf0935-baa8-4544-bb80-0645c876fdf8",
            "display": "Cause of Death [US Standard Certificate of Death]"
          }
        ],
        "resourceType": "DiagnosticReport"
      }
    },
    {
      "resource": {
        "status": "completed",
        "category": [
          {
            "coding": [
              {
                "system": "http://snomed.info/sct",
                "code": "872781000000100",
                "display": "Musculoskeletal care"
              }
            ]
          }
        ],
        "subject": {
          "reference": "urn:uuid:ba196ba3-d4f2-438c-ab3d-9a7ca7f7f507"
        },
        "context": {
          "reference": "urn:uuid:54b4cea6-915d-4382-b25a-6377699d6de5"
        },
        "period": {
          "start": "1937-09-19",
          "end": "1937-10-22"
        },
        "activity": [
          {
            "detail": {
              "code": {
                "coding": [
                  {
                    "system": "http://snomed.info/sct",
                    "code": "266694003",
                    "display": "Heat therapy"
                  }
                ]
              },
              "status": "completed"
            }
          },
          {
            "detail": {
              "code": {
                "coding": [
                  {
                    "system": "http://snomed.info/sct",
                    "code": "183051005",
                    "display": "Recommendation to rest"
                  }
                ]
              },
              "status": "completed"
            }
          }
        ],
        "resourceType": "CarePlan"
      }
    },
    {
      "resource": {
        "status": "completed",
        "category": [
          {
            "coding": [
              {
                "system": "http://snomed.info/sct",
                "code": "872781000000100",
                "display": "Musculoskeletal care"
              }
            ]
          }
        ],
        "subject": {
          "reference": "urn:uuid:ba196ba3-d4f2-438c-ab3d-9a7ca7f7f507"
        },
        "context": {
          "reference": "urn:uuid:54b4cea6-915d-4382-b25a-6377699d6de5"
        },
        "period": {
          "start": "1969-10-23",
          "end": "1984-03-28"
        },
        "addresses": [
          {
            "reference": "urn:uuid:31db8bb1-a9dc-450d-9503-c2a4660dc6b4"
          }
        ],
        "activity": [
          {
            "detail": {
              "code": {
                "coding": [
                  {
                    "system": "http://snomed.info/sct",
                    "code": "872781000000100",
                    "display": "Joint mobility exercises"
                  }
                ]
              },
              "status": "completed"
            }
          },
          {
            "detail": {
              "code": {
                "coding": [
                  {
                    "system": "http://snomed.info/sct",
                    "code": "266694003",
                    "display": "Heat therapy"
                  }
                ]
              },
              "status": "completed"
            }
          }
        ],
        "resourceType": "CarePlan"
      }
    },
    {
      "resource": {
        "status": "active",
        "category": [
          {
            "coding": [
              {
                "system": "http://snomed.info/sct",
                "code": "698358001",
                "display": "Angina self management plan"
              }
            ]
          }
        ],
        "subject": {
          "reference": "urn:uuid:ba196ba3-d4f2-438c-ab3d-9a7ca7f7f507"
        },
        "context": {
          "reference": "urn:uuid:54b4cea6-915d-4382-b25a-6377699d6de5"
        },
        "period": {
          "start": "1980-03-20"
        },
        "addresses": [
          {
            "reference": "urn:uuid:d0782770-d282-478d-b3e7-792245dde01c"
          }
        ],
        "activity": [
          {
            "detail": {
              "code": {
                "coding": [
                  {
                    "system": "http://snomed.info/sct",
                    "code": "229065009",
                    "display": "Exercise therapy"
                  }
                ]
              },
              "status": "in-progress"
            }
          },
          {
            "detail": {
              "code": {
                "coding": [
                  {
                    "system": "http://snomed.info/sct",
                    "code": "226060000",
                    "display": "Stress management"
                  }
                ]
              },
              "status": "in-progress"
            }
          },
          {
            "detail": {
              "code": {
                "coding": [
                  {
                    "system": "http://snomed.info/sct",
                    "code": "710081004",
                    "display": "Smoking cessation therapy"
                  }
                ]
              },
              "status": "in-progress"
            }
          },
          {
            "detail": {
              "code": {
                "coding": [
                  {
                    "system": "http://snomed.info/sct",
                    "code": "226234005",
                    "display": "Healthy diet"
                  }
                ]
              },
              "status": "in-progress"
            }
          }
        ],
        "resourceType": "CarePlan"
      }
    },
    {
      "resource": {
        "status": "active",
        "category": [
          {
            "coding": [
              {
                "system": "http://snomed.info/sct",
                "code": "872781000000100",
                "display": "Musculoskeletal care"
              }
            ]
          }
        ],
        "subject": {
          "reference": "urn:uuid:ba196ba3-d4f2-438c-ab3d-9a7ca7f7f507"
        },
        "context": {
          "reference": "urn:uuid:54b4cea6-915d-4382-b25a-6377699d6de5"
        },
        "period": {
          "start": "1984-02-26"
        },
        "activity": [
          {
            "detail": {
              "code": {
                "coding": [
                  {
                    "system": "http://snomed.info/sct",
                    "code": "266694003",
                    "display": "Heat therapy"
                  }
                ]
              },
              "status": "in-progress"
            }
          },
          {
            "detail": {
              "code": {
                "coding": [
                  {
                    "system": "http://snomed.info/sct",
                    "code": "183051005",
                    "display": "Recommendation to rest"
                  }
                ]
              },
              "status": "in-progress"
            }
          }
        ],
        "resourceType": "CarePlan"
      }
    },
    {
      "resource": {
        "status": "active",
        "category": [
          {
            "coding": [
              {
                "system": "http://snomed.info/sct",
                "code": "412776001",
                "display": "Chronic obstructive pulmonary disease clinical management plan"
              }
            ]
          }
        ],
        "subject": {
          "reference": "urn:uuid:ba196ba3-d4f2-438c-ab3d-9a7ca7f7f507"
        },
        "context": {
          "reference": "urn:uuid:54b4cea6-915d-4382-b25a-6377699d6de5"
        },
        "period": {
          "start": "1989-05-27"
        },
        "addresses": [
          {
            "reference": "urn:uuid:4bb5dc72-58d6-47e1-8015-92e9567f1f2e"
          }
        ],
        "activity": [
          {
            "detail": {
              "code": {
                "coding": [
                  {
                    "system": "http://snomed.info/sct",
                    "code": "229065009",
                    "display": "Exercise therapy"
                  }
                ]
              },
              "status": "in-progress"
            }
          },
          {
            "detail": {
              "code": {
                "coding": [
                  {
                    "system": "http://snomed.info/sct",
                    "code": "15081005",
                    "display": "Pulmonary rehabilitation (regime/therapy)"
                  }
                ]
              },
              "status": "in-progress"
            }
          }
        ],
        "resourceType": "CarePlan"
      }
    },
    {
      "resource": {
        "meta": {
          "profile": [
            "http://standardhealthrecord.org/fhir/StructureDefinition/shr-medication-Medication"
          ]
        },
        "code": {
          "coding": [
            {
              "system": "http://www.nlm.nih.gov/research/umls/rxnorm",
              "code": "834060",
              "display": "Penicillin V Potassium 250 MG"
            }
          ],
          "text": "Penicillin V Potassium 250 MG"
        },
        "resourceType": "Medication"
      }
    },
    {
      "resource": {
        "meta": {
          "profile": [
            "http://standardhealthrecord.org/fhir/StructureDefinition/shr-medication-MedicationPrescription"
          ]
        },
        "extension": [
          {
            "url": "http://standardhealthrecord.org/fhir/StructureDefinition/shr-base-ActionCode-extension",
            "valueCodeableConcept": {
              "coding": [
                {
                  "system": "http://snomed.info/sct",
                  "code": "33633005",
                  "display": "Prescription of drug (procedure)"
                }
              ],
              "text": "Prescription of drug (procedure)"
            }
          }
        ],
        "status": "active",
        "medicationReference": {
          "reference": ""
        },
        "subject": {
          "reference": "urn:uuid:ba196ba3-d4f2-438c-ab3d-9a7ca7f7f507"
        },
        "context": {
          "reference": "urn:uuid:54b4cea6-915d-4382-b25a-6377699d6de5"
        },
        "authoredOn": "1923-10-23",
        "dosageInstruction": [
          {

          }
        ],
        "resourceType": "MedicationRequest"
      }
    },
    {
      "resource": {
        "meta": {
          "profile": [
            "http://standardhealthrecord.org/fhir/StructureDefinition/shr-medication-MedicationPrescription"
          ]
        },
        "extension": [
          {
            "url": "http://standardhealthrecord.org/fhir/StructureDefinition/shr-base-ActionCode-extension",
            "valueCodeableConcept": {
              "coding": [
                {
                  "system": "http://snomed.info/sct",
                  "code": "33633005",
                  "display": "Prescription of drug (procedure)"
                }
              ],
              "text": "Prescription of drug (procedure)"
            }
          }
        ],
        "status": "active",
        "medicationReference": {
          "reference": ""
        },
        "subject": {
          "reference": "urn:uuid:ba196ba3-d4f2-438c-ab3d-9a7ca7f7f507"
        },
        "context": {
          "reference": "urn:uuid:54b4cea6-915d-4382-b25a-6377699d6de5"
        },
        "authoredOn": "1925-03-06",
        "dosageInstruction": [
          {

          }
        ],
        "resourceType": "MedicationRequest"
      }
    },
    {
      "resource": {
        "meta": {
          "profile": [
            "http://standardhealthrecord.org/fhir/StructureDefinition/shr-medication-Medication"
          ]
        },
        "code": {
          "coding": [
            {
              "system": "http://www.nlm.nih.gov/research/umls/rxnorm",
              "code": "849727",
              "display": "Naproxen sodium 220 MG [Aleve]"
            }
          ],
          "text": "Naproxen sodium 220 MG [Aleve]"
        },
        "resourceType": "Medication"
      }
    },
    {
      "resource": {
        "meta": {
          "profile": [
            "http://standardhealthrecord.org/fhir/StructureDefinition/shr-medication-MedicationPrescription"
          ]
        },
        "extension": [
          {
            "url": "http://standardhealthrecord.org/fhir/StructureDefinition/shr-base-ActionCode-extension",
            "valueCodeableConcept": {
              "coding": [
                {
                  "system": "http://snomed.info/sct",
                  "code": "33633005",
                  "display": "Prescription of drug (procedure)"
                }
              ],
              "text": "Prescription of drug (procedure)"
            }
          }
        ],
        "status": "active",
        "medicationReference": {
          "reference": ""
        },
        "subject": {
          "reference": "urn:uuid:ba196ba3-d4f2-438c-ab3d-9a7ca7f7f507"
        },
        "context": {
          "reference": "urn:uuid:54b4cea6-915d-4382-b25a-6377699d6de5"
        },
        "authoredOn": "1969-10-23",
        "reasonReference": [
          {
            "reference": "urn:uuid:31db8bb1-a9dc-450d-9503-c2a4660dc6b4"
          }
        ],
        "dosageInstruction": [
          {

          }
        ],
        "resourceType": "MedicationRequest"
      }
    },
    {
      "resource": {
        "meta": {
          "profile": [
            "http://standardhealthrecord.org/fhir/StructureDefinition/shr-medication-Medication"
          ]
        },
        "code": {
          "coding": [
            {
              "system": "http://www.nlm.nih.gov/research/umls/rxnorm",
              "code": "896188",
              "display": "Fluticasone propionate 0.25 MG/ACTUAT / salmeterol 0.05 MG/ACTUAT [Advair]"
            }
          ],
          "text": "Fluticasone propionate 0.25 MG/ACTUAT / salmeterol 0.05 MG/ACTUAT [Advair]"
        },
        "resourceType": "Medication"
      }
    },
    {
      "resource": {
        "meta": {
          "profile": [
            "http://standardhealthrecord.org/fhir/StructureDefinition/shr-medication-MedicationPrescription"
          ]
        },
        "extension": [
          {
            "url": "http://standardhealthrecord.org/fhir/StructureDefinition/shr-base-ActionCode-extension",
            "valueCodeableConcept": {
              "coding": [
                {
                  "system": "http://snomed.info/sct",
                  "code": "33633005",
                  "display": "Prescription of drug (procedure)"
                }
              ],
              "text": "Prescription of drug (procedure)"
            }
          }
        ],
        "status": "active",
        "medicationReference": {
          "reference": ""
        },
        "subject": {
          "reference": "urn:uuid:ba196ba3-d4f2-438c-ab3d-9a7ca7f7f507"
        },
        "context": {
          "reference": "urn:uuid:54b4cea6-915d-4382-b25a-6377699d6de5"
        },
        "authoredOn": "1989-11-05",
        "reasonReference": [
          {
            "reference": "urn:uuid:4bb5dc72-58d6-47e1-8015-92e9567f1f2e"
          }
        ],
        "dosageInstruction": [
          {

          }
        ],
        "resourceType": "MedicationRequest"
      }
    }
  ],
  "resourceType": "Bundle"
}