{
  "type": "collection",
  "entry": [
    {
      "fullUrl": "urn:uuid:a5c130b6-142b-4cc7-8008-4f17a088d8fd",
      "resource": {
        "id": "a5c130b6-142b-4cc7-8008-4f17a088d8fd",
        "meta": {
          "profile": [
            "http://standardhealthrecord.org/fhir/StructureDefinition/shr-demographics-PersonOfRecord"
          ]
        },
        "text": {
          "status": "generated",
          "div": "<div>Generated by <a href=\"https://github.com/synthetichealth/synthea\">Synthea</a>. Version identifier: 4d02400401b9fab839e47bf5b2f1f6a8c683ab55</div>"
        },
        "extension": [
          {
            "url": "http://hl7.org/fhir/us/core/StructureDefinition/us-core-race",
            "valueCodeableConcept": {
              "coding": [
                {
                  "system": "http://hl7.org/fhir/v3/Race",
                  "code": "2106-3",
                  "display": "White"
                }
              ],
              "text": "race"
            }
          },
          {
            "url": "http://hl7.org/fhir/us/core/StructureDefinition/us-core-ethnicity",
            "valueCodeableConcept": {
              "coding": [
                {
                  "system": "http://hl7.org/fhir/v3/Ethnicity",
                  "code": "2186-5",
                  "display": "Nonhispanic"
                }
              ],
              "text": "ethnicity"
            }
          },
          {
            "url": "http://hl7.org/fhir/StructureDefinition/birthPlace",
            "valueAddress": {
              "city": "Cambridge",
              "state": "MA",
              "country": "US"
            }
          },
          {
            "url": "http://hl7.org/fhir/StructureDefinition/patient-mothersMaidenName",
            "valueString": "Tabitha205 Kovacek199"
          },
          {
            "url": "http://hl7.org/fhir/us/core/StructureDefinition/us-core-birthsex",
            "valueCode": "M"
          },
          {
            "url": "http://hl7.org/fhir/StructureDefinition/patient-interpreterRequired",
            "valueBoolean": false
          },
          {
            "url": "http://standardhealthrecord.org/fhir/StructureDefinition/shr-actor-FictionalPerson-extension",
            "valueBoolean": true
          },
          {
            "url": "http://standardhealthrecord.org/fhir/StructureDefinition/shr-demographics-FathersName-extension",
            "valueHumanName": {
              "text": "Giles304 Abbott992"
            }
          },
          {
            "url": "http://standardhealthrecord.org/fhir/StructureDefinition/shr-demographics-SocialSecurityNumber-extension",
            "valueString": "999-69-9685"
          }
        ],
        "identifier": [
          {
            "system": "https://github.com/synthetichealth/synthea",
            "value": "57fa2200-f8dc-40ca-9eae-9fc11083f889"
          },
          {
            "type": {
              "coding": [
                {
                  "system": "http://hl7.org/fhir/identifier-type",
                  "code": "SB"
                }
              ]
            },
            "system": "http://hl7.org/fhir/sid/us-ssn",
            "value": "999699685"
          },
          {
            "type": {
              "coding": [
                {
                  "system": "http://hl7.org/fhir/v2/0203",
                  "code": "DL"
                }
              ]
            },
            "system": "urn:oid:2.16.840.1.113883.4.3.25",
            "value": "S99995023"
          }
        ],
        "name": [
          {
            "use": "official",
            "family": "Abbott992",
            "given": [
              "Rebeca442"
            ],
            "prefix": [
              "Mr."
            ]
          }
        ],
        "telecom": [
          {
            "system": "phone",
            "value": "372.791.2612",
            "use": "home"
          }
        ],
        "gender": "male",
        "birthDate": "1962-07-04",
        "address": [
          {
            "extension": [
              {
                "extension": [
                  {
                    "url": "latitude",
                    "valueDecimal": 41.98247479399861
                  },
                  {
                    "url": "longitude",
                    "valueDecimal": -70.8772033993893
                  }
                ],
                "url": "http://hl7.org/fhir/StructureDefinition/geolocation"
              }
            ],
            "line": [
              "9152 Osinski Trafficway"
            ],
            "city": "Halifax",
            "state": "MA",
            "postalCode": "02338",
            "country": "US"
          }
        ],
        "maritalStatus": {
          "coding": [
            {
              "system": "http://hl7.org/fhir/v3/MaritalStatus",
              "code": "M"
            }
          ],
          "text": "M"
        },
        "multipleBirthBoolean": false,
        "communication": [
          {
            "language": {
              "coding": [
                {
                  "system": "http://hl7.org/fhir/ValueSet/languages",
                  "code": "en-US",
                  "display": "English (United States)"
                }
              ]
            }
          }
        ],
        "resourceType": "Patient"
      }
    },
    {
      "fullUrl": "urn:uuid:a317e329-6519-493a-b249-5d7ddd5562a4",
      "resource": {
        "id": "a317e329-6519-493a-b249-5d7ddd5562a4",
        "meta": {
          "profile": [
            "http://standardhealthrecord.org/fhir/StructureDefinition/shr-actor-Organization"
          ]
        },
        "type": [
          {
            "coding": [
              {
                "system": "http://hl7.org/fhir/ValueSet/organization-type",
                "code": "prov",
                "display": "Healthcare Provider"
              }
            ],
            "text": "Healthcare Provider"
          }
        ],
        "name": "Synthetic Provider",
        "resourceType": "Organization"
      }
    },
    {
      "fullUrl": "urn:uuid:60dfad68-0009-45a3-84d2-e478636e5cf2",
      "resource": {
        "id": "60dfad68-0009-45a3-84d2-e478636e5cf2",
        "meta": {
          "profile": [
            "http://standardhealthrecord.org/fhir/StructureDefinition/shr-encounter-Encounter"
          ]
        },
        "status": "finished",
        "class": {
          "code": "outpatient"
        },
        "type": [
          {
            "coding": [
              {
                "system": "http://snomed.info/sct",
                "code": "185349003"
              }
            ],
            "text": "Outpatient Encounter"
          }
        ],
        "subject": {
          "reference": "urn:uuid:a5c130b6-142b-4cc7-8008-4f17a088d8fd"
        },
        "period": {
          "start": "2011-08-16T03:10:41-04:00",
          "end": "2011-08-16T04:10:41-04:00"
        },
        "serviceProvider": {
          "reference": "urn:uuid:a317e329-6519-493a-b249-5d7ddd5562a4"
        },
        "resourceType": "Encounter"
      }
    },
    {
      "fullUrl": "urn:uuid:15ede1b9-4032-4bce-88c9-eb649b2e2528",
      "resource": {
        "id": "15ede1b9-4032-4bce-88c9-eb649b2e2528",
        "meta": {
          "profile": [
            "http://standardhealthrecord.org/fhir/StructureDefinition/shr-problem-Problem"
          ]
        },
        "clinicalStatus": "active",
        "verificationStatus": "confirmed",
        "code": {
          "coding": [
            {
              "system": "http://snomed.info/sct",
              "code": "40055000",
              "display": "Chronic sinusitis (disorder)"
            }
          ],
          "text": "Chronic sinusitis (disorder)"
        },
        "subject": {
          "reference": "urn:uuid:a5c130b6-142b-4cc7-8008-4f17a088d8fd"
        },
        "context": {
          "reference": "urn:uuid:60dfad68-0009-45a3-84d2-e478636e5cf2"
        },
        "onsetDateTime": "1984-05-20T21:17:12-04:00",
        "assertedDate": "1984-05-20",
        "resourceType": "Condition"
      }
    },
    {
      "fullUrl": "urn:uuid:24e0cca3-113a-4a32-87ec-faceaa71c83e",
      "resource": {
        "id": "24e0cca3-113a-4a32-87ec-faceaa71c83e",
        "meta": {
          "profile": [
            "http://standardhealthrecord.org/fhir/StructureDefinition/shr-observation-Observation",
            "http://standardhealthrecord.org/fhir/StructureDefinition/shr-vital-VitalSign",
            "http://standardhealthrecord.org/fhir/StructureDefinition/shr-vital-BodyHeight"
          ]
        },
        "status": "final",
        "category": [
          {
            "coding": [
              {
                "system": "http://hl7.org/fhir/observation-category",
                "code": "vital-signs"
              }
            ]
          }
        ],
        "code": {
          "coding": [
            {
              "system": "http://loinc.org",
              "code": "8302-2",
              "display": "Body Height"
            }
          ],
          "text": "Body Height"
        },
        "subject": {
          "reference": "urn:uuid:a5c130b6-142b-4cc7-8008-4f17a088d8fd"
        },
        "context": {
          "reference": "urn:uuid:60dfad68-0009-45a3-84d2-e478636e5cf2"
        },
        "effectiveDateTime": "2011-08-16T03:10:41-04:00",
        "issued": "2011-08-16T03:10:41-04:00",
        "valueQuantity": {
          "value": 164.39365855547038,
          "unit": "cm",
          "system": "http://unitsofmeasure.org/",
          "code": "cm"
        },
        "resourceType": "Observation"
      }
    },
    {
      "fullUrl": "urn:uuid:b2558fe5-90be-4354-b501-b05b8196c352",
      "resource": {
        "id": "b2558fe5-90be-4354-b501-b05b8196c352",
        "meta": {
          "profile": [
            "http://standardhealthrecord.org/fhir/StructureDefinition/shr-observation-Observation",
            "http://standardhealthrecord.org/fhir/StructureDefinition/shr-vital-VitalSign",
            "http://standardhealthrecord.org/fhir/StructureDefinition/shr-vital-BodyWeight"
          ]
        },
        "status": "final",
        "category": [
          {
            "coding": [
              {
                "system": "http://hl7.org/fhir/observation-category",
                "code": "vital-signs"
              }
            ]
          }
        ],
        "code": {
          "coding": [
            {
              "system": "http://loinc.org",
              "code": "29463-7",
              "display": "Body Weight"
            }
          ],
          "text": "Body Weight"
        },
        "subject": {
          "reference": "urn:uuid:a5c130b6-142b-4cc7-8008-4f17a088d8fd"
        },
        "context": {
          "reference": "urn:uuid:60dfad68-0009-45a3-84d2-e478636e5cf2"
        },
        "effectiveDateTime": "2011-08-16T03:10:41-04:00",
        "issued": "2011-08-16T03:10:41-04:00",
        "valueQuantity": {
          "value": 116.37646595009794,
          "unit": "kg",
          "system": "http://unitsofmeasure.org/",
          "code": "kg"
        },
        "resourceType": "Observation"
      }
    },
    {
      "fullUrl": "urn:uuid:a591df88-3409-4560-bb78-3786e1221fa5",
      "resource": {
        "id": "a591df88-3409-4560-bb78-3786e1221fa5",
        "meta": {
          "profile": [
            "http://standardhealthrecord.org/fhir/StructureDefinition/shr-observation-Observation",
            "http://standardhealthrecord.org/fhir/StructureDefinition/shr-vital-VitalSign",
            "http://standardhealthrecord.org/fhir/StructureDefinition/shr-vital-BodyMassIndex"
          ]
        },
        "status": "final",
        "category": [
          {
            "coding": [
              {
                "system": "http://hl7.org/fhir/observation-category",
                "code": "vital-signs"
              }
            ]
          }
        ],
        "code": {
          "coding": [
            {
              "system": "http://loinc.org",
              "code": "39156-5",
              "display": "Body Mass Index"
            }
          ],
          "text": "Body Mass Index"
        },
        "subject": {
          "reference": "urn:uuid:a5c130b6-142b-4cc7-8008-4f17a088d8fd"
        },
        "context": {
          "reference": "urn:uuid:60dfad68-0009-45a3-84d2-e478636e5cf2"
        },
        "effectiveDateTime": "2011-08-16T03:10:41-04:00",
        "issued": "2011-08-16T03:10:41-04:00",
        "valueQuantity": {
          "value": 43.062083943744476,
          "unit": "kg/m2",
          "system": "http://unitsofmeasure.org/",
          "code": "kg/m2"
        },
        "resourceType": "Observation"
      }
    },
    {
      "fullUrl": "urn:uuid:bff7b33f-e70a-476a-9795-59f6400f5aa8",
      "resource": {
        "id": "bff7b33f-e70a-476a-9795-59f6400f5aa8",
        "meta": {
          "profile": [
            "http://standardhealthrecord.org/fhir/StructureDefinition/shr-observation-Observation",
            "http://standardhealthrecord.org/fhir/StructureDefinition/shr-vital-BloodPressure"
          ]
        },
        "status": "final",
        "category": [
          {
            "coding": [
              {
                "system": "http://hl7.org/fhir/observation-category",
                "code": "vital-signs"
              }
            ]
          }
        ],
        "code": {
          "coding": [
            {
              "system": "http://loinc.org",
              "code": "55284-4",
              "display": "Blood Pressure"
            }
          ]
        },
        "subject": {
          "reference": "urn:uuid:a5c130b6-142b-4cc7-8008-4f17a088d8fd"
        },
        "context": {
          "reference": "urn:uuid:60dfad68-0009-45a3-84d2-e478636e5cf2"
        },
        "effectiveDateTime": "2011-08-16T03:10:41-04:00",
        "issued": "2011-08-16T03:10:41-04:00",
        "component": [
          {
            "code": {
              "coding": [
                {
                  "system": "http://loinc.org",
                  "code": "8480-6",
                  "display": "Systolic Blood Pressure"
                }
              ],
              "text": "Systolic Blood Pressure"
            },
            "valueQuantity": {
              "value": 118,
              "unit": "mmHg",
              "system": "http://unitsofmeasure.org/",
              "code": "mmHg"
            }
          },
          {
            "code": {
              "coding": [
                {
                  "system": "http://loinc.org",
                  "code": "8462-4",
                  "display": "Diastolic Blood Pressure"
                }
              ],
              "text": "Diastolic Blood Pressure"
            },
            "valueQuantity": {
              "value": 78,
              "unit": "mmHg",
              "system": "http://unitsofmeasure.org/",
              "code": "mmHg"
            }
          }
        ],
        "resourceType": "Observation"
      }
    },
    {
      "fullUrl": "urn:uuid:974f82bc-b781-43c0-a855-57292c5c505d",
      "resource": {
        "id": "974f82bc-b781-43c0-a855-57292c5c505d",
        "meta": {
          "profile": [
            "http://standardhealthrecord.org/fhir/StructureDefinition/shr-observation-Observation"
          ]
        },
        "status": "final",
        "category": [
          {
            "coding": [
              {
                "system": "http://hl7.org/fhir/observation-category",
                "code": "laboratory"
              }
            ]
          }
        ],
        "code": {
          "coding": [
            {
              "system": "http://loinc.org",
              "code": "2093-3",
              "display": "Total Cholesterol"
            }
          ],
          "text": "Total Cholesterol"
        },
        "subject": {
          "reference": "urn:uuid:a5c130b6-142b-4cc7-8008-4f17a088d8fd"
        },
        "context": {
          "reference": "urn:uuid:60dfad68-0009-45a3-84d2-e478636e5cf2"
        },
        "effectiveDateTime": "2011-08-16T03:10:41-04:00",
        "issued": "2011-08-16T03:10:41-04:00",
        "valueQuantity": {
          "value": 196,
          "unit": "mg/dL",
          "system": "http://unitsofmeasure.org/",
          "code": "mg/dL"
        },
        "resourceType": "Observation"
      }
    },
    {
      "fullUrl": "urn:uuid:8523e279-c0e8-4612-ba58-b1622890ebde",
      "resource": {
        "id": "8523e279-c0e8-4612-ba58-b1622890ebde",
        "meta": {
          "profile": [
            "http://standardhealthrecord.org/fhir/StructureDefinition/shr-observation-Observation"
          ]
        },
        "status": "final",
        "category": [
          {
            "coding": [
              {
                "system": "http://hl7.org/fhir/observation-category",
                "code": "laboratory"
              }
            ]
          }
        ],
        "code": {
          "coding": [
            {
              "system": "http://loinc.org",
              "code": "2571-8",
              "display": "Triglycerides"
            }
          ],
          "text": "Triglycerides"
        },
        "subject": {
          "reference": "urn:uuid:a5c130b6-142b-4cc7-8008-4f17a088d8fd"
        },
        "context": {
          "reference": "urn:uuid:60dfad68-0009-45a3-84d2-e478636e5cf2"
        },
        "effectiveDateTime": "2011-08-16T03:10:41-04:00",
        "issued": "2011-08-16T03:10:41-04:00",
        "valueQuantity": {
          "value": 106,
          "unit": "mg/dL",
          "system": "http://unitsofmeasure.org/",
          "code": "mg/dL"
        },
        "resourceType": "Observation"
      }
    },
    {
      "fullUrl": "urn:uuid:5ca9d1c4-14ab-4fac-a71c-4c81d531246c",
      "resource": {
        "id": "5ca9d1c4-14ab-4fac-a71c-4c81d531246c",
        "meta": {
          "profile": [
            "http://standardhealthrecord.org/fhir/StructureDefinition/shr-observation-Observation"
          ]
        },
        "status": "final",
        "category": [
          {
            "coding": [
              {
                "system": "http://hl7.org/fhir/observation-category",
                "code": "laboratory"
              }
            ]
          }
        ],
        "code": {
          "coding": [
            {
              "system": "http://loinc.org",
              "code": "18262-6",
              "display": "Low Density Lipoprotein Cholesterol"
            }
          ],
          "text": "Low Density Lipoprotein Cholesterol"
        },
        "subject": {
          "reference": "urn:uuid:a5c130b6-142b-4cc7-8008-4f17a088d8fd"
        },
        "context": {
          "reference": "urn:uuid:60dfad68-0009-45a3-84d2-e478636e5cf2"
        },
        "effectiveDateTime": "2011-08-16T03:10:41-04:00",
        "issued": "2011-08-16T03:10:41-04:00",
        "valueQuantity": {
          "value": 101,
          "unit": "mg/dL",
          "system": "http://unitsofmeasure.org/",
          "code": "mg/dL"
        },
        "resourceType": "Observation"
      }
    },
    {
      "fullUrl": "urn:uuid:9e8bebf9-8544-4be4-a2c0-19accedac718",
      "resource": {
        "id": "9e8bebf9-8544-4be4-a2c0-19accedac718",
        "meta": {
          "profile": [
            "http://standardhealthrecord.org/fhir/StructureDefinition/shr-observation-Observation"
          ]
        },
        "status": "final",
        "category": [
          {
            "coding": [
              {
                "system": "http://hl7.org/fhir/observation-category",
                "code": "laboratory"
              }
            ]
          }
        ],
        "code": {
          "coding": [
            {
              "system": "http://loinc.org",
              "code": "2085-9",
              "display": "High Density Lipoprotein Cholesterol"
            }
          ],
          "text": "High Density Lipoprotein Cholesterol"
        },
        "subject": {
          "reference": "urn:uuid:a5c130b6-142b-4cc7-8008-4f17a088d8fd"
        },
        "context": {
          "reference": "urn:uuid:60dfad68-0009-45a3-84d2-e478636e5cf2"
        },
        "effectiveDateTime": "2011-08-16T03:10:41-04:00",
        "issued": "2011-08-16T03:10:41-04:00",
        "valueQuantity": {
          "value": 73,
          "unit": "mg/dL",
          "system": "http://unitsofmeasure.org/",
          "code": "mg/dL"
        },
        "resourceType": "Observation"
      }
    },
    {
      "fullUrl": "urn:uuid:f9d782e1-ad1b-431d-92a0-d044f3c0429b",
      "resource": {
        "id": "f9d782e1-ad1b-431d-92a0-d044f3c0429b",
        "meta": {
          "profile": [
            "http://standardhealthrecord.org/fhir/StructureDefinition/shr-observation-Panel"
          ]
        },
        "status": "final",
        "code": {
          "coding": [
            {
              "system": "http://loinc.org",
              "code": "57698-3",
              "display": "Lipid Panel"
            }
          ]
        },
        "subject": {
          "reference": "urn:uuid:a5c130b6-142b-4cc7-8008-4f17a088d8fd"
        },
        "context": {
          "reference": "urn:uuid:60dfad68-0009-45a3-84d2-e478636e5cf2"
        },
        "effectiveDateTime": "2011-08-16T03:10:41-04:00",
        "issued": "2011-08-16T03:10:41-04:00",
        "result": [
          {
            "reference": "urn:uuid:974f82bc-b781-43c0-a855-57292c5c505d",
            "display": "Total Cholesterol"
          },
          {
            "reference": "urn:uuid:8523e279-c0e8-4612-ba58-b1622890ebde",
            "display": "Triglycerides"
          },
          {
            "reference": "urn:uuid:5ca9d1c4-14ab-4fac-a71c-4c81d531246c",
            "display": "Low Density Lipoprotein Cholesterol"
          },
          {
            "reference": "urn:uuid:9e8bebf9-8544-4be4-a2c0-19accedac718",
            "display": "High Density Lipoprotein Cholesterol"
          }
        ],
        "resourceType": "DiagnosticReport"
      }
    },
    {
      "resource": {
        "meta": {
          "profile": [
            "http://standardhealthrecord.org/fhir/StructureDefinition/shr-immunization-Immunization"
          ]
        },
        "status": "completed",
        "notGiven": false,
        "vaccineCode": {
          "coding": [
            {
              "system": "http://hl7.org/fhir/sid/cvx",
              "code": "140",
              "display": "Influenza, seasonal, injectable, preservative free"
            }
          ],
          "text": "Influenza, seasonal, injectable, preservative free"
        },
        "patient": {
          "reference": "urn:uuid:a5c130b6-142b-4cc7-8008-4f17a088d8fd"
        },
        "encounter": {
          "reference": "urn:uuid:60dfad68-0009-45a3-84d2-e478636e5cf2"
        },
        "date": "2011-08-16T03:10:41-04:00",
        "primarySource": true,
        "resourceType": "Immunization"
      }
    },
    {
      "resource": {
        "status": "active",
        "category": [
          {
            "coding": [
              {
                "system": "http://snomed.info/sct",
                "code": "326051000000105",
                "display": "Self care"
              }
            ]
          }
        ],
        "subject": {
          "reference": "urn:uuid:a5c130b6-142b-4cc7-8008-4f17a088d8fd"
        },
        "context": {
          "reference": "urn:uuid:60dfad68-0009-45a3-84d2-e478636e5cf2"
        },
        "period": {
          "start": "1992-07-22"
        },
        "activity": [
          {
            "detail": {
              "code": {
                "coding": [
                  {
                    "system": "http://snomed.info/sct",
                    "code": "58332002",
                    "display": "Allergy education"
                  }
                ]
              },
              "status": "in-progress"
            }
          }
        ],
        "resourceType": "CarePlan"
      }
    },
    {
      "resource": {
        "meta": {
          "profile": [
            "http://standardhealthrecord.org/fhir/StructureDefinition/shr-medication-Medication"
          ]
        },
        "code": {
          "coding": [
            {
              "system": "http://www.nlm.nih.gov/research/umls/rxnorm",
              "code": "106258",
              "display": "Hydrocortisone 10 MG/ML Topical Cream"
            }
          ],
          "text": "Hydrocortisone 10 MG/ML Topical Cream"
        },
        "resourceType": "Medication"
      }
    },
    {
      "resource": {
        "meta": {
          "profile": [
            "http://standardhealthrecord.org/fhir/StructureDefinition/shr-medication-MedicationPrescription"
          ]
        },
        "extension": [
          {
            "url": "http://standardhealthrecord.org/fhir/StructureDefinition/shr-base-ActionCode-extension",
            "valueCodeableConcept": {
              "coding": [
                {
                  "system": "http://snomed.info/sct",
                  "code": "33633005",
                  "display": "Prescription of drug (procedure)"
                }
              ],
              "text": "Prescription of drug (procedure)"
            }
          }
        ],
        "status": "active",
        "medicationReference": {
          "reference": ""
        },
        "subject": {
          "reference": "urn:uuid:a5c130b6-142b-4cc7-8008-4f17a088d8fd"
        },
        "context": {
          "reference": "urn:uuid:60dfad68-0009-45a3-84d2-e478636e5cf2"
        },
        "authoredOn": "1992-07-07",
        "dosageInstruction": [
          {
            "sequence": 1,
            "asNeededBoolean": true
          }
        ],
        "resourceType": "MedicationRequest"
      }
    },
    {
      "resource": {
        "meta": {
          "profile": [
            "http://standardhealthrecord.org/fhir/StructureDefinition/shr-medication-Medication"
          ]
        },
        "code": {
          "coding": [
            {
              "system": "http://www.nlm.nih.gov/research/umls/rxnorm",
              "code": "1049630",
              "display": "diphenhydrAMINE Hydrochloride 25 MG Oral Tablet"
            }
          ],
          "text": "diphenhydrAMINE Hydrochloride 25 MG Oral Tablet"
        },
        "resourceType": "Medication"
      }
    },
    {
      "resource": {
        "meta": {
          "profile": [
            "http://standardhealthrecord.org/fhir/StructureDefinition/shr-medication-MedicationPrescription"
          ]
        },
        "extension": [
          {
            "url": "http://standardhealthrecord.org/fhir/StructureDefinition/shr-base-ActionCode-extension",
            "valueCodeableConcept": {
              "coding": [
                {
                  "system": "http://snomed.info/sct",
                  "code": "33633005",
                  "display": "Prescription of drug (procedure)"
                }
              ],
              "text": "Prescription of drug (procedure)"
            }
          }
        ],
        "status": "active",
        "medicationReference": {
          "reference": ""
        },
        "subject": {
          "reference": "urn:uuid:a5c130b6-142b-4cc7-8008-4f17a088d8fd"
        },
        "context": {
          "reference": "urn:uuid:60dfad68-0009-45a3-84d2-e478636e5cf2"
        },
        "authoredOn": "1992-07-22",
        "dosageInstruction": [
          {
            "sequence": 1,
            "asNeededBoolean": true
          }
        ],
        "resourceType": "MedicationRequest"
      }
    },
    {
      "resource": {
        "meta": {
          "profile": [
            "http://standardhealthrecord.org/fhir/StructureDefinition/shr-medication-Medication"
          ]
        },
        "code": {
          "coding": [
            {
              "system": "http://www.nlm.nih.gov/research/umls/rxnorm",
              "code": "727316",
              "display": "0.3 ML EPINEPHrine 0.5 MG/ML Auto-Injector"
            }
          ],
          "text": "0.3 ML EPINEPHrine 0.5 MG/ML Auto-Injector"
        },
        "resourceType": "Medication"
      }
    },
    {
      "resource": {
        "meta": {
          "profile": [
            "http://standardhealthrecord.org/fhir/StructureDefinition/shr-medication-MedicationPrescription"
          ]
        },
        "extension": [
          {
            "url": "http://standardhealthrecord.org/fhir/StructureDefinition/shr-base-ActionCode-extension",
            "valueCodeableConcept": {
              "coding": [
                {
                  "system": "http://snomed.info/sct",
                  "code": "33633005",
                  "display": "Prescription of drug (procedure)"
                }
              ],
              "text": "Prescription of drug (procedure)"
            }
          }
        ],
        "status": "active",
        "medicationReference": {
          "reference": ""
        },
        "subject": {
          "reference": "urn:uuid:a5c130b6-142b-4cc7-8008-4f17a088d8fd"
        },
        "context": {
          "reference": "urn:uuid:60dfad68-0009-45a3-84d2-e478636e5cf2"
        },
        "authoredOn": "1992-07-22",
        "dosageInstruction": [
          {
            "sequence": 1,
            "asNeededBoolean": true
          }
        ],
        "resourceType": "MedicationRequest"
      }
    },
    {
      "fullUrl": "urn:uuid:47b132f5-5a2a-4c9c-b4de-c1eba59e3343",
      "resource": {
        "id": "47b132f5-5a2a-4c9c-b4de-c1eba59e3343",
        "meta": {
          "profile": [
            "http://standardhealthrecord.org/fhir/StructureDefinition/shr-encounter-Encounter"
          ]
        },
        "status": "finished",
        "class": {
          "code": "ambulatory"
        },
        "type": [
          {
            "coding": [
              {
                "system": "http://snomed.info/sct",
                "code": "185349003"
              }
            ],
            "text": "Encounter for 'check-up'"
          }
        ],
        "subject": {
          "reference": "urn:uuid:a5c130b6-142b-4cc7-8008-4f17a088d8fd"
        },
        "period": {
          "start": "2012-07-04T18:01:34-04:00",
          "end": "2012-07-04T18:31:36-04:00"
        },
        "serviceProvider": {
          "reference": "urn:uuid:a317e329-6519-493a-b249-5d7ddd5562a4"
        },
        "resourceType": "Encounter"
      }
    },
    {
      "resource": {
        "meta": {
          "profile": [
            "http://standardhealthrecord.org/fhir/StructureDefinition/shr-procedure-Procedure"
          ]
        },
        "extension": [
          {
            "url": "http://standardhealthrecord.org/fhir/StructureDefinition/shr-core-CodeableConcept-extension",
            "valueCodeableConcept": {
              "coding": [
                {
                  "system": "http://snomed.info/sct",
                  "code": "73761001",
                  "display": "Colonoscopy"
                }
              ],
              "text": "Colonoscopy"
            }
          }
        ],
        "status": "completed",
        "code": {
          "coding": [
            {
              "system": "http://snomed.info/sct",
              "code": "73761001",
              "display": "Colonoscopy"
            }
          ],
          "text": "Colonoscopy"
        },
        "subject": {
          "reference": "urn:uuid:a5c130b6-142b-4cc7-8008-4f17a088d8fd"
        },
        "context": {
          "reference": "urn:uuid:47b132f5-5a2a-4c9c-b4de-c1eba59e3343"
        },
        "performedPeriod": {
          "start": "2012-07-04T18:01:34-04:00",
          "end": "2012-07-04T18:30:28-04:00"
        },
        "resourceType": "Procedure"
      }
    },
    {
      "fullUrl": "urn:uuid:ab47127d-8ac0-4b5c-b2a5-d69d72416057",
      "resource": {
        "id": "ab47127d-8ac0-4b5c-b2a5-d69d72416057",
        "meta": {
          "profile": [
            "http://standardhealthrecord.org/fhir/StructureDefinition/shr-encounter-Encounter"
          ]
        },
        "status": "finished",
        "class": {
          "code": "ambulatory"
        },
        "type": [
          {
            "coding": [
              {
                "system": "http://snomed.info/sct",
                "code": "185345009"
              }
            ],
            "text": "Encounter for symptom"
          }
        ],
        "subject": {
          "reference": "urn:uuid:a5c130b6-142b-4cc7-8008-4f17a088d8fd"
        },
        "period": {
          "start": "2013-08-26T22:50:18-04:00",
          "end": "2013-08-26T22:50:18-04:00"
        },
        "reason": {
          "coding": [
            {
              "system": "http://snomed.info/sct",
              "code": "444814009",
              "display": "Viral sinusitis (disorder)"
            }
          ]
        },
        "serviceProvider": {
          "reference": "urn:uuid:a317e329-6519-493a-b249-5d7ddd5562a4"
        },
        "resourceType": "Encounter"
      }
    },
    {
      "fullUrl": "urn:uuid:06f9829b-47aa-4207-b000-37ba9b9f2cf7",
      "resource": {
        "id": "06f9829b-47aa-4207-b000-37ba9b9f2cf7",
        "meta": {
          "profile": [
            "http://standardhealthrecord.org/fhir/StructureDefinition/shr-problem-Problem"
          ]
        },
        "clinicalStatus": "active",
        "verificationStatus": "confirmed",
        "code": {
          "coding": [
            {
              "system": "http://snomed.info/sct",
              "code": "444814009",
              "display": "Viral sinusitis (disorder)"
            }
          ],
          "text": "Viral sinusitis (disorder)"
        },
        "subject": {
          "reference": "urn:uuid:a5c130b6-142b-4cc7-8008-4f17a088d8fd"
        },
        "context": {
          "reference": "urn:uuid:ab47127d-8ac0-4b5c-b2a5-d69d72416057"
        },
        "onsetDateTime": "2013-08-20T19:41:07-04:00",
        "abatementDateTime": "2013-09-07T13:50:31-04:00",
        "assertedDate": "2013-08-20",
        "resourceType": "Condition"
      }
    },
    {
      "fullUrl": "urn:uuid:9149da66-3439-4073-8a7d-a8832920a92f",
      "resource": {
        "id": "9149da66-3439-4073-8a7d-a8832920a92f",
        "meta": {
          "profile": [
            "http://standardhealthrecord.org/fhir/StructureDefinition/shr-encounter-Encounter"
          ]
        },
        "status": "finished",
        "class": {
          "code": "outpatient"
        },
        "type": [
          {
            "coding": [
              {
                "system": "http://snomed.info/sct",
                "code": "185349003"
              }
            ],
            "text": "Outpatient Encounter"
          }
        ],
        "subject": {
          "reference": "urn:uuid:a5c130b6-142b-4cc7-8008-4f17a088d8fd"
        },
        "period": {
          "start": "2013-09-14T14:32:07-04:00",
          "end": "2013-09-14T15:32:07-04:00"
        },
        "serviceProvider": {
          "reference": "urn:uuid:a317e329-6519-493a-b249-5d7ddd5562a4"
        },
        "resourceType": "Encounter"
      }
    },
    {
      "fullUrl": "urn:uuid:5c70c0c1-f884-4108-94d0-58f3bc607232",
      "resource": {
        "id": "5c70c0c1-f884-4108-94d0-58f3bc607232",
        "meta": {
          "profile": [
            "http://standardhealthrecord.org/fhir/StructureDefinition/shr-observation-Observation",
            "http://standardhealthrecord.org/fhir/StructureDefinition/shr-vital-VitalSign",
            "http://standardhealthrecord.org/fhir/StructureDefinition/shr-vital-BodyHeight"
          ]
        },
        "status": "final",
        "category": [
          {
            "coding": [
              {
                "system": "http://hl7.org/fhir/observation-category",
                "code": "vital-signs"
              }
            ]
          }
        ],
        "code": {
          "coding": [
            {
              "system": "http://loinc.org",
              "code": "8302-2",
              "display": "Body Height"
            }
          ],
          "text": "Body Height"
        },
        "subject": {
          "reference": "urn:uuid:a5c130b6-142b-4cc7-8008-4f17a088d8fd"
        },
        "context": {
          "reference": "urn:uuid:9149da66-3439-4073-8a7d-a8832920a92f"
        },
        "effectiveDateTime": "2013-09-14T14:32:07-04:00",
        "issued": "2013-09-14T14:32:07-04:00",
        "valueQuantity": {
          "value": 164.39365855547038,
          "unit": "cm",
          "system": "http://unitsofmeasure.org/",
          "code": "cm"
        },
        "resourceType": "Observation"
      }
    },
    {
      "fullUrl": "urn:uuid:0f61bd83-1475-453f-bff8-de89a564d90e",
      "resource": {
        "id": "0f61bd83-1475-453f-bff8-de89a564d90e",
        "meta": {
          "profile": [
            "http://standardhealthrecord.org/fhir/StructureDefinition/shr-observation-Observation",
            "http://standardhealthrecord.org/fhir/StructureDefinition/shr-vital-VitalSign",
            "http://standardhealthrecord.org/fhir/StructureDefinition/shr-vital-BodyWeight"
          ]
        },
        "status": "final",
        "category": [
          {
            "coding": [
              {
                "system": "http://hl7.org/fhir/observation-category",
                "code": "vital-signs"
              }
            ]
          }
        ],
        "code": {
          "coding": [
            {
              "system": "http://loinc.org",
              "code": "29463-7",
              "display": "Body Weight"
            }
          ],
          "text": "Body Weight"
        },
        "subject": {
          "reference": "urn:uuid:a5c130b6-142b-4cc7-8008-4f17a088d8fd"
        },
        "context": {
          "reference": "urn:uuid:9149da66-3439-4073-8a7d-a8832920a92f"
        },
        "effectiveDateTime": "2013-09-14T14:32:07-04:00",
        "issued": "2013-09-14T14:32:07-04:00",
        "valueQuantity": {
          "value": 116.37646595009794,
          "unit": "kg",
          "system": "http://unitsofmeasure.org/",
          "code": "kg"
        },
        "resourceType": "Observation"
      }
    },
    {
      "fullUrl": "urn:uuid:9abc0dee-f8cc-40d6-9217-b42030a58e8e",
      "resource": {
        "id": "9abc0dee-f8cc-40d6-9217-b42030a58e8e",
        "meta": {
          "profile": [
            "http://standardhealthrecord.org/fhir/StructureDefinition/shr-observation-Observation",
            "http://standardhealthrecord.org/fhir/StructureDefinition/shr-vital-VitalSign",
            "http://standardhealthrecord.org/fhir/StructureDefinition/shr-vital-BodyMassIndex"
          ]
        },
        "status": "final",
        "category": [
          {
            "coding": [
              {
                "system": "http://hl7.org/fhir/observation-category",
                "code": "vital-signs"
              }
            ]
          }
        ],
        "code": {
          "coding": [
            {
              "system": "http://loinc.org",
              "code": "39156-5",
              "display": "Body Mass Index"
            }
          ],
          "text": "Body Mass Index"
        },
        "subject": {
          "reference": "urn:uuid:a5c130b6-142b-4cc7-8008-4f17a088d8fd"
        },
        "context": {
          "reference": "urn:uuid:9149da66-3439-4073-8a7d-a8832920a92f"
        },
        "effectiveDateTime": "2013-09-14T14:32:07-04:00",
        "issued": "2013-09-14T14:32:07-04:00",
        "valueQuantity": {
          "value": 43.062083943744476,
          "unit": "kg/m2",
          "system": "http://unitsofmeasure.org/",
          "code": "kg/m2"
        },
        "resourceType": "Observation"
      }
    },
    {
      "fullUrl": "urn:uuid:c0b034bf-30bf-4107-893f-54567af38bf0",
      "resource": {
        "id": "c0b034bf-30bf-4107-893f-54567af38bf0",
        "meta": {
          "profile": [
            "http://standardhealthrecord.org/fhir/StructureDefinition/shr-observation-Observation",
            "http://standardhealthrecord.org/fhir/StructureDefinition/shr-vital-BloodPressure"
          ]
        },
        "status": "final",
        "category": [
          {
            "coding": [
              {
                "system": "http://hl7.org/fhir/observation-category",
                "code": "vital-signs"
              }
            ]
          }
        ],
        "code": {
          "coding": [
            {
              "system": "http://loinc.org",
              "code": "55284-4",
              "display": "Blood Pressure"
            }
          ]
        },
        "subject": {
          "reference": "urn:uuid:a5c130b6-142b-4cc7-8008-4f17a088d8fd"
        },
        "context": {
          "reference": "urn:uuid:9149da66-3439-4073-8a7d-a8832920a92f"
        },
        "effectiveDateTime": "2013-09-14T14:32:07-04:00",
        "issued": "2013-09-14T14:32:07-04:00",
        "component": [
          {
            "code": {
              "coding": [
                {
                  "system": "http://loinc.org",
                  "code": "8480-6",
                  "display": "Systolic Blood Pressure"
                }
              ],
              "text": "Systolic Blood Pressure"
            },
            "valueQuantity": {
              "value": 127,
              "unit": "mmHg",
              "system": "http://unitsofmeasure.org/",
              "code": "mmHg"
            }
          },
          {
            "code": {
              "coding": [
                {
                  "system": "http://loinc.org",
                  "code": "8462-4",
                  "display": "Diastolic Blood Pressure"
                }
              ],
              "text": "Diastolic Blood Pressure"
            },
            "valueQuantity": {
              "value": 82,
              "unit": "mmHg",
              "system": "http://unitsofmeasure.org/",
              "code": "mmHg"
            }
          }
        ],
        "resourceType": "Observation"
      }
    },
    {
      "resource": {
        "meta": {
          "profile": [
            "http://standardhealthrecord.org/fhir/StructureDefinition/shr-immunization-Immunization"
          ]
        },
        "status": "completed",
        "notGiven": false,
        "vaccineCode": {
          "coding": [
            {
              "system": "http://hl7.org/fhir/sid/cvx",
              "code": "140",
              "display": "Influenza, seasonal, injectable, preservative free"
            }
          ],
          "text": "Influenza, seasonal, injectable, preservative free"
        },
        "patient": {
          "reference": "urn:uuid:a5c130b6-142b-4cc7-8008-4f17a088d8fd"
        },
        "encounter": {
          "reference": "urn:uuid:9149da66-3439-4073-8a7d-a8832920a92f"
        },
        "date": "2013-09-14T14:32:07-04:00",
        "primarySource": true,
        "resourceType": "Immunization"
      }
    },
    {
      "resource": {
        "meta": {
          "profile": [
            "http://standardhealthrecord.org/fhir/StructureDefinition/shr-immunization-Immunization"
          ]
        },
        "status": "completed",
        "notGiven": false,
        "vaccineCode": {
          "coding": [
            {
              "system": "http://hl7.org/fhir/sid/cvx",
              "code": "113",
              "display": "Td (adult) preservative free"
            }
          ],
          "text": "Td (adult) preservative free"
        },
        "patient": {
          "reference": "urn:uuid:a5c130b6-142b-4cc7-8008-4f17a088d8fd"
        },
        "encounter": {
          "reference": "urn:uuid:9149da66-3439-4073-8a7d-a8832920a92f"
        },
        "date": "2013-09-14T14:32:07-04:00",
        "primarySource": true,
        "resourceType": "Immunization"
      }
    },
    {
      "fullUrl": "urn:uuid:6f30c925-2f5e-4bc7-b54e-933493a858dd",
      "resource": {
        "id": "6f30c925-2f5e-4bc7-b54e-933493a858dd",
        "meta": {
          "profile": [
            "http://standardhealthrecord.org/fhir/StructureDefinition/shr-encounter-Encounter"
          ]
        },
        "status": "finished",
        "class": {
          "code": "outpatient"
        },
        "type": [
          {
            "coding": [
              {
                "system": "http://snomed.info/sct",
                "code": "185349003"
              }
            ],
            "text": "Outpatient Encounter"
          }
        ],
        "subject": {
          "reference": "urn:uuid:a5c130b6-142b-4cc7-8008-4f17a088d8fd"
        },
        "period": {
          "start": "2014-10-05T08:17:31-04:00",
          "end": "2014-10-05T09:17:31-04:00"
        },
        "serviceProvider": {
          "reference": "urn:uuid:a317e329-6519-493a-b249-5d7ddd5562a4"
        },
        "resourceType": "Encounter"
      }
    },
    {
      "fullUrl": "urn:uuid:aaa16eac-c0a7-4b75-a490-2ba39d82e52b",
      "resource": {
        "id": "aaa16eac-c0a7-4b75-a490-2ba39d82e52b",
        "meta": {
          "profile": [
            "http://standardhealthrecord.org/fhir/StructureDefinition/shr-observation-Observation",
            "http://standardhealthrecord.org/fhir/StructureDefinition/shr-vital-VitalSign",
            "http://standardhealthrecord.org/fhir/StructureDefinition/shr-vital-BodyHeight"
          ]
        },
        "status": "final",
        "category": [
          {
            "coding": [
              {
                "system": "http://hl7.org/fhir/observation-category",
                "code": "vital-signs"
              }
            ]
          }
        ],
        "code": {
          "coding": [
            {
              "system": "http://loinc.org",
              "code": "8302-2",
              "display": "Body Height"
            }
          ],
          "text": "Body Height"
        },
        "subject": {
          "reference": "urn:uuid:a5c130b6-142b-4cc7-8008-4f17a088d8fd"
        },
        "context": {
          "reference": "urn:uuid:6f30c925-2f5e-4bc7-b54e-933493a858dd"
        },
        "effectiveDateTime": "2014-10-05T08:17:31-04:00",
        "issued": "2014-10-05T08:17:31-04:00",
        "valueQuantity": {
          "value": 164.39365855547038,
          "unit": "cm",
          "system": "http://unitsofmeasure.org/",
          "code": "cm"
        },
        "resourceType": "Observation"
      }
    },
    {
      "fullUrl": "urn:uuid:67a8abc3-3589-4803-85c5-fe20e6e156af",
      "resource": {
        "id": "67a8abc3-3589-4803-85c5-fe20e6e156af",
        "meta": {
          "profile": [
            "http://standardhealthrecord.org/fhir/StructureDefinition/shr-observation-Observation",
            "http://standardhealthrecord.org/fhir/StructureDefinition/shr-vital-VitalSign",
            "http://standardhealthrecord.org/fhir/StructureDefinition/shr-vital-BodyWeight"
          ]
        },
        "status": "final",
        "category": [
          {
            "coding": [
              {
                "system": "http://hl7.org/fhir/observation-category",
                "code": "vital-signs"
              }
            ]
          }
        ],
        "code": {
          "coding": [
            {
              "system": "http://loinc.org",
              "code": "29463-7",
              "display": "Body Weight"
            }
          ],
          "text": "Body Weight"
        },
        "subject": {
          "reference": "urn:uuid:a5c130b6-142b-4cc7-8008-4f17a088d8fd"
        },
        "context": {
          "reference": "urn:uuid:6f30c925-2f5e-4bc7-b54e-933493a858dd"
        },
        "effectiveDateTime": "2014-10-05T08:17:31-04:00",
        "issued": "2014-10-05T08:17:31-04:00",
        "valueQuantity": {
          "value": 116.37646595009794,
          "unit": "kg",
          "system": "http://unitsofmeasure.org/",
          "code": "kg"
        },
        "resourceType": "Observation"
      }
    },
    {
      "fullUrl": "urn:uuid:cad1fe85-d3c1-4d25-9bfa-156e1a246feb",
      "resource": {
        "id": "cad1fe85-d3c1-4d25-9bfa-156e1a246feb",
        "meta": {
          "profile": [
            "http://standardhealthrecord.org/fhir/StructureDefinition/shr-observation-Observation",
            "http://standardhealthrecord.org/fhir/StructureDefinition/shr-vital-VitalSign",
            "http://standardhealthrecord.org/fhir/StructureDefinition/shr-vital-BodyMassIndex"
          ]
        },
        "status": "final",
        "category": [
          {
            "coding": [
              {
                "system": "http://hl7.org/fhir/observation-category",
                "code": "vital-signs"
              }
            ]
          }
        ],
        "code": {
          "coding": [
            {
              "system": "http://loinc.org",
              "code": "39156-5",
              "display": "Body Mass Index"
            }
          ],
          "text": "Body Mass Index"
        },
        "subject": {
          "reference": "urn:uuid:a5c130b6-142b-4cc7-8008-4f17a088d8fd"
        },
        "context": {
          "reference": "urn:uuid:6f30c925-2f5e-4bc7-b54e-933493a858dd"
        },
        "effectiveDateTime": "2014-10-05T08:17:31-04:00",
        "issued": "2014-10-05T08:17:31-04:00",
        "valueQuantity": {
          "value": 43.062083943744476,
          "unit": "kg/m2",
          "system": "http://unitsofmeasure.org/",
          "code": "kg/m2"
        },
        "resourceType": "Observation"
      }
    },
    {
      "fullUrl": "urn:uuid:7ccc42ba-afa8-4112-b060-bc3aaf9a9355",
      "resource": {
        "id": "7ccc42ba-afa8-4112-b060-bc3aaf9a9355",
        "meta": {
          "profile": [
            "http://standardhealthrecord.org/fhir/StructureDefinition/shr-observation-Observation",
            "http://standardhealthrecord.org/fhir/StructureDefinition/shr-vital-BloodPressure"
          ]
        },
        "status": "final",
        "category": [
          {
            "coding": [
              {
                "system": "http://hl7.org/fhir/observation-category",
                "code": "vital-signs"
              }
            ]
          }
        ],
        "code": {
          "coding": [
            {
              "system": "http://loinc.org",
              "code": "55284-4",
              "display": "Blood Pressure"
            }
          ]
        },
        "subject": {
          "reference": "urn:uuid:a5c130b6-142b-4cc7-8008-4f17a088d8fd"
        },
        "context": {
          "reference": "urn:uuid:6f30c925-2f5e-4bc7-b54e-933493a858dd"
        },
        "effectiveDateTime": "2014-10-05T08:17:31-04:00",
        "issued": "2014-10-05T08:17:31-04:00",
        "component": [
          {
            "code": {
              "coding": [
                {
                  "system": "http://loinc.org",
                  "code": "8480-6",
                  "display": "Systolic Blood Pressure"
                }
              ],
              "text": "Systolic Blood Pressure"
            },
            "valueQuantity": {
              "value": 115,
              "unit": "mmHg",
              "system": "http://unitsofmeasure.org/",
              "code": "mmHg"
            }
          },
          {
            "code": {
              "coding": [
                {
                  "system": "http://loinc.org",
                  "code": "8462-4",
                  "display": "Diastolic Blood Pressure"
                }
              ],
              "text": "Diastolic Blood Pressure"
            },
            "valueQuantity": {
              "value": 73,
              "unit": "mmHg",
              "system": "http://unitsofmeasure.org/",
              "code": "mmHg"
            }
          }
        ],
        "resourceType": "Observation"
      }
    },
    {
      "fullUrl": "urn:uuid:77bbe632-f4ad-4095-bb84-8310e6e016a3",
      "resource": {
        "id": "77bbe632-f4ad-4095-bb84-8310e6e016a3",
        "meta": {
          "profile": [
            "http://standardhealthrecord.org/fhir/StructureDefinition/shr-observation-Observation"
          ]
        },
        "status": "final",
        "category": [
          {
            "coding": [
              {
                "system": "http://hl7.org/fhir/observation-category",
                "code": "laboratory"
              }
            ]
          }
        ],
        "code": {
          "coding": [
            {
              "system": "http://loinc.org",
              "code": "2093-3",
              "display": "Total Cholesterol"
            }
          ],
          "text": "Total Cholesterol"
        },
        "subject": {
          "reference": "urn:uuid:a5c130b6-142b-4cc7-8008-4f17a088d8fd"
        },
        "context": {
          "reference": "urn:uuid:6f30c925-2f5e-4bc7-b54e-933493a858dd"
        },
        "effectiveDateTime": "2014-10-05T08:17:31-04:00",
        "issued": "2014-10-05T08:17:31-04:00",
        "valueQuantity": {
          "value": 174,
          "unit": "mg/dL",
          "system": "http://unitsofmeasure.org/",
          "code": "mg/dL"
        },
        "resourceType": "Observation"
      }
    },
    {
      "fullUrl": "urn:uuid:8bdd06bb-c7cf-45e1-b27a-1cc96f481ec2",
      "resource": {
        "id": "8bdd06bb-c7cf-45e1-b27a-1cc96f481ec2",
        "meta": {
          "profile": [
            "http://standardhealthrecord.org/fhir/StructureDefinition/shr-observation-Observation"
          ]
        },
        "status": "final",
        "category": [
          {
            "coding": [
              {
                "system": "http://hl7.org/fhir/observation-category",
                "code": "laboratory"
              }
            ]
          }
        ],
        "code": {
          "coding": [
            {
              "system": "http://loinc.org",
              "code": "2571-8",
              "display": "Triglycerides"
            }
          ],
          "text": "Triglycerides"
        },
        "subject": {
          "reference": "urn:uuid:a5c130b6-142b-4cc7-8008-4f17a088d8fd"
        },
        "context": {
          "reference": "urn:uuid:6f30c925-2f5e-4bc7-b54e-933493a858dd"
        },
        "effectiveDateTime": "2014-10-05T08:17:31-04:00",
        "issued": "2014-10-05T08:17:31-04:00",
        "valueQuantity": {
          "value": 116,
          "unit": "mg/dL",
          "system": "http://unitsofmeasure.org/",
          "code": "mg/dL"
        },
        "resourceType": "Observation"
      }
    },
    {
      "fullUrl": "urn:uuid:3e9a541c-3344-4e2b-9f0f-706f1894ffc6",
      "resource": {
        "id": "3e9a541c-3344-4e2b-9f0f-706f1894ffc6",
        "meta": {
          "profile": [
            "http://standardhealthrecord.org/fhir/StructureDefinition/shr-observation-Observation"
          ]
        },
        "status": "final",
        "category": [
          {
            "coding": [
              {
                "system": "http://hl7.org/fhir/observation-category",
                "code": "laboratory"
              }
            ]
          }
        ],
        "code": {
          "coding": [
            {
              "system": "http://loinc.org",
              "code": "18262-6",
              "display": "Low Density Lipoprotein Cholesterol"
            }
          ],
          "text": "Low Density Lipoprotein Cholesterol"
        },
        "subject": {
          "reference": "urn:uuid:a5c130b6-142b-4cc7-8008-4f17a088d8fd"
        },
        "context": {
          "reference": "urn:uuid:6f30c925-2f5e-4bc7-b54e-933493a858dd"
        },
        "effectiveDateTime": "2014-10-05T08:17:31-04:00",
        "issued": "2014-10-05T08:17:31-04:00",
        "valueQuantity": {
          "value": 79,
          "unit": "mg/dL",
          "system": "http://unitsofmeasure.org/",
          "code": "mg/dL"
        },
        "resourceType": "Observation"
      }
    },
    {
      "fullUrl": "urn:uuid:17dc48fc-1e12-4f19-a7a5-b675267c95e4",
      "resource": {
        "id": "17dc48fc-1e12-4f19-a7a5-b675267c95e4",
        "meta": {
          "profile": [
            "http://standardhealthrecord.org/fhir/StructureDefinition/shr-observation-Observation"
          ]
        },
        "status": "final",
        "category": [
          {
            "coding": [
              {
                "system": "http://hl7.org/fhir/observation-category",
                "code": "laboratory"
              }
            ]
          }
        ],
        "code": {
          "coding": [
            {
              "system": "http://loinc.org",
              "code": "2085-9",
              "display": "High Density Lipoprotein Cholesterol"
            }
          ],
          "text": "High Density Lipoprotein Cholesterol"
        },
        "subject": {
          "reference": "urn:uuid:a5c130b6-142b-4cc7-8008-4f17a088d8fd"
        },
        "context": {
          "reference": "urn:uuid:6f30c925-2f5e-4bc7-b54e-933493a858dd"
        },
        "effectiveDateTime": "2014-10-05T08:17:31-04:00",
        "issued": "2014-10-05T08:17:31-04:00",
        "valueQuantity": {
          "value": 71,
          "unit": "mg/dL",
          "system": "http://unitsofmeasure.org/",
          "code": "mg/dL"
        },
        "resourceType": "Observation"
      }
    },
    {
      "fullUrl": "urn:uuid:bbdfecf6-449d-4403-8392-6f9d4eb92919",
      "resource": {
        "id": "bbdfecf6-449d-4403-8392-6f9d4eb92919",
        "meta": {
          "profile": [
            "http://standardhealthrecord.org/fhir/StructureDefinition/shr-observation-Panel"
          ]
        },
        "status": "final",
        "code": {
          "coding": [
            {
              "system": "http://loinc.org",
              "code": "57698-3",
              "display": "Lipid Panel"
            }
          ]
        },
        "subject": {
          "reference": "urn:uuid:a5c130b6-142b-4cc7-8008-4f17a088d8fd"
        },
        "context": {
          "reference": "urn:uuid:6f30c925-2f5e-4bc7-b54e-933493a858dd"
        },
        "effectiveDateTime": "2014-10-05T08:17:31-04:00",
        "issued": "2014-10-05T08:17:31-04:00",
        "result": [
          {
            "reference": "urn:uuid:77bbe632-f4ad-4095-bb84-8310e6e016a3",
            "display": "Total Cholesterol"
          },
          {
            "reference": "urn:uuid:8bdd06bb-c7cf-45e1-b27a-1cc96f481ec2",
            "display": "Triglycerides"
          },
          {
            "reference": "urn:uuid:3e9a541c-3344-4e2b-9f0f-706f1894ffc6",
            "display": "Low Density Lipoprotein Cholesterol"
          },
          {
            "reference": "urn:uuid:17dc48fc-1e12-4f19-a7a5-b675267c95e4",
            "display": "High Density Lipoprotein Cholesterol"
          }
        ],
        "resourceType": "DiagnosticReport"
      }
    },
    {
      "resource": {
        "meta": {
          "profile": [
            "http://standardhealthrecord.org/fhir/StructureDefinition/shr-procedure-Procedure"
          ]
        },
        "extension": [
          {
            "url": "http://standardhealthrecord.org/fhir/StructureDefinition/shr-core-CodeableConcept-extension",
            "valueCodeableConcept": {
              "coding": [
                {
                  "system": "http://snomed.info/sct",
                  "code": "428191000124101",
                  "display": "Documentation of current medications"
                }
              ],
              "text": "Documentation of current medications"
            }
          }
        ],
        "status": "completed",
        "code": {
          "coding": [
            {
              "system": "http://snomed.info/sct",
              "code": "428191000124101",
              "display": "Documentation of current medications"
            }
          ],
          "text": "Documentation of current medications"
        },
        "subject": {
          "reference": "urn:uuid:a5c130b6-142b-4cc7-8008-4f17a088d8fd"
        },
        "context": {
          "reference": "urn:uuid:6f30c925-2f5e-4bc7-b54e-933493a858dd"
        },
        "performedDateTime": "2014-10-05T08:17:31-04:00",
        "resourceType": "Procedure"
      }
    },
    {
      "resource": {
        "meta": {
          "profile": [
            "http://standardhealthrecord.org/fhir/StructureDefinition/shr-immunization-Immunization"
          ]
        },
        "status": "completed",
        "notGiven": false,
        "vaccineCode": {
          "coding": [
            {
              "system": "http://hl7.org/fhir/sid/cvx",
              "code": "140",
              "display": "Influenza, seasonal, injectable, preservative free"
            }
          ],
          "text": "Influenza, seasonal, injectable, preservative free"
        },
        "patient": {
          "reference": "urn:uuid:a5c130b6-142b-4cc7-8008-4f17a088d8fd"
        },
        "encounter": {
          "reference": "urn:uuid:6f30c925-2f5e-4bc7-b54e-933493a858dd"
        },
        "date": "2014-10-05T08:17:31-04:00",
        "primarySource": true,
        "resourceType": "Immunization"
      }
    },
    {
      "fullUrl": "urn:uuid:35a8610a-2365-4c57-83df-0cd8a2bd14f0",
      "resource": {
        "id": "35a8610a-2365-4c57-83df-0cd8a2bd14f0",
        "meta": {
          "profile": [
            "http://standardhealthrecord.org/fhir/StructureDefinition/shr-encounter-Encounter"
          ]
        },
        "status": "finished",
        "class": {
          "code": "outpatient"
        },
        "type": [
          {
            "coding": [
              {
                "system": "http://snomed.info/sct",
                "code": "185349003"
              }
            ],
            "text": "Outpatient Encounter"
          }
        ],
        "subject": {
          "reference": "urn:uuid:a5c130b6-142b-4cc7-8008-4f17a088d8fd"
        },
        "period": {
          "start": "2015-12-31T22:47:47-05:00",
          "end": "2015-12-31T23:47:47-05:00"
        },
        "serviceProvider": {
          "reference": "urn:uuid:a317e329-6519-493a-b249-5d7ddd5562a4"
        },
        "resourceType": "Encounter"
      }
    },
    {
      "fullUrl": "urn:uuid:ee04a4c9-1a48-4d04-91d5-5ca5b3132191",
      "resource": {
        "id": "ee04a4c9-1a48-4d04-91d5-5ca5b3132191",
        "meta": {
          "profile": [
            "http://standardhealthrecord.org/fhir/StructureDefinition/shr-observation-Observation",
            "http://standardhealthrecord.org/fhir/StructureDefinition/shr-vital-VitalSign",
            "http://standardhealthrecord.org/fhir/StructureDefinition/shr-vital-BodyHeight"
          ]
        },
        "status": "final",
        "category": [
          {
            "coding": [
              {
                "system": "http://hl7.org/fhir/observation-category",
                "code": "vital-signs"
              }
            ]
          }
        ],
        "code": {
          "coding": [
            {
              "system": "http://loinc.org",
              "code": "8302-2",
              "display": "Body Height"
            }
          ],
          "text": "Body Height"
        },
        "subject": {
          "reference": "urn:uuid:a5c130b6-142b-4cc7-8008-4f17a088d8fd"
        },
        "context": {
          "reference": "urn:uuid:35a8610a-2365-4c57-83df-0cd8a2bd14f0"
        },
        "effectiveDateTime": "2015-12-31T22:47:47-05:00",
        "issued": "2015-12-31T22:47:47-05:00",
        "valueQuantity": {
          "value": 164.39365855547038,
          "unit": "cm",
          "system": "http://unitsofmeasure.org/",
          "code": "cm"
        },
        "resourceType": "Observation"
      }
    },
    {
      "fullUrl": "urn:uuid:7c5b756c-2b91-43ba-84b1-ba7ee5072312",
      "resource": {
        "id": "7c5b756c-2b91-43ba-84b1-ba7ee5072312",
        "meta": {
          "profile": [
            "http://standardhealthrecord.org/fhir/StructureDefinition/shr-observation-Observation",
            "http://standardhealthrecord.org/fhir/StructureDefinition/shr-vital-VitalSign",
            "http://standardhealthrecord.org/fhir/StructureDefinition/shr-vital-BodyWeight"
          ]
        },
        "status": "final",
        "category": [
          {
            "coding": [
              {
                "system": "http://hl7.org/fhir/observation-category",
                "code": "vital-signs"
              }
            ]
          }
        ],
        "code": {
          "coding": [
            {
              "system": "http://loinc.org",
              "code": "29463-7",
              "display": "Body Weight"
            }
          ],
          "text": "Body Weight"
        },
        "subject": {
          "reference": "urn:uuid:a5c130b6-142b-4cc7-8008-4f17a088d8fd"
        },
        "context": {
          "reference": "urn:uuid:35a8610a-2365-4c57-83df-0cd8a2bd14f0"
        },
        "effectiveDateTime": "2015-12-31T22:47:47-05:00",
        "issued": "2015-12-31T22:47:47-05:00",
        "valueQuantity": {
          "value": 116.37646595009794,
          "unit": "kg",
          "system": "http://unitsofmeasure.org/",
          "code": "kg"
        },
        "resourceType": "Observation"
      }
    },
    {
      "fullUrl": "urn:uuid:31ea974c-b0f4-4cee-8a2a-b7d592431395",
      "resource": {
        "id": "31ea974c-b0f4-4cee-8a2a-b7d592431395",
        "meta": {
          "profile": [
            "http://standardhealthrecord.org/fhir/StructureDefinition/shr-observation-Observation",
            "http://standardhealthrecord.org/fhir/StructureDefinition/shr-vital-VitalSign",
            "http://standardhealthrecord.org/fhir/StructureDefinition/shr-vital-BodyMassIndex"
          ]
        },
        "status": "final",
        "category": [
          {
            "coding": [
              {
                "system": "http://hl7.org/fhir/observation-category",
                "code": "vital-signs"
              }
            ]
          }
        ],
        "code": {
          "coding": [
            {
              "system": "http://loinc.org",
              "code": "39156-5",
              "display": "Body Mass Index"
            }
          ],
          "text": "Body Mass Index"
        },
        "subject": {
          "reference": "urn:uuid:a5c130b6-142b-4cc7-8008-4f17a088d8fd"
        },
        "context": {
          "reference": "urn:uuid:35a8610a-2365-4c57-83df-0cd8a2bd14f0"
        },
        "effectiveDateTime": "2015-12-31T22:47:47-05:00",
        "issued": "2015-12-31T22:47:47-05:00",
        "valueQuantity": {
          "value": 43.062083943744476,
          "unit": "kg/m2",
          "system": "http://unitsofmeasure.org/",
          "code": "kg/m2"
        },
        "resourceType": "Observation"
      }
    },
    {
      "fullUrl": "urn:uuid:2f843264-bae5-41e2-8e42-a6e54543565c",
      "resource": {
        "id": "2f843264-bae5-41e2-8e42-a6e54543565c",
        "meta": {
          "profile": [
            "http://standardhealthrecord.org/fhir/StructureDefinition/shr-observation-Observation",
            "http://standardhealthrecord.org/fhir/StructureDefinition/shr-vital-BloodPressure"
          ]
        },
        "status": "final",
        "category": [
          {
            "coding": [
              {
                "system": "http://hl7.org/fhir/observation-category",
                "code": "vital-signs"
              }
            ]
          }
        ],
        "code": {
          "coding": [
            {
              "system": "http://loinc.org",
              "code": "55284-4",
              "display": "Blood Pressure"
            }
          ]
        },
        "subject": {
          "reference": "urn:uuid:a5c130b6-142b-4cc7-8008-4f17a088d8fd"
        },
        "context": {
          "reference": "urn:uuid:35a8610a-2365-4c57-83df-0cd8a2bd14f0"
        },
        "effectiveDateTime": "2015-12-31T22:47:47-05:00",
        "issued": "2015-12-31T22:47:47-05:00",
        "component": [
          {
            "code": {
              "coding": [
                {
                  "system": "http://loinc.org",
                  "code": "8480-6",
                  "display": "Systolic Blood Pressure"
                }
              ],
              "text": "Systolic Blood Pressure"
            },
            "valueQuantity": {
              "value": 127,
              "unit": "mmHg",
              "system": "http://unitsofmeasure.org/",
              "code": "mmHg"
            }
          },
          {
            "code": {
              "coding": [
                {
                  "system": "http://loinc.org",
                  "code": "8462-4",
                  "display": "Diastolic Blood Pressure"
                }
              ],
              "text": "Diastolic Blood Pressure"
            },
            "valueQuantity": {
              "value": 88,
              "unit": "mmHg",
              "system": "http://unitsofmeasure.org/",
              "code": "mmHg"
            }
          }
        ],
        "resourceType": "Observation"
      }
    },
    {
      "resource": {
        "meta": {
          "profile": [
            "http://standardhealthrecord.org/fhir/StructureDefinition/shr-procedure-Procedure"
          ]
        },
        "extension": [
          {
            "url": "http://standardhealthrecord.org/fhir/StructureDefinition/shr-core-CodeableConcept-extension",
            "valueCodeableConcept": {
              "coding": [
                {
                  "system": "http://snomed.info/sct",
                  "code": "428191000124101",
                  "display": "Documentation of current medications"
                }
              ],
              "text": "Documentation of current medications"
            }
          }
        ],
        "status": "completed",
        "code": {
          "coding": [
            {
              "system": "http://snomed.info/sct",
              "code": "428191000124101",
              "display": "Documentation of current medications"
            }
          ],
          "text": "Documentation of current medications"
        },
        "subject": {
          "reference": "urn:uuid:a5c130b6-142b-4cc7-8008-4f17a088d8fd"
        },
        "context": {
          "reference": "urn:uuid:35a8610a-2365-4c57-83df-0cd8a2bd14f0"
        },
        "performedDateTime": "2015-12-31T22:47:47-05:00",
        "resourceType": "Procedure"
      }
    },
    {
      "resource": {
        "meta": {
          "profile": [
            "http://standardhealthrecord.org/fhir/StructureDefinition/shr-immunization-Immunization"
          ]
        },
        "status": "completed",
        "notGiven": false,
        "vaccineCode": {
          "coding": [
            {
              "system": "http://hl7.org/fhir/sid/cvx",
              "code": "140",
              "display": "Influenza, seasonal, injectable, preservative free"
            }
          ],
          "text": "Influenza, seasonal, injectable, preservative free"
        },
        "patient": {
          "reference": "urn:uuid:a5c130b6-142b-4cc7-8008-4f17a088d8fd"
        },
        "encounter": {
          "reference": "urn:uuid:35a8610a-2365-4c57-83df-0cd8a2bd14f0"
        },
        "date": "2015-12-31T22:47:47-05:00",
        "primarySource": true,
        "resourceType": "Immunization"
      }
    },
    {
      "fullUrl": "urn:uuid:cf73b661-a426-4b71-8a7c-195889b0ac45",
      "resource": {
        "id": "cf73b661-a426-4b71-8a7c-195889b0ac45",
        "meta": {
          "profile": [
            "http://standardhealthrecord.org/fhir/StructureDefinition/shr-encounter-Encounter"
          ]
        },
        "status": "finished",
        "class": {
          "code": "ambulatory"
        },
        "type": [
          {
            "coding": [
              {
                "system": "http://snomed.info/sct",
                "code": "185345009"
              }
            ],
            "text": "Encounter for symptom"
          }
        ],
        "subject": {
          "reference": "urn:uuid:a5c130b6-142b-4cc7-8008-4f17a088d8fd"
        },
        "period": {
          "start": "2016-09-15T10:35:40-04:00",
          "end": "2016-09-15T10:35:40-04:00"
        },
        "reason": {
          "coding": [
            {
              "system": "http://snomed.info/sct",
              "code": "444814009",
              "display": "Viral sinusitis (disorder)"
            }
          ]
        },
        "serviceProvider": {
          "reference": "urn:uuid:a317e329-6519-493a-b249-5d7ddd5562a4"
        },
        "resourceType": "Encounter"
      }
    },
    {
      "fullUrl": "urn:uuid:4d74e346-c01c-4cb4-b59a-4b62b0c8ea1d",
      "resource": {
        "id": "4d74e346-c01c-4cb4-b59a-4b62b0c8ea1d",
        "meta": {
          "profile": [
            "http://standardhealthrecord.org/fhir/StructureDefinition/shr-problem-Problem"
          ]
        },
        "clinicalStatus": "active",
        "verificationStatus": "confirmed",
        "code": {
          "coding": [
            {
              "system": "http://snomed.info/sct",
              "code": "444814009",
              "display": "Viral sinusitis (disorder)"
            }
          ],
          "text": "Viral sinusitis (disorder)"
        },
        "subject": {
          "reference": "urn:uuid:a5c130b6-142b-4cc7-8008-4f17a088d8fd"
        },
        "context": {
          "reference": "urn:uuid:cf73b661-a426-4b71-8a7c-195889b0ac45"
        },
        "onsetDateTime": "2016-09-07T13:50:31-04:00",
        "abatementDateTime": "2016-10-13T07:14:59-04:00",
        "assertedDate": "2016-09-07",
        "resourceType": "Condition"
      }
    },
    {
      "fullUrl": "urn:uuid:369dda74-4ed0-4544-8d17-1f0a686caab5",
      "resource": {
        "id": "369dda74-4ed0-4544-8d17-1f0a686caab5",
        "meta": {
          "profile": [
            "http://standardhealthrecord.org/fhir/StructureDefinition/shr-encounter-Encounter"
          ]
        },
        "status": "finished",
        "class": {
          "code": "outpatient"
        },
        "type": [
          {
            "coding": [
              {
                "system": "http://snomed.info/sct",
                "code": "185349003"
              }
            ],
            "text": "Outpatient Encounter"
          }
        ],
        "subject": {
          "reference": "urn:uuid:a5c130b6-142b-4cc7-8008-4f17a088d8fd"
        },
        "period": {
          "start": "2017-01-19T18:54:55-05:00",
          "end": "2017-01-19T19:54:55-05:00"
        },
        "serviceProvider": {
          "reference": "urn:uuid:a317e329-6519-493a-b249-5d7ddd5562a4"
        },
        "resourceType": "Encounter"
      }
    },
    {
      "fullUrl": "urn:uuid:6e28b68f-4888-4ab2-ae4c-94e5a40d09e1",
      "resource": {
        "id": "6e28b68f-4888-4ab2-ae4c-94e5a40d09e1",
        "meta": {
          "profile": [
            "http://standardhealthrecord.org/fhir/StructureDefinition/shr-observation-Observation",
            "http://standardhealthrecord.org/fhir/StructureDefinition/shr-vital-VitalSign",
            "http://standardhealthrecord.org/fhir/StructureDefinition/shr-vital-BodyHeight"
          ]
        },
        "status": "final",
        "category": [
          {
            "coding": [
              {
                "system": "http://hl7.org/fhir/observation-category",
                "code": "vital-signs"
              }
            ]
          }
        ],
        "code": {
          "coding": [
            {
              "system": "http://loinc.org",
              "code": "8302-2",
              "display": "Body Height"
            }
          ],
          "text": "Body Height"
        },
        "subject": {
          "reference": "urn:uuid:a5c130b6-142b-4cc7-8008-4f17a088d8fd"
        },
        "context": {
          "reference": "urn:uuid:369dda74-4ed0-4544-8d17-1f0a686caab5"
        },
        "effectiveDateTime": "2017-01-19T18:54:55-05:00",
        "issued": "2017-01-19T18:54:55-05:00",
        "valueQuantity": {
          "value": 164.39365855547038,
          "unit": "cm",
          "system": "http://unitsofmeasure.org/",
          "code": "cm"
        },
        "resourceType": "Observation"
      }
    },
    {
      "fullUrl": "urn:uuid:510d7358-5e30-4066-bd65-2a1d93c400a1",
      "resource": {
        "id": "510d7358-5e30-4066-bd65-2a1d93c400a1",
        "meta": {
          "profile": [
            "http://standardhealthrecord.org/fhir/StructureDefinition/shr-observation-Observation",
            "http://standardhealthrecord.org/fhir/StructureDefinition/shr-vital-VitalSign",
            "http://standardhealthrecord.org/fhir/StructureDefinition/shr-vital-BodyWeight"
          ]
        },
        "status": "final",
        "category": [
          {
            "coding": [
              {
                "system": "http://hl7.org/fhir/observation-category",
                "code": "vital-signs"
              }
            ]
          }
        ],
        "code": {
          "coding": [
            {
              "system": "http://loinc.org",
              "code": "29463-7",
              "display": "Body Weight"
            }
          ],
          "text": "Body Weight"
        },
        "subject": {
          "reference": "urn:uuid:a5c130b6-142b-4cc7-8008-4f17a088d8fd"
        },
        "context": {
          "reference": "urn:uuid:369dda74-4ed0-4544-8d17-1f0a686caab5"
        },
        "effectiveDateTime": "2017-01-19T18:54:55-05:00",
        "issued": "2017-01-19T18:54:55-05:00",
        "valueQuantity": {
          "value": 116.37646595009794,
          "unit": "kg",
          "system": "http://unitsofmeasure.org/",
          "code": "kg"
        },
        "resourceType": "Observation"
      }
    },
    {
      "fullUrl": "urn:uuid:e744b9e6-2c8d-4c1e-b457-cf50242168b1",
      "resource": {
        "id": "e744b9e6-2c8d-4c1e-b457-cf50242168b1",
        "meta": {
          "profile": [
            "http://standardhealthrecord.org/fhir/StructureDefinition/shr-observation-Observation",
            "http://standardhealthrecord.org/fhir/StructureDefinition/shr-vital-VitalSign",
            "http://standardhealthrecord.org/fhir/StructureDefinition/shr-vital-BodyMassIndex"
          ]
        },
        "status": "final",
        "category": [
          {
            "coding": [
              {
                "system": "http://hl7.org/fhir/observation-category",
                "code": "vital-signs"
              }
            ]
          }
        ],
        "code": {
          "coding": [
            {
              "system": "http://loinc.org",
              "code": "39156-5",
              "display": "Body Mass Index"
            }
          ],
          "text": "Body Mass Index"
        },
        "subject": {
          "reference": "urn:uuid:a5c130b6-142b-4cc7-8008-4f17a088d8fd"
        },
        "context": {
          "reference": "urn:uuid:369dda74-4ed0-4544-8d17-1f0a686caab5"
        },
        "effectiveDateTime": "2017-01-19T18:54:55-05:00",
        "issued": "2017-01-19T18:54:55-05:00",
        "valueQuantity": {
          "value": 43.062083943744476,
          "unit": "kg/m2",
          "system": "http://unitsofmeasure.org/",
          "code": "kg/m2"
        },
        "resourceType": "Observation"
      }
    },
    {
      "fullUrl": "urn:uuid:aa6911d9-b87d-4c15-b4ef-c1772e440dd1",
      "resource": {
        "id": "aa6911d9-b87d-4c15-b4ef-c1772e440dd1",
        "meta": {
          "profile": [
            "http://standardhealthrecord.org/fhir/StructureDefinition/shr-observation-Observation",
            "http://standardhealthrecord.org/fhir/StructureDefinition/shr-vital-BloodPressure"
          ]
        },
        "status": "final",
        "category": [
          {
            "coding": [
              {
                "system": "http://hl7.org/fhir/observation-category",
                "code": "vital-signs"
              }
            ]
          }
        ],
        "code": {
          "coding": [
            {
              "system": "http://loinc.org",
              "code": "55284-4",
              "display": "Blood Pressure"
            }
          ]
        },
        "subject": {
          "reference": "urn:uuid:a5c130b6-142b-4cc7-8008-4f17a088d8fd"
        },
        "context": {
          "reference": "urn:uuid:369dda74-4ed0-4544-8d17-1f0a686caab5"
        },
        "effectiveDateTime": "2017-01-19T18:54:55-05:00",
        "issued": "2017-01-19T18:54:55-05:00",
        "component": [
          {
            "code": {
              "coding": [
                {
                  "system": "http://loinc.org",
                  "code": "8480-6",
                  "display": "Systolic Blood Pressure"
                }
              ],
              "text": "Systolic Blood Pressure"
            },
            "valueQuantity": {
              "value": 111,
              "unit": "mmHg",
              "system": "http://unitsofmeasure.org/",
              "code": "mmHg"
            }
          },
          {
            "code": {
              "coding": [
                {
                  "system": "http://loinc.org",
                  "code": "8462-4",
                  "display": "Diastolic Blood Pressure"
                }
              ],
              "text": "Diastolic Blood Pressure"
            },
            "valueQuantity": {
              "value": 76,
              "unit": "mmHg",
              "system": "http://unitsofmeasure.org/",
              "code": "mmHg"
            }
          }
        ],
        "resourceType": "Observation"
      }
    },
    {
      "resource": {
        "meta": {
          "profile": [
            "http://standardhealthrecord.org/fhir/StructureDefinition/shr-procedure-Procedure"
          ]
        },
        "extension": [
          {
            "url": "http://standardhealthrecord.org/fhir/StructureDefinition/shr-core-CodeableConcept-extension",
            "valueCodeableConcept": {
              "coding": [
                {
                  "system": "http://snomed.info/sct",
                  "code": "428191000124101",
                  "display": "Documentation of current medications"
                }
              ],
              "text": "Documentation of current medications"
            }
          }
        ],
        "status": "completed",
        "code": {
          "coding": [
            {
              "system": "http://snomed.info/sct",
              "code": "428191000124101",
              "display": "Documentation of current medications"
            }
          ],
          "text": "Documentation of current medications"
        },
        "subject": {
          "reference": "urn:uuid:a5c130b6-142b-4cc7-8008-4f17a088d8fd"
        },
        "context": {
          "reference": "urn:uuid:369dda74-4ed0-4544-8d17-1f0a686caab5"
        },
        "performedDateTime": "2017-01-19T18:54:55-05:00",
        "resourceType": "Procedure"
      }
    },
    {
      "resource": {
        "meta": {
          "profile": [
            "http://standardhealthrecord.org/fhir/StructureDefinition/shr-immunization-Immunization"
          ]
        },
        "status": "completed",
        "notGiven": false,
        "vaccineCode": {
          "coding": [
            {
              "system": "http://hl7.org/fhir/sid/cvx",
              "code": "140",
              "display": "Influenza, seasonal, injectable, preservative free"
            }
          ],
          "text": "Influenza, seasonal, injectable, preservative free"
        },
        "patient": {
          "reference": "urn:uuid:a5c130b6-142b-4cc7-8008-4f17a088d8fd"
        },
        "encounter": {
          "reference": "urn:uuid:369dda74-4ed0-4544-8d17-1f0a686caab5"
        },
        "date": "2017-01-19T18:54:55-05:00",
        "primarySource": true,
        "resourceType": "Immunization"
      }
    }
  ],
  "resourceType": "Bundle"
}