{
  "type": "collection",
  "entry": [
    {
      "fullUrl": "urn:uuid:abb120ad-0e6a-4173-9695-b52af428d241",
      "resource": {
        "id": "abb120ad-0e6a-4173-9695-b52af428d241",
        "meta": {
          "profile": [
            "http://standardhealthrecord.org/fhir/StructureDefinition/shr-demographics-PersonOfRecord"
          ]
        },
        "text": {
          "status": "generated",
          "div": "<div>Generated by <a href=\"https://github.com/synthetichealth/synthea\">Synthea</a>. Version identifier: 4d02400401b9fab839e47bf5b2f1f6a8c683ab55</div>"
        },
        "extension": [
          {
            "url": "http://hl7.org/fhir/us/core/StructureDefinition/us-core-race",
            "valueCodeableConcept": {
              "coding": [
                {
                  "system": "http://hl7.org/fhir/v3/Race",
                  "code": "2106-3",
                  "display": "White"
                }
              ],
              "text": "race"
            }
          },
          {
            "url": "http://hl7.org/fhir/us/core/StructureDefinition/us-core-ethnicity",
            "valueCodeableConcept": {
              "coding": [
                {
                  "system": "http://hl7.org/fhir/v3/Ethnicity",
                  "code": "2186-5",
                  "display": "Nonhispanic"
                }
              ],
              "text": "ethnicity"
            }
          },
          {
            "url": "http://hl7.org/fhir/StructureDefinition/birthPlace",
            "valueAddress": {
              "city": "Yarmouth",
              "state": "MA",
              "country": "US"
            }
          },
          {
            "url": "http://hl7.org/fhir/StructureDefinition/patient-mothersMaidenName",
            "valueString": "Delbert985 Swift300"
          },
          {
            "url": "http://hl7.org/fhir/us/core/StructureDefinition/us-core-birthsex",
            "valueCode": "F"
          },
          {
            "url": "http://hl7.org/fhir/StructureDefinition/patient-interpreterRequired",
            "valueBoolean": false
          },
          {
            "url": "http://standardhealthrecord.org/fhir/StructureDefinition/shr-actor-FictionalPerson-extension",
            "valueBoolean": true
          },
          {
            "url": "http://standardhealthrecord.org/fhir/StructureDefinition/shr-demographics-FathersName-extension",
            "valueHumanName": {
              "text": "Stevie279 Abbott992"
            }
          },
          {
            "url": "http://standardhealthrecord.org/fhir/StructureDefinition/shr-demographics-SocialSecurityNumber-extension",
            "valueString": "999-57-5125"
          }
        ],
        "identifier": [
          {
            "system": "https://github.com/synthetichealth/synthea",
            "value": "3ad367a6-7d01-4602-bcc1-885c73ec032d"
          },
          {
            "type": {
              "coding": [
                {
                  "system": "http://hl7.org/fhir/identifier-type",
                  "code": "SB"
                }
              ]
            },
            "system": "http://hl7.org/fhir/sid/us-ssn",
            "value": "999575125"
          },
          {
            "type": {
              "coding": [
                {
                  "system": "http://hl7.org/fhir/v2/0203",
                  "code": "DL"
                }
              ]
            },
            "system": "urn:oid:2.16.840.1.113883.4.3.25",
            "value": "S99917653"
          }
        ],
        "name": [
          {
            "use": "official",
            "family": "Abbott992",
            "given": [
              "Elvis871"
            ],
            "prefix": [
              "Ms."
            ]
          }
        ],
        "telecom": [
          {
            "system": "phone",
            "value": "1-220-930-5541 x848",
            "use": "home"
          }
        ],
        "gender": "female",
        "birthDate": "1996-11-24",
        "address": [
          {
            "extension": [
              {
                "extension": [
                  {
                    "url": "latitude",
                    "valueDecimal": 42.43523071691253
                  },
                  {
                    "url": "longitude",
                    "valueDecimal": -71.43515476790586
                  }
                ],
                "url": "http://hl7.org/fhir/StructureDefinition/geolocation"
              }
            ],
            "line": [
              "555 Corkery Divide",
              "Suite 327"
            ],
            "city": "Maynard",
            "state": "MA",
            "postalCode": "01754",
            "country": "US"
          }
        ],
        "maritalStatus": {
          "coding": [
            {
              "system": "http://hl7.org/fhir/v3/MaritalStatus",
              "code": "S"
            }
          ],
          "text": "Never Married"
        },
        "multipleBirthBoolean": false,
        "communication": [
          {
            "language": {
              "coding": [
                {
                  "system": "http://hl7.org/fhir/ValueSet/languages",
                  "code": "en-US",
                  "display": "English (United States)"
                }
              ]
            }
          }
        ],
        "resourceType": "Patient"
      }
    },
    {
      "fullUrl": "urn:uuid:86208fb5-9c1f-4f40-bf06-9b1d732d21bc",
      "resource": {
        "id": "86208fb5-9c1f-4f40-bf06-9b1d732d21bc",
        "meta": {
          "profile": [
            "http://standardhealthrecord.org/fhir/StructureDefinition/shr-actor-Organization"
          ]
        },
        "type": [
          {
            "coding": [
              {
                "system": "http://hl7.org/fhir/ValueSet/organization-type",
                "code": "prov",
                "display": "Healthcare Provider"
              }
            ],
            "text": "Healthcare Provider"
          }
        ],
        "name": "Synthetic Provider",
        "resourceType": "Organization"
      }
    },
    {
      "fullUrl": "urn:uuid:a9ef1c10-c8b8-47d9-a97c-19363b77dbd1",
      "resource": {
        "id": "a9ef1c10-c8b8-47d9-a97c-19363b77dbd1",
        "meta": {
          "profile": [
            "http://standardhealthrecord.org/fhir/StructureDefinition/shr-encounter-Encounter"
          ]
        },
        "status": "finished",
        "class": {
          "code": "outpatient"
        },
        "type": [
          {
            "coding": [
              {
                "system": "http://snomed.info/sct",
                "code": "170258001"
              }
            ],
            "text": "Outpatient Encounter"
          }
        ],
        "subject": {
          "reference": "urn:uuid:abb120ad-0e6a-4173-9695-b52af428d241"
        },
        "period": {
          "start": "2011-03-16T12:17:35-04:00",
          "end": "2011-03-16T13:17:35-04:00"
        },
        "serviceProvider": {
          "reference": "urn:uuid:86208fb5-9c1f-4f40-bf06-9b1d732d21bc"
        },
        "resourceType": "Encounter"
      }
    },
    {
      "fullUrl": "urn:uuid:e13ab7f6-f09e-4d36-aa86-d50da88003c4",
      "resource": {
        "id": "e13ab7f6-f09e-4d36-aa86-d50da88003c4",
        "meta": {
          "profile": [
            "http://standardhealthrecord.org/fhir/StructureDefinition/shr-observation-Observation",
            "http://standardhealthrecord.org/fhir/StructureDefinition/shr-vital-VitalSign",
            "http://standardhealthrecord.org/fhir/StructureDefinition/shr-vital-BodyHeight"
          ]
        },
        "status": "final",
        "category": [
          {
            "coding": [
              {
                "system": "http://hl7.org/fhir/observation-category",
                "code": "vital-signs"
              }
            ]
          }
        ],
        "code": {
          "coding": [
            {
              "system": "http://loinc.org",
              "code": "8302-2",
              "display": "Body Height"
            }
          ],
          "text": "Body Height"
        },
        "subject": {
          "reference": "urn:uuid:abb120ad-0e6a-4173-9695-b52af428d241"
        },
        "context": {
          "reference": "urn:uuid:a9ef1c10-c8b8-47d9-a97c-19363b77dbd1"
        },
        "effectiveDateTime": "2011-03-16T12:17:35-04:00",
        "issued": "2011-03-16T12:17:35-04:00",
        "valueQuantity": {
          "value": 164.3614695710687,
          "unit": "cm",
          "system": "http://unitsofmeasure.org/",
          "code": "cm"
        },
        "resourceType": "Observation"
      }
    },
    {
      "fullUrl": "urn:uuid:f7391420-1248-41a6-ad92-07994fe794bb",
      "resource": {
        "id": "f7391420-1248-41a6-ad92-07994fe794bb",
        "meta": {
          "profile": [
            "http://standardhealthrecord.org/fhir/StructureDefinition/shr-observation-Observation",
            "http://standardhealthrecord.org/fhir/StructureDefinition/shr-vital-VitalSign",
            "http://standardhealthrecord.org/fhir/StructureDefinition/shr-vital-BodyWeight"
          ]
        },
        "status": "final",
        "category": [
          {
            "coding": [
              {
                "system": "http://hl7.org/fhir/observation-category",
                "code": "vital-signs"
              }
            ]
          }
        ],
        "code": {
          "coding": [
            {
              "system": "http://loinc.org",
              "code": "29463-7",
              "display": "Body Weight"
            }
          ],
          "text": "Body Weight"
        },
        "subject": {
          "reference": "urn:uuid:abb120ad-0e6a-4173-9695-b52af428d241"
        },
        "context": {
          "reference": "urn:uuid:a9ef1c10-c8b8-47d9-a97c-19363b77dbd1"
        },
        "effectiveDateTime": "2011-03-16T12:17:35-04:00",
        "issued": "2011-03-16T12:17:35-04:00",
        "valueQuantity": {
          "value": 49.84822197234259,
          "unit": "kg",
          "system": "http://unitsofmeasure.org/",
          "code": "kg"
        },
        "resourceType": "Observation"
      }
    },
    {
      "fullUrl": "urn:uuid:0bcebe75-6ac4-4c04-80f4-e6499baf93a2",
      "resource": {
        "id": "0bcebe75-6ac4-4c04-80f4-e6499baf93a2",
        "meta": {
          "profile": [
            "http://standardhealthrecord.org/fhir/StructureDefinition/shr-observation-Observation",
            "http://standardhealthrecord.org/fhir/StructureDefinition/shr-vital-VitalSign",
            "http://standardhealthrecord.org/fhir/StructureDefinition/shr-vital-BodyMassIndex"
          ]
        },
        "status": "final",
        "category": [
          {
            "coding": [
              {
                "system": "http://hl7.org/fhir/observation-category",
                "code": "vital-signs"
              }
            ]
          }
        ],
        "code": {
          "coding": [
            {
              "system": "http://loinc.org",
              "code": "39156-5",
              "display": "Body Mass Index"
            }
          ],
          "text": "Body Mass Index"
        },
        "subject": {
          "reference": "urn:uuid:abb120ad-0e6a-4173-9695-b52af428d241"
        },
        "context": {
          "reference": "urn:uuid:a9ef1c10-c8b8-47d9-a97c-19363b77dbd1"
        },
        "effectiveDateTime": "2011-03-16T12:17:35-04:00",
        "issued": "2011-03-16T12:17:35-04:00",
        "valueQuantity": {
          "value": 18.452263204924975,
          "unit": "kg/m2",
          "system": "http://unitsofmeasure.org/",
          "code": "kg/m2"
        },
        "resourceType": "Observation"
      }
    },
    {
      "fullUrl": "urn:uuid:2d370d06-7536-414d-a566-4bed138d6992",
      "resource": {
        "id": "2d370d06-7536-414d-a566-4bed138d6992",
        "meta": {
          "profile": [
            "http://standardhealthrecord.org/fhir/StructureDefinition/shr-observation-Observation",
            "http://standardhealthrecord.org/fhir/StructureDefinition/shr-vital-BloodPressure"
          ]
        },
        "status": "final",
        "category": [
          {
            "coding": [
              {
                "system": "http://hl7.org/fhir/observation-category",
                "code": "vital-signs"
              }
            ]
          }
        ],
        "code": {
          "coding": [
            {
              "system": "http://loinc.org",
              "code": "55284-4",
              "display": "Blood Pressure"
            }
          ]
        },
        "subject": {
          "reference": "urn:uuid:abb120ad-0e6a-4173-9695-b52af428d241"
        },
        "context": {
          "reference": "urn:uuid:a9ef1c10-c8b8-47d9-a97c-19363b77dbd1"
        },
        "effectiveDateTime": "2011-03-16T12:17:35-04:00",
        "issued": "2011-03-16T12:17:35-04:00",
        "component": [
          {
            "code": {
              "coding": [
                {
                  "system": "http://loinc.org",
                  "code": "8480-6",
                  "display": "Systolic Blood Pressure"
                }
              ],
              "text": "Systolic Blood Pressure"
            },
            "valueQuantity": {
              "value": 120,
              "unit": "mmHg",
              "system": "http://unitsofmeasure.org/",
              "code": "mmHg"
            }
          },
          {
            "code": {
              "coding": [
                {
                  "system": "http://loinc.org",
                  "code": "8462-4",
                  "display": "Diastolic Blood Pressure"
                }
              ],
              "text": "Diastolic Blood Pressure"
            },
            "valueQuantity": {
              "value": 71,
              "unit": "mmHg",
              "system": "http://unitsofmeasure.org/",
              "code": "mmHg"
            }
          }
        ],
        "resourceType": "Observation"
      }
    },
    {
      "resource": {
        "meta": {
          "profile": [
            "http://standardhealthrecord.org/fhir/StructureDefinition/shr-immunization-Immunization"
          ]
        },
        "status": "completed",
        "notGiven": false,
        "vaccineCode": {
          "coding": [
            {
              "system": "http://hl7.org/fhir/sid/cvx",
              "code": "140",
              "display": "Influenza, seasonal, injectable, preservative free"
            }
          ],
          "text": "Influenza, seasonal, injectable, preservative free"
        },
        "patient": {
          "reference": "urn:uuid:abb120ad-0e6a-4173-9695-b52af428d241"
        },
        "encounter": {
          "reference": "urn:uuid:a9ef1c10-c8b8-47d9-a97c-19363b77dbd1"
        },
        "date": "2011-03-16T12:17:35-04:00",
        "primarySource": true,
        "resourceType": "Immunization"
      }
    },
    {
      "fullUrl": "urn:uuid:2f2711b3-3652-4f4d-98ef-631d57f88795",
      "resource": {
        "id": "2f2711b3-3652-4f4d-98ef-631d57f88795",
        "meta": {
          "profile": [
            "http://standardhealthrecord.org/fhir/StructureDefinition/shr-encounter-Encounter"
          ]
        },
        "status": "finished",
        "class": {
          "code": "outpatient"
        },
        "type": [
          {
            "coding": [
              {
                "system": "http://snomed.info/sct",
                "code": "170258001"
              }
            ],
            "text": "Outpatient Encounter"
          }
        ],
        "subject": {
          "reference": "urn:uuid:abb120ad-0e6a-4173-9695-b52af428d241"
        },
        "period": {
          "start": "2012-04-09T00:37:53-04:00",
          "end": "2012-04-09T01:37:53-04:00"
        },
        "serviceProvider": {
          "reference": "urn:uuid:86208fb5-9c1f-4f40-bf06-9b1d732d21bc"
        },
        "resourceType": "Encounter"
      }
    },
    {
      "fullUrl": "urn:uuid:cdb18c17-0ed7-4cb8-a4a0-450be75d2a42",
      "resource": {
        "id": "cdb18c17-0ed7-4cb8-a4a0-450be75d2a42",
        "meta": {
          "profile": [
            "http://standardhealthrecord.org/fhir/StructureDefinition/shr-observation-Observation",
            "http://standardhealthrecord.org/fhir/StructureDefinition/shr-vital-VitalSign",
            "http://standardhealthrecord.org/fhir/StructureDefinition/shr-vital-BodyHeight"
          ]
        },
        "status": "final",
        "category": [
          {
            "coding": [
              {
                "system": "http://hl7.org/fhir/observation-category",
                "code": "vital-signs"
              }
            ]
          }
        ],
        "code": {
          "coding": [
            {
              "system": "http://loinc.org",
              "code": "8302-2",
              "display": "Body Height"
            }
          ],
          "text": "Body Height"
        },
        "subject": {
          "reference": "urn:uuid:abb120ad-0e6a-4173-9695-b52af428d241"
        },
        "context": {
          "reference": "urn:uuid:2f2711b3-3652-4f4d-98ef-631d57f88795"
        },
        "effectiveDateTime": "2012-04-09T00:37:53-04:00",
        "issued": "2012-04-09T00:37:53-04:00",
        "valueQuantity": {
          "value": 165.5582439691772,
          "unit": "cm",
          "system": "http://unitsofmeasure.org/",
          "code": "cm"
        },
        "resourceType": "Observation"
      }
    },
    {
      "fullUrl": "urn:uuid:17e52f62-4b21-4535-9b61-61c1f609b6b4",
      "resource": {
        "id": "17e52f62-4b21-4535-9b61-61c1f609b6b4",
        "meta": {
          "profile": [
            "http://standardhealthrecord.org/fhir/StructureDefinition/shr-observation-Observation",
            "http://standardhealthrecord.org/fhir/StructureDefinition/shr-vital-VitalSign",
            "http://standardhealthrecord.org/fhir/StructureDefinition/shr-vital-BodyWeight"
          ]
        },
        "status": "final",
        "category": [
          {
            "coding": [
              {
                "system": "http://hl7.org/fhir/observation-category",
                "code": "vital-signs"
              }
            ]
          }
        ],
        "code": {
          "coding": [
            {
              "system": "http://loinc.org",
              "code": "29463-7",
              "display": "Body Weight"
            }
          ],
          "text": "Body Weight"
        },
        "subject": {
          "reference": "urn:uuid:abb120ad-0e6a-4173-9695-b52af428d241"
        },
        "context": {
          "reference": "urn:uuid:2f2711b3-3652-4f4d-98ef-631d57f88795"
        },
        "effectiveDateTime": "2012-04-09T00:37:53-04:00",
        "issued": "2012-04-09T00:37:53-04:00",
        "valueQuantity": {
          "value": 52.440539000905055,
          "unit": "kg",
          "system": "http://unitsofmeasure.org/",
          "code": "kg"
        },
        "resourceType": "Observation"
      }
    },
    {
      "fullUrl": "urn:uuid:400fbc9e-db05-419b-a62a-cbe40b19eb90",
      "resource": {
        "id": "400fbc9e-db05-419b-a62a-cbe40b19eb90",
        "meta": {
          "profile": [
            "http://standardhealthrecord.org/fhir/StructureDefinition/shr-observation-Observation",
            "http://standardhealthrecord.org/fhir/StructureDefinition/shr-vital-VitalSign",
            "http://standardhealthrecord.org/fhir/StructureDefinition/shr-vital-BodyMassIndex"
          ]
        },
        "status": "final",
        "category": [
          {
            "coding": [
              {
                "system": "http://hl7.org/fhir/observation-category",
                "code": "vital-signs"
              }
            ]
          }
        ],
        "code": {
          "coding": [
            {
              "system": "http://loinc.org",
              "code": "39156-5",
              "display": "Body Mass Index"
            }
          ],
          "text": "Body Mass Index"
        },
        "subject": {
          "reference": "urn:uuid:abb120ad-0e6a-4173-9695-b52af428d241"
        },
        "context": {
          "reference": "urn:uuid:2f2711b3-3652-4f4d-98ef-631d57f88795"
        },
        "effectiveDateTime": "2012-04-09T00:37:53-04:00",
        "issued": "2012-04-09T00:37:53-04:00",
        "valueQuantity": {
          "value": 19.1322269644272,
          "unit": "kg/m2",
          "system": "http://unitsofmeasure.org/",
          "code": "kg/m2"
        },
        "resourceType": "Observation"
      }
    },
    {
      "fullUrl": "urn:uuid:3a9a4bd6-1536-47b2-a87d-9409ab5a4850",
      "resource": {
        "id": "3a9a4bd6-1536-47b2-a87d-9409ab5a4850",
        "meta": {
          "profile": [
            "http://standardhealthrecord.org/fhir/StructureDefinition/shr-observation-Observation",
            "http://standardhealthrecord.org/fhir/StructureDefinition/shr-vital-BloodPressure"
          ]
        },
        "status": "final",
        "category": [
          {
            "coding": [
              {
                "system": "http://hl7.org/fhir/observation-category",
                "code": "vital-signs"
              }
            ]
          }
        ],
        "code": {
          "coding": [
            {
              "system": "http://loinc.org",
              "code": "55284-4",
              "display": "Blood Pressure"
            }
          ]
        },
        "subject": {
          "reference": "urn:uuid:abb120ad-0e6a-4173-9695-b52af428d241"
        },
        "context": {
          "reference": "urn:uuid:2f2711b3-3652-4f4d-98ef-631d57f88795"
        },
        "effectiveDateTime": "2012-04-09T00:37:53-04:00",
        "issued": "2012-04-09T00:37:53-04:00",
        "component": [
          {
            "code": {
              "coding": [
                {
                  "system": "http://loinc.org",
                  "code": "8480-6",
                  "display": "Systolic Blood Pressure"
                }
              ],
              "text": "Systolic Blood Pressure"
            },
            "valueQuantity": {
              "value": 125,
              "unit": "mmHg",
              "system": "http://unitsofmeasure.org/",
              "code": "mmHg"
            }
          },
          {
            "code": {
              "coding": [
                {
                  "system": "http://loinc.org",
                  "code": "8462-4",
                  "display": "Diastolic Blood Pressure"
                }
              ],
              "text": "Diastolic Blood Pressure"
            },
            "valueQuantity": {
              "value": 84,
              "unit": "mmHg",
              "system": "http://unitsofmeasure.org/",
              "code": "mmHg"
            }
          }
        ],
        "resourceType": "Observation"
      }
    },
    {
      "resource": {
        "meta": {
          "profile": [
            "http://standardhealthrecord.org/fhir/StructureDefinition/shr-immunization-Immunization"
          ]
        },
        "status": "completed",
        "notGiven": false,
        "vaccineCode": {
          "coding": [
            {
              "system": "http://hl7.org/fhir/sid/cvx",
              "code": "140",
              "display": "Influenza, seasonal, injectable, preservative free"
            }
          ],
          "text": "Influenza, seasonal, injectable, preservative free"
        },
        "patient": {
          "reference": "urn:uuid:abb120ad-0e6a-4173-9695-b52af428d241"
        },
        "encounter": {
          "reference": "urn:uuid:2f2711b3-3652-4f4d-98ef-631d57f88795"
        },
        "date": "2012-04-09T00:37:53-04:00",
        "primarySource": true,
        "resourceType": "Immunization"
      }
    },
    {
      "fullUrl": "urn:uuid:c27a8143-2d28-48d4-a40a-c06a9a9d04b5",
      "resource": {
        "id": "c27a8143-2d28-48d4-a40a-c06a9a9d04b5",
        "meta": {
          "profile": [
            "http://standardhealthrecord.org/fhir/StructureDefinition/shr-encounter-Encounter"
          ]
        },
        "status": "finished",
        "class": {
          "code": "outpatient"
        },
        "type": [
          {
            "coding": [
              {
                "system": "http://snomed.info/sct",
                "code": "170258001"
              }
            ],
            "text": "Outpatient Encounter"
          }
        ],
        "subject": {
          "reference": "urn:uuid:abb120ad-0e6a-4173-9695-b52af428d241"
        },
        "period": {
          "start": "2013-05-18T10:24:03-04:00",
          "end": "2013-05-18T11:24:03-04:00"
        },
        "serviceProvider": {
          "reference": "urn:uuid:86208fb5-9c1f-4f40-bf06-9b1d732d21bc"
        },
        "resourceType": "Encounter"
      }
    },
    {
      "fullUrl": "urn:uuid:3be6bd6d-c56f-4881-94d0-d640341e05e9",
      "resource": {
        "id": "3be6bd6d-c56f-4881-94d0-d640341e05e9",
        "meta": {
          "profile": [
            "http://standardhealthrecord.org/fhir/StructureDefinition/shr-observation-Observation",
            "http://standardhealthrecord.org/fhir/StructureDefinition/shr-vital-VitalSign",
            "http://standardhealthrecord.org/fhir/StructureDefinition/shr-vital-BodyHeight"
          ]
        },
        "status": "final",
        "category": [
          {
            "coding": [
              {
                "system": "http://hl7.org/fhir/observation-category",
                "code": "vital-signs"
              }
            ]
          }
        ],
        "code": {
          "coding": [
            {
              "system": "http://loinc.org",
              "code": "8302-2",
              "display": "Body Height"
            }
          ],
          "text": "Body Height"
        },
        "subject": {
          "reference": "urn:uuid:abb120ad-0e6a-4173-9695-b52af428d241"
        },
        "context": {
          "reference": "urn:uuid:c27a8143-2d28-48d4-a40a-c06a9a9d04b5"
        },
        "effectiveDateTime": "2013-05-18T10:24:03-04:00",
        "issued": "2013-05-18T10:24:03-04:00",
        "valueQuantity": {
          "value": 166.1192315312061,
          "unit": "cm",
          "system": "http://unitsofmeasure.org/",
          "code": "cm"
        },
        "resourceType": "Observation"
      }
    },
    {
      "fullUrl": "urn:uuid:01e26491-ab00-4efb-ac99-fb9f9b68c286",
      "resource": {
        "id": "01e26491-ab00-4efb-ac99-fb9f9b68c286",
        "meta": {
          "profile": [
            "http://standardhealthrecord.org/fhir/StructureDefinition/shr-observation-Observation",
            "http://standardhealthrecord.org/fhir/StructureDefinition/shr-vital-VitalSign",
            "http://standardhealthrecord.org/fhir/StructureDefinition/shr-vital-BodyWeight"
          ]
        },
        "status": "final",
        "category": [
          {
            "coding": [
              {
                "system": "http://hl7.org/fhir/observation-category",
                "code": "vital-signs"
              }
            ]
          }
        ],
        "code": {
          "coding": [
            {
              "system": "http://loinc.org",
              "code": "29463-7",
              "display": "Body Weight"
            }
          ],
          "text": "Body Weight"
        },
        "subject": {
          "reference": "urn:uuid:abb120ad-0e6a-4173-9695-b52af428d241"
        },
        "context": {
          "reference": "urn:uuid:c27a8143-2d28-48d4-a40a-c06a9a9d04b5"
        },
        "effectiveDateTime": "2013-05-18T10:24:03-04:00",
        "issued": "2013-05-18T10:24:03-04:00",
        "valueQuantity": {
          "value": 54.13626839484335,
          "unit": "kg",
          "system": "http://unitsofmeasure.org/",
          "code": "kg"
        },
        "resourceType": "Observation"
      }
    },
    {
      "fullUrl": "urn:uuid:7830d4c6-d8a7-4d80-afda-b514945822f0",
      "resource": {
        "id": "7830d4c6-d8a7-4d80-afda-b514945822f0",
        "meta": {
          "profile": [
            "http://standardhealthrecord.org/fhir/StructureDefinition/shr-observation-Observation",
            "http://standardhealthrecord.org/fhir/StructureDefinition/shr-vital-VitalSign",
            "http://standardhealthrecord.org/fhir/StructureDefinition/shr-vital-BodyMassIndex"
          ]
        },
        "status": "final",
        "category": [
          {
            "coding": [
              {
                "system": "http://hl7.org/fhir/observation-category",
                "code": "vital-signs"
              }
            ]
          }
        ],
        "code": {
          "coding": [
            {
              "system": "http://loinc.org",
              "code": "39156-5",
              "display": "Body Mass Index"
            }
          ],
          "text": "Body Mass Index"
        },
        "subject": {
          "reference": "urn:uuid:abb120ad-0e6a-4173-9695-b52af428d241"
        },
        "context": {
          "reference": "urn:uuid:c27a8143-2d28-48d4-a40a-c06a9a9d04b5"
        },
        "effectiveDateTime": "2013-05-18T10:24:03-04:00",
        "issued": "2013-05-18T10:24:03-04:00",
        "valueQuantity": {
          "value": 19.617718111151493,
          "unit": "kg/m2",
          "system": "http://unitsofmeasure.org/",
          "code": "kg/m2"
        },
        "resourceType": "Observation"
      }
    },
    {
      "fullUrl": "urn:uuid:8323e938-8d2c-4e86-adb4-5f26ef5cd754",
      "resource": {
        "id": "8323e938-8d2c-4e86-adb4-5f26ef5cd754",
        "meta": {
          "profile": [
            "http://standardhealthrecord.org/fhir/StructureDefinition/shr-observation-Observation",
            "http://standardhealthrecord.org/fhir/StructureDefinition/shr-vital-BloodPressure"
          ]
        },
        "status": "final",
        "category": [
          {
            "coding": [
              {
                "system": "http://hl7.org/fhir/observation-category",
                "code": "vital-signs"
              }
            ]
          }
        ],
        "code": {
          "coding": [
            {
              "system": "http://loinc.org",
              "code": "55284-4",
              "display": "Blood Pressure"
            }
          ]
        },
        "subject": {
          "reference": "urn:uuid:abb120ad-0e6a-4173-9695-b52af428d241"
        },
        "context": {
          "reference": "urn:uuid:c27a8143-2d28-48d4-a40a-c06a9a9d04b5"
        },
        "effectiveDateTime": "2013-05-18T10:24:03-04:00",
        "issued": "2013-05-18T10:24:03-04:00",
        "component": [
          {
            "code": {
              "coding": [
                {
                  "system": "http://loinc.org",
                  "code": "8480-6",
                  "display": "Systolic Blood Pressure"
                }
              ],
              "text": "Systolic Blood Pressure"
            },
            "valueQuantity": {
              "value": 101,
              "unit": "mmHg",
              "system": "http://unitsofmeasure.org/",
              "code": "mmHg"
            }
          },
          {
            "code": {
              "coding": [
                {
                  "system": "http://loinc.org",
                  "code": "8462-4",
                  "display": "Diastolic Blood Pressure"
                }
              ],
              "text": "Diastolic Blood Pressure"
            },
            "valueQuantity": {
              "value": 86,
              "unit": "mmHg",
              "system": "http://unitsofmeasure.org/",
              "code": "mmHg"
            }
          }
        ],
        "resourceType": "Observation"
      }
    },
    {
      "resource": {
        "meta": {
          "profile": [
            "http://standardhealthrecord.org/fhir/StructureDefinition/shr-procedure-Procedure"
          ]
        },
        "extension": [
          {
            "url": "http://standardhealthrecord.org/fhir/StructureDefinition/shr-core-CodeableConcept-extension",
            "valueCodeableConcept": {
              "coding": [
                {
                  "system": "http://snomed.info/sct",
                  "code": "428191000124101",
                  "display": "Documentation of current medications"
                }
              ],
              "text": "Documentation of current medications"
            }
          }
        ],
        "status": "completed",
        "code": {
          "coding": [
            {
              "system": "http://snomed.info/sct",
              "code": "428191000124101",
              "display": "Documentation of current medications"
            }
          ],
          "text": "Documentation of current medications"
        },
        "subject": {
          "reference": "urn:uuid:abb120ad-0e6a-4173-9695-b52af428d241"
        },
        "context": {
          "reference": "urn:uuid:c27a8143-2d28-48d4-a40a-c06a9a9d04b5"
        },
        "performedDateTime": "2013-05-18T10:24:03-04:00",
        "resourceType": "Procedure"
      }
    },
    {
      "resource": {
        "meta": {
          "profile": [
            "http://standardhealthrecord.org/fhir/StructureDefinition/shr-immunization-Immunization"
          ]
        },
        "status": "completed",
        "notGiven": false,
        "vaccineCode": {
          "coding": [
            {
              "system": "http://hl7.org/fhir/sid/cvx",
              "code": "140",
              "display": "Influenza, seasonal, injectable, preservative free"
            }
          ],
          "text": "Influenza, seasonal, injectable, preservative free"
        },
        "patient": {
          "reference": "urn:uuid:abb120ad-0e6a-4173-9695-b52af428d241"
        },
        "encounter": {
          "reference": "urn:uuid:c27a8143-2d28-48d4-a40a-c06a9a9d04b5"
        },
        "date": "2013-05-18T10:24:03-04:00",
        "primarySource": true,
        "resourceType": "Immunization"
      }
    },
    {
      "resource": {
        "meta": {
          "profile": [
            "http://standardhealthrecord.org/fhir/StructureDefinition/shr-immunization-Immunization"
          ]
        },
        "status": "completed",
        "notGiven": false,
        "vaccineCode": {
          "coding": [
            {
              "system": "http://hl7.org/fhir/sid/cvx",
              "code": "114",
              "display": "meningococcal MCV4P"
            }
          ],
          "text": "meningococcal MCV4P"
        },
        "patient": {
          "reference": "urn:uuid:abb120ad-0e6a-4173-9695-b52af428d241"
        },
        "encounter": {
          "reference": "urn:uuid:c27a8143-2d28-48d4-a40a-c06a9a9d04b5"
        },
        "date": "2013-05-18T10:24:03-04:00",
        "primarySource": true,
        "resourceType": "Immunization"
      }
    },
    {
      "fullUrl": "urn:uuid:5885620d-1c94-49e1-bf6d-d0428f96fd31",
      "resource": {
        "id": "5885620d-1c94-49e1-bf6d-d0428f96fd31",
        "meta": {
          "profile": [
            "http://standardhealthrecord.org/fhir/StructureDefinition/shr-encounter-Encounter"
          ]
        },
        "status": "finished",
        "class": {
          "code": "ambulatory"
        },
        "type": [
          {
            "coding": [
              {
                "system": "http://snomed.info/sct",
                "code": "424441002"
              }
            ],
            "text": "Prenatal initial visit"
          }
        ],
        "subject": {
          "reference": "urn:uuid:abb120ad-0e6a-4173-9695-b52af428d241"
        },
        "period": {
          "start": "2014-03-16T01:25:44-04:00",
          "end": "2014-03-16T01:25:44-04:00"
        },
        "reason": {
          "coding": [
            {
              "system": "http://snomed.info/sct",
              "code": "72892002",
              "display": "Normal pregnancy"
            }
          ]
        },
        "serviceProvider": {
          "reference": "urn:uuid:86208fb5-9c1f-4f40-bf06-9b1d732d21bc"
        },
        "resourceType": "Encounter"
      }
    },
    {
      "fullUrl": "urn:uuid:771f3725-de65-42cf-bd90-df4b37bf97f2",
      "resource": {
        "id": "771f3725-de65-42cf-bd90-df4b37bf97f2",
        "meta": {
          "profile": [
            "http://standardhealthrecord.org/fhir/StructureDefinition/shr-problem-Problem"
          ]
        },
        "clinicalStatus": "active",
        "verificationStatus": "confirmed",
        "code": {
          "coding": [
            {
              "system": "http://snomed.info/sct",
              "code": "72892002",
              "display": "Normal pregnancy"
            }
          ],
          "text": "Normal pregnancy"
        },
        "subject": {
          "reference": "urn:uuid:abb120ad-0e6a-4173-9695-b52af428d241"
        },
        "context": {
          "reference": "urn:uuid:5885620d-1c94-49e1-bf6d-d0428f96fd31"
        },
        "onsetDateTime": "2014-03-16T01:25:44-04:00",
        "abatementDateTime": "2014-10-19T01:25:44-04:00",
        "assertedDate": "2014-03-16",
        "resourceType": "Condition"
      }
    },
    {
      "resource": {
        "meta": {
          "profile": [
            "http://standardhealthrecord.org/fhir/StructureDefinition/shr-procedure-Procedure"
          ]
        },
        "extension": [
          {
            "url": "http://standardhealthrecord.org/fhir/StructureDefinition/shr-core-CodeableConcept-extension",
            "valueCodeableConcept": {
              "coding": [
                {
                  "system": "http://snomed.info/sct",
                  "code": "252160004",
                  "display": "Standard pregnancy test"
                }
              ],
              "text": "Standard pregnancy test"
            }
          }
        ],
        "status": "completed",
        "code": {
          "coding": [
            {
              "system": "http://snomed.info/sct",
              "code": "252160004",
              "display": "Standard pregnancy test"
            }
          ],
          "text": "Standard pregnancy test"
        },
        "subject": {
          "reference": "urn:uuid:abb120ad-0e6a-4173-9695-b52af428d241"
        },
        "context": {
          "reference": "urn:uuid:5885620d-1c94-49e1-bf6d-d0428f96fd31"
        },
        "performedDateTime": "2014-03-16T01:25:44-04:00",
        "reasonReference": {
          "reference": "urn:uuid:771f3725-de65-42cf-bd90-df4b37bf97f2",
          "display": "Normal pregnancy"
        },
        "resourceType": "Procedure"
      }
    },
    {
      "resource": {
        "status": "completed",
        "category": [
          {
            "coding": [
              {
                "system": "http://snomed.info/sct",
                "code": "134435003",
                "display": "Routine antenatal care"
              }
            ]
          }
        ],
        "subject": {
          "reference": "urn:uuid:abb120ad-0e6a-4173-9695-b52af428d241"
        },
        "context": {
          "reference": "urn:uuid:5885620d-1c94-49e1-bf6d-d0428f96fd31"
        },
        "period": {
          "start": "2014-03-16",
          "end": "2014-10-19"
        },
        "addresses": [
          {
            "reference": "urn:uuid:771f3725-de65-42cf-bd90-df4b37bf97f2"
          }
        ],
        "activity": [
          {
            "detail": {
              "code": {
                "coding": [
                  {
                    "system": "http://snomed.info/sct",
                    "code": "135892000",
                    "display": "Antenatal education"
                  }
                ]
              },
              "status": "completed"
            }
          },
          {
            "detail": {
              "code": {
                "coding": [
                  {
                    "system": "http://snomed.info/sct",
                    "code": "226060000",
                    "display": "Stress management"
                  }
                ]
              },
              "status": "completed"
            }
          },
          {
            "detail": {
              "code": {
                "coding": [
                  {
                    "system": "http://snomed.info/sct",
                    "code": "171054004",
                    "display": "Pregnancy diet education"
                  }
                ]
              },
              "status": "completed"
            }
          }
        ],
        "resourceType": "CarePlan"
      }
    },
    {
      "fullUrl": "urn:uuid:970579f9-8482-48f1-bb54-fc3a44e51aff",
      "resource": {
        "id": "970579f9-8482-48f1-bb54-fc3a44e51aff",
        "meta": {
          "profile": [
            "http://standardhealthrecord.org/fhir/StructureDefinition/shr-encounter-Encounter"
          ]
        },
        "status": "finished",
        "class": {
          "code": "ambulatory"
        },
        "type": [
          {
            "coding": [
              {
                "system": "http://snomed.info/sct",
                "code": "424619006"
              }
            ],
            "text": "Prenatal visit"
          }
        ],
        "subject": {
          "reference": "urn:uuid:abb120ad-0e6a-4173-9695-b52af428d241"
        },
        "period": {
          "start": "2014-04-20T01:25:44-04:00",
          "end": "2014-04-20T01:25:44-04:00"
        },
        "reason": {
          "coding": [
            {
              "system": "http://snomed.info/sct",
              "code": "72892002",
              "display": "Normal pregnancy"
            }
          ]
        },
        "serviceProvider": {
          "reference": "urn:uuid:86208fb5-9c1f-4f40-bf06-9b1d732d21bc"
        },
        "resourceType": "Encounter"
      }
    },
    {
      "fullUrl": "urn:uuid:4d1cbb93-728d-44ca-855b-b8f092bd632f",
      "resource": {
        "id": "4d1cbb93-728d-44ca-855b-b8f092bd632f",
        "meta": {
          "profile": [
            "http://standardhealthrecord.org/fhir/StructureDefinition/shr-encounter-Encounter"
          ]
        },
        "status": "finished",
        "class": {
          "code": "outpatient"
        },
        "type": [
          {
            "coding": [
              {
                "system": "http://snomed.info/sct",
                "code": "170258001"
              }
            ],
            "text": "Outpatient Encounter"
          }
        ],
        "subject": {
          "reference": "urn:uuid:abb120ad-0e6a-4173-9695-b52af428d241"
        },
        "period": {
          "start": "2014-06-23T22:23:05-04:00",
          "end": "2014-06-23T23:23:05-04:00"
        },
        "serviceProvider": {
          "reference": "urn:uuid:86208fb5-9c1f-4f40-bf06-9b1d732d21bc"
        },
        "resourceType": "Encounter"
      }
    },
    {
      "fullUrl": "urn:uuid:18d08a31-9340-4c72-949b-51e335120420",
      "resource": {
        "id": "18d08a31-9340-4c72-949b-51e335120420",
        "meta": {
          "profile": [
            "http://standardhealthrecord.org/fhir/StructureDefinition/shr-observation-Observation",
            "http://standardhealthrecord.org/fhir/StructureDefinition/shr-vital-VitalSign",
            "http://standardhealthrecord.org/fhir/StructureDefinition/shr-vital-BodyHeight"
          ]
        },
        "status": "final",
        "category": [
          {
            "coding": [
              {
                "system": "http://hl7.org/fhir/observation-category",
                "code": "vital-signs"
              }
            ]
          }
        ],
        "code": {
          "coding": [
            {
              "system": "http://loinc.org",
              "code": "8302-2",
              "display": "Body Height"
            }
          ],
          "text": "Body Height"
        },
        "subject": {
          "reference": "urn:uuid:abb120ad-0e6a-4173-9695-b52af428d241"
        },
        "context": {
          "reference": "urn:uuid:4d1cbb93-728d-44ca-855b-b8f092bd632f"
        },
        "effectiveDateTime": "2014-06-23T22:23:05-04:00",
        "issued": "2014-06-23T22:23:05-04:00",
        "valueQuantity": {
          "value": 166.41572978049638,
          "unit": "cm",
          "system": "http://unitsofmeasure.org/",
          "code": "cm"
        },
        "resourceType": "Observation"
      }
    },
    {
      "fullUrl": "urn:uuid:9eb6d53d-cb84-4fd7-9117-0c19f37ad677",
      "resource": {
        "id": "9eb6d53d-cb84-4fd7-9117-0c19f37ad677",
        "meta": {
          "profile": [
            "http://standardhealthrecord.org/fhir/StructureDefinition/shr-observation-Observation",
            "http://standardhealthrecord.org/fhir/StructureDefinition/shr-vital-VitalSign",
            "http://standardhealthrecord.org/fhir/StructureDefinition/shr-vital-BodyWeight"
          ]
        },
        "status": "final",
        "category": [
          {
            "coding": [
              {
                "system": "http://hl7.org/fhir/observation-category",
                "code": "vital-signs"
              }
            ]
          }
        ],
        "code": {
          "coding": [
            {
              "system": "http://loinc.org",
              "code": "29463-7",
              "display": "Body Weight"
            }
          ],
          "text": "Body Weight"
        },
        "subject": {
          "reference": "urn:uuid:abb120ad-0e6a-4173-9695-b52af428d241"
        },
        "context": {
          "reference": "urn:uuid:4d1cbb93-728d-44ca-855b-b8f092bd632f"
        },
        "effectiveDateTime": "2014-06-23T22:23:05-04:00",
        "issued": "2014-06-23T22:23:05-04:00",
        "valueQuantity": {
          "value": 55.33555961975487,
          "unit": "kg",
          "system": "http://unitsofmeasure.org/",
          "code": "kg"
        },
        "resourceType": "Observation"
      }
    },
    {
      "fullUrl": "urn:uuid:0c4a8e59-5e76-4e32-9ac1-cba64883a06b",
      "resource": {
        "id": "0c4a8e59-5e76-4e32-9ac1-cba64883a06b",
        "meta": {
          "profile": [
            "http://standardhealthrecord.org/fhir/StructureDefinition/shr-observation-Observation",
            "http://standardhealthrecord.org/fhir/StructureDefinition/shr-vital-VitalSign",
            "http://standardhealthrecord.org/fhir/StructureDefinition/shr-vital-BodyMassIndex"
          ]
        },
        "status": "final",
        "category": [
          {
            "coding": [
              {
                "system": "http://hl7.org/fhir/observation-category",
                "code": "vital-signs"
              }
            ]
          }
        ],
        "code": {
          "coding": [
            {
              "system": "http://loinc.org",
              "code": "39156-5",
              "display": "Body Mass Index"
            }
          ],
          "text": "Body Mass Index"
        },
        "subject": {
          "reference": "urn:uuid:abb120ad-0e6a-4173-9695-b52af428d241"
        },
        "context": {
          "reference": "urn:uuid:4d1cbb93-728d-44ca-855b-b8f092bd632f"
        },
        "effectiveDateTime": "2014-06-23T22:23:05-04:00",
        "issued": "2014-06-23T22:23:05-04:00",
        "valueQuantity": {
          "value": 19.980923577388804,
          "unit": "kg/m2",
          "system": "http://unitsofmeasure.org/",
          "code": "kg/m2"
        },
        "resourceType": "Observation"
      }
    },
    {
      "fullUrl": "urn:uuid:1d02df41-5101-4e10-8d49-57c8fcce1e1e",
      "resource": {
        "id": "1d02df41-5101-4e10-8d49-57c8fcce1e1e",
        "meta": {
          "profile": [
            "http://standardhealthrecord.org/fhir/StructureDefinition/shr-observation-Observation",
            "http://standardhealthrecord.org/fhir/StructureDefinition/shr-vital-BloodPressure"
          ]
        },
        "status": "final",
        "category": [
          {
            "coding": [
              {
                "system": "http://hl7.org/fhir/observation-category",
                "code": "vital-signs"
              }
            ]
          }
        ],
        "code": {
          "coding": [
            {
              "system": "http://loinc.org",
              "code": "55284-4",
              "display": "Blood Pressure"
            }
          ]
        },
        "subject": {
          "reference": "urn:uuid:abb120ad-0e6a-4173-9695-b52af428d241"
        },
        "context": {
          "reference": "urn:uuid:4d1cbb93-728d-44ca-855b-b8f092bd632f"
        },
        "effectiveDateTime": "2014-06-23T22:23:05-04:00",
        "issued": "2014-06-23T22:23:05-04:00",
        "component": [
          {
            "code": {
              "coding": [
                {
                  "system": "http://loinc.org",
                  "code": "8480-6",
                  "display": "Systolic Blood Pressure"
                }
              ],
              "text": "Systolic Blood Pressure"
            },
            "valueQuantity": {
              "value": 116,
              "unit": "mmHg",
              "system": "http://unitsofmeasure.org/",
              "code": "mmHg"
            }
          },
          {
            "code": {
              "coding": [
                {
                  "system": "http://loinc.org",
                  "code": "8462-4",
                  "display": "Diastolic Blood Pressure"
                }
              ],
              "text": "Diastolic Blood Pressure"
            },
            "valueQuantity": {
              "value": 85,
              "unit": "mmHg",
              "system": "http://unitsofmeasure.org/",
              "code": "mmHg"
            }
          }
        ],
        "resourceType": "Observation"
      }
    },
    {
      "resource": {
        "meta": {
          "profile": [
            "http://standardhealthrecord.org/fhir/StructureDefinition/shr-immunization-Immunization"
          ]
        },
        "status": "completed",
        "notGiven": false,
        "vaccineCode": {
          "coding": [
            {
              "system": "http://hl7.org/fhir/sid/cvx",
              "code": "140",
              "display": "Influenza, seasonal, injectable, preservative free"
            }
          ],
          "text": "Influenza, seasonal, injectable, preservative free"
        },
        "patient": {
          "reference": "urn:uuid:abb120ad-0e6a-4173-9695-b52af428d241"
        },
        "encounter": {
          "reference": "urn:uuid:4d1cbb93-728d-44ca-855b-b8f092bd632f"
        },
        "date": "2014-06-23T22:23:05-04:00",
        "primarySource": true,
        "resourceType": "Immunization"
      }
    },
    {
      "fullUrl": "urn:uuid:f781cb79-8d09-42b1-b3bb-5ba1a805fa21",
      "resource": {
        "id": "f781cb79-8d09-42b1-b3bb-5ba1a805fa21",
        "meta": {
          "profile": [
            "http://standardhealthrecord.org/fhir/StructureDefinition/shr-encounter-Encounter"
          ]
        },
        "status": "finished",
        "class": {
          "code": "ambulatory"
        },
        "type": [
          {
            "coding": [
              {
                "system": "http://snomed.info/sct",
                "code": "424619006"
              }
            ],
            "text": "Prenatal visit"
          }
        ],
        "subject": {
          "reference": "urn:uuid:abb120ad-0e6a-4173-9695-b52af428d241"
        },
        "period": {
          "start": "2014-07-06T01:25:44-04:00",
          "end": "2014-07-06T01:25:44-04:00"
        },
        "reason": {
          "coding": [
            {
              "system": "http://snomed.info/sct",
              "code": "72892002",
              "display": "Normal pregnancy"
            }
          ]
        },
        "serviceProvider": {
          "reference": "urn:uuid:86208fb5-9c1f-4f40-bf06-9b1d732d21bc"
        },
        "resourceType": "Encounter"
      }
    },
    {
      "fullUrl": "urn:uuid:c62ee68a-4135-40b1-b182-16a3bcb1510a",
      "resource": {
        "id": "c62ee68a-4135-40b1-b182-16a3bcb1510a",
        "meta": {
          "profile": [
            "http://standardhealthrecord.org/fhir/StructureDefinition/shr-encounter-Encounter"
          ]
        },
        "status": "finished",
        "class": {
          "code": "ambulatory"
        },
        "type": [
          {
            "coding": [
              {
                "system": "http://snomed.info/sct",
                "code": "424619006"
              }
            ],
            "text": "Prenatal visit"
          }
        ],
        "subject": {
          "reference": "urn:uuid:abb120ad-0e6a-4173-9695-b52af428d241"
        },
        "period": {
          "start": "2014-08-17T01:25:44-04:00",
          "end": "2014-08-17T01:25:44-04:00"
        },
        "reason": {
          "coding": [
            {
              "system": "http://snomed.info/sct",
              "code": "72892002",
              "display": "Normal pregnancy"
            }
          ]
        },
        "serviceProvider": {
          "reference": "urn:uuid:86208fb5-9c1f-4f40-bf06-9b1d732d21bc"
        },
        "resourceType": "Encounter"
      }
    },
    {
      "fullUrl": "urn:uuid:55dda620-7373-43e7-aa9f-22f833c6fa1d",
      "resource": {
        "id": "55dda620-7373-43e7-aa9f-22f833c6fa1d",
        "meta": {
          "profile": [
            "http://standardhealthrecord.org/fhir/StructureDefinition/shr-encounter-Encounter"
          ]
        },
        "status": "finished",
        "class": {
          "code": "ambulatory"
        },
        "type": [
          {
            "coding": [
              {
                "system": "http://snomed.info/sct",
                "code": "424619006"
              }
            ],
            "text": "Prenatal visit"
          }
        ],
        "subject": {
          "reference": "urn:uuid:abb120ad-0e6a-4173-9695-b52af428d241"
        },
        "period": {
          "start": "2014-09-14T01:25:44-04:00",
          "end": "2014-09-14T01:25:44-04:00"
        },
        "reason": {
          "coding": [
            {
              "system": "http://snomed.info/sct",
              "code": "72892002",
              "display": "Normal pregnancy"
            }
          ]
        },
        "serviceProvider": {
          "reference": "urn:uuid:86208fb5-9c1f-4f40-bf06-9b1d732d21bc"
        },
        "resourceType": "Encounter"
      }
    },
    {
      "fullUrl": "urn:uuid:1f6b4323-e4c2-426d-8205-8de74557a2be",
      "resource": {
        "id": "1f6b4323-e4c2-426d-8205-8de74557a2be",
        "meta": {
          "profile": [
            "http://standardhealthrecord.org/fhir/StructureDefinition/shr-encounter-Encounter"
          ]
        },
        "status": "finished",
        "class": {
          "code": "ambulatory"
        },
        "type": [
          {
            "coding": [
              {
                "system": "http://snomed.info/sct",
                "code": "424619006"
              }
            ],
            "text": "Prenatal visit"
          }
        ],
        "subject": {
          "reference": "urn:uuid:abb120ad-0e6a-4173-9695-b52af428d241"
        },
        "period": {
          "start": "2014-09-28T01:25:44-04:00",
          "end": "2014-09-28T01:25:44-04:00"
        },
        "reason": {
          "coding": [
            {
              "system": "http://snomed.info/sct",
              "code": "72892002",
              "display": "Normal pregnancy"
            }
          ]
        },
        "serviceProvider": {
          "reference": "urn:uuid:86208fb5-9c1f-4f40-bf06-9b1d732d21bc"
        },
        "resourceType": "Encounter"
      }
    },
    {
      "fullUrl": "urn:uuid:02ed04e9-1616-4217-9090-c647f1f10825",
      "resource": {
        "id": "02ed04e9-1616-4217-9090-c647f1f10825",
        "meta": {
          "profile": [
            "http://standardhealthrecord.org/fhir/StructureDefinition/shr-encounter-Encounter"
          ]
        },
        "status": "finished",
        "class": {
          "code": "ambulatory"
        },
        "type": [
          {
            "coding": [
              {
                "system": "http://snomed.info/sct",
                "code": "424619006"
              }
            ],
            "text": "Prenatal visit"
          }
        ],
        "subject": {
          "reference": "urn:uuid:abb120ad-0e6a-4173-9695-b52af428d241"
        },
        "period": {
          "start": "2014-10-05T01:25:44-04:00",
          "end": "2014-10-05T01:25:44-04:00"
        },
        "reason": {
          "coding": [
            {
              "system": "http://snomed.info/sct",
              "code": "72892002",
              "display": "Normal pregnancy"
            }
          ]
        },
        "serviceProvider": {
          "reference": "urn:uuid:86208fb5-9c1f-4f40-bf06-9b1d732d21bc"
        },
        "resourceType": "Encounter"
      }
    },
    {
      "fullUrl": "urn:uuid:b82f9ca9-88e1-4554-8c81-d3767af9d691",
      "resource": {
        "id": "b82f9ca9-88e1-4554-8c81-d3767af9d691",
        "meta": {
          "profile": [
            "http://standardhealthrecord.org/fhir/StructureDefinition/shr-encounter-Encounter"
          ]
        },
        "status": "finished",
        "class": {
          "code": "ambulatory"
        },
        "type": [
          {
            "coding": [
              {
                "system": "http://snomed.info/sct",
                "code": "424619006"
              }
            ],
            "text": "Prenatal visit"
          }
        ],
        "subject": {
          "reference": "urn:uuid:abb120ad-0e6a-4173-9695-b52af428d241"
        },
        "period": {
          "start": "2014-10-12T01:25:44-04:00",
          "end": "2014-10-12T01:25:44-04:00"
        },
        "reason": {
          "coding": [
            {
              "system": "http://snomed.info/sct",
              "code": "72892002",
              "display": "Normal pregnancy"
            }
          ]
        },
        "serviceProvider": {
          "reference": "urn:uuid:86208fb5-9c1f-4f40-bf06-9b1d732d21bc"
        },
        "resourceType": "Encounter"
      }
    },
    {
      "fullUrl": "urn:uuid:883b4030-27f4-41e8-b52b-573399fb7591",
      "resource": {
        "id": "883b4030-27f4-41e8-b52b-573399fb7591",
        "meta": {
          "profile": [
            "http://standardhealthrecord.org/fhir/StructureDefinition/shr-encounter-Encounter"
          ]
        },
        "status": "finished",
        "class": {
          "code": "emergency"
        },
        "type": [
          {
            "coding": [
              {
                "system": "http://snomed.info/sct",
                "code": "183460006"
              }
            ],
            "text": "Obstetric emergency hospital admission"
          }
        ],
        "subject": {
          "reference": "urn:uuid:abb120ad-0e6a-4173-9695-b52af428d241"
        },
        "period": {
          "start": "2014-10-19T01:25:44-04:00",
          "end": "2014-10-19T01:25:44-04:00"
        },
        "reason": {
          "coding": [
            {
              "system": "http://snomed.info/sct",
              "code": "72892002",
              "display": "Normal pregnancy"
            }
          ]
        },
        "serviceProvider": {
          "reference": "urn:uuid:86208fb5-9c1f-4f40-bf06-9b1d732d21bc"
        },
        "resourceType": "Encounter"
      }
    },
    {
      "resource": {
        "meta": {
          "profile": [
            "http://standardhealthrecord.org/fhir/StructureDefinition/shr-procedure-Procedure"
          ]
        },
        "extension": [
          {
            "url": "http://standardhealthrecord.org/fhir/StructureDefinition/shr-core-CodeableConcept-extension",
            "valueCodeableConcept": {
              "coding": [
                {
                  "system": "http://snomed.info/sct",
                  "code": "236974004",
                  "display": "Instrumental delivery"
                }
              ],
              "text": "Instrumental delivery"
            }
          }
        ],
        "status": "completed",
        "code": {
          "coding": [
            {
              "system": "http://snomed.info/sct",
              "code": "236974004",
              "display": "Instrumental delivery"
            }
          ],
          "text": "Instrumental delivery"
        },
        "subject": {
          "reference": "urn:uuid:abb120ad-0e6a-4173-9695-b52af428d241"
        },
        "context": {
          "reference": "urn:uuid:883b4030-27f4-41e8-b52b-573399fb7591"
        },
        "performedDateTime": "2014-10-19T01:25:44-04:00",
        "reasonReference": {
          "reference": "urn:uuid:771f3725-de65-42cf-bd90-df4b37bf97f2",
          "display": "Normal pregnancy"
        },
        "resourceType": "Procedure"
      }
    },
    {
      "resource": {
        "meta": {
          "profile": [
            "http://standardhealthrecord.org/fhir/StructureDefinition/shr-procedure-Procedure"
          ]
        },
        "extension": [
          {
            "url": "http://standardhealthrecord.org/fhir/StructureDefinition/shr-core-CodeableConcept-extension",
            "valueCodeableConcept": {
              "coding": [
                {
                  "system": "http://snomed.info/sct",
                  "code": "66348005",
                  "display": "Childbirth"
                }
              ],
              "text": "Childbirth"
            }
          }
        ],
        "status": "completed",
        "code": {
          "coding": [
            {
              "system": "http://snomed.info/sct",
              "code": "66348005",
              "display": "Childbirth"
            }
          ],
          "text": "Childbirth"
        },
        "subject": {
          "reference": "urn:uuid:abb120ad-0e6a-4173-9695-b52af428d241"
        },
        "context": {
          "reference": "urn:uuid:883b4030-27f4-41e8-b52b-573399fb7591"
        },
        "performedDateTime": "2014-10-19T01:25:44-04:00",
        "reasonReference": {
          "reference": "urn:uuid:771f3725-de65-42cf-bd90-df4b37bf97f2",
          "display": "Normal pregnancy"
        },
        "resourceType": "Procedure"
      }
    },
    {
      "fullUrl": "urn:uuid:b7f402e3-0078-40d6-9462-2746d8b3b84c",
      "resource": {
        "id": "b7f402e3-0078-40d6-9462-2746d8b3b84c",
        "meta": {
          "profile": [
            "http://standardhealthrecord.org/fhir/StructureDefinition/shr-encounter-Encounter"
          ]
        },
        "status": "finished",
        "class": {
          "code": "ambulatory"
        },
        "type": [
          {
            "coding": [
              {
                "system": "http://snomed.info/sct",
                "code": "185345009"
              }
            ],
            "text": "Encounter for symptom"
          }
        ],
        "subject": {
          "reference": "urn:uuid:abb120ad-0e6a-4173-9695-b52af428d241"
        },
        "period": {
          "start": "2015-04-21T19:46:58-04:00",
          "end": "2015-04-21T19:46:58-04:00"
        },
        "reason": {
          "coding": [
            {
              "system": "http://snomed.info/sct",
              "code": "195662009",
              "display": "Acute viral pharyngitis (disorder)"
            }
          ]
        },
        "serviceProvider": {
          "reference": "urn:uuid:86208fb5-9c1f-4f40-bf06-9b1d732d21bc"
        },
        "resourceType": "Encounter"
      }
    },
    {
      "fullUrl": "urn:uuid:7f88f357-2145-4ebd-930d-1b327301b4bc",
      "resource": {
        "id": "7f88f357-2145-4ebd-930d-1b327301b4bc",
        "meta": {
          "profile": [
            "http://standardhealthrecord.org/fhir/StructureDefinition/shr-problem-Problem"
          ]
        },
        "clinicalStatus": "active",
        "verificationStatus": "confirmed",
        "code": {
          "coding": [
            {
              "system": "http://snomed.info/sct",
              "code": "195662009",
              "display": "Acute viral pharyngitis (disorder)"
            }
          ],
          "text": "Acute viral pharyngitis (disorder)"
        },
        "subject": {
          "reference": "urn:uuid:abb120ad-0e6a-4173-9695-b52af428d241"
        },
        "context": {
          "reference": "urn:uuid:b7f402e3-0078-40d6-9462-2746d8b3b84c"
        },
        "onsetDateTime": "2015-04-17T18:59:12-04:00",
        "abatementDateTime": "2015-05-02T12:52:59-04:00",
        "assertedDate": "2015-04-17",
        "resourceType": "Condition"
      }
    },
    {
      "fullUrl": "urn:uuid:135920f7-762d-4e66-a575-b0445b03f66c",
      "resource": {
        "id": "135920f7-762d-4e66-a575-b0445b03f66c",
        "meta": {
          "profile": [
            "http://standardhealthrecord.org/fhir/StructureDefinition/shr-observation-Observation",
            "http://standardhealthrecord.org/fhir/StructureDefinition/shr-vital-VitalSign"
          ]
        },
        "status": "final",
        "category": [
          {
            "coding": [
              {
                "system": "http://hl7.org/fhir/observation-category",
                "code": "vital-signs"
              }
            ]
          }
        ],
        "code": {
          "coding": [
            {
              "system": "http://loinc.org",
              "code": "8331-1",
              "display": "Oral temperature"
            }
          ],
          "text": "Oral temperature"
        },
        "subject": {
          "reference": "urn:uuid:abb120ad-0e6a-4173-9695-b52af428d241"
        },
        "context": {
          "reference": "urn:uuid:b7f402e3-0078-40d6-9462-2746d8b3b84c"
        },
        "effectiveDateTime": "2015-04-21T19:46:58-04:00",
        "issued": "2015-04-21T19:46:58-04:00",
        "valueQuantity": {
          "value": 37,
          "unit": "Cel",
          "system": "http://unitsofmeasure.org/",
          "code": "Cel"
        },
        "resourceType": "Observation"
      }
    },
    {
      "fullUrl": "urn:uuid:4fde91fa-b6f7-48ba-9378-4fee44990f32",
      "resource": {
        "id": "4fde91fa-b6f7-48ba-9378-4fee44990f32",
        "meta": {
          "profile": [
            "http://standardhealthrecord.org/fhir/StructureDefinition/shr-encounter-Encounter"
          ]
        },
        "status": "finished",
        "class": {
          "code": "outpatient"
        },
        "type": [
          {
            "coding": [
              {
                "system": "http://snomed.info/sct",
                "code": "185349003"
              }
            ],
            "text": "Outpatient Encounter"
          }
        ],
        "subject": {
          "reference": "urn:uuid:abb120ad-0e6a-4173-9695-b52af428d241"
        },
        "period": {
          "start": "2015-06-10T16:44:12-04:00",
          "end": "2015-06-10T17:44:12-04:00"
        },
        "serviceProvider": {
          "reference": "urn:uuid:86208fb5-9c1f-4f40-bf06-9b1d732d21bc"
        },
        "resourceType": "Encounter"
      }
    },
    {
      "fullUrl": "urn:uuid:08f17829-fd1c-4c03-9b55-aa81fc1b4baa",
      "resource": {
        "id": "08f17829-fd1c-4c03-9b55-aa81fc1b4baa",
        "meta": {
          "profile": [
            "http://standardhealthrecord.org/fhir/StructureDefinition/shr-observation-Observation",
            "http://standardhealthrecord.org/fhir/StructureDefinition/shr-vital-VitalSign",
            "http://standardhealthrecord.org/fhir/StructureDefinition/shr-vital-BodyHeight"
          ]
        },
        "status": "final",
        "category": [
          {
            "coding": [
              {
                "system": "http://hl7.org/fhir/observation-category",
                "code": "vital-signs"
              }
            ]
          }
        ],
        "code": {
          "coding": [
            {
              "system": "http://loinc.org",
              "code": "8302-2",
              "display": "Body Height"
            }
          ],
          "text": "Body Height"
        },
        "subject": {
          "reference": "urn:uuid:abb120ad-0e6a-4173-9695-b52af428d241"
        },
        "context": {
          "reference": "urn:uuid:4fde91fa-b6f7-48ba-9378-4fee44990f32"
        },
        "effectiveDateTime": "2015-06-10T16:44:12-04:00",
        "issued": "2015-06-10T16:44:12-04:00",
        "valueQuantity": {
          "value": 166.5765924516507,
          "unit": "cm",
          "system": "http://unitsofmeasure.org/",
          "code": "cm"
        },
        "resourceType": "Observation"
      }
    },
    {
      "fullUrl": "urn:uuid:b267b1de-6760-47c0-81db-abf0020193cb",
      "resource": {
        "id": "b267b1de-6760-47c0-81db-abf0020193cb",
        "meta": {
          "profile": [
            "http://standardhealthrecord.org/fhir/StructureDefinition/shr-observation-Observation",
            "http://standardhealthrecord.org/fhir/StructureDefinition/shr-vital-VitalSign",
            "http://standardhealthrecord.org/fhir/StructureDefinition/shr-vital-BodyWeight"
          ]
        },
        "status": "final",
        "category": [
          {
            "coding": [
              {
                "system": "http://hl7.org/fhir/observation-category",
                "code": "vital-signs"
              }
            ]
          }
        ],
        "code": {
          "coding": [
            {
              "system": "http://loinc.org",
              "code": "29463-7",
              "display": "Body Weight"
            }
          ],
          "text": "Body Weight"
        },
        "subject": {
          "reference": "urn:uuid:abb120ad-0e6a-4173-9695-b52af428d241"
        },
        "context": {
          "reference": "urn:uuid:4fde91fa-b6f7-48ba-9378-4fee44990f32"
        },
        "effectiveDateTime": "2015-06-10T16:44:12-04:00",
        "issued": "2015-06-10T16:44:12-04:00",
        "valueQuantity": {
          "value": 56.40005936901659,
          "unit": "kg",
          "system": "http://unitsofmeasure.org/",
          "code": "kg"
        },
        "resourceType": "Observation"
      }
    },
    {
      "fullUrl": "urn:uuid:23063545-dc06-4ea3-b42d-3ba4fffa7c8b",
      "resource": {
        "id": "23063545-dc06-4ea3-b42d-3ba4fffa7c8b",
        "meta": {
          "profile": [
            "http://standardhealthrecord.org/fhir/StructureDefinition/shr-observation-Observation",
            "http://standardhealthrecord.org/fhir/StructureDefinition/shr-vital-VitalSign",
            "http://standardhealthrecord.org/fhir/StructureDefinition/shr-vital-BodyMassIndex"
          ]
        },
        "status": "final",
        "category": [
          {
            "coding": [
              {
                "system": "http://hl7.org/fhir/observation-category",
                "code": "vital-signs"
              }
            ]
          }
        ],
        "code": {
          "coding": [
            {
              "system": "http://loinc.org",
              "code": "39156-5",
              "display": "Body Mass Index"
            }
          ],
          "text": "Body Mass Index"
        },
        "subject": {
          "reference": "urn:uuid:abb120ad-0e6a-4173-9695-b52af428d241"
        },
        "context": {
          "reference": "urn:uuid:4fde91fa-b6f7-48ba-9378-4fee44990f32"
        },
        "effectiveDateTime": "2015-06-10T16:44:12-04:00",
        "issued": "2015-06-10T16:44:12-04:00",
        "valueQuantity": {
          "value": 20.325985602380225,
          "unit": "kg/m2",
          "system": "http://unitsofmeasure.org/",
          "code": "kg/m2"
        },
        "resourceType": "Observation"
      }
    },
    {
      "fullUrl": "urn:uuid:c47b8522-7413-44b0-b6b5-8365d72c1a7c",
      "resource": {
        "id": "c47b8522-7413-44b0-b6b5-8365d72c1a7c",
        "meta": {
          "profile": [
            "http://standardhealthrecord.org/fhir/StructureDefinition/shr-observation-Observation",
            "http://standardhealthrecord.org/fhir/StructureDefinition/shr-vital-BloodPressure"
          ]
        },
        "status": "final",
        "category": [
          {
            "coding": [
              {
                "system": "http://hl7.org/fhir/observation-category",
                "code": "vital-signs"
              }
            ]
          }
        ],
        "code": {
          "coding": [
            {
              "system": "http://loinc.org",
              "code": "55284-4",
              "display": "Blood Pressure"
            }
          ]
        },
        "subject": {
          "reference": "urn:uuid:abb120ad-0e6a-4173-9695-b52af428d241"
        },
        "context": {
          "reference": "urn:uuid:4fde91fa-b6f7-48ba-9378-4fee44990f32"
        },
        "effectiveDateTime": "2015-06-10T16:44:12-04:00",
        "issued": "2015-06-10T16:44:12-04:00",
        "component": [
          {
            "code": {
              "coding": [
                {
                  "system": "http://loinc.org",
                  "code": "8480-6",
                  "display": "Systolic Blood Pressure"
                }
              ],
              "text": "Systolic Blood Pressure"
            },
            "valueQuantity": {
              "value": 133,
              "unit": "mmHg",
              "system": "http://unitsofmeasure.org/",
              "code": "mmHg"
            }
          },
          {
            "code": {
              "coding": [
                {
                  "system": "http://loinc.org",
                  "code": "8462-4",
                  "display": "Diastolic Blood Pressure"
                }
              ],
              "text": "Diastolic Blood Pressure"
            },
            "valueQuantity": {
              "value": 70,
              "unit": "mmHg",
              "system": "http://unitsofmeasure.org/",
              "code": "mmHg"
            }
          }
        ],
        "resourceType": "Observation"
      }
    },
    {
      "resource": {
        "meta": {
          "profile": [
            "http://standardhealthrecord.org/fhir/StructureDefinition/shr-procedure-Procedure"
          ]
        },
        "extension": [
          {
            "url": "http://standardhealthrecord.org/fhir/StructureDefinition/shr-core-CodeableConcept-extension",
            "valueCodeableConcept": {
              "coding": [
                {
                  "system": "http://snomed.info/sct",
                  "code": "428191000124101",
                  "display": "Documentation of current medications"
                }
              ],
              "text": "Documentation of current medications"
            }
          }
        ],
        "status": "completed",
        "code": {
          "coding": [
            {
              "system": "http://snomed.info/sct",
              "code": "428191000124101",
              "display": "Documentation of current medications"
            }
          ],
          "text": "Documentation of current medications"
        },
        "subject": {
          "reference": "urn:uuid:abb120ad-0e6a-4173-9695-b52af428d241"
        },
        "context": {
          "reference": "urn:uuid:4fde91fa-b6f7-48ba-9378-4fee44990f32"
        },
        "performedDateTime": "2015-06-10T16:44:12-04:00",
        "resourceType": "Procedure"
      }
    },
    {
      "resource": {
        "meta": {
          "profile": [
            "http://standardhealthrecord.org/fhir/StructureDefinition/shr-immunization-Immunization"
          ]
        },
        "status": "completed",
        "notGiven": false,
        "vaccineCode": {
          "coding": [
            {
              "system": "http://hl7.org/fhir/sid/cvx",
              "code": "140",
              "display": "Influenza, seasonal, injectable, preservative free"
            }
          ],
          "text": "Influenza, seasonal, injectable, preservative free"
        },
        "patient": {
          "reference": "urn:uuid:abb120ad-0e6a-4173-9695-b52af428d241"
        },
        "encounter": {
          "reference": "urn:uuid:4fde91fa-b6f7-48ba-9378-4fee44990f32"
        },
        "date": "2015-06-10T16:44:12-04:00",
        "primarySource": true,
        "resourceType": "Immunization"
      }
    },
    {
      "fullUrl": "urn:uuid:cc5d667f-34da-40a8-9365-95e73237da19",
      "resource": {
        "id": "cc5d667f-34da-40a8-9365-95e73237da19",
        "meta": {
          "profile": [
            "http://standardhealthrecord.org/fhir/StructureDefinition/shr-encounter-Encounter"
          ]
        },
        "status": "finished",
        "class": {
          "code": "outpatient"
        },
        "type": [
          {
            "coding": [
              {
                "system": "http://snomed.info/sct",
                "code": "185349003"
              }
            ],
            "text": "Outpatient Encounter"
          }
        ],
        "subject": {
          "reference": "urn:uuid:abb120ad-0e6a-4173-9695-b52af428d241"
        },
        "period": {
          "start": "2016-04-21T13:28:38-04:00",
          "end": "2016-04-21T14:28:38-04:00"
        },
        "serviceProvider": {
          "reference": "urn:uuid:86208fb5-9c1f-4f40-bf06-9b1d732d21bc"
        },
        "resourceType": "Encounter"
      }
    },
    {
      "fullUrl": "urn:uuid:5ffeb74e-eb59-41db-aa28-c38e03cb8ff3",
      "resource": {
        "id": "5ffeb74e-eb59-41db-aa28-c38e03cb8ff3",
        "meta": {
          "profile": [
            "http://standardhealthrecord.org/fhir/StructureDefinition/shr-observation-Observation",
            "http://standardhealthrecord.org/fhir/StructureDefinition/shr-vital-VitalSign",
            "http://standardhealthrecord.org/fhir/StructureDefinition/shr-vital-BodyHeight"
          ]
        },
        "status": "final",
        "category": [
          {
            "coding": [
              {
                "system": "http://hl7.org/fhir/observation-category",
                "code": "vital-signs"
              }
            ]
          }
        ],
        "code": {
          "coding": [
            {
              "system": "http://loinc.org",
              "code": "8302-2",
              "display": "Body Height"
            }
          ],
          "text": "Body Height"
        },
        "subject": {
          "reference": "urn:uuid:abb120ad-0e6a-4173-9695-b52af428d241"
        },
        "context": {
          "reference": "urn:uuid:cc5d667f-34da-40a8-9365-95e73237da19"
        },
        "effectiveDateTime": "2016-04-21T13:28:38-04:00",
        "issued": "2016-04-21T13:28:38-04:00",
        "valueQuantity": {
          "value": 166.6638709675293,
          "unit": "cm",
          "system": "http://unitsofmeasure.org/",
          "code": "cm"
        },
        "resourceType": "Observation"
      }
    },
    {
      "fullUrl": "urn:uuid:5232a8cc-4796-42f4-95dc-f8fb548b98e6",
      "resource": {
        "id": "5232a8cc-4796-42f4-95dc-f8fb548b98e6",
        "meta": {
          "profile": [
            "http://standardhealthrecord.org/fhir/StructureDefinition/shr-observation-Observation",
            "http://standardhealthrecord.org/fhir/StructureDefinition/shr-vital-VitalSign",
            "http://standardhealthrecord.org/fhir/StructureDefinition/shr-vital-BodyWeight"
          ]
        },
        "status": "final",
        "category": [
          {
            "coding": [
              {
                "system": "http://hl7.org/fhir/observation-category",
                "code": "vital-signs"
              }
            ]
          }
        ],
        "code": {
          "coding": [
            {
              "system": "http://loinc.org",
              "code": "29463-7",
              "display": "Body Weight"
            }
          ],
          "text": "Body Weight"
        },
        "subject": {
          "reference": "urn:uuid:abb120ad-0e6a-4173-9695-b52af428d241"
        },
        "context": {
          "reference": "urn:uuid:cc5d667f-34da-40a8-9365-95e73237da19"
        },
        "effectiveDateTime": "2016-04-21T13:28:38-04:00",
        "issued": "2016-04-21T13:28:38-04:00",
        "valueQuantity": {
          "value": 57.32334793445196,
          "unit": "kg",
          "system": "http://unitsofmeasure.org/",
          "code": "kg"
        },
        "resourceType": "Observation"
      }
    },
    {
      "fullUrl": "urn:uuid:76d935a5-f7e2-440f-8f41-29c694774270",
      "resource": {
        "id": "76d935a5-f7e2-440f-8f41-29c694774270",
        "meta": {
          "profile": [
            "http://standardhealthrecord.org/fhir/StructureDefinition/shr-observation-Observation",
            "http://standardhealthrecord.org/fhir/StructureDefinition/shr-vital-VitalSign",
            "http://standardhealthrecord.org/fhir/StructureDefinition/shr-vital-BodyMassIndex"
          ]
        },
        "status": "final",
        "category": [
          {
            "coding": [
              {
                "system": "http://hl7.org/fhir/observation-category",
                "code": "vital-signs"
              }
            ]
          }
        ],
        "code": {
          "coding": [
            {
              "system": "http://loinc.org",
              "code": "39156-5",
              "display": "Body Mass Index"
            }
          ],
          "text": "Body Mass Index"
        },
        "subject": {
          "reference": "urn:uuid:abb120ad-0e6a-4173-9695-b52af428d241"
        },
        "context": {
          "reference": "urn:uuid:cc5d667f-34da-40a8-9365-95e73237da19"
        },
        "effectiveDateTime": "2016-04-21T13:28:38-04:00",
        "issued": "2016-04-21T13:28:38-04:00",
        "valueQuantity": {
          "value": 20.6370975919872,
          "unit": "kg/m2",
          "system": "http://unitsofmeasure.org/",
          "code": "kg/m2"
        },
        "resourceType": "Observation"
      }
    },
    {
      "fullUrl": "urn:uuid:256e9e10-6037-4854-a35e-4cb09da18454",
      "resource": {
        "id": "256e9e10-6037-4854-a35e-4cb09da18454",
        "meta": {
          "profile": [
            "http://standardhealthrecord.org/fhir/StructureDefinition/shr-observation-Observation",
            "http://standardhealthrecord.org/fhir/StructureDefinition/shr-vital-BloodPressure"
          ]
        },
        "status": "final",
        "category": [
          {
            "coding": [
              {
                "system": "http://hl7.org/fhir/observation-category",
                "code": "vital-signs"
              }
            ]
          }
        ],
        "code": {
          "coding": [
            {
              "system": "http://loinc.org",
              "code": "55284-4",
              "display": "Blood Pressure"
            }
          ]
        },
        "subject": {
          "reference": "urn:uuid:abb120ad-0e6a-4173-9695-b52af428d241"
        },
        "context": {
          "reference": "urn:uuid:cc5d667f-34da-40a8-9365-95e73237da19"
        },
        "effectiveDateTime": "2016-04-21T13:28:38-04:00",
        "issued": "2016-04-21T13:28:38-04:00",
        "component": [
          {
            "code": {
              "coding": [
                {
                  "system": "http://loinc.org",
                  "code": "8480-6",
                  "display": "Systolic Blood Pressure"
                }
              ],
              "text": "Systolic Blood Pressure"
            },
            "valueQuantity": {
              "value": 116,
              "unit": "mmHg",
              "system": "http://unitsofmeasure.org/",
              "code": "mmHg"
            }
          },
          {
            "code": {
              "coding": [
                {
                  "system": "http://loinc.org",
                  "code": "8462-4",
                  "display": "Diastolic Blood Pressure"
                }
              ],
              "text": "Diastolic Blood Pressure"
            },
            "valueQuantity": {
              "value": 72,
              "unit": "mmHg",
              "system": "http://unitsofmeasure.org/",
              "code": "mmHg"
            }
          }
        ],
        "resourceType": "Observation"
      }
    },
    {
      "resource": {
        "meta": {
          "profile": [
            "http://standardhealthrecord.org/fhir/StructureDefinition/shr-immunization-Immunization"
          ]
        },
        "status": "completed",
        "notGiven": false,
        "vaccineCode": {
          "coding": [
            {
              "system": "http://hl7.org/fhir/sid/cvx",
              "code": "140",
              "display": "Influenza, seasonal, injectable, preservative free"
            }
          ],
          "text": "Influenza, seasonal, injectable, preservative free"
        },
        "patient": {
          "reference": "urn:uuid:abb120ad-0e6a-4173-9695-b52af428d241"
        },
        "encounter": {
          "reference": "urn:uuid:cc5d667f-34da-40a8-9365-95e73237da19"
        },
        "date": "2016-04-21T13:28:38-04:00",
        "primarySource": true,
        "resourceType": "Immunization"
      }
    },
    {
      "fullUrl": "urn:uuid:77d83b94-885f-46fb-91e8-692719ccbe19",
      "resource": {
        "id": "77d83b94-885f-46fb-91e8-692719ccbe19",
        "meta": {
          "profile": [
            "http://standardhealthrecord.org/fhir/StructureDefinition/shr-encounter-Encounter"
          ]
        },
        "status": "finished",
        "class": {
          "code": "outpatient"
        },
        "type": [
          {
            "coding": [
              {
                "system": "http://snomed.info/sct",
                "code": "185349003"
              }
            ],
            "text": "Outpatient Encounter"
          }
        ],
        "subject": {
          "reference": "urn:uuid:abb120ad-0e6a-4173-9695-b52af428d241"
        },
        "period": {
          "start": "2017-04-02T07:50:37-04:00",
          "end": "2017-04-02T08:50:37-04:00"
        },
        "serviceProvider": {
          "reference": "urn:uuid:86208fb5-9c1f-4f40-bf06-9b1d732d21bc"
        },
        "resourceType": "Encounter"
      }
    },
    {
      "fullUrl": "urn:uuid:7cf52bf1-29ba-404d-a3e6-ac0d4060876c",
      "resource": {
        "id": "7cf52bf1-29ba-404d-a3e6-ac0d4060876c",
        "meta": {
          "profile": [
            "http://standardhealthrecord.org/fhir/StructureDefinition/shr-problem-Problem"
          ]
        },
        "clinicalStatus": "active",
        "verificationStatus": "confirmed",
        "code": {
          "coding": [
            {
              "system": "http://snomed.info/sct",
              "code": "72892002",
              "display": "Normal pregnancy"
            }
          ],
          "text": "Normal pregnancy"
        },
        "subject": {
          "reference": "urn:uuid:abb120ad-0e6a-4173-9695-b52af428d241"
        },
        "context": {
          "reference": "urn:uuid:77d83b94-885f-46fb-91e8-692719ccbe19"
        },
        "onsetDateTime": "2017-04-02T01:25:44-04:00",
        "assertedDate": "2017-04-02",
        "resourceType": "Condition"
      }
    },
    {
      "fullUrl": "urn:uuid:138d6941-4abb-41bb-9ee7-644ce5f29a04",
      "resource": {
        "id": "138d6941-4abb-41bb-9ee7-644ce5f29a04",
        "meta": {
          "profile": [
            "http://standardhealthrecord.org/fhir/StructureDefinition/shr-observation-Observation",
            "http://standardhealthrecord.org/fhir/StructureDefinition/shr-vital-VitalSign",
            "http://standardhealthrecord.org/fhir/StructureDefinition/shr-vital-BodyHeight"
          ]
        },
        "status": "final",
        "category": [
          {
            "coding": [
              {
                "system": "http://hl7.org/fhir/observation-category",
                "code": "vital-signs"
              }
            ]
          }
        ],
        "code": {
          "coding": [
            {
              "system": "http://loinc.org",
              "code": "8302-2",
              "display": "Body Height"
            }
          ],
          "text": "Body Height"
        },
        "subject": {
          "reference": "urn:uuid:abb120ad-0e6a-4173-9695-b52af428d241"
        },
        "context": {
          "reference": "urn:uuid:77d83b94-885f-46fb-91e8-692719ccbe19"
        },
        "effectiveDateTime": "2017-04-02T07:50:37-04:00",
        "issued": "2017-04-02T07:50:37-04:00",
        "valueQuantity": {
          "value": 166.70831088450967,
          "unit": "cm",
          "system": "http://unitsofmeasure.org/",
          "code": "cm"
        },
        "resourceType": "Observation"
      }
    },
    {
      "fullUrl": "urn:uuid:a55bd941-f091-4a06-bcbd-ba89504c1bc7",
      "resource": {
        "id": "a55bd941-f091-4a06-bcbd-ba89504c1bc7",
        "meta": {
          "profile": [
            "http://standardhealthrecord.org/fhir/StructureDefinition/shr-observation-Observation",
            "http://standardhealthrecord.org/fhir/StructureDefinition/shr-vital-VitalSign",
            "http://standardhealthrecord.org/fhir/StructureDefinition/shr-vital-BodyWeight"
          ]
        },
        "status": "final",
        "category": [
          {
            "coding": [
              {
                "system": "http://hl7.org/fhir/observation-category",
                "code": "vital-signs"
              }
            ]
          }
        ],
        "code": {
          "coding": [
            {
              "system": "http://loinc.org",
              "code": "29463-7",
              "display": "Body Weight"
            }
          ],
          "text": "Body Weight"
        },
        "subject": {
          "reference": "urn:uuid:abb120ad-0e6a-4173-9695-b52af428d241"
        },
        "context": {
          "reference": "urn:uuid:77d83b94-885f-46fb-91e8-692719ccbe19"
        },
        "effectiveDateTime": "2017-04-02T07:50:37-04:00",
        "issued": "2017-04-02T07:50:37-04:00",
        "valueQuantity": {
          "value": 59.10166446304514,
          "unit": "kg",
          "system": "http://unitsofmeasure.org/",
          "code": "kg"
        },
        "resourceType": "Observation"
      }
    },
    {
      "fullUrl": "urn:uuid:2ddea38c-c75c-431e-b8e8-6ae92965a723",
      "resource": {
        "id": "2ddea38c-c75c-431e-b8e8-6ae92965a723",
        "meta": {
          "profile": [
            "http://standardhealthrecord.org/fhir/StructureDefinition/shr-observation-Observation",
            "http://standardhealthrecord.org/fhir/StructureDefinition/shr-vital-VitalSign",
            "http://standardhealthrecord.org/fhir/StructureDefinition/shr-vital-BodyMassIndex"
          ]
        },
        "status": "final",
        "category": [
          {
            "coding": [
              {
                "system": "http://hl7.org/fhir/observation-category",
                "code": "vital-signs"
              }
            ]
          }
        ],
        "code": {
          "coding": [
            {
              "system": "http://loinc.org",
              "code": "39156-5",
              "display": "Body Mass Index"
            }
          ],
          "text": "Body Mass Index"
        },
        "subject": {
          "reference": "urn:uuid:abb120ad-0e6a-4173-9695-b52af428d241"
        },
        "context": {
          "reference": "urn:uuid:77d83b94-885f-46fb-91e8-692719ccbe19"
        },
        "effectiveDateTime": "2017-04-02T07:50:37-04:00",
        "issued": "2017-04-02T07:50:37-04:00",
        "valueQuantity": {
          "value": 21.265970622445955,
          "unit": "kg/m2",
          "system": "http://unitsofmeasure.org/",
          "code": "kg/m2"
        },
        "resourceType": "Observation"
      }
    },
    {
      "fullUrl": "urn:uuid:07ab3426-c330-4d3b-a8cc-07c5cf3293da",
      "resource": {
        "id": "07ab3426-c330-4d3b-a8cc-07c5cf3293da",
        "meta": {
          "profile": [
            "http://standardhealthrecord.org/fhir/StructureDefinition/shr-observation-Observation",
            "http://standardhealthrecord.org/fhir/StructureDefinition/shr-vital-BloodPressure"
          ]
        },
        "status": "final",
        "category": [
          {
            "coding": [
              {
                "system": "http://hl7.org/fhir/observation-category",
                "code": "vital-signs"
              }
            ]
          }
        ],
        "code": {
          "coding": [
            {
              "system": "http://loinc.org",
              "code": "55284-4",
              "display": "Blood Pressure"
            }
          ]
        },
        "subject": {
          "reference": "urn:uuid:abb120ad-0e6a-4173-9695-b52af428d241"
        },
        "context": {
          "reference": "urn:uuid:77d83b94-885f-46fb-91e8-692719ccbe19"
        },
        "effectiveDateTime": "2017-04-02T07:50:37-04:00",
        "issued": "2017-04-02T07:50:37-04:00",
        "component": [
          {
            "code": {
              "coding": [
                {
                  "system": "http://loinc.org",
                  "code": "8480-6",
                  "display": "Systolic Blood Pressure"
                }
              ],
              "text": "Systolic Blood Pressure"
            },
            "valueQuantity": {
              "value": 116,
              "unit": "mmHg",
              "system": "http://unitsofmeasure.org/",
              "code": "mmHg"
            }
          },
          {
            "code": {
              "coding": [
                {
                  "system": "http://loinc.org",
                  "code": "8462-4",
                  "display": "Diastolic Blood Pressure"
                }
              ],
              "text": "Diastolic Blood Pressure"
            },
            "valueQuantity": {
              "value": 84,
              "unit": "mmHg",
              "system": "http://unitsofmeasure.org/",
              "code": "mmHg"
            }
          }
        ],
        "resourceType": "Observation"
      }
    },
    {
      "resource": {
        "meta": {
          "profile": [
            "http://standardhealthrecord.org/fhir/StructureDefinition/shr-immunization-Immunization"
          ]
        },
        "status": "completed",
        "notGiven": false,
        "vaccineCode": {
          "coding": [
            {
              "system": "http://hl7.org/fhir/sid/cvx",
              "code": "140",
              "display": "Influenza, seasonal, injectable, preservative free"
            }
          ],
          "text": "Influenza, seasonal, injectable, preservative free"
        },
        "patient": {
          "reference": "urn:uuid:abb120ad-0e6a-4173-9695-b52af428d241"
        },
        "encounter": {
          "reference": "urn:uuid:77d83b94-885f-46fb-91e8-692719ccbe19"
        },
        "date": "2017-04-02T07:50:37-04:00",
        "primarySource": true,
        "resourceType": "Immunization"
      }
    }
  ],
  "resourceType": "Bundle"
}