{
  "type": "collection",
  "entry": [
    {
      "fullUrl": "urn:uuid:2704deb4-b7e3-420f-b4ce-f809bd43ce92",
      "resource": {
        "id": "2704deb4-b7e3-420f-b4ce-f809bd43ce92",
        "meta": {
          "profile": [
            "http://standardhealthrecord.org/fhir/StructureDefinition/shr-demographics-PersonOfRecord"
          ]
        },
        "text": {
          "status": "generated",
          "div": "<div>Generated by <a href=\"https://github.com/synthetichealth/synthea\">Synthea</a>. Version identifier: 4d02400401b9fab839e47bf5b2f1f6a8c683ab55</div>"
        },
        "extension": [
          {
            "url": "http://hl7.org/fhir/us/core/StructureDefinition/us-core-race",
            "valueCodeableConcept": {
              "coding": [
                {
                  "system": "http://hl7.org/fhir/v3/Race",
                  "code": "2106-3",
                  "display": "White"
                }
              ],
              "text": "race"
            }
          },
          {
            "url": "http://hl7.org/fhir/us/core/StructureDefinition/us-core-ethnicity",
            "valueCodeableConcept": {
              "coding": [
                {
                  "system": "http://hl7.org/fhir/v3/Ethnicity",
                  "code": "2186-5",
                  "display": "Nonhispanic"
                }
              ],
              "text": "ethnicity"
            }
          },
          {
            "url": "http://hl7.org/fhir/StructureDefinition/birthPlace",
            "valueAddress": {
              "city": "Oxford",
              "state": "MA",
              "country": "US"
            }
          },
          {
            "url": "http://hl7.org/fhir/StructureDefinition/patient-mothersMaidenName",
            "valueString": "Juana28 Jacobs804"
          },
          {
            "url": "http://hl7.org/fhir/us/core/StructureDefinition/us-core-birthsex",
            "valueCode": "F"
          },
          {
            "url": "http://hl7.org/fhir/StructureDefinition/patient-interpreterRequired",
            "valueBoolean": false
          },
          {
            "url": "http://standardhealthrecord.org/fhir/StructureDefinition/shr-actor-FictionalPerson-extension",
            "valueBoolean": true
          },
          {
            "url": "http://standardhealthrecord.org/fhir/StructureDefinition/shr-demographics-FathersName-extension",
            "valueHumanName": {
              "text": "Jarod301 Abbott992"
            }
          },
          {
            "url": "http://standardhealthrecord.org/fhir/StructureDefinition/shr-demographics-SocialSecurityNumber-extension",
            "valueString": "999-77-4350"
          }
        ],
        "identifier": [
          {
            "system": "https://github.com/synthetichealth/synthea",
            "value": "d455cb0f-fa97-4956-9afa-98ee1d018857"
          },
          {
            "type": {
              "coding": [
                {
                  "system": "http://hl7.org/fhir/identifier-type",
                  "code": "SB"
                }
              ]
            },
            "system": "http://hl7.org/fhir/sid/us-ssn",
            "value": "999774350"
          },
          {
            "type": {
              "coding": [
                {
                  "system": "http://hl7.org/fhir/v2/0203",
                  "code": "DL"
                }
              ]
            },
            "system": "urn:oid:2.16.840.1.113883.4.3.25",
            "value": "S99919442"
          }
        ],
        "name": [
          {
            "use": "official",
            "family": "Abbott992",
            "given": [
              "Toby16"
            ],
            "prefix": [
              "Ms."
            ]
          }
        ],
        "telecom": [
          {
            "system": "phone",
            "value": "(216) 255-9953 x1366",
            "use": "home"
          }
        ],
        "gender": "female",
        "birthDate": "1995-07-07",
        "address": [
          {
            "extension": [
              {
                "extension": [
                  {
                    "url": "latitude",
                    "valueDecimal": 42.20143796745843
                  },
                  {
                    "url": "longitude",
                    "valueDecimal": -71.65618522689485
                  }
                ],
                "url": "http://hl7.org/fhir/StructureDefinition/geolocation"
              }
            ],
            "line": [
              "654 Hanna Curve"
            ],
            "city": "Grafton",
            "state": "MA",
            "postalCode": "01519",
            "country": "US"
          }
        ],
        "maritalStatus": {
          "coding": [
            {
              "system": "http://hl7.org/fhir/v3/MaritalStatus",
              "code": "S"
            }
          ],
          "text": "Never Married"
        },
        "multipleBirthBoolean": false,
        "communication": [
          {
            "language": {
              "coding": [
                {
                  "system": "http://hl7.org/fhir/ValueSet/languages",
                  "code": "en-US",
                  "display": "English (United States)"
                }
              ]
            }
          }
        ],
        "resourceType": "Patient"
      }
    },
    {
      "fullUrl": "urn:uuid:b27ba82f-628f-4b13-be32-c6c38205a04f",
      "resource": {
        "id": "b27ba82f-628f-4b13-be32-c6c38205a04f",
        "meta": {
          "profile": [
            "http://standardhealthrecord.org/fhir/StructureDefinition/shr-actor-Organization"
          ]
        },
        "type": [
          {
            "coding": [
              {
                "system": "http://hl7.org/fhir/ValueSet/organization-type",
                "code": "prov",
                "display": "Healthcare Provider"
              }
            ],
            "text": "Healthcare Provider"
          }
        ],
        "name": "Synthetic Provider",
        "resourceType": "Organization"
      }
    },
    {
      "fullUrl": "urn:uuid:2b94a919-cb1a-4069-beed-f1e3aa10f8fa",
      "resource": {
        "id": "2b94a919-cb1a-4069-beed-f1e3aa10f8fa",
        "meta": {
          "profile": [
            "http://standardhealthrecord.org/fhir/StructureDefinition/shr-encounter-Encounter"
          ]
        },
        "status": "finished",
        "class": {
          "code": "outpatient"
        },
        "type": [
          {
            "coding": [
              {
                "system": "http://snomed.info/sct",
                "code": "170258001"
              }
            ],
            "text": "Outpatient Encounter"
          }
        ],
        "subject": {
          "reference": "urn:uuid:2704deb4-b7e3-420f-b4ce-f809bd43ce92"
        },
        "period": {
          "start": "2010-12-19T15:09:35-05:00",
          "end": "2010-12-19T16:09:35-05:00"
        },
        "serviceProvider": {
          "reference": "urn:uuid:b27ba82f-628f-4b13-be32-c6c38205a04f"
        },
        "resourceType": "Encounter"
      }
    },
    {
      "fullUrl": "urn:uuid:111fd2ed-1f8f-4128-b2e5-e4f3823b79b1",
      "resource": {
        "id": "111fd2ed-1f8f-4128-b2e5-e4f3823b79b1",
        "meta": {
          "profile": [
            "http://standardhealthrecord.org/fhir/StructureDefinition/shr-observation-Observation",
            "http://standardhealthrecord.org/fhir/StructureDefinition/shr-vital-VitalSign",
            "http://standardhealthrecord.org/fhir/StructureDefinition/shr-vital-BodyHeight"
          ]
        },
        "status": "final",
        "category": [
          {
            "coding": [
              {
                "system": "http://hl7.org/fhir/observation-category",
                "code": "vital-signs"
              }
            ]
          }
        ],
        "code": {
          "coding": [
            {
              "system": "http://loinc.org",
              "code": "8302-2",
              "display": "Body Height"
            }
          ],
          "text": "Body Height"
        },
        "subject": {
          "reference": "urn:uuid:2704deb4-b7e3-420f-b4ce-f809bd43ce92"
        },
        "context": {
          "reference": "urn:uuid:2b94a919-cb1a-4069-beed-f1e3aa10f8fa"
        },
        "effectiveDateTime": "2010-12-19T15:09:35-05:00",
        "issued": "2010-12-19T15:09:35-05:00",
        "valueQuantity": {
          "value": 162.75799557715774,
          "unit": "cm",
          "system": "http://unitsofmeasure.org/",
          "code": "cm"
        },
        "resourceType": "Observation"
      }
    },
    {
      "fullUrl": "urn:uuid:0dbf565a-6c94-4aa6-bc96-8fc066ba3027",
      "resource": {
        "id": "0dbf565a-6c94-4aa6-bc96-8fc066ba3027",
        "meta": {
          "profile": [
            "http://standardhealthrecord.org/fhir/StructureDefinition/shr-observation-Observation",
            "http://standardhealthrecord.org/fhir/StructureDefinition/shr-vital-VitalSign",
            "http://standardhealthrecord.org/fhir/StructureDefinition/shr-vital-BodyWeight"
          ]
        },
        "status": "final",
        "category": [
          {
            "coding": [
              {
                "system": "http://hl7.org/fhir/observation-category",
                "code": "vital-signs"
              }
            ]
          }
        ],
        "code": {
          "coding": [
            {
              "system": "http://loinc.org",
              "code": "29463-7",
              "display": "Body Weight"
            }
          ],
          "text": "Body Weight"
        },
        "subject": {
          "reference": "urn:uuid:2704deb4-b7e3-420f-b4ce-f809bd43ce92"
        },
        "context": {
          "reference": "urn:uuid:2b94a919-cb1a-4069-beed-f1e3aa10f8fa"
        },
        "effectiveDateTime": "2010-12-19T15:09:35-05:00",
        "issued": "2010-12-19T15:09:35-05:00",
        "valueQuantity": {
          "value": 51.81502413075778,
          "unit": "kg",
          "system": "http://unitsofmeasure.org/",
          "code": "kg"
        },
        "resourceType": "Observation"
      }
    },
    {
      "fullUrl": "urn:uuid:956afe45-4c02-4657-b3e1-90e624d1d129",
      "resource": {
        "id": "956afe45-4c02-4657-b3e1-90e624d1d129",
        "meta": {
          "profile": [
            "http://standardhealthrecord.org/fhir/StructureDefinition/shr-observation-Observation",
            "http://standardhealthrecord.org/fhir/StructureDefinition/shr-vital-VitalSign",
            "http://standardhealthrecord.org/fhir/StructureDefinition/shr-vital-BodyMassIndex"
          ]
        },
        "status": "final",
        "category": [
          {
            "coding": [
              {
                "system": "http://hl7.org/fhir/observation-category",
                "code": "vital-signs"
              }
            ]
          }
        ],
        "code": {
          "coding": [
            {
              "system": "http://loinc.org",
              "code": "39156-5",
              "display": "Body Mass Index"
            }
          ],
          "text": "Body Mass Index"
        },
        "subject": {
          "reference": "urn:uuid:2704deb4-b7e3-420f-b4ce-f809bd43ce92"
        },
        "context": {
          "reference": "urn:uuid:2b94a919-cb1a-4069-beed-f1e3aa10f8fa"
        },
        "effectiveDateTime": "2010-12-19T15:09:35-05:00",
        "issued": "2010-12-19T15:09:35-05:00",
        "valueQuantity": {
          "value": 19.56009858286549,
          "unit": "kg/m2",
          "system": "http://unitsofmeasure.org/",
          "code": "kg/m2"
        },
        "resourceType": "Observation"
      }
    },
    {
      "fullUrl": "urn:uuid:11398fa5-6f74-4654-aaeb-aff82973caae",
      "resource": {
        "id": "11398fa5-6f74-4654-aaeb-aff82973caae",
        "meta": {
          "profile": [
            "http://standardhealthrecord.org/fhir/StructureDefinition/shr-observation-Observation",
            "http://standardhealthrecord.org/fhir/StructureDefinition/shr-vital-BloodPressure"
          ]
        },
        "status": "final",
        "category": [
          {
            "coding": [
              {
                "system": "http://hl7.org/fhir/observation-category",
                "code": "vital-signs"
              }
            ]
          }
        ],
        "code": {
          "coding": [
            {
              "system": "http://loinc.org",
              "code": "55284-4",
              "display": "Blood Pressure"
            }
          ]
        },
        "subject": {
          "reference": "urn:uuid:2704deb4-b7e3-420f-b4ce-f809bd43ce92"
        },
        "context": {
          "reference": "urn:uuid:2b94a919-cb1a-4069-beed-f1e3aa10f8fa"
        },
        "effectiveDateTime": "2010-12-19T15:09:35-05:00",
        "issued": "2010-12-19T15:09:35-05:00",
        "component": [
          {
            "code": {
              "coding": [
                {
                  "system": "http://loinc.org",
                  "code": "8480-6",
                  "display": "Systolic Blood Pressure"
                }
              ],
              "text": "Systolic Blood Pressure"
            },
            "valueQuantity": {
              "value": 121,
              "unit": "mmHg",
              "system": "http://unitsofmeasure.org/",
              "code": "mmHg"
            }
          },
          {
            "code": {
              "coding": [
                {
                  "system": "http://loinc.org",
                  "code": "8462-4",
                  "display": "Diastolic Blood Pressure"
                }
              ],
              "text": "Diastolic Blood Pressure"
            },
            "valueQuantity": {
              "value": 88,
              "unit": "mmHg",
              "system": "http://unitsofmeasure.org/",
              "code": "mmHg"
            }
          }
        ],
        "resourceType": "Observation"
      }
    },
    {
      "resource": {
        "meta": {
          "profile": [
            "http://standardhealthrecord.org/fhir/StructureDefinition/shr-procedure-Procedure"
          ]
        },
        "extension": [
          {
            "url": "http://standardhealthrecord.org/fhir/StructureDefinition/shr-core-CodeableConcept-extension",
            "valueCodeableConcept": {
              "coding": [
                {
                  "system": "http://snomed.info/sct",
                  "code": "428191000124101",
                  "display": "Documentation of current medications"
                }
              ],
              "text": "Documentation of current medications"
            }
          }
        ],
        "status": "completed",
        "code": {
          "coding": [
            {
              "system": "http://snomed.info/sct",
              "code": "428191000124101",
              "display": "Documentation of current medications"
            }
          ],
          "text": "Documentation of current medications"
        },
        "subject": {
          "reference": "urn:uuid:2704deb4-b7e3-420f-b4ce-f809bd43ce92"
        },
        "context": {
          "reference": "urn:uuid:2b94a919-cb1a-4069-beed-f1e3aa10f8fa"
        },
        "performedDateTime": "2010-12-19T15:09:35-05:00",
        "resourceType": "Procedure"
      }
    },
    {
      "fullUrl": "urn:uuid:477912db-dde7-4327-b0ef-2ad71f52430b",
      "resource": {
        "id": "477912db-dde7-4327-b0ef-2ad71f52430b",
        "meta": {
          "profile": [
            "http://standardhealthrecord.org/fhir/StructureDefinition/shr-encounter-Encounter"
          ]
        },
        "status": "finished",
        "class": {
          "code": "emergency"
        },
        "type": [
          {
            "coding": [
              {
                "system": "http://snomed.info/sct",
                "code": "50849002"
              }
            ],
            "text": "Emergency room admission"
          }
        ],
        "subject": {
          "reference": "urn:uuid:2704deb4-b7e3-420f-b4ce-f809bd43ce92"
        },
        "period": {
          "start": "2012-01-22T10:43:17-05:00",
          "end": "2012-01-22T10:43:17-05:00"
        },
        "serviceProvider": {
          "reference": "urn:uuid:b27ba82f-628f-4b13-be32-c6c38205a04f"
        },
        "resourceType": "Encounter"
      }
    },
    {
      "fullUrl": "urn:uuid:3a8c1d9f-1545-4b35-b5c8-fd55f292f409",
      "resource": {
        "id": "3a8c1d9f-1545-4b35-b5c8-fd55f292f409",
        "meta": {
          "profile": [
            "http://standardhealthrecord.org/fhir/StructureDefinition/shr-problem-Problem"
          ]
        },
        "clinicalStatus": "active",
        "verificationStatus": "confirmed",
        "code": {
          "coding": [
            {
              "system": "http://snomed.info/sct",
              "code": "44465007",
              "display": "Sprain of ankle"
            }
          ],
          "text": "Sprain of ankle"
        },
        "subject": {
          "reference": "urn:uuid:2704deb4-b7e3-420f-b4ce-f809bd43ce92"
        },
        "context": {
          "reference": "urn:uuid:477912db-dde7-4327-b0ef-2ad71f52430b"
        },
        "onsetDateTime": "2012-01-22T10:43:17-05:00",
        "abatementDateTime": "2012-02-25T11:26:27-05:00",
        "assertedDate": "2012-01-22",
        "resourceType": "Condition"
      }
    },
    {
      "resource": {
        "status": "completed",
        "category": [
          {
            "coding": [
              {
                "system": "http://snomed.info/sct",
                "code": "91251008",
                "display": "Physical therapy procedure"
              }
            ]
          }
        ],
        "subject": {
          "reference": "urn:uuid:2704deb4-b7e3-420f-b4ce-f809bd43ce92"
        },
        "context": {
          "reference": "urn:uuid:477912db-dde7-4327-b0ef-2ad71f52430b"
        },
        "period": {
          "start": "2012-01-22",
          "end": "2012-02-25"
        },
        "addresses": [
          {
            "reference": "urn:uuid:3a8c1d9f-1545-4b35-b5c8-fd55f292f409"
          }
        ],
        "activity": [
          {
            "detail": {
              "code": {
                "coding": [
                  {
                    "system": "http://snomed.info/sct",
                    "code": "229586001",
                    "display": "Rest, ice, compression and elevation treatment programme"
                  }
                ]
              },
              "status": "completed"
            }
          },
          {
            "detail": {
              "code": {
                "coding": [
                  {
                    "system": "http://snomed.info/sct",
                    "code": "229070002",
                    "display": "Stretching exercises"
                  }
                ]
              },
              "status": "completed"
            }
          }
        ],
        "resourceType": "CarePlan"
      }
    },
    {
      "resource": {
        "meta": {
          "profile": [
            "http://standardhealthrecord.org/fhir/StructureDefinition/shr-medication-Medication"
          ]
        },
        "code": {
          "coding": [
            {
              "system": "http://www.nlm.nih.gov/research/umls/rxnorm",
              "code": "313782",
              "display": "Acetaminophen 325 MG Oral Tablet"
            }
          ],
          "text": "Acetaminophen 325 MG Oral Tablet"
        },
        "resourceType": "Medication"
      }
    },
    {
      "resource": {
        "meta": {
          "profile": [
            "http://standardhealthrecord.org/fhir/StructureDefinition/shr-medication-MedicationPrescription"
          ]
        },
        "extension": [
          {
            "url": "http://standardhealthrecord.org/fhir/StructureDefinition/shr-base-ActionCode-extension",
            "valueCodeableConcept": {
              "coding": [
                {
                  "system": "http://snomed.info/sct",
                  "code": "33633005",
                  "display": "Prescription of drug (procedure)"
                }
              ],
              "text": "Prescription of drug (procedure)"
            }
          }
        ],
        "status": "stopped",
        "medicationReference": {
          "reference": ""
        },
        "subject": {
          "reference": "urn:uuid:2704deb4-b7e3-420f-b4ce-f809bd43ce92"
        },
        "context": {
          "reference": "urn:uuid:477912db-dde7-4327-b0ef-2ad71f52430b"
        },
        "authoredOn": "2012-01-22",
        "dosageInstruction": [
          {
            "sequence": 1,
            "asNeededBoolean": true
          }
        ],
        "resourceType": "MedicationRequest"
      }
    },
    {
      "fullUrl": "urn:uuid:26fcb3b5-ddd3-48cc-bf62-d5df465a833d",
      "resource": {
        "id": "26fcb3b5-ddd3-48cc-bf62-d5df465a833d",
        "meta": {
          "profile": [
            "http://standardhealthrecord.org/fhir/StructureDefinition/shr-encounter-Encounter"
          ]
        },
        "status": "finished",
        "class": {
          "code": "outpatient"
        },
        "type": [
          {
            "coding": [
              {
                "system": "http://snomed.info/sct",
                "code": "170258001"
              }
            ],
            "text": "Outpatient Encounter"
          }
        ],
        "subject": {
          "reference": "urn:uuid:2704deb4-b7e3-420f-b4ce-f809bd43ce92"
        },
        "period": {
          "start": "2012-02-11T22:06:45-05:00",
          "end": "2012-02-11T23:06:45-05:00"
        },
        "serviceProvider": {
          "reference": "urn:uuid:b27ba82f-628f-4b13-be32-c6c38205a04f"
        },
        "resourceType": "Encounter"
      }
    },
    {
      "fullUrl": "urn:uuid:55a5aada-ae3a-4c53-bc0b-c900ce532940",
      "resource": {
        "id": "55a5aada-ae3a-4c53-bc0b-c900ce532940",
        "meta": {
          "profile": [
            "http://standardhealthrecord.org/fhir/StructureDefinition/shr-observation-Observation",
            "http://standardhealthrecord.org/fhir/StructureDefinition/shr-vital-VitalSign",
            "http://standardhealthrecord.org/fhir/StructureDefinition/shr-vital-BodyHeight"
          ]
        },
        "status": "final",
        "category": [
          {
            "coding": [
              {
                "system": "http://hl7.org/fhir/observation-category",
                "code": "vital-signs"
              }
            ]
          }
        ],
        "code": {
          "coding": [
            {
              "system": "http://loinc.org",
              "code": "8302-2",
              "display": "Body Height"
            }
          ],
          "text": "Body Height"
        },
        "subject": {
          "reference": "urn:uuid:2704deb4-b7e3-420f-b4ce-f809bd43ce92"
        },
        "context": {
          "reference": "urn:uuid:26fcb3b5-ddd3-48cc-bf62-d5df465a833d"
        },
        "effectiveDateTime": "2012-02-11T22:06:45-05:00",
        "issued": "2012-02-11T22:06:45-05:00",
        "valueQuantity": {
          "value": 163.32300807947868,
          "unit": "cm",
          "system": "http://unitsofmeasure.org/",
          "code": "cm"
        },
        "resourceType": "Observation"
      }
    },
    {
      "fullUrl": "urn:uuid:b06e54e0-880b-4c08-a2f4-fb215a7347e3",
      "resource": {
        "id": "b06e54e0-880b-4c08-a2f4-fb215a7347e3",
        "meta": {
          "profile": [
            "http://standardhealthrecord.org/fhir/StructureDefinition/shr-observation-Observation",
            "http://standardhealthrecord.org/fhir/StructureDefinition/shr-vital-VitalSign",
            "http://standardhealthrecord.org/fhir/StructureDefinition/shr-vital-BodyWeight"
          ]
        },
        "status": "final",
        "category": [
          {
            "coding": [
              {
                "system": "http://hl7.org/fhir/observation-category",
                "code": "vital-signs"
              }
            ]
          }
        ],
        "code": {
          "coding": [
            {
              "system": "http://loinc.org",
              "code": "29463-7",
              "display": "Body Weight"
            }
          ],
          "text": "Body Weight"
        },
        "subject": {
          "reference": "urn:uuid:2704deb4-b7e3-420f-b4ce-f809bd43ce92"
        },
        "context": {
          "reference": "urn:uuid:26fcb3b5-ddd3-48cc-bf62-d5df465a833d"
        },
        "effectiveDateTime": "2012-02-11T22:06:45-05:00",
        "issued": "2012-02-11T22:06:45-05:00",
        "valueQuantity": {
          "value": 53.57785430163561,
          "unit": "kg",
          "system": "http://unitsofmeasure.org/",
          "code": "kg"
        },
        "resourceType": "Observation"
      }
    },
    {
      "fullUrl": "urn:uuid:82548e6a-6512-4720-94d6-995880912966",
      "resource": {
        "id": "82548e6a-6512-4720-94d6-995880912966",
        "meta": {
          "profile": [
            "http://standardhealthrecord.org/fhir/StructureDefinition/shr-observation-Observation",
            "http://standardhealthrecord.org/fhir/StructureDefinition/shr-vital-VitalSign",
            "http://standardhealthrecord.org/fhir/StructureDefinition/shr-vital-BodyMassIndex"
          ]
        },
        "status": "final",
        "category": [
          {
            "coding": [
              {
                "system": "http://hl7.org/fhir/observation-category",
                "code": "vital-signs"
              }
            ]
          }
        ],
        "code": {
          "coding": [
            {
              "system": "http://loinc.org",
              "code": "39156-5",
              "display": "Body Mass Index"
            }
          ],
          "text": "Body Mass Index"
        },
        "subject": {
          "reference": "urn:uuid:2704deb4-b7e3-420f-b4ce-f809bd43ce92"
        },
        "context": {
          "reference": "urn:uuid:26fcb3b5-ddd3-48cc-bf62-d5df465a833d"
        },
        "effectiveDateTime": "2012-02-11T22:06:45-05:00",
        "issued": "2012-02-11T22:06:45-05:00",
        "valueQuantity": {
          "value": 20.085866719670168,
          "unit": "kg/m2",
          "system": "http://unitsofmeasure.org/",
          "code": "kg/m2"
        },
        "resourceType": "Observation"
      }
    },
    {
      "fullUrl": "urn:uuid:6b3fd6c0-4d5d-4954-8876-99dbcef1cfa0",
      "resource": {
        "id": "6b3fd6c0-4d5d-4954-8876-99dbcef1cfa0",
        "meta": {
          "profile": [
            "http://standardhealthrecord.org/fhir/StructureDefinition/shr-observation-Observation",
            "http://standardhealthrecord.org/fhir/StructureDefinition/shr-vital-BloodPressure"
          ]
        },
        "status": "final",
        "category": [
          {
            "coding": [
              {
                "system": "http://hl7.org/fhir/observation-category",
                "code": "vital-signs"
              }
            ]
          }
        ],
        "code": {
          "coding": [
            {
              "system": "http://loinc.org",
              "code": "55284-4",
              "display": "Blood Pressure"
            }
          ]
        },
        "subject": {
          "reference": "urn:uuid:2704deb4-b7e3-420f-b4ce-f809bd43ce92"
        },
        "context": {
          "reference": "urn:uuid:26fcb3b5-ddd3-48cc-bf62-d5df465a833d"
        },
        "effectiveDateTime": "2012-02-11T22:06:45-05:00",
        "issued": "2012-02-11T22:06:45-05:00",
        "component": [
          {
            "code": {
              "coding": [
                {
                  "system": "http://loinc.org",
                  "code": "8480-6",
                  "display": "Systolic Blood Pressure"
                }
              ],
              "text": "Systolic Blood Pressure"
            },
            "valueQuantity": {
              "value": 110,
              "unit": "mmHg",
              "system": "http://unitsofmeasure.org/",
              "code": "mmHg"
            }
          },
          {
            "code": {
              "coding": [
                {
                  "system": "http://loinc.org",
                  "code": "8462-4",
                  "display": "Diastolic Blood Pressure"
                }
              ],
              "text": "Diastolic Blood Pressure"
            },
            "valueQuantity": {
              "value": 83,
              "unit": "mmHg",
              "system": "http://unitsofmeasure.org/",
              "code": "mmHg"
            }
          }
        ],
        "resourceType": "Observation"
      }
    },
    {
      "resource": {
        "meta": {
          "profile": [
            "http://standardhealthrecord.org/fhir/StructureDefinition/shr-immunization-Immunization"
          ]
        },
        "status": "completed",
        "notGiven": false,
        "vaccineCode": {
          "coding": [
            {
              "system": "http://hl7.org/fhir/sid/cvx",
              "code": "140",
              "display": "Influenza, seasonal, injectable, preservative free"
            }
          ],
          "text": "Influenza, seasonal, injectable, preservative free"
        },
        "patient": {
          "reference": "urn:uuid:2704deb4-b7e3-420f-b4ce-f809bd43ce92"
        },
        "encounter": {
          "reference": "urn:uuid:26fcb3b5-ddd3-48cc-bf62-d5df465a833d"
        },
        "date": "2012-02-11T22:06:45-05:00",
        "primarySource": true,
        "resourceType": "Immunization"
      }
    },
    {
      "resource": {
        "meta": {
          "profile": [
            "http://standardhealthrecord.org/fhir/StructureDefinition/shr-immunization-Immunization"
          ]
        },
        "status": "completed",
        "notGiven": false,
        "vaccineCode": {
          "coding": [
            {
              "system": "http://hl7.org/fhir/sid/cvx",
              "code": "114",
              "display": "meningococcal MCV4P"
            }
          ],
          "text": "meningococcal MCV4P"
        },
        "patient": {
          "reference": "urn:uuid:2704deb4-b7e3-420f-b4ce-f809bd43ce92"
        },
        "encounter": {
          "reference": "urn:uuid:26fcb3b5-ddd3-48cc-bf62-d5df465a833d"
        },
        "date": "2012-02-11T22:06:45-05:00",
        "primarySource": true,
        "resourceType": "Immunization"
      }
    },
    {
      "fullUrl": "urn:uuid:5f2a2788-7053-454c-a217-d38479569334",
      "resource": {
        "id": "5f2a2788-7053-454c-a217-d38479569334",
        "meta": {
          "profile": [
            "http://standardhealthrecord.org/fhir/StructureDefinition/shr-encounter-Encounter"
          ]
        },
        "status": "finished",
        "class": {
          "code": "outpatient"
        },
        "type": [
          {
            "coding": [
              {
                "system": "http://snomed.info/sct",
                "code": "170258001"
              }
            ],
            "text": "Outpatient Encounter"
          }
        ],
        "subject": {
          "reference": "urn:uuid:2704deb4-b7e3-420f-b4ce-f809bd43ce92"
        },
        "period": {
          "start": "2012-12-29T03:13:10-05:00",
          "end": "2012-12-29T04:13:10-05:00"
        },
        "serviceProvider": {
          "reference": "urn:uuid:b27ba82f-628f-4b13-be32-c6c38205a04f"
        },
        "resourceType": "Encounter"
      }
    },
    {
      "fullUrl": "urn:uuid:fa3dc369-e944-428e-9f8f-de82d615f509",
      "resource": {
        "id": "fa3dc369-e944-428e-9f8f-de82d615f509",
        "meta": {
          "profile": [
            "http://standardhealthrecord.org/fhir/StructureDefinition/shr-observation-Observation",
            "http://standardhealthrecord.org/fhir/StructureDefinition/shr-vital-VitalSign",
            "http://standardhealthrecord.org/fhir/StructureDefinition/shr-vital-BodyHeight"
          ]
        },
        "status": "final",
        "category": [
          {
            "coding": [
              {
                "system": "http://hl7.org/fhir/observation-category",
                "code": "vital-signs"
              }
            ]
          }
        ],
        "code": {
          "coding": [
            {
              "system": "http://loinc.org",
              "code": "8302-2",
              "display": "Body Height"
            }
          ],
          "text": "Body Height"
        },
        "subject": {
          "reference": "urn:uuid:2704deb4-b7e3-420f-b4ce-f809bd43ce92"
        },
        "context": {
          "reference": "urn:uuid:5f2a2788-7053-454c-a217-d38479569334"
        },
        "effectiveDateTime": "2012-12-29T03:13:10-05:00",
        "issued": "2012-12-29T03:13:10-05:00",
        "valueQuantity": {
          "value": 163.54560719788049,
          "unit": "cm",
          "system": "http://unitsofmeasure.org/",
          "code": "cm"
        },
        "resourceType": "Observation"
      }
    },
    {
      "fullUrl": "urn:uuid:55f5b495-06e9-43f3-aaa5-d6875ea8c026",
      "resource": {
        "id": "55f5b495-06e9-43f3-aaa5-d6875ea8c026",
        "meta": {
          "profile": [
            "http://standardhealthrecord.org/fhir/StructureDefinition/shr-observation-Observation",
            "http://standardhealthrecord.org/fhir/StructureDefinition/shr-vital-VitalSign",
            "http://standardhealthrecord.org/fhir/StructureDefinition/shr-vital-BodyWeight"
          ]
        },
        "status": "final",
        "category": [
          {
            "coding": [
              {
                "system": "http://hl7.org/fhir/observation-category",
                "code": "vital-signs"
              }
            ]
          }
        ],
        "code": {
          "coding": [
            {
              "system": "http://loinc.org",
              "code": "29463-7",
              "display": "Body Weight"
            }
          ],
          "text": "Body Weight"
        },
        "subject": {
          "reference": "urn:uuid:2704deb4-b7e3-420f-b4ce-f809bd43ce92"
        },
        "context": {
          "reference": "urn:uuid:5f2a2788-7053-454c-a217-d38479569334"
        },
        "effectiveDateTime": "2012-12-29T03:13:10-05:00",
        "issued": "2012-12-29T03:13:10-05:00",
        "valueQuantity": {
          "value": 54.49003294920467,
          "unit": "kg",
          "system": "http://unitsofmeasure.org/",
          "code": "kg"
        },
        "resourceType": "Observation"
      }
    },
    {
      "fullUrl": "urn:uuid:88770a09-81f4-4adc-80fd-6a113164e57a",
      "resource": {
        "id": "88770a09-81f4-4adc-80fd-6a113164e57a",
        "meta": {
          "profile": [
            "http://standardhealthrecord.org/fhir/StructureDefinition/shr-observation-Observation",
            "http://standardhealthrecord.org/fhir/StructureDefinition/shr-vital-VitalSign",
            "http://standardhealthrecord.org/fhir/StructureDefinition/shr-vital-BodyMassIndex"
          ]
        },
        "status": "final",
        "category": [
          {
            "coding": [
              {
                "system": "http://hl7.org/fhir/observation-category",
                "code": "vital-signs"
              }
            ]
          }
        ],
        "code": {
          "coding": [
            {
              "system": "http://loinc.org",
              "code": "39156-5",
              "display": "Body Mass Index"
            }
          ],
          "text": "Body Mass Index"
        },
        "subject": {
          "reference": "urn:uuid:2704deb4-b7e3-420f-b4ce-f809bd43ce92"
        },
        "context": {
          "reference": "urn:uuid:5f2a2788-7053-454c-a217-d38479569334"
        },
        "effectiveDateTime": "2012-12-29T03:13:10-05:00",
        "issued": "2012-12-29T03:13:10-05:00",
        "valueQuantity": {
          "value": 20.37226437200599,
          "unit": "kg/m2",
          "system": "http://unitsofmeasure.org/",
          "code": "kg/m2"
        },
        "resourceType": "Observation"
      }
    },
    {
      "fullUrl": "urn:uuid:094dc624-274d-404a-aa47-631369027668",
      "resource": {
        "id": "094dc624-274d-404a-aa47-631369027668",
        "meta": {
          "profile": [
            "http://standardhealthrecord.org/fhir/StructureDefinition/shr-observation-Observation",
            "http://standardhealthrecord.org/fhir/StructureDefinition/shr-vital-BloodPressure"
          ]
        },
        "status": "final",
        "category": [
          {
            "coding": [
              {
                "system": "http://hl7.org/fhir/observation-category",
                "code": "vital-signs"
              }
            ]
          }
        ],
        "code": {
          "coding": [
            {
              "system": "http://loinc.org",
              "code": "55284-4",
              "display": "Blood Pressure"
            }
          ]
        },
        "subject": {
          "reference": "urn:uuid:2704deb4-b7e3-420f-b4ce-f809bd43ce92"
        },
        "context": {
          "reference": "urn:uuid:5f2a2788-7053-454c-a217-d38479569334"
        },
        "effectiveDateTime": "2012-12-29T03:13:10-05:00",
        "issued": "2012-12-29T03:13:10-05:00",
        "component": [
          {
            "code": {
              "coding": [
                {
                  "system": "http://loinc.org",
                  "code": "8480-6",
                  "display": "Systolic Blood Pressure"
                }
              ],
              "text": "Systolic Blood Pressure"
            },
            "valueQuantity": {
              "value": 112,
              "unit": "mmHg",
              "system": "http://unitsofmeasure.org/",
              "code": "mmHg"
            }
          },
          {
            "code": {
              "coding": [
                {
                  "system": "http://loinc.org",
                  "code": "8462-4",
                  "display": "Diastolic Blood Pressure"
                }
              ],
              "text": "Diastolic Blood Pressure"
            },
            "valueQuantity": {
              "value": 89,
              "unit": "mmHg",
              "system": "http://unitsofmeasure.org/",
              "code": "mmHg"
            }
          }
        ],
        "resourceType": "Observation"
      }
    },
    {
      "resource": {
        "meta": {
          "profile": [
            "http://standardhealthrecord.org/fhir/StructureDefinition/shr-procedure-Procedure"
          ]
        },
        "extension": [
          {
            "url": "http://standardhealthrecord.org/fhir/StructureDefinition/shr-core-CodeableConcept-extension",
            "valueCodeableConcept": {
              "coding": [
                {
                  "system": "http://snomed.info/sct",
                  "code": "428191000124101",
                  "display": "Documentation of current medications"
                }
              ],
              "text": "Documentation of current medications"
            }
          }
        ],
        "status": "completed",
        "code": {
          "coding": [
            {
              "system": "http://snomed.info/sct",
              "code": "428191000124101",
              "display": "Documentation of current medications"
            }
          ],
          "text": "Documentation of current medications"
        },
        "subject": {
          "reference": "urn:uuid:2704deb4-b7e3-420f-b4ce-f809bd43ce92"
        },
        "context": {
          "reference": "urn:uuid:5f2a2788-7053-454c-a217-d38479569334"
        },
        "performedDateTime": "2012-12-29T03:13:10-05:00",
        "resourceType": "Procedure"
      }
    },
    {
      "resource": {
        "meta": {
          "profile": [
            "http://standardhealthrecord.org/fhir/StructureDefinition/shr-immunization-Immunization"
          ]
        },
        "status": "completed",
        "notGiven": false,
        "vaccineCode": {
          "coding": [
            {
              "system": "http://hl7.org/fhir/sid/cvx",
              "code": "140",
              "display": "Influenza, seasonal, injectable, preservative free"
            }
          ],
          "text": "Influenza, seasonal, injectable, preservative free"
        },
        "patient": {
          "reference": "urn:uuid:2704deb4-b7e3-420f-b4ce-f809bd43ce92"
        },
        "encounter": {
          "reference": "urn:uuid:5f2a2788-7053-454c-a217-d38479569334"
        },
        "date": "2012-12-29T03:13:10-05:00",
        "primarySource": true,
        "resourceType": "Immunization"
      }
    },
    {
      "fullUrl": "urn:uuid:524896dd-962f-42e8-b1e9-2c69119c3df2",
      "resource": {
        "id": "524896dd-962f-42e8-b1e9-2c69119c3df2",
        "meta": {
          "profile": [
            "http://standardhealthrecord.org/fhir/StructureDefinition/shr-encounter-Encounter"
          ]
        },
        "status": "finished",
        "class": {
          "code": "emergency"
        },
        "type": [
          {
            "coding": [
              {
                "system": "http://snomed.info/sct",
                "code": "50849002"
              }
            ],
            "text": "Emergency room admission"
          }
        ],
        "subject": {
          "reference": "urn:uuid:2704deb4-b7e3-420f-b4ce-f809bd43ce92"
        },
        "period": {
          "start": "2013-01-03T14:07:24-05:00",
          "end": "2013-01-03T14:07:24-05:00"
        },
        "serviceProvider": {
          "reference": "urn:uuid:b27ba82f-628f-4b13-be32-c6c38205a04f"
        },
        "resourceType": "Encounter"
      }
    },
    {
      "fullUrl": "urn:uuid:5bf8758e-6799-43ed-86af-7c29f34190c6",
      "resource": {
        "id": "5bf8758e-6799-43ed-86af-7c29f34190c6",
        "meta": {
          "profile": [
            "http://standardhealthrecord.org/fhir/StructureDefinition/shr-problem-Problem"
          ]
        },
        "clinicalStatus": "active",
        "verificationStatus": "confirmed",
        "code": {
          "coding": [
            {
              "system": "http://snomed.info/sct",
              "code": "44465007",
              "display": "Sprain of ankle"
            }
          ],
          "text": "Sprain of ankle"
        },
        "subject": {
          "reference": "urn:uuid:2704deb4-b7e3-420f-b4ce-f809bd43ce92"
        },
        "context": {
          "reference": "urn:uuid:524896dd-962f-42e8-b1e9-2c69119c3df2"
        },
        "onsetDateTime": "2013-01-03T14:07:24-05:00",
        "abatementDateTime": "2013-02-11T02:53:58-05:00",
        "assertedDate": "2013-01-03",
        "resourceType": "Condition"
      }
    },
    {
      "resource": {
        "status": "completed",
        "category": [
          {
            "coding": [
              {
                "system": "http://snomed.info/sct",
                "code": "91251008",
                "display": "Physical therapy procedure"
              }
            ]
          }
        ],
        "subject": {
          "reference": "urn:uuid:2704deb4-b7e3-420f-b4ce-f809bd43ce92"
        },
        "context": {
          "reference": "urn:uuid:524896dd-962f-42e8-b1e9-2c69119c3df2"
        },
        "period": {
          "start": "2013-01-03",
          "end": "2013-02-11"
        },
        "addresses": [
          {
            "reference": "urn:uuid:3a8c1d9f-1545-4b35-b5c8-fd55f292f409"
          }
        ],
        "activity": [
          {
            "detail": {
              "code": {
                "coding": [
                  {
                    "system": "http://snomed.info/sct",
                    "code": "229586001",
                    "display": "Rest, ice, compression and elevation treatment programme"
                  }
                ]
              },
              "status": "completed"
            }
          },
          {
            "detail": {
              "code": {
                "coding": [
                  {
                    "system": "http://snomed.info/sct",
                    "code": "229070002",
                    "display": "Stretching exercises"
                  }
                ]
              },
              "status": "completed"
            }
          }
        ],
        "resourceType": "CarePlan"
      }
    },
    {
      "resource": {
        "meta": {
          "profile": [
            "http://standardhealthrecord.org/fhir/StructureDefinition/shr-medication-MedicationPrescription"
          ]
        },
        "extension": [
          {
            "url": "http://standardhealthrecord.org/fhir/StructureDefinition/shr-base-ActionCode-extension",
            "valueCodeableConcept": {
              "coding": [
                {
                  "system": "http://snomed.info/sct",
                  "code": "33633005",
                  "display": "Prescription of drug (procedure)"
                }
              ],
              "text": "Prescription of drug (procedure)"
            }
          }
        ],
        "status": "stopped",
        "medicationReference": {
          "reference": ""
        },
        "subject": {
          "reference": "urn:uuid:2704deb4-b7e3-420f-b4ce-f809bd43ce92"
        },
        "context": {
          "reference": "urn:uuid:524896dd-962f-42e8-b1e9-2c69119c3df2"
        },
        "authoredOn": "2013-01-03",
        "dosageInstruction": [
          {
            "sequence": 1,
            "asNeededBoolean": true
          }
        ],
        "resourceType": "MedicationRequest"
      }
    },
    {
      "fullUrl": "urn:uuid:44cf9d6e-cedf-45a9-ba0f-bbca0be5f8da",
      "resource": {
        "id": "44cf9d6e-cedf-45a9-ba0f-bbca0be5f8da",
        "meta": {
          "profile": [
            "http://standardhealthrecord.org/fhir/StructureDefinition/shr-encounter-Encounter"
          ]
        },
        "status": "finished",
        "class": {
          "code": "outpatient"
        },
        "type": [
          {
            "coding": [
              {
                "system": "http://snomed.info/sct",
                "code": "185349003"
              }
            ],
            "text": "Outpatient Encounter"
          }
        ],
        "subject": {
          "reference": "urn:uuid:2704deb4-b7e3-420f-b4ce-f809bd43ce92"
        },
        "period": {
          "start": "2014-01-24T02:22:07-05:00",
          "end": "2014-01-24T03:22:07-05:00"
        },
        "serviceProvider": {
          "reference": "urn:uuid:b27ba82f-628f-4b13-be32-c6c38205a04f"
        },
        "resourceType": "Encounter"
      }
    },
    {
      "fullUrl": "urn:uuid:a0fecb1e-10a4-494b-8f5e-492566261521",
      "resource": {
        "id": "a0fecb1e-10a4-494b-8f5e-492566261521",
        "meta": {
          "profile": [
            "http://standardhealthrecord.org/fhir/StructureDefinition/shr-observation-Observation",
            "http://standardhealthrecord.org/fhir/StructureDefinition/shr-vital-VitalSign",
            "http://standardhealthrecord.org/fhir/StructureDefinition/shr-vital-BodyHeight"
          ]
        },
        "status": "final",
        "category": [
          {
            "coding": [
              {
                "system": "http://hl7.org/fhir/observation-category",
                "code": "vital-signs"
              }
            ]
          }
        ],
        "code": {
          "coding": [
            {
              "system": "http://loinc.org",
              "code": "8302-2",
              "display": "Body Height"
            }
          ],
          "text": "Body Height"
        },
        "subject": {
          "reference": "urn:uuid:2704deb4-b7e3-420f-b4ce-f809bd43ce92"
        },
        "context": {
          "reference": "urn:uuid:44cf9d6e-cedf-45a9-ba0f-bbca0be5f8da"
        },
        "effectiveDateTime": "2014-01-24T02:22:07-05:00",
        "issued": "2014-01-24T02:22:07-05:00",
        "valueQuantity": {
          "value": 163.72501570215795,
          "unit": "cm",
          "system": "http://unitsofmeasure.org/",
          "code": "cm"
        },
        "resourceType": "Observation"
      }
    },
    {
      "fullUrl": "urn:uuid:42a1c01e-f230-43ff-832c-8816e3dea530",
      "resource": {
        "id": "42a1c01e-f230-43ff-832c-8816e3dea530",
        "meta": {
          "profile": [
            "http://standardhealthrecord.org/fhir/StructureDefinition/shr-observation-Observation",
            "http://standardhealthrecord.org/fhir/StructureDefinition/shr-vital-VitalSign",
            "http://standardhealthrecord.org/fhir/StructureDefinition/shr-vital-BodyWeight"
          ]
        },
        "status": "final",
        "category": [
          {
            "coding": [
              {
                "system": "http://hl7.org/fhir/observation-category",
                "code": "vital-signs"
              }
            ]
          }
        ],
        "code": {
          "coding": [
            {
              "system": "http://loinc.org",
              "code": "29463-7",
              "display": "Body Weight"
            }
          ],
          "text": "Body Weight"
        },
        "subject": {
          "reference": "urn:uuid:2704deb4-b7e3-420f-b4ce-f809bd43ce92"
        },
        "context": {
          "reference": "urn:uuid:44cf9d6e-cedf-45a9-ba0f-bbca0be5f8da"
        },
        "effectiveDateTime": "2014-01-24T02:22:07-05:00",
        "issued": "2014-01-24T02:22:07-05:00",
        "valueQuantity": {
          "value": 55.61988667326111,
          "unit": "kg",
          "system": "http://unitsofmeasure.org/",
          "code": "kg"
        },
        "resourceType": "Observation"
      }
    },
    {
      "fullUrl": "urn:uuid:00a299f0-3fde-439c-acea-f35eae064590",
      "resource": {
        "id": "00a299f0-3fde-439c-acea-f35eae064590",
        "meta": {
          "profile": [
            "http://standardhealthrecord.org/fhir/StructureDefinition/shr-observation-Observation",
            "http://standardhealthrecord.org/fhir/StructureDefinition/shr-vital-VitalSign",
            "http://standardhealthrecord.org/fhir/StructureDefinition/shr-vital-BodyMassIndex"
          ]
        },
        "status": "final",
        "category": [
          {
            "coding": [
              {
                "system": "http://hl7.org/fhir/observation-category",
                "code": "vital-signs"
              }
            ]
          }
        ],
        "code": {
          "coding": [
            {
              "system": "http://loinc.org",
              "code": "39156-5",
              "display": "Body Mass Index"
            }
          ],
          "text": "Body Mass Index"
        },
        "subject": {
          "reference": "urn:uuid:2704deb4-b7e3-420f-b4ce-f809bd43ce92"
        },
        "context": {
          "reference": "urn:uuid:44cf9d6e-cedf-45a9-ba0f-bbca0be5f8da"
        },
        "effectiveDateTime": "2014-01-24T02:22:07-05:00",
        "issued": "2014-01-24T02:22:07-05:00",
        "valueQuantity": {
          "value": 20.749136041227978,
          "unit": "kg/m2",
          "system": "http://unitsofmeasure.org/",
          "code": "kg/m2"
        },
        "resourceType": "Observation"
      }
    },
    {
      "fullUrl": "urn:uuid:212856a1-e708-4917-a518-15fdb1a82394",
      "resource": {
        "id": "212856a1-e708-4917-a518-15fdb1a82394",
        "meta": {
          "profile": [
            "http://standardhealthrecord.org/fhir/StructureDefinition/shr-observation-Observation",
            "http://standardhealthrecord.org/fhir/StructureDefinition/shr-vital-BloodPressure"
          ]
        },
        "status": "final",
        "category": [
          {
            "coding": [
              {
                "system": "http://hl7.org/fhir/observation-category",
                "code": "vital-signs"
              }
            ]
          }
        ],
        "code": {
          "coding": [
            {
              "system": "http://loinc.org",
              "code": "55284-4",
              "display": "Blood Pressure"
            }
          ]
        },
        "subject": {
          "reference": "urn:uuid:2704deb4-b7e3-420f-b4ce-f809bd43ce92"
        },
        "context": {
          "reference": "urn:uuid:44cf9d6e-cedf-45a9-ba0f-bbca0be5f8da"
        },
        "effectiveDateTime": "2014-01-24T02:22:07-05:00",
        "issued": "2014-01-24T02:22:07-05:00",
        "component": [
          {
            "code": {
              "coding": [
                {
                  "system": "http://loinc.org",
                  "code": "8480-6",
                  "display": "Systolic Blood Pressure"
                }
              ],
              "text": "Systolic Blood Pressure"
            },
            "valueQuantity": {
              "value": 116,
              "unit": "mmHg",
              "system": "http://unitsofmeasure.org/",
              "code": "mmHg"
            }
          },
          {
            "code": {
              "coding": [
                {
                  "system": "http://loinc.org",
                  "code": "8462-4",
                  "display": "Diastolic Blood Pressure"
                }
              ],
              "text": "Diastolic Blood Pressure"
            },
            "valueQuantity": {
              "value": 85,
              "unit": "mmHg",
              "system": "http://unitsofmeasure.org/",
              "code": "mmHg"
            }
          }
        ],
        "resourceType": "Observation"
      }
    },
    {
      "resource": {
        "meta": {
          "profile": [
            "http://standardhealthrecord.org/fhir/StructureDefinition/shr-immunization-Immunization"
          ]
        },
        "status": "completed",
        "notGiven": false,
        "vaccineCode": {
          "coding": [
            {
              "system": "http://hl7.org/fhir/sid/cvx",
              "code": "140",
              "display": "Influenza, seasonal, injectable, preservative free"
            }
          ],
          "text": "Influenza, seasonal, injectable, preservative free"
        },
        "patient": {
          "reference": "urn:uuid:2704deb4-b7e3-420f-b4ce-f809bd43ce92"
        },
        "encounter": {
          "reference": "urn:uuid:44cf9d6e-cedf-45a9-ba0f-bbca0be5f8da"
        },
        "date": "2014-01-24T02:22:07-05:00",
        "primarySource": true,
        "resourceType": "Immunization"
      }
    },
    {
      "fullUrl": "urn:uuid:715c3a6a-9f6b-4bc5-8daf-73c534b17782",
      "resource": {
        "id": "715c3a6a-9f6b-4bc5-8daf-73c534b17782",
        "meta": {
          "profile": [
            "http://standardhealthrecord.org/fhir/StructureDefinition/shr-encounter-Encounter"
          ]
        },
        "status": "finished",
        "class": {
          "code": "outpatient"
        },
        "type": [
          {
            "coding": [
              {
                "system": "http://snomed.info/sct",
                "code": "185349003"
              }
            ],
            "text": "Outpatient Encounter"
          }
        ],
        "subject": {
          "reference": "urn:uuid:2704deb4-b7e3-420f-b4ce-f809bd43ce92"
        },
        "period": {
          "start": "2015-02-11T01:26:35-05:00",
          "end": "2015-02-11T02:26:35-05:00"
        },
        "serviceProvider": {
          "reference": "urn:uuid:b27ba82f-628f-4b13-be32-c6c38205a04f"
        },
        "resourceType": "Encounter"
      }
    },
    {
      "fullUrl": "urn:uuid:63cce192-1126-4824-88cd-a87097f040f3",
      "resource": {
        "id": "63cce192-1126-4824-88cd-a87097f040f3",
        "meta": {
          "profile": [
            "http://standardhealthrecord.org/fhir/StructureDefinition/shr-observation-Observation",
            "http://standardhealthrecord.org/fhir/StructureDefinition/shr-vital-VitalSign",
            "http://standardhealthrecord.org/fhir/StructureDefinition/shr-vital-BodyHeight"
          ]
        },
        "status": "final",
        "category": [
          {
            "coding": [
              {
                "system": "http://hl7.org/fhir/observation-category",
                "code": "vital-signs"
              }
            ]
          }
        ],
        "code": {
          "coding": [
            {
              "system": "http://loinc.org",
              "code": "8302-2",
              "display": "Body Height"
            }
          ],
          "text": "Body Height"
        },
        "subject": {
          "reference": "urn:uuid:2704deb4-b7e3-420f-b4ce-f809bd43ce92"
        },
        "context": {
          "reference": "urn:uuid:715c3a6a-9f6b-4bc5-8daf-73c534b17782"
        },
        "effectiveDateTime": "2015-02-11T01:26:35-05:00",
        "issued": "2015-02-11T01:26:35-05:00",
        "valueQuantity": {
          "value": 163.83389329524215,
          "unit": "cm",
          "system": "http://unitsofmeasure.org/",
          "code": "cm"
        },
        "resourceType": "Observation"
      }
    },
    {
      "fullUrl": "urn:uuid:b665e175-25bd-4a26-83e6-cd24f1f2be9a",
      "resource": {
        "id": "b665e175-25bd-4a26-83e6-cd24f1f2be9a",
        "meta": {
          "profile": [
            "http://standardhealthrecord.org/fhir/StructureDefinition/shr-observation-Observation",
            "http://standardhealthrecord.org/fhir/StructureDefinition/shr-vital-VitalSign",
            "http://standardhealthrecord.org/fhir/StructureDefinition/shr-vital-BodyWeight"
          ]
        },
        "status": "final",
        "category": [
          {
            "coding": [
              {
                "system": "http://hl7.org/fhir/observation-category",
                "code": "vital-signs"
              }
            ]
          }
        ],
        "code": {
          "coding": [
            {
              "system": "http://loinc.org",
              "code": "29463-7",
              "display": "Body Weight"
            }
          ],
          "text": "Body Weight"
        },
        "subject": {
          "reference": "urn:uuid:2704deb4-b7e3-420f-b4ce-f809bd43ce92"
        },
        "context": {
          "reference": "urn:uuid:715c3a6a-9f6b-4bc5-8daf-73c534b17782"
        },
        "effectiveDateTime": "2015-02-11T01:26:35-05:00",
        "issued": "2015-02-11T01:26:35-05:00",
        "valueQuantity": {
          "value": 56.744003775740644,
          "unit": "kg",
          "system": "http://unitsofmeasure.org/",
          "code": "kg"
        },
        "resourceType": "Observation"
      }
    },
    {
      "fullUrl": "urn:uuid:35a5be91-6506-4a62-9728-4aa32fe60dcd",
      "resource": {
        "id": "35a5be91-6506-4a62-9728-4aa32fe60dcd",
        "meta": {
          "profile": [
            "http://standardhealthrecord.org/fhir/StructureDefinition/shr-observation-Observation",
            "http://standardhealthrecord.org/fhir/StructureDefinition/shr-vital-VitalSign",
            "http://standardhealthrecord.org/fhir/StructureDefinition/shr-vital-BodyMassIndex"
          ]
        },
        "status": "final",
        "category": [
          {
            "coding": [
              {
                "system": "http://hl7.org/fhir/observation-category",
                "code": "vital-signs"
              }
            ]
          }
        ],
        "code": {
          "coding": [
            {
              "system": "http://loinc.org",
              "code": "39156-5",
              "display": "Body Mass Index"
            }
          ],
          "text": "Body Mass Index"
        },
        "subject": {
          "reference": "urn:uuid:2704deb4-b7e3-420f-b4ce-f809bd43ce92"
        },
        "context": {
          "reference": "urn:uuid:715c3a6a-9f6b-4bc5-8daf-73c534b17782"
        },
        "effectiveDateTime": "2015-02-11T01:26:35-05:00",
        "issued": "2015-02-11T01:26:35-05:00",
        "valueQuantity": {
          "value": 21.14036454968683,
          "unit": "kg/m2",
          "system": "http://unitsofmeasure.org/",
          "code": "kg/m2"
        },
        "resourceType": "Observation"
      }
    },
    {
      "fullUrl": "urn:uuid:7ec8dadb-6ef1-40e6-98ef-5248fbac5243",
      "resource": {
        "id": "7ec8dadb-6ef1-40e6-98ef-5248fbac5243",
        "meta": {
          "profile": [
            "http://standardhealthrecord.org/fhir/StructureDefinition/shr-observation-Observation",
            "http://standardhealthrecord.org/fhir/StructureDefinition/shr-vital-BloodPressure"
          ]
        },
        "status": "final",
        "category": [
          {
            "coding": [
              {
                "system": "http://hl7.org/fhir/observation-category",
                "code": "vital-signs"
              }
            ]
          }
        ],
        "code": {
          "coding": [
            {
              "system": "http://loinc.org",
              "code": "55284-4",
              "display": "Blood Pressure"
            }
          ]
        },
        "subject": {
          "reference": "urn:uuid:2704deb4-b7e3-420f-b4ce-f809bd43ce92"
        },
        "context": {
          "reference": "urn:uuid:715c3a6a-9f6b-4bc5-8daf-73c534b17782"
        },
        "effectiveDateTime": "2015-02-11T01:26:35-05:00",
        "issued": "2015-02-11T01:26:35-05:00",
        "component": [
          {
            "code": {
              "coding": [
                {
                  "system": "http://loinc.org",
                  "code": "8480-6",
                  "display": "Systolic Blood Pressure"
                }
              ],
              "text": "Systolic Blood Pressure"
            },
            "valueQuantity": {
              "value": 111,
              "unit": "mmHg",
              "system": "http://unitsofmeasure.org/",
              "code": "mmHg"
            }
          },
          {
            "code": {
              "coding": [
                {
                  "system": "http://loinc.org",
                  "code": "8462-4",
                  "display": "Diastolic Blood Pressure"
                }
              ],
              "text": "Diastolic Blood Pressure"
            },
            "valueQuantity": {
              "value": 73,
              "unit": "mmHg",
              "system": "http://unitsofmeasure.org/",
              "code": "mmHg"
            }
          }
        ],
        "resourceType": "Observation"
      }
    },
    {
      "resource": {
        "meta": {
          "profile": [
            "http://standardhealthrecord.org/fhir/StructureDefinition/shr-immunization-Immunization"
          ]
        },
        "status": "completed",
        "notGiven": false,
        "vaccineCode": {
          "coding": [
            {
              "system": "http://hl7.org/fhir/sid/cvx",
              "code": "140",
              "display": "Influenza, seasonal, injectable, preservative free"
            }
          ],
          "text": "Influenza, seasonal, injectable, preservative free"
        },
        "patient": {
          "reference": "urn:uuid:2704deb4-b7e3-420f-b4ce-f809bd43ce92"
        },
        "encounter": {
          "reference": "urn:uuid:715c3a6a-9f6b-4bc5-8daf-73c534b17782"
        },
        "date": "2015-02-11T01:26:35-05:00",
        "primarySource": true,
        "resourceType": "Immunization"
      }
    },
    {
      "fullUrl": "urn:uuid:bc8a5772-45b3-4199-a448-a9f7799d9af4",
      "resource": {
        "id": "bc8a5772-45b3-4199-a448-a9f7799d9af4",
        "meta": {
          "profile": [
            "http://standardhealthrecord.org/fhir/StructureDefinition/shr-encounter-Encounter"
          ]
        },
        "status": "finished",
        "class": {
          "code": "outpatient"
        },
        "type": [
          {
            "coding": [
              {
                "system": "http://snomed.info/sct",
                "code": "185349003"
              }
            ],
            "text": "Outpatient Encounter"
          }
        ],
        "subject": {
          "reference": "urn:uuid:2704deb4-b7e3-420f-b4ce-f809bd43ce92"
        },
        "period": {
          "start": "2016-03-12T11:46:54-05:00",
          "end": "2016-03-12T12:46:54-05:00"
        },
        "serviceProvider": {
          "reference": "urn:uuid:b27ba82f-628f-4b13-be32-c6c38205a04f"
        },
        "resourceType": "Encounter"
      }
    },
    {
      "fullUrl": "urn:uuid:e88f560a-f7e9-4ba6-9085-1f2f58c8b503",
      "resource": {
        "id": "e88f560a-f7e9-4ba6-9085-1f2f58c8b503",
        "meta": {
          "profile": [
            "http://standardhealthrecord.org/fhir/StructureDefinition/shr-observation-Observation",
            "http://standardhealthrecord.org/fhir/StructureDefinition/shr-vital-VitalSign",
            "http://standardhealthrecord.org/fhir/StructureDefinition/shr-vital-BodyHeight"
          ]
        },
        "status": "final",
        "category": [
          {
            "coding": [
              {
                "system": "http://hl7.org/fhir/observation-category",
                "code": "vital-signs"
              }
            ]
          }
        ],
        "code": {
          "coding": [
            {
              "system": "http://loinc.org",
              "code": "8302-2",
              "display": "Body Height"
            }
          ],
          "text": "Body Height"
        },
        "subject": {
          "reference": "urn:uuid:2704deb4-b7e3-420f-b4ce-f809bd43ce92"
        },
        "context": {
          "reference": "urn:uuid:bc8a5772-45b3-4199-a448-a9f7799d9af4"
        },
        "effectiveDateTime": "2016-03-12T11:46:54-05:00",
        "issued": "2016-03-12T11:46:54-05:00",
        "valueQuantity": {
          "value": 163.85820691907395,
          "unit": "cm",
          "system": "http://unitsofmeasure.org/",
          "code": "cm"
        },
        "resourceType": "Observation"
      }
    },
    {
      "fullUrl": "urn:uuid:478ad1f0-1cae-4440-8066-dae8471474f3",
      "resource": {
        "id": "478ad1f0-1cae-4440-8066-dae8471474f3",
        "meta": {
          "profile": [
            "http://standardhealthrecord.org/fhir/StructureDefinition/shr-observation-Observation",
            "http://standardhealthrecord.org/fhir/StructureDefinition/shr-vital-VitalSign",
            "http://standardhealthrecord.org/fhir/StructureDefinition/shr-vital-BodyWeight"
          ]
        },
        "status": "final",
        "category": [
          {
            "coding": [
              {
                "system": "http://hl7.org/fhir/observation-category",
                "code": "vital-signs"
              }
            ]
          }
        ],
        "code": {
          "coding": [
            {
              "system": "http://loinc.org",
              "code": "29463-7",
              "display": "Body Weight"
            }
          ],
          "text": "Body Weight"
        },
        "subject": {
          "reference": "urn:uuid:2704deb4-b7e3-420f-b4ce-f809bd43ce92"
        },
        "context": {
          "reference": "urn:uuid:bc8a5772-45b3-4199-a448-a9f7799d9af4"
        },
        "effectiveDateTime": "2016-03-12T11:46:54-05:00",
        "issued": "2016-03-12T11:46:54-05:00",
        "valueQuantity": {
          "value": 58.81075565631249,
          "unit": "kg",
          "system": "http://unitsofmeasure.org/",
          "code": "kg"
        },
        "resourceType": "Observation"
      }
    },
    {
      "fullUrl": "urn:uuid:d0d33211-8dcb-4bbb-bc13-2894521e35ec",
      "resource": {
        "id": "d0d33211-8dcb-4bbb-bc13-2894521e35ec",
        "meta": {
          "profile": [
            "http://standardhealthrecord.org/fhir/StructureDefinition/shr-observation-Observation",
            "http://standardhealthrecord.org/fhir/StructureDefinition/shr-vital-VitalSign",
            "http://standardhealthrecord.org/fhir/StructureDefinition/shr-vital-BodyMassIndex"
          ]
        },
        "status": "final",
        "category": [
          {
            "coding": [
              {
                "system": "http://hl7.org/fhir/observation-category",
                "code": "vital-signs"
              }
            ]
          }
        ],
        "code": {
          "coding": [
            {
              "system": "http://loinc.org",
              "code": "39156-5",
              "display": "Body Mass Index"
            }
          ],
          "text": "Body Mass Index"
        },
        "subject": {
          "reference": "urn:uuid:2704deb4-b7e3-420f-b4ce-f809bd43ce92"
        },
        "context": {
          "reference": "urn:uuid:bc8a5772-45b3-4199-a448-a9f7799d9af4"
        },
        "effectiveDateTime": "2016-03-12T11:46:54-05:00",
        "issued": "2016-03-12T11:46:54-05:00",
        "valueQuantity": {
          "value": 21.90384529583056,
          "unit": "kg/m2",
          "system": "http://unitsofmeasure.org/",
          "code": "kg/m2"
        },
        "resourceType": "Observation"
      }
    },
    {
      "fullUrl": "urn:uuid:f11d152b-4433-4e70-bb8c-eca3887304d5",
      "resource": {
        "id": "f11d152b-4433-4e70-bb8c-eca3887304d5",
        "meta": {
          "profile": [
            "http://standardhealthrecord.org/fhir/StructureDefinition/shr-observation-Observation",
            "http://standardhealthrecord.org/fhir/StructureDefinition/shr-vital-BloodPressure"
          ]
        },
        "status": "final",
        "category": [
          {
            "coding": [
              {
                "system": "http://hl7.org/fhir/observation-category",
                "code": "vital-signs"
              }
            ]
          }
        ],
        "code": {
          "coding": [
            {
              "system": "http://loinc.org",
              "code": "55284-4",
              "display": "Blood Pressure"
            }
          ]
        },
        "subject": {
          "reference": "urn:uuid:2704deb4-b7e3-420f-b4ce-f809bd43ce92"
        },
        "context": {
          "reference": "urn:uuid:bc8a5772-45b3-4199-a448-a9f7799d9af4"
        },
        "effectiveDateTime": "2016-03-12T11:46:54-05:00",
        "issued": "2016-03-12T11:46:54-05:00",
        "component": [
          {
            "code": {
              "coding": [
                {
                  "system": "http://loinc.org",
                  "code": "8480-6",
                  "display": "Systolic Blood Pressure"
                }
              ],
              "text": "Systolic Blood Pressure"
            },
            "valueQuantity": {
              "value": 129,
              "unit": "mmHg",
              "system": "http://unitsofmeasure.org/",
              "code": "mmHg"
            }
          },
          {
            "code": {
              "coding": [
                {
                  "system": "http://loinc.org",
                  "code": "8462-4",
                  "display": "Diastolic Blood Pressure"
                }
              ],
              "text": "Diastolic Blood Pressure"
            },
            "valueQuantity": {
              "value": 79,
              "unit": "mmHg",
              "system": "http://unitsofmeasure.org/",
              "code": "mmHg"
            }
          }
        ],
        "resourceType": "Observation"
      }
    },
    {
      "resource": {
        "meta": {
          "profile": [
            "http://standardhealthrecord.org/fhir/StructureDefinition/shr-procedure-Procedure"
          ]
        },
        "extension": [
          {
            "url": "http://standardhealthrecord.org/fhir/StructureDefinition/shr-core-CodeableConcept-extension",
            "valueCodeableConcept": {
              "coding": [
                {
                  "system": "http://snomed.info/sct",
                  "code": "428191000124101",
                  "display": "Documentation of current medications"
                }
              ],
              "text": "Documentation of current medications"
            }
          }
        ],
        "status": "completed",
        "code": {
          "coding": [
            {
              "system": "http://snomed.info/sct",
              "code": "428191000124101",
              "display": "Documentation of current medications"
            }
          ],
          "text": "Documentation of current medications"
        },
        "subject": {
          "reference": "urn:uuid:2704deb4-b7e3-420f-b4ce-f809bd43ce92"
        },
        "context": {
          "reference": "urn:uuid:bc8a5772-45b3-4199-a448-a9f7799d9af4"
        },
        "performedDateTime": "2016-03-12T11:46:54-05:00",
        "resourceType": "Procedure"
      }
    },
    {
      "resource": {
        "meta": {
          "profile": [
            "http://standardhealthrecord.org/fhir/StructureDefinition/shr-immunization-Immunization"
          ]
        },
        "status": "completed",
        "notGiven": false,
        "vaccineCode": {
          "coding": [
            {
              "system": "http://hl7.org/fhir/sid/cvx",
              "code": "140",
              "display": "Influenza, seasonal, injectable, preservative free"
            }
          ],
          "text": "Influenza, seasonal, injectable, preservative free"
        },
        "patient": {
          "reference": "urn:uuid:2704deb4-b7e3-420f-b4ce-f809bd43ce92"
        },
        "encounter": {
          "reference": "urn:uuid:bc8a5772-45b3-4199-a448-a9f7799d9af4"
        },
        "date": "2016-03-12T11:46:54-05:00",
        "primarySource": true,
        "resourceType": "Immunization"
      }
    }
  ],
  "resourceType": "Bundle"
}