{
  "type": "collection",
  "entry": [
    {
      "fullUrl": "urn:uuid:8d0e5834-e49f-4b78-9298-ee019f191f67",
      "resource": {
        "id": "8d0e5834-e49f-4b78-9298-ee019f191f67",
        "meta": {
          "profile": [
            "http://standardhealthrecord.org/fhir/StructureDefinition/shr-demographics-PersonOfRecord"
          ]
        },
        "text": {
          "status": "generated",
          "div": "<div>Generated by <a href=\"https://github.com/synthetichealth/synthea\">Synthea</a>. Version identifier: 4d02400401b9fab839e47bf5b2f1f6a8c683ab55</div>"
        },
        "extension": [
          {
            "url": "http://hl7.org/fhir/us/core/StructureDefinition/us-core-race",
            "valueCodeableConcept": {
              "coding": [
                {
                  "system": "http://hl7.org/fhir/v3/Race",
                  "code": "2131-1",
                  "display": "Other"
                }
              ],
              "text": "race"
            }
          },
          {
            "url": "http://hl7.org/fhir/us/core/StructureDefinition/us-core-ethnicity",
            "valueCodeableConcept": {
              "coding": [
                {
                  "system": "http://hl7.org/fhir/v3/Ethnicity",
                  "code": "2148-5",
                  "display": "Mexican"
                }
              ],
              "text": "ethnicity"
            }
          },
          {
            "url": "http://hl7.org/fhir/StructureDefinition/birthPlace",
            "valueAddress": {
              "city": "Springfield",
              "state": "MA",
              "country": "US"
            }
          },
          {
            "url": "http://hl7.org/fhir/StructureDefinition/patient-mothersMaidenName",
            "valueString": "Anjali865 Herman831"
          },
          {
            "url": "http://hl7.org/fhir/us/core/StructureDefinition/us-core-birthsex",
            "valueCode": "F"
          },
          {
            "url": "http://hl7.org/fhir/StructureDefinition/patient-interpreterRequired",
            "valueBoolean": false
          },
          {
            "url": "http://standardhealthrecord.org/fhir/StructureDefinition/shr-actor-FictionalPerson-extension",
            "valueBoolean": true
          },
          {
            "url": "http://standardhealthrecord.org/fhir/StructureDefinition/shr-demographics-FathersName-extension",
            "valueHumanName": {
              "text": "Danielle865 Abbott992"
            }
          },
          {
            "url": "http://standardhealthrecord.org/fhir/StructureDefinition/shr-demographics-SocialSecurityNumber-extension",
            "valueString": "999-82-3729"
          }
        ],
        "identifier": [
          {
            "system": "https://github.com/synthetichealth/synthea",
            "value": "1d3df97f-3839-4f7e-bdba-7d6b1e67279f"
          },
          {
            "type": {
              "coding": [
                {
                  "system": "http://hl7.org/fhir/identifier-type",
                  "code": "SB"
                }
              ]
            },
            "system": "http://hl7.org/fhir/sid/us-ssn",
            "value": "999823729"
          }
        ],
        "name": [
          {
            "use": "official",
            "family": "Abbott992",
            "given": [
              "Caesar113"
            ]
          }
        ],
        "telecom": [
          {
            "system": "phone",
            "value": "286.308.9967 x670",
            "use": "home"
          }
        ],
        "gender": "female",
        "birthDate": "2005-04-16",
        "address": [
          {
            "extension": [
              {
                "extension": [
                  {
                    "url": "latitude",
                    "valueDecimal": 42.04901686077805
                  },
                  {
                    "url": "longitude",
                    "valueDecimal": -71.4360267908029
                  }
                ],
                "url": "http://hl7.org/fhir/StructureDefinition/geolocation"
              }
            ],
            "line": [
              "960 Tillman Junctions",
              "Apt. 213"
            ],
            "city": "Franklin",
            "state": "MA",
            "postalCode": "02038",
            "country": "US"
          }
        ],
        "maritalStatus": {
          "coding": [
            {
              "system": "http://hl7.org/fhir/v3/MaritalStatus",
              "code": "S"
            }
          ],
          "text": "Never Married"
        },
        "multipleBirthBoolean": false,
        "communication": [
          {
            "language": {
              "coding": [
                {
                  "system": "http://hl7.org/fhir/ValueSet/languages",
                  "code": "es",
                  "display": "Spanish"
                }
              ]
            }
          }
        ],
        "resourceType": "Patient"
      }
    },
    {
      "fullUrl": "urn:uuid:c0880ba4-7876-46e8-8c62-70a0d6f40dc2",
      "resource": {
        "id": "c0880ba4-7876-46e8-8c62-70a0d6f40dc2",
        "meta": {
          "profile": [
            "http://standardhealthrecord.org/fhir/StructureDefinition/shr-actor-Organization"
          ]
        },
        "type": [
          {
            "coding": [
              {
                "system": "http://hl7.org/fhir/ValueSet/organization-type",
                "code": "prov",
                "display": "Healthcare Provider"
              }
            ],
            "text": "Healthcare Provider"
          }
        ],
        "name": "Synthetic Provider",
        "resourceType": "Organization"
      }
    },
    {
      "fullUrl": "urn:uuid:162ada4e-dd42-4ee9-b416-b852551c6af0",
      "resource": {
        "id": "162ada4e-dd42-4ee9-b416-b852551c6af0",
        "meta": {
          "profile": [
            "http://standardhealthrecord.org/fhir/StructureDefinition/shr-encounter-Encounter"
          ]
        },
        "status": "finished",
        "class": {
          "code": "outpatient"
        },
        "type": [
          {
            "coding": [
              {
                "system": "http://snomed.info/sct",
                "code": "170258001"
              }
            ],
            "text": "Outpatient Encounter"
          }
        ],
        "subject": {
          "reference": "urn:uuid:8d0e5834-e49f-4b78-9298-ee019f191f67"
        },
        "period": {
          "start": "2010-07-30T02:23:30-04:00",
          "end": "2010-07-30T03:23:30-04:00"
        },
        "serviceProvider": {
          "reference": "urn:uuid:c0880ba4-7876-46e8-8c62-70a0d6f40dc2"
        },
        "resourceType": "Encounter"
      }
    },
    {
      "fullUrl": "urn:uuid:0cd94f40-3028-4a7d-b49d-be939cfa7abf",
      "resource": {
        "id": "0cd94f40-3028-4a7d-b49d-be939cfa7abf",
        "meta": {
          "profile": [
            "http://standardhealthrecord.org/fhir/StructureDefinition/shr-observation-Observation",
            "http://standardhealthrecord.org/fhir/StructureDefinition/shr-vital-VitalSign",
            "http://standardhealthrecord.org/fhir/StructureDefinition/shr-vital-BodyHeight"
          ]
        },
        "status": "final",
        "category": [
          {
            "coding": [
              {
                "system": "http://hl7.org/fhir/observation-category",
                "code": "vital-signs"
              }
            ]
          }
        ],
        "code": {
          "coding": [
            {
              "system": "http://loinc.org",
              "code": "8302-2",
              "display": "Body Height"
            }
          ],
          "text": "Body Height"
        },
        "subject": {
          "reference": "urn:uuid:8d0e5834-e49f-4b78-9298-ee019f191f67"
        },
        "context": {
          "reference": "urn:uuid:162ada4e-dd42-4ee9-b416-b852551c6af0"
        },
        "effectiveDateTime": "2010-07-30T02:23:30-04:00",
        "issued": "2010-07-30T02:23:30-04:00",
        "valueQuantity": {
          "value": 110.58248818130738,
          "unit": "cm",
          "system": "http://unitsofmeasure.org/",
          "code": "cm"
        },
        "resourceType": "Observation"
      }
    },
    {
      "fullUrl": "urn:uuid:3588d717-3e22-4cf4-8c4f-0c16f5c17606",
      "resource": {
        "id": "3588d717-3e22-4cf4-8c4f-0c16f5c17606",
        "meta": {
          "profile": [
            "http://standardhealthrecord.org/fhir/StructureDefinition/shr-observation-Observation",
            "http://standardhealthrecord.org/fhir/StructureDefinition/shr-vital-VitalSign",
            "http://standardhealthrecord.org/fhir/StructureDefinition/shr-vital-BodyWeight"
          ]
        },
        "status": "final",
        "category": [
          {
            "coding": [
              {
                "system": "http://hl7.org/fhir/observation-category",
                "code": "vital-signs"
              }
            ]
          }
        ],
        "code": {
          "coding": [
            {
              "system": "http://loinc.org",
              "code": "29463-7",
              "display": "Body Weight"
            }
          ],
          "text": "Body Weight"
        },
        "subject": {
          "reference": "urn:uuid:8d0e5834-e49f-4b78-9298-ee019f191f67"
        },
        "context": {
          "reference": "urn:uuid:162ada4e-dd42-4ee9-b416-b852551c6af0"
        },
        "effectiveDateTime": "2010-07-30T02:23:30-04:00",
        "issued": "2010-07-30T02:23:30-04:00",
        "valueQuantity": {
          "value": 16.363413459266024,
          "unit": "kg",
          "system": "http://unitsofmeasure.org/",
          "code": "kg"
        },
        "resourceType": "Observation"
      }
    },
    {
      "fullUrl": "urn:uuid:79ceabf4-9c5e-48df-bd95-908eea99cdfb",
      "resource": {
        "id": "79ceabf4-9c5e-48df-bd95-908eea99cdfb",
        "meta": {
          "profile": [
            "http://standardhealthrecord.org/fhir/StructureDefinition/shr-observation-Observation",
            "http://standardhealthrecord.org/fhir/StructureDefinition/shr-vital-VitalSign",
            "http://standardhealthrecord.org/fhir/StructureDefinition/shr-vital-BodyMassIndex"
          ]
        },
        "status": "final",
        "category": [
          {
            "coding": [
              {
                "system": "http://hl7.org/fhir/observation-category",
                "code": "vital-signs"
              }
            ]
          }
        ],
        "code": {
          "coding": [
            {
              "system": "http://loinc.org",
              "code": "39156-5",
              "display": "Body Mass Index"
            }
          ],
          "text": "Body Mass Index"
        },
        "subject": {
          "reference": "urn:uuid:8d0e5834-e49f-4b78-9298-ee019f191f67"
        },
        "context": {
          "reference": "urn:uuid:162ada4e-dd42-4ee9-b416-b852551c6af0"
        },
        "effectiveDateTime": "2010-07-30T02:23:30-04:00",
        "issued": "2010-07-30T02:23:30-04:00",
        "valueQuantity": {
          "value": 13.38138877762968,
          "unit": "kg/m2",
          "system": "http://unitsofmeasure.org/",
          "code": "kg/m2"
        },
        "resourceType": "Observation"
      }
    },
    {
      "fullUrl": "urn:uuid:c162f8a3-79ae-4f33-9a13-953340a01da6",
      "resource": {
        "id": "c162f8a3-79ae-4f33-9a13-953340a01da6",
        "meta": {
          "profile": [
            "http://standardhealthrecord.org/fhir/StructureDefinition/shr-observation-Observation",
            "http://standardhealthrecord.org/fhir/StructureDefinition/shr-vital-BloodPressure"
          ]
        },
        "status": "final",
        "category": [
          {
            "coding": [
              {
                "system": "http://hl7.org/fhir/observation-category",
                "code": "vital-signs"
              }
            ]
          }
        ],
        "code": {
          "coding": [
            {
              "system": "http://loinc.org",
              "code": "55284-4",
              "display": "Blood Pressure"
            }
          ]
        },
        "subject": {
          "reference": "urn:uuid:8d0e5834-e49f-4b78-9298-ee019f191f67"
        },
        "context": {
          "reference": "urn:uuid:162ada4e-dd42-4ee9-b416-b852551c6af0"
        },
        "effectiveDateTime": "2010-07-30T02:23:30-04:00",
        "issued": "2010-07-30T02:23:30-04:00",
        "component": [
          {
            "code": {
              "coding": [
                {
                  "system": "http://loinc.org",
                  "code": "8480-6",
                  "display": "Systolic Blood Pressure"
                }
              ],
              "text": "Systolic Blood Pressure"
            },
            "valueQuantity": {
              "value": 112,
              "unit": "mmHg",
              "system": "http://unitsofmeasure.org/",
              "code": "mmHg"
            }
          },
          {
            "code": {
              "coding": [
                {
                  "system": "http://loinc.org",
                  "code": "8462-4",
                  "display": "Diastolic Blood Pressure"
                }
              ],
              "text": "Diastolic Blood Pressure"
            },
            "valueQuantity": {
              "value": 74,
              "unit": "mmHg",
              "system": "http://unitsofmeasure.org/",
              "code": "mmHg"
            }
          }
        ],
        "resourceType": "Observation"
      }
    },
    {
      "resource": {
        "meta": {
          "profile": [
            "http://standardhealthrecord.org/fhir/StructureDefinition/shr-immunization-Immunization"
          ]
        },
        "status": "completed",
        "notGiven": false,
        "vaccineCode": {
          "coding": [
            {
              "system": "http://hl7.org/fhir/sid/cvx",
              "code": "140",
              "display": "Influenza, seasonal, injectable, preservative free"
            }
          ],
          "text": "Influenza, seasonal, injectable, preservative free"
        },
        "patient": {
          "reference": "urn:uuid:8d0e5834-e49f-4b78-9298-ee019f191f67"
        },
        "encounter": {
          "reference": "urn:uuid:162ada4e-dd42-4ee9-b416-b852551c6af0"
        },
        "date": "2010-07-30T02:23:30-04:00",
        "primarySource": true,
        "resourceType": "Immunization"
      }
    },
    {
      "fullUrl": "urn:uuid:a11b0b1d-03a8-4cec-9267-483fea789565",
      "resource": {
        "id": "a11b0b1d-03a8-4cec-9267-483fea789565",
        "meta": {
          "profile": [
            "http://standardhealthrecord.org/fhir/StructureDefinition/shr-encounter-Encounter"
          ]
        },
        "status": "finished",
        "class": {
          "code": "emergency"
        },
        "type": [
          {
            "coding": [
              {
                "system": "http://snomed.info/sct",
                "code": "50849002"
              }
            ],
            "text": "Emergency room admission"
          }
        ],
        "subject": {
          "reference": "urn:uuid:8d0e5834-e49f-4b78-9298-ee019f191f67"
        },
        "period": {
          "start": "2011-04-26T16:14:52-04:00",
          "end": "2011-04-26T16:14:52-04:00"
        },
        "serviceProvider": {
          "reference": "urn:uuid:c0880ba4-7876-46e8-8c62-70a0d6f40dc2"
        },
        "resourceType": "Encounter"
      }
    },
    {
      "fullUrl": "urn:uuid:3c265388-c63a-4b5e-b627-5008d8c8aaba",
      "resource": {
        "id": "3c265388-c63a-4b5e-b627-5008d8c8aaba",
        "meta": {
          "profile": [
            "http://standardhealthrecord.org/fhir/StructureDefinition/shr-problem-Problem"
          ]
        },
        "clinicalStatus": "active",
        "verificationStatus": "confirmed",
        "code": {
          "coding": [
            {
              "system": "http://snomed.info/sct",
              "code": "62106007",
              "display": "Concussion with no loss of consciousness"
            }
          ],
          "text": "Concussion with no loss of consciousness"
        },
        "subject": {
          "reference": "urn:uuid:8d0e5834-e49f-4b78-9298-ee019f191f67"
        },
        "context": {
          "reference": "urn:uuid:a11b0b1d-03a8-4cec-9267-483fea789565"
        },
        "onsetDateTime": "2011-04-26T16:14:52-04:00",
        "abatementDateTime": "2011-06-30T13:27:21-04:00",
        "assertedDate": "2011-04-26",
        "resourceType": "Condition"
      }
    },
    {
      "resource": {
        "status": "completed",
        "category": [
          {
            "coding": [
              {
                "system": "http://snomed.info/sct",
                "code": "47387005",
                "display": "Head injury rehabilitation"
              }
            ]
          }
        ],
        "subject": {
          "reference": "urn:uuid:8d0e5834-e49f-4b78-9298-ee019f191f67"
        },
        "context": {
          "reference": "urn:uuid:a11b0b1d-03a8-4cec-9267-483fea789565"
        },
        "period": {
          "start": "2011-04-26",
          "end": "2011-06-30"
        },
        "addresses": [
          {
            "reference": "urn:uuid:3c265388-c63a-4b5e-b627-5008d8c8aaba"
          }
        ],
        "activity": [
          {
            "detail": {
              "code": {
                "coding": [
                  {
                    "system": "http://snomed.info/sct",
                    "code": "183051005",
                    "display": "Recommendation to rest"
                  }
                ]
              },
              "status": "completed"
            }
          },
          {
            "detail": {
              "code": {
                "coding": [
                  {
                    "system": "http://snomed.info/sct",
                    "code": "226138001",
                    "display": "Alcohol-free diet"
                  }
                ]
              },
              "status": "completed"
            }
          }
        ],
        "resourceType": "CarePlan"
      }
    },
    {
      "fullUrl": "urn:uuid:626af00f-e9b0-4465-89d5-38601eee03bf",
      "resource": {
        "id": "626af00f-e9b0-4465-89d5-38601eee03bf",
        "meta": {
          "profile": [
            "http://standardhealthrecord.org/fhir/StructureDefinition/shr-encounter-Encounter"
          ]
        },
        "status": "finished",
        "class": {
          "code": "ambulatory"
        },
        "type": [
          {
            "coding": [
              {
                "system": "http://snomed.info/sct",
                "code": "185349003"
              }
            ],
            "text": "Encounter for 'check-up'"
          }
        ],
        "subject": {
          "reference": "urn:uuid:8d0e5834-e49f-4b78-9298-ee019f191f67"
        },
        "period": {
          "start": "2011-06-30T13:27:21-04:00",
          "end": "2011-06-30T13:27:21-04:00"
        },
        "reason": {
          "coding": [
            {
              "system": "http://snomed.info/sct",
              "code": "62106007",
              "display": "Concussion with no loss of consciousness"
            }
          ]
        },
        "serviceProvider": {
          "reference": "urn:uuid:c0880ba4-7876-46e8-8c62-70a0d6f40dc2"
        },
        "resourceType": "Encounter"
      }
    },
    {
      "fullUrl": "urn:uuid:f575cbcd-fec6-475e-9449-afa7301a4b9d",
      "resource": {
        "id": "f575cbcd-fec6-475e-9449-afa7301a4b9d",
        "meta": {
          "profile": [
            "http://standardhealthrecord.org/fhir/StructureDefinition/shr-encounter-Encounter"
          ]
        },
        "status": "finished",
        "class": {
          "code": "outpatient"
        },
        "type": [
          {
            "coding": [
              {
                "system": "http://snomed.info/sct",
                "code": "170258001"
              }
            ],
            "text": "Outpatient Encounter"
          }
        ],
        "subject": {
          "reference": "urn:uuid:8d0e5834-e49f-4b78-9298-ee019f191f67"
        },
        "period": {
          "start": "2011-08-29T08:43:06-04:00",
          "end": "2011-08-29T09:43:06-04:00"
        },
        "serviceProvider": {
          "reference": "urn:uuid:c0880ba4-7876-46e8-8c62-70a0d6f40dc2"
        },
        "resourceType": "Encounter"
      }
    },
    {
      "fullUrl": "urn:uuid:d588b9e5-3b72-4940-a64a-e52b1a1eaa03",
      "resource": {
        "id": "d588b9e5-3b72-4940-a64a-e52b1a1eaa03",
        "meta": {
          "profile": [
            "http://standardhealthrecord.org/fhir/StructureDefinition/shr-observation-Observation",
            "http://standardhealthrecord.org/fhir/StructureDefinition/shr-vital-VitalSign",
            "http://standardhealthrecord.org/fhir/StructureDefinition/shr-vital-BodyHeight"
          ]
        },
        "status": "final",
        "category": [
          {
            "coding": [
              {
                "system": "http://hl7.org/fhir/observation-category",
                "code": "vital-signs"
              }
            ]
          }
        ],
        "code": {
          "coding": [
            {
              "system": "http://loinc.org",
              "code": "8302-2",
              "display": "Body Height"
            }
          ],
          "text": "Body Height"
        },
        "subject": {
          "reference": "urn:uuid:8d0e5834-e49f-4b78-9298-ee019f191f67"
        },
        "context": {
          "reference": "urn:uuid:f575cbcd-fec6-475e-9449-afa7301a4b9d"
        },
        "effectiveDateTime": "2011-08-29T08:43:06-04:00",
        "issued": "2011-08-29T08:43:06-04:00",
        "valueQuantity": {
          "value": 118.24995700177605,
          "unit": "cm",
          "system": "http://unitsofmeasure.org/",
          "code": "cm"
        },
        "resourceType": "Observation"
      }
    },
    {
      "fullUrl": "urn:uuid:50f2ef2c-d8df-4ecf-8c5c-76a9b11742ef",
      "resource": {
        "id": "50f2ef2c-d8df-4ecf-8c5c-76a9b11742ef",
        "meta": {
          "profile": [
            "http://standardhealthrecord.org/fhir/StructureDefinition/shr-observation-Observation",
            "http://standardhealthrecord.org/fhir/StructureDefinition/shr-vital-VitalSign",
            "http://standardhealthrecord.org/fhir/StructureDefinition/shr-vital-BodyWeight"
          ]
        },
        "status": "final",
        "category": [
          {
            "coding": [
              {
                "system": "http://hl7.org/fhir/observation-category",
                "code": "vital-signs"
              }
            ]
          }
        ],
        "code": {
          "coding": [
            {
              "system": "http://loinc.org",
              "code": "29463-7",
              "display": "Body Weight"
            }
          ],
          "text": "Body Weight"
        },
        "subject": {
          "reference": "urn:uuid:8d0e5834-e49f-4b78-9298-ee019f191f67"
        },
        "context": {
          "reference": "urn:uuid:f575cbcd-fec6-475e-9449-afa7301a4b9d"
        },
        "effectiveDateTime": "2011-08-29T08:43:06-04:00",
        "issued": "2011-08-29T08:43:06-04:00",
        "valueQuantity": {
          "value": 18.480760498843956,
          "unit": "kg",
          "system": "http://unitsofmeasure.org/",
          "code": "kg"
        },
        "resourceType": "Observation"
      }
    },
    {
      "fullUrl": "urn:uuid:f2e414f6-de47-4c8a-a0ca-ac07e71c3b5b",
      "resource": {
        "id": "f2e414f6-de47-4c8a-a0ca-ac07e71c3b5b",
        "meta": {
          "profile": [
            "http://standardhealthrecord.org/fhir/StructureDefinition/shr-observation-Observation",
            "http://standardhealthrecord.org/fhir/StructureDefinition/shr-vital-VitalSign",
            "http://standardhealthrecord.org/fhir/StructureDefinition/shr-vital-BodyMassIndex"
          ]
        },
        "status": "final",
        "category": [
          {
            "coding": [
              {
                "system": "http://hl7.org/fhir/observation-category",
                "code": "vital-signs"
              }
            ]
          }
        ],
        "code": {
          "coding": [
            {
              "system": "http://loinc.org",
              "code": "39156-5",
              "display": "Body Mass Index"
            }
          ],
          "text": "Body Mass Index"
        },
        "subject": {
          "reference": "urn:uuid:8d0e5834-e49f-4b78-9298-ee019f191f67"
        },
        "context": {
          "reference": "urn:uuid:f575cbcd-fec6-475e-9449-afa7301a4b9d"
        },
        "effectiveDateTime": "2011-08-29T08:43:06-04:00",
        "issued": "2011-08-29T08:43:06-04:00",
        "valueQuantity": {
          "value": 13.216542469755273,
          "unit": "kg/m2",
          "system": "http://unitsofmeasure.org/",
          "code": "kg/m2"
        },
        "resourceType": "Observation"
      }
    },
    {
      "fullUrl": "urn:uuid:ae9e6bae-02b3-450e-9a86-db26e2e4209b",
      "resource": {
        "id": "ae9e6bae-02b3-450e-9a86-db26e2e4209b",
        "meta": {
          "profile": [
            "http://standardhealthrecord.org/fhir/StructureDefinition/shr-observation-Observation",
            "http://standardhealthrecord.org/fhir/StructureDefinition/shr-vital-BloodPressure"
          ]
        },
        "status": "final",
        "category": [
          {
            "coding": [
              {
                "system": "http://hl7.org/fhir/observation-category",
                "code": "vital-signs"
              }
            ]
          }
        ],
        "code": {
          "coding": [
            {
              "system": "http://loinc.org",
              "code": "55284-4",
              "display": "Blood Pressure"
            }
          ]
        },
        "subject": {
          "reference": "urn:uuid:8d0e5834-e49f-4b78-9298-ee019f191f67"
        },
        "context": {
          "reference": "urn:uuid:f575cbcd-fec6-475e-9449-afa7301a4b9d"
        },
        "effectiveDateTime": "2011-08-29T08:43:06-04:00",
        "issued": "2011-08-29T08:43:06-04:00",
        "component": [
          {
            "code": {
              "coding": [
                {
                  "system": "http://loinc.org",
                  "code": "8480-6",
                  "display": "Systolic Blood Pressure"
                }
              ],
              "text": "Systolic Blood Pressure"
            },
            "valueQuantity": {
              "value": 131,
              "unit": "mmHg",
              "system": "http://unitsofmeasure.org/",
              "code": "mmHg"
            }
          },
          {
            "code": {
              "coding": [
                {
                  "system": "http://loinc.org",
                  "code": "8462-4",
                  "display": "Diastolic Blood Pressure"
                }
              ],
              "text": "Diastolic Blood Pressure"
            },
            "valueQuantity": {
              "value": 88,
              "unit": "mmHg",
              "system": "http://unitsofmeasure.org/",
              "code": "mmHg"
            }
          }
        ],
        "resourceType": "Observation"
      }
    },
    {
      "resource": {
        "meta": {
          "profile": [
            "http://standardhealthrecord.org/fhir/StructureDefinition/shr-procedure-Procedure"
          ]
        },
        "extension": [
          {
            "url": "http://standardhealthrecord.org/fhir/StructureDefinition/shr-core-CodeableConcept-extension",
            "valueCodeableConcept": {
              "coding": [
                {
                  "system": "http://snomed.info/sct",
                  "code": "428191000124101",
                  "display": "Documentation of current medications"
                }
              ],
              "text": "Documentation of current medications"
            }
          }
        ],
        "status": "completed",
        "code": {
          "coding": [
            {
              "system": "http://snomed.info/sct",
              "code": "428191000124101",
              "display": "Documentation of current medications"
            }
          ],
          "text": "Documentation of current medications"
        },
        "subject": {
          "reference": "urn:uuid:8d0e5834-e49f-4b78-9298-ee019f191f67"
        },
        "context": {
          "reference": "urn:uuid:f575cbcd-fec6-475e-9449-afa7301a4b9d"
        },
        "performedDateTime": "2011-08-29T08:43:06-04:00",
        "resourceType": "Procedure"
      }
    },
    {
      "resource": {
        "meta": {
          "profile": [
            "http://standardhealthrecord.org/fhir/StructureDefinition/shr-immunization-Immunization"
          ]
        },
        "status": "completed",
        "notGiven": false,
        "vaccineCode": {
          "coding": [
            {
              "system": "http://hl7.org/fhir/sid/cvx",
              "code": "140",
              "display": "Influenza, seasonal, injectable, preservative free"
            }
          ],
          "text": "Influenza, seasonal, injectable, preservative free"
        },
        "patient": {
          "reference": "urn:uuid:8d0e5834-e49f-4b78-9298-ee019f191f67"
        },
        "encounter": {
          "reference": "urn:uuid:f575cbcd-fec6-475e-9449-afa7301a4b9d"
        },
        "date": "2011-08-29T08:43:06-04:00",
        "primarySource": true,
        "resourceType": "Immunization"
      }
    },
    {
      "fullUrl": "urn:uuid:1b0f02a3-1e63-45a6-b2dc-765f835b71e7",
      "resource": {
        "id": "1b0f02a3-1e63-45a6-b2dc-765f835b71e7",
        "meta": {
          "profile": [
            "http://standardhealthrecord.org/fhir/StructureDefinition/shr-encounter-Encounter"
          ]
        },
        "status": "finished",
        "class": {
          "code": "outpatient"
        },
        "type": [
          {
            "coding": [
              {
                "system": "http://snomed.info/sct",
                "code": "170258001"
              }
            ],
            "text": "Outpatient Encounter"
          }
        ],
        "subject": {
          "reference": "urn:uuid:8d0e5834-e49f-4b78-9298-ee019f191f67"
        },
        "period": {
          "start": "2012-10-05T21:09:40-04:00",
          "end": "2012-10-05T22:09:40-04:00"
        },
        "serviceProvider": {
          "reference": "urn:uuid:c0880ba4-7876-46e8-8c62-70a0d6f40dc2"
        },
        "resourceType": "Encounter"
      }
    },
    {
      "fullUrl": "urn:uuid:50277e46-7a97-46a3-8832-a9b73646cfbd",
      "resource": {
        "id": "50277e46-7a97-46a3-8832-a9b73646cfbd",
        "meta": {
          "profile": [
            "http://standardhealthrecord.org/fhir/StructureDefinition/shr-observation-Observation",
            "http://standardhealthrecord.org/fhir/StructureDefinition/shr-vital-VitalSign",
            "http://standardhealthrecord.org/fhir/StructureDefinition/shr-vital-BodyHeight"
          ]
        },
        "status": "final",
        "category": [
          {
            "coding": [
              {
                "system": "http://hl7.org/fhir/observation-category",
                "code": "vital-signs"
              }
            ]
          }
        ],
        "code": {
          "coding": [
            {
              "system": "http://loinc.org",
              "code": "8302-2",
              "display": "Body Height"
            }
          ],
          "text": "Body Height"
        },
        "subject": {
          "reference": "urn:uuid:8d0e5834-e49f-4b78-9298-ee019f191f67"
        },
        "context": {
          "reference": "urn:uuid:1b0f02a3-1e63-45a6-b2dc-765f835b71e7"
        },
        "effectiveDateTime": "2012-10-05T21:09:40-04:00",
        "issued": "2012-10-05T21:09:40-04:00",
        "valueQuantity": {
          "value": 125.39091217612531,
          "unit": "cm",
          "system": "http://unitsofmeasure.org/",
          "code": "cm"
        },
        "resourceType": "Observation"
      }
    },
    {
      "fullUrl": "urn:uuid:022e8b26-a9cb-4986-b118-39e2557fa0e5",
      "resource": {
        "id": "022e8b26-a9cb-4986-b118-39e2557fa0e5",
        "meta": {
          "profile": [
            "http://standardhealthrecord.org/fhir/StructureDefinition/shr-observation-Observation",
            "http://standardhealthrecord.org/fhir/StructureDefinition/shr-vital-VitalSign",
            "http://standardhealthrecord.org/fhir/StructureDefinition/shr-vital-BodyWeight"
          ]
        },
        "status": "final",
        "category": [
          {
            "coding": [
              {
                "system": "http://hl7.org/fhir/observation-category",
                "code": "vital-signs"
              }
            ]
          }
        ],
        "code": {
          "coding": [
            {
              "system": "http://loinc.org",
              "code": "29463-7",
              "display": "Body Weight"
            }
          ],
          "text": "Body Weight"
        },
        "subject": {
          "reference": "urn:uuid:8d0e5834-e49f-4b78-9298-ee019f191f67"
        },
        "context": {
          "reference": "urn:uuid:1b0f02a3-1e63-45a6-b2dc-765f835b71e7"
        },
        "effectiveDateTime": "2012-10-05T21:09:40-04:00",
        "issued": "2012-10-05T21:09:40-04:00",
        "valueQuantity": {
          "value": 20.765203534604016,
          "unit": "kg",
          "system": "http://unitsofmeasure.org/",
          "code": "kg"
        },
        "resourceType": "Observation"
      }
    },
    {
      "fullUrl": "urn:uuid:8dd1e3b8-42e4-4c38-b566-49cc9ccfff37",
      "resource": {
        "id": "8dd1e3b8-42e4-4c38-b566-49cc9ccfff37",
        "meta": {
          "profile": [
            "http://standardhealthrecord.org/fhir/StructureDefinition/shr-observation-Observation",
            "http://standardhealthrecord.org/fhir/StructureDefinition/shr-vital-VitalSign",
            "http://standardhealthrecord.org/fhir/StructureDefinition/shr-vital-BodyMassIndex"
          ]
        },
        "status": "final",
        "category": [
          {
            "coding": [
              {
                "system": "http://hl7.org/fhir/observation-category",
                "code": "vital-signs"
              }
            ]
          }
        ],
        "code": {
          "coding": [
            {
              "system": "http://loinc.org",
              "code": "39156-5",
              "display": "Body Mass Index"
            }
          ],
          "text": "Body Mass Index"
        },
        "subject": {
          "reference": "urn:uuid:8d0e5834-e49f-4b78-9298-ee019f191f67"
        },
        "context": {
          "reference": "urn:uuid:1b0f02a3-1e63-45a6-b2dc-765f835b71e7"
        },
        "effectiveDateTime": "2012-10-05T21:09:40-04:00",
        "issued": "2012-10-05T21:09:40-04:00",
        "valueQuantity": {
          "value": 13.206996684836769,
          "unit": "kg/m2",
          "system": "http://unitsofmeasure.org/",
          "code": "kg/m2"
        },
        "resourceType": "Observation"
      }
    },
    {
      "fullUrl": "urn:uuid:513e8419-d2e8-4eb1-949b-393bb8be232e",
      "resource": {
        "id": "513e8419-d2e8-4eb1-949b-393bb8be232e",
        "meta": {
          "profile": [
            "http://standardhealthrecord.org/fhir/StructureDefinition/shr-observation-Observation",
            "http://standardhealthrecord.org/fhir/StructureDefinition/shr-vital-BloodPressure"
          ]
        },
        "status": "final",
        "category": [
          {
            "coding": [
              {
                "system": "http://hl7.org/fhir/observation-category",
                "code": "vital-signs"
              }
            ]
          }
        ],
        "code": {
          "coding": [
            {
              "system": "http://loinc.org",
              "code": "55284-4",
              "display": "Blood Pressure"
            }
          ]
        },
        "subject": {
          "reference": "urn:uuid:8d0e5834-e49f-4b78-9298-ee019f191f67"
        },
        "context": {
          "reference": "urn:uuid:1b0f02a3-1e63-45a6-b2dc-765f835b71e7"
        },
        "effectiveDateTime": "2012-10-05T21:09:40-04:00",
        "issued": "2012-10-05T21:09:40-04:00",
        "component": [
          {
            "code": {
              "coding": [
                {
                  "system": "http://loinc.org",
                  "code": "8480-6",
                  "display": "Systolic Blood Pressure"
                }
              ],
              "text": "Systolic Blood Pressure"
            },
            "valueQuantity": {
              "value": 120,
              "unit": "mmHg",
              "system": "http://unitsofmeasure.org/",
              "code": "mmHg"
            }
          },
          {
            "code": {
              "coding": [
                {
                  "system": "http://loinc.org",
                  "code": "8462-4",
                  "display": "Diastolic Blood Pressure"
                }
              ],
              "text": "Diastolic Blood Pressure"
            },
            "valueQuantity": {
              "value": 79,
              "unit": "mmHg",
              "system": "http://unitsofmeasure.org/",
              "code": "mmHg"
            }
          }
        ],
        "resourceType": "Observation"
      }
    },
    {
      "resource": {
        "meta": {
          "profile": [
            "http://standardhealthrecord.org/fhir/StructureDefinition/shr-procedure-Procedure"
          ]
        },
        "extension": [
          {
            "url": "http://standardhealthrecord.org/fhir/StructureDefinition/shr-core-CodeableConcept-extension",
            "valueCodeableConcept": {
              "coding": [
                {
                  "system": "http://snomed.info/sct",
                  "code": "428191000124101",
                  "display": "Documentation of current medications"
                }
              ],
              "text": "Documentation of current medications"
            }
          }
        ],
        "status": "completed",
        "code": {
          "coding": [
            {
              "system": "http://snomed.info/sct",
              "code": "428191000124101",
              "display": "Documentation of current medications"
            }
          ],
          "text": "Documentation of current medications"
        },
        "subject": {
          "reference": "urn:uuid:8d0e5834-e49f-4b78-9298-ee019f191f67"
        },
        "context": {
          "reference": "urn:uuid:1b0f02a3-1e63-45a6-b2dc-765f835b71e7"
        },
        "performedDateTime": "2012-10-05T21:09:40-04:00",
        "resourceType": "Procedure"
      }
    },
    {
      "resource": {
        "meta": {
          "profile": [
            "http://standardhealthrecord.org/fhir/StructureDefinition/shr-immunization-Immunization"
          ]
        },
        "status": "completed",
        "notGiven": false,
        "vaccineCode": {
          "coding": [
            {
              "system": "http://hl7.org/fhir/sid/cvx",
              "code": "140",
              "display": "Influenza, seasonal, injectable, preservative free"
            }
          ],
          "text": "Influenza, seasonal, injectable, preservative free"
        },
        "patient": {
          "reference": "urn:uuid:8d0e5834-e49f-4b78-9298-ee019f191f67"
        },
        "encounter": {
          "reference": "urn:uuid:1b0f02a3-1e63-45a6-b2dc-765f835b71e7"
        },
        "date": "2012-10-05T21:09:40-04:00",
        "primarySource": true,
        "resourceType": "Immunization"
      }
    },
    {
      "fullUrl": "urn:uuid:6f6156f8-8115-44cb-928f-d5acc31cf44a",
      "resource": {
        "id": "6f6156f8-8115-44cb-928f-d5acc31cf44a",
        "meta": {
          "profile": [
            "http://standardhealthrecord.org/fhir/StructureDefinition/shr-encounter-Encounter"
          ]
        },
        "status": "finished",
        "class": {
          "code": "outpatient"
        },
        "type": [
          {
            "coding": [
              {
                "system": "http://snomed.info/sct",
                "code": "170258001"
              }
            ],
            "text": "Outpatient Encounter"
          }
        ],
        "subject": {
          "reference": "urn:uuid:8d0e5834-e49f-4b78-9298-ee019f191f67"
        },
        "period": {
          "start": "2013-11-20T19:52:45-05:00",
          "end": "2013-11-20T20:52:45-05:00"
        },
        "serviceProvider": {
          "reference": "urn:uuid:c0880ba4-7876-46e8-8c62-70a0d6f40dc2"
        },
        "resourceType": "Encounter"
      }
    },
    {
      "fullUrl": "urn:uuid:bb5561c5-9904-4129-8dde-e6605271ec65",
      "resource": {
        "id": "bb5561c5-9904-4129-8dde-e6605271ec65",
        "meta": {
          "profile": [
            "http://standardhealthrecord.org/fhir/StructureDefinition/shr-observation-Observation",
            "http://standardhealthrecord.org/fhir/StructureDefinition/shr-vital-VitalSign",
            "http://standardhealthrecord.org/fhir/StructureDefinition/shr-vital-BodyHeight"
          ]
        },
        "status": "final",
        "category": [
          {
            "coding": [
              {
                "system": "http://hl7.org/fhir/observation-category",
                "code": "vital-signs"
              }
            ]
          }
        ],
        "code": {
          "coding": [
            {
              "system": "http://loinc.org",
              "code": "8302-2",
              "display": "Body Height"
            }
          ],
          "text": "Body Height"
        },
        "subject": {
          "reference": "urn:uuid:8d0e5834-e49f-4b78-9298-ee019f191f67"
        },
        "context": {
          "reference": "urn:uuid:6f6156f8-8115-44cb-928f-d5acc31cf44a"
        },
        "effectiveDateTime": "2013-11-20T19:52:45-05:00",
        "issued": "2013-11-20T19:52:45-05:00",
        "valueQuantity": {
          "value": 132.06958027198186,
          "unit": "cm",
          "system": "http://unitsofmeasure.org/",
          "code": "cm"
        },
        "resourceType": "Observation"
      }
    },
    {
      "fullUrl": "urn:uuid:2bcac610-e7ee-4314-9c8f-ac14f43bc69d",
      "resource": {
        "id": "2bcac610-e7ee-4314-9c8f-ac14f43bc69d",
        "meta": {
          "profile": [
            "http://standardhealthrecord.org/fhir/StructureDefinition/shr-observation-Observation",
            "http://standardhealthrecord.org/fhir/StructureDefinition/shr-vital-VitalSign",
            "http://standardhealthrecord.org/fhir/StructureDefinition/shr-vital-BodyWeight"
          ]
        },
        "status": "final",
        "category": [
          {
            "coding": [
              {
                "system": "http://hl7.org/fhir/observation-category",
                "code": "vital-signs"
              }
            ]
          }
        ],
        "code": {
          "coding": [
            {
              "system": "http://loinc.org",
              "code": "29463-7",
              "display": "Body Weight"
            }
          ],
          "text": "Body Weight"
        },
        "subject": {
          "reference": "urn:uuid:8d0e5834-e49f-4b78-9298-ee019f191f67"
        },
        "context": {
          "reference": "urn:uuid:6f6156f8-8115-44cb-928f-d5acc31cf44a"
        },
        "effectiveDateTime": "2013-11-20T19:52:45-05:00",
        "issued": "2013-11-20T19:52:45-05:00",
        "valueQuantity": {
          "value": 23.576401655169853,
          "unit": "kg",
          "system": "http://unitsofmeasure.org/",
          "code": "kg"
        },
        "resourceType": "Observation"
      }
    },
    {
      "fullUrl": "urn:uuid:7c756d94-b77c-413b-8669-492e5f1e0db0",
      "resource": {
        "id": "7c756d94-b77c-413b-8669-492e5f1e0db0",
        "meta": {
          "profile": [
            "http://standardhealthrecord.org/fhir/StructureDefinition/shr-observation-Observation",
            "http://standardhealthrecord.org/fhir/StructureDefinition/shr-vital-VitalSign",
            "http://standardhealthrecord.org/fhir/StructureDefinition/shr-vital-BodyMassIndex"
          ]
        },
        "status": "final",
        "category": [
          {
            "coding": [
              {
                "system": "http://hl7.org/fhir/observation-category",
                "code": "vital-signs"
              }
            ]
          }
        ],
        "code": {
          "coding": [
            {
              "system": "http://loinc.org",
              "code": "39156-5",
              "display": "Body Mass Index"
            }
          ],
          "text": "Body Mass Index"
        },
        "subject": {
          "reference": "urn:uuid:8d0e5834-e49f-4b78-9298-ee019f191f67"
        },
        "context": {
          "reference": "urn:uuid:6f6156f8-8115-44cb-928f-d5acc31cf44a"
        },
        "effectiveDateTime": "2013-11-20T19:52:45-05:00",
        "issued": "2013-11-20T19:52:45-05:00",
        "valueQuantity": {
          "value": 13.516738954382404,
          "unit": "kg/m2",
          "system": "http://unitsofmeasure.org/",
          "code": "kg/m2"
        },
        "resourceType": "Observation"
      }
    },
    {
      "fullUrl": "urn:uuid:3dd9e7f3-25ef-4701-9533-7ea11d7d76db",
      "resource": {
        "id": "3dd9e7f3-25ef-4701-9533-7ea11d7d76db",
        "meta": {
          "profile": [
            "http://standardhealthrecord.org/fhir/StructureDefinition/shr-observation-Observation",
            "http://standardhealthrecord.org/fhir/StructureDefinition/shr-vital-BloodPressure"
          ]
        },
        "status": "final",
        "category": [
          {
            "coding": [
              {
                "system": "http://hl7.org/fhir/observation-category",
                "code": "vital-signs"
              }
            ]
          }
        ],
        "code": {
          "coding": [
            {
              "system": "http://loinc.org",
              "code": "55284-4",
              "display": "Blood Pressure"
            }
          ]
        },
        "subject": {
          "reference": "urn:uuid:8d0e5834-e49f-4b78-9298-ee019f191f67"
        },
        "context": {
          "reference": "urn:uuid:6f6156f8-8115-44cb-928f-d5acc31cf44a"
        },
        "effectiveDateTime": "2013-11-20T19:52:45-05:00",
        "issued": "2013-11-20T19:52:45-05:00",
        "component": [
          {
            "code": {
              "coding": [
                {
                  "system": "http://loinc.org",
                  "code": "8480-6",
                  "display": "Systolic Blood Pressure"
                }
              ],
              "text": "Systolic Blood Pressure"
            },
            "valueQuantity": {
              "value": 107,
              "unit": "mmHg",
              "system": "http://unitsofmeasure.org/",
              "code": "mmHg"
            }
          },
          {
            "code": {
              "coding": [
                {
                  "system": "http://loinc.org",
                  "code": "8462-4",
                  "display": "Diastolic Blood Pressure"
                }
              ],
              "text": "Diastolic Blood Pressure"
            },
            "valueQuantity": {
              "value": 75,
              "unit": "mmHg",
              "system": "http://unitsofmeasure.org/",
              "code": "mmHg"
            }
          }
        ],
        "resourceType": "Observation"
      }
    },
    {
      "resource": {
        "meta": {
          "profile": [
            "http://standardhealthrecord.org/fhir/StructureDefinition/shr-procedure-Procedure"
          ]
        },
        "extension": [
          {
            "url": "http://standardhealthrecord.org/fhir/StructureDefinition/shr-core-CodeableConcept-extension",
            "valueCodeableConcept": {
              "coding": [
                {
                  "system": "http://snomed.info/sct",
                  "code": "428191000124101",
                  "display": "Documentation of current medications"
                }
              ],
              "text": "Documentation of current medications"
            }
          }
        ],
        "status": "completed",
        "code": {
          "coding": [
            {
              "system": "http://snomed.info/sct",
              "code": "428191000124101",
              "display": "Documentation of current medications"
            }
          ],
          "text": "Documentation of current medications"
        },
        "subject": {
          "reference": "urn:uuid:8d0e5834-e49f-4b78-9298-ee019f191f67"
        },
        "context": {
          "reference": "urn:uuid:6f6156f8-8115-44cb-928f-d5acc31cf44a"
        },
        "performedDateTime": "2013-11-20T19:52:45-05:00",
        "resourceType": "Procedure"
      }
    },
    {
      "resource": {
        "meta": {
          "profile": [
            "http://standardhealthrecord.org/fhir/StructureDefinition/shr-immunization-Immunization"
          ]
        },
        "status": "completed",
        "notGiven": false,
        "vaccineCode": {
          "coding": [
            {
              "system": "http://hl7.org/fhir/sid/cvx",
              "code": "140",
              "display": "Influenza, seasonal, injectable, preservative free"
            }
          ],
          "text": "Influenza, seasonal, injectable, preservative free"
        },
        "patient": {
          "reference": "urn:uuid:8d0e5834-e49f-4b78-9298-ee019f191f67"
        },
        "encounter": {
          "reference": "urn:uuid:6f6156f8-8115-44cb-928f-d5acc31cf44a"
        },
        "date": "2013-11-20T19:52:45-05:00",
        "primarySource": true,
        "resourceType": "Immunization"
      }
    },
    {
      "fullUrl": "urn:uuid:6fbe8561-4696-427c-8b1d-a79d1f0a8203",
      "resource": {
        "id": "6fbe8561-4696-427c-8b1d-a79d1f0a8203",
        "meta": {
          "profile": [
            "http://standardhealthrecord.org/fhir/StructureDefinition/shr-encounter-Encounter"
          ]
        },
        "status": "finished",
        "class": {
          "code": "outpatient"
        },
        "type": [
          {
            "coding": [
              {
                "system": "http://snomed.info/sct",
                "code": "170258001"
              }
            ],
            "text": "Outpatient Encounter"
          }
        ],
        "subject": {
          "reference": "urn:uuid:8d0e5834-e49f-4b78-9298-ee019f191f67"
        },
        "period": {
          "start": "2015-01-02T18:03:49-05:00",
          "end": "2015-01-02T19:03:49-05:00"
        },
        "serviceProvider": {
          "reference": "urn:uuid:c0880ba4-7876-46e8-8c62-70a0d6f40dc2"
        },
        "resourceType": "Encounter"
      }
    },
    {
      "fullUrl": "urn:uuid:e7b41653-ada3-4686-916e-b1d96d610d5a",
      "resource": {
        "id": "e7b41653-ada3-4686-916e-b1d96d610d5a",
        "meta": {
          "profile": [
            "http://standardhealthrecord.org/fhir/StructureDefinition/shr-observation-Observation",
            "http://standardhealthrecord.org/fhir/StructureDefinition/shr-vital-VitalSign",
            "http://standardhealthrecord.org/fhir/StructureDefinition/shr-vital-BodyHeight"
          ]
        },
        "status": "final",
        "category": [
          {
            "coding": [
              {
                "system": "http://hl7.org/fhir/observation-category",
                "code": "vital-signs"
              }
            ]
          }
        ],
        "code": {
          "coding": [
            {
              "system": "http://loinc.org",
              "code": "8302-2",
              "display": "Body Height"
            }
          ],
          "text": "Body Height"
        },
        "subject": {
          "reference": "urn:uuid:8d0e5834-e49f-4b78-9298-ee019f191f67"
        },
        "context": {
          "reference": "urn:uuid:6fbe8561-4696-427c-8b1d-a79d1f0a8203"
        },
        "effectiveDateTime": "2015-01-02T18:03:49-05:00",
        "issued": "2015-01-02T18:03:49-05:00",
        "valueQuantity": {
          "value": 137.63288223511057,
          "unit": "cm",
          "system": "http://unitsofmeasure.org/",
          "code": "cm"
        },
        "resourceType": "Observation"
      }
    },
    {
      "fullUrl": "urn:uuid:8ff07966-3c4c-4857-9cd2-0795f4d87c23",
      "resource": {
        "id": "8ff07966-3c4c-4857-9cd2-0795f4d87c23",
        "meta": {
          "profile": [
            "http://standardhealthrecord.org/fhir/StructureDefinition/shr-observation-Observation",
            "http://standardhealthrecord.org/fhir/StructureDefinition/shr-vital-VitalSign",
            "http://standardhealthrecord.org/fhir/StructureDefinition/shr-vital-BodyWeight"
          ]
        },
        "status": "final",
        "category": [
          {
            "coding": [
              {
                "system": "http://hl7.org/fhir/observation-category",
                "code": "vital-signs"
              }
            ]
          }
        ],
        "code": {
          "coding": [
            {
              "system": "http://loinc.org",
              "code": "29463-7",
              "display": "Body Weight"
            }
          ],
          "text": "Body Weight"
        },
        "subject": {
          "reference": "urn:uuid:8d0e5834-e49f-4b78-9298-ee019f191f67"
        },
        "context": {
          "reference": "urn:uuid:6fbe8561-4696-427c-8b1d-a79d1f0a8203"
        },
        "effectiveDateTime": "2015-01-02T18:03:49-05:00",
        "issued": "2015-01-02T18:03:49-05:00",
        "valueQuantity": {
          "value": 26.675664511079866,
          "unit": "kg",
          "system": "http://unitsofmeasure.org/",
          "code": "kg"
        },
        "resourceType": "Observation"
      }
    },
    {
      "fullUrl": "urn:uuid:a802718d-45aa-43e1-9a88-22f87a51f0a2",
      "resource": {
        "id": "a802718d-45aa-43e1-9a88-22f87a51f0a2",
        "meta": {
          "profile": [
            "http://standardhealthrecord.org/fhir/StructureDefinition/shr-observation-Observation",
            "http://standardhealthrecord.org/fhir/StructureDefinition/shr-vital-VitalSign",
            "http://standardhealthrecord.org/fhir/StructureDefinition/shr-vital-BodyMassIndex"
          ]
        },
        "status": "final",
        "category": [
          {
            "coding": [
              {
                "system": "http://hl7.org/fhir/observation-category",
                "code": "vital-signs"
              }
            ]
          }
        ],
        "code": {
          "coding": [
            {
              "system": "http://loinc.org",
              "code": "39156-5",
              "display": "Body Mass Index"
            }
          ],
          "text": "Body Mass Index"
        },
        "subject": {
          "reference": "urn:uuid:8d0e5834-e49f-4b78-9298-ee019f191f67"
        },
        "context": {
          "reference": "urn:uuid:6fbe8561-4696-427c-8b1d-a79d1f0a8203"
        },
        "effectiveDateTime": "2015-01-02T18:03:49-05:00",
        "issued": "2015-01-02T18:03:49-05:00",
        "valueQuantity": {
          "value": 14.082210679175672,
          "unit": "kg/m2",
          "system": "http://unitsofmeasure.org/",
          "code": "kg/m2"
        },
        "resourceType": "Observation"
      }
    },
    {
      "fullUrl": "urn:uuid:ab06a760-8180-40b7-8975-7dd051aa73bd",
      "resource": {
        "id": "ab06a760-8180-40b7-8975-7dd051aa73bd",
        "meta": {
          "profile": [
            "http://standardhealthrecord.org/fhir/StructureDefinition/shr-observation-Observation",
            "http://standardhealthrecord.org/fhir/StructureDefinition/shr-vital-BloodPressure"
          ]
        },
        "status": "final",
        "category": [
          {
            "coding": [
              {
                "system": "http://hl7.org/fhir/observation-category",
                "code": "vital-signs"
              }
            ]
          }
        ],
        "code": {
          "coding": [
            {
              "system": "http://loinc.org",
              "code": "55284-4",
              "display": "Blood Pressure"
            }
          ]
        },
        "subject": {
          "reference": "urn:uuid:8d0e5834-e49f-4b78-9298-ee019f191f67"
        },
        "context": {
          "reference": "urn:uuid:6fbe8561-4696-427c-8b1d-a79d1f0a8203"
        },
        "effectiveDateTime": "2015-01-02T18:03:49-05:00",
        "issued": "2015-01-02T18:03:49-05:00",
        "component": [
          {
            "code": {
              "coding": [
                {
                  "system": "http://loinc.org",
                  "code": "8480-6",
                  "display": "Systolic Blood Pressure"
                }
              ],
              "text": "Systolic Blood Pressure"
            },
            "valueQuantity": {
              "value": 106,
              "unit": "mmHg",
              "system": "http://unitsofmeasure.org/",
              "code": "mmHg"
            }
          },
          {
            "code": {
              "coding": [
                {
                  "system": "http://loinc.org",
                  "code": "8462-4",
                  "display": "Diastolic Blood Pressure"
                }
              ],
              "text": "Diastolic Blood Pressure"
            },
            "valueQuantity": {
              "value": 89,
              "unit": "mmHg",
              "system": "http://unitsofmeasure.org/",
              "code": "mmHg"
            }
          }
        ],
        "resourceType": "Observation"
      }
    },
    {
      "resource": {
        "meta": {
          "profile": [
            "http://standardhealthrecord.org/fhir/StructureDefinition/shr-procedure-Procedure"
          ]
        },
        "extension": [
          {
            "url": "http://standardhealthrecord.org/fhir/StructureDefinition/shr-core-CodeableConcept-extension",
            "valueCodeableConcept": {
              "coding": [
                {
                  "system": "http://snomed.info/sct",
                  "code": "428191000124101",
                  "display": "Documentation of current medications"
                }
              ],
              "text": "Documentation of current medications"
            }
          }
        ],
        "status": "completed",
        "code": {
          "coding": [
            {
              "system": "http://snomed.info/sct",
              "code": "428191000124101",
              "display": "Documentation of current medications"
            }
          ],
          "text": "Documentation of current medications"
        },
        "subject": {
          "reference": "urn:uuid:8d0e5834-e49f-4b78-9298-ee019f191f67"
        },
        "context": {
          "reference": "urn:uuid:6fbe8561-4696-427c-8b1d-a79d1f0a8203"
        },
        "performedDateTime": "2015-01-02T18:03:49-05:00",
        "resourceType": "Procedure"
      }
    },
    {
      "resource": {
        "meta": {
          "profile": [
            "http://standardhealthrecord.org/fhir/StructureDefinition/shr-immunization-Immunization"
          ]
        },
        "status": "completed",
        "notGiven": false,
        "vaccineCode": {
          "coding": [
            {
              "system": "http://hl7.org/fhir/sid/cvx",
              "code": "140",
              "display": "Influenza, seasonal, injectable, preservative free"
            }
          ],
          "text": "Influenza, seasonal, injectable, preservative free"
        },
        "patient": {
          "reference": "urn:uuid:8d0e5834-e49f-4b78-9298-ee019f191f67"
        },
        "encounter": {
          "reference": "urn:uuid:6fbe8561-4696-427c-8b1d-a79d1f0a8203"
        },
        "date": "2015-01-02T18:03:49-05:00",
        "primarySource": true,
        "resourceType": "Immunization"
      }
    },
    {
      "fullUrl": "urn:uuid:03f28329-96d7-4363-9a64-ae7a37a7c357",
      "resource": {
        "id": "03f28329-96d7-4363-9a64-ae7a37a7c357",
        "meta": {
          "profile": [
            "http://standardhealthrecord.org/fhir/StructureDefinition/shr-encounter-Encounter"
          ]
        },
        "status": "finished",
        "class": {
          "code": "emergency"
        },
        "type": [
          {
            "coding": [
              {
                "system": "http://snomed.info/sct",
                "code": "50849002"
              }
            ],
            "text": "Emergency room admission"
          }
        ],
        "subject": {
          "reference": "urn:uuid:8d0e5834-e49f-4b78-9298-ee019f191f67"
        },
        "period": {
          "start": "2015-10-14T03:50:04-04:00",
          "end": "2015-10-14T04:17:32-04:00"
        },
        "serviceProvider": {
          "reference": "urn:uuid:c0880ba4-7876-46e8-8c62-70a0d6f40dc2"
        },
        "resourceType": "Encounter"
      }
    },
    {
      "fullUrl": "urn:uuid:1d4ca3b7-6f49-4f9f-b27d-01eb69d7bbe1",
      "resource": {
        "id": "1d4ca3b7-6f49-4f9f-b27d-01eb69d7bbe1",
        "meta": {
          "profile": [
            "http://standardhealthrecord.org/fhir/StructureDefinition/shr-problem-Problem"
          ]
        },
        "clinicalStatus": "active",
        "verificationStatus": "confirmed",
        "code": {
          "coding": [
            {
              "system": "http://snomed.info/sct",
              "code": "284549007",
              "display": "Laceration of hand"
            }
          ],
          "text": "Laceration of hand"
        },
        "subject": {
          "reference": "urn:uuid:8d0e5834-e49f-4b78-9298-ee019f191f67"
        },
        "context": {
          "reference": "urn:uuid:03f28329-96d7-4363-9a64-ae7a37a7c357"
        },
        "onsetDateTime": "2015-10-14T03:50:04-04:00",
        "abatementDateTime": "2015-11-03T00:45:24-05:00",
        "assertedDate": "2015-10-14",
        "resourceType": "Condition"
      }
    },
    {
      "resource": {
        "meta": {
          "profile": [
            "http://standardhealthrecord.org/fhir/StructureDefinition/shr-procedure-Procedure"
          ]
        },
        "extension": [
          {
            "url": "http://standardhealthrecord.org/fhir/StructureDefinition/shr-core-CodeableConcept-extension",
            "valueCodeableConcept": {
              "coding": [
                {
                  "system": "http://snomed.info/sct",
                  "code": "288086009",
                  "display": "Suture open wound"
                }
              ],
              "text": "Suture open wound"
            }
          }
        ],
        "status": "completed",
        "code": {
          "coding": [
            {
              "system": "http://snomed.info/sct",
              "code": "288086009",
              "display": "Suture open wound"
            }
          ],
          "text": "Suture open wound"
        },
        "subject": {
          "reference": "urn:uuid:8d0e5834-e49f-4b78-9298-ee019f191f67"
        },
        "context": {
          "reference": "urn:uuid:03f28329-96d7-4363-9a64-ae7a37a7c357"
        },
        "performedPeriod": {
          "start": "2015-10-14T03:50:04-04:00",
          "end": "2015-10-14T04:17:54-04:00"
        },
        "reasonReference": {
          "reference": "urn:uuid:1d4ca3b7-6f49-4f9f-b27d-01eb69d7bbe1",
          "display": "Laceration of hand"
        },
        "resourceType": "Procedure"
      }
    },
    {
      "resource": {
        "meta": {
          "profile": [
            "http://standardhealthrecord.org/fhir/StructureDefinition/shr-procedure-Procedure"
          ]
        },
        "extension": [
          {
            "url": "http://standardhealthrecord.org/fhir/StructureDefinition/shr-core-CodeableConcept-extension",
            "valueCodeableConcept": {
              "coding": [
                {
                  "system": "http://snomed.info/sct",
                  "code": "384700001",
                  "display": "Injection of tetanus antitoxin"
                }
              ],
              "text": "Injection of tetanus antitoxin"
            }
          }
        ],
        "status": "completed",
        "code": {
          "coding": [
            {
              "system": "http://snomed.info/sct",
              "code": "384700001",
              "display": "Injection of tetanus antitoxin"
            }
          ],
          "text": "Injection of tetanus antitoxin"
        },
        "subject": {
          "reference": "urn:uuid:8d0e5834-e49f-4b78-9298-ee019f191f67"
        },
        "context": {
          "reference": "urn:uuid:03f28329-96d7-4363-9a64-ae7a37a7c357"
        },
        "performedPeriod": {
          "start": "2015-10-14T04:01:55-04:00",
          "end": "2015-10-14T04:18:53-04:00"
        },
        "reasonReference": {
          "reference": "urn:uuid:1d4ca3b7-6f49-4f9f-b27d-01eb69d7bbe1",
          "display": "Laceration of hand"
        },
        "resourceType": "Procedure"
      }
    },
    {
      "resource": {
        "status": "completed",
        "category": [
          {
            "coding": [
              {
                "system": "http://snomed.info/sct",
                "code": "225358003",
                "display": "Wound care"
              }
            ]
          }
        ],
        "subject": {
          "reference": "urn:uuid:8d0e5834-e49f-4b78-9298-ee019f191f67"
        },
        "context": {
          "reference": "urn:uuid:03f28329-96d7-4363-9a64-ae7a37a7c357"
        },
        "period": {
          "start": "2015-10-14",
          "end": "2015-11-03"
        },
        "addresses": [
          {
            "reference": "urn:uuid:1d4ca3b7-6f49-4f9f-b27d-01eb69d7bbe1"
          }
        ],
        "activity": [
          {
            "detail": {
              "code": {
                "coding": [
                  {
                    "system": "http://snomed.info/sct",
                    "code": "385949008",
                    "display": "Dressing change management"
                  }
                ]
              },
              "status": "completed"
            }
          },
          {
            "detail": {
              "code": {
                "coding": [
                  {
                    "system": "http://snomed.info/sct",
                    "code": "439830001",
                    "display": "Behavior to prevent infection"
                  }
                ]
              },
              "status": "completed"
            }
          }
        ],
        "resourceType": "CarePlan"
      }
    },
    {
      "resource": {
        "meta": {
          "profile": [
            "http://standardhealthrecord.org/fhir/StructureDefinition/shr-medication-Medication"
          ]
        },
        "code": {
          "coding": [
            {
              "system": "http://www.nlm.nih.gov/research/umls/rxnorm",
              "code": "198405",
              "display": "Ibuprofen 100 MG Oral Tablet"
            }
          ],
          "text": "Ibuprofen 100 MG Oral Tablet"
        },
        "resourceType": "Medication"
      }
    },
    {
      "resource": {
        "meta": {
          "profile": [
            "http://standardhealthrecord.org/fhir/StructureDefinition/shr-medication-MedicationPrescription"
          ]
        },
        "extension": [
          {
            "url": "http://standardhealthrecord.org/fhir/StructureDefinition/shr-base-ActionCode-extension",
            "valueCodeableConcept": {
              "coding": [
                {
                  "system": "http://snomed.info/sct",
                  "code": "33633005",
                  "display": "Prescription of drug (procedure)"
                }
              ],
              "text": "Prescription of drug (procedure)"
            }
          }
        ],
        "status": "stopped",
        "medicationReference": {
          "reference": ""
        },
        "subject": {
          "reference": "urn:uuid:8d0e5834-e49f-4b78-9298-ee019f191f67"
        },
        "context": {
          "reference": "urn:uuid:03f28329-96d7-4363-9a64-ae7a37a7c357"
        },
        "authoredOn": "2015-10-14",
        "dosageInstruction": [
          {
            "sequence": 1,
            "asNeededBoolean": true
          }
        ],
        "resourceType": "MedicationRequest"
      }
    },
    {
      "fullUrl": "urn:uuid:f37494c8-334c-4974-b5ab-b4ad4cdcbe85",
      "resource": {
        "id": "f37494c8-334c-4974-b5ab-b4ad4cdcbe85",
        "meta": {
          "profile": [
            "http://standardhealthrecord.org/fhir/StructureDefinition/shr-encounter-Encounter"
          ]
        },
        "status": "finished",
        "class": {
          "code": "outpatient"
        },
        "type": [
          {
            "coding": [
              {
                "system": "http://snomed.info/sct",
                "code": "170258001"
              }
            ],
            "text": "Outpatient Encounter"
          }
        ],
        "subject": {
          "reference": "urn:uuid:8d0e5834-e49f-4b78-9298-ee019f191f67"
        },
        "period": {
          "start": "2016-01-24T10:09:08-05:00",
          "end": "2016-01-24T11:09:08-05:00"
        },
        "serviceProvider": {
          "reference": "urn:uuid:c0880ba4-7876-46e8-8c62-70a0d6f40dc2"
        },
        "resourceType": "Encounter"
      }
    },
    {
      "fullUrl": "urn:uuid:6aa6186a-e0ee-460a-ac62-2d2733b8f629",
      "resource": {
        "id": "6aa6186a-e0ee-460a-ac62-2d2733b8f629",
        "meta": {
          "profile": [
            "http://standardhealthrecord.org/fhir/StructureDefinition/shr-observation-Observation",
            "http://standardhealthrecord.org/fhir/StructureDefinition/shr-vital-VitalSign",
            "http://standardhealthrecord.org/fhir/StructureDefinition/shr-vital-BodyHeight"
          ]
        },
        "status": "final",
        "category": [
          {
            "coding": [
              {
                "system": "http://hl7.org/fhir/observation-category",
                "code": "vital-signs"
              }
            ]
          }
        ],
        "code": {
          "coding": [
            {
              "system": "http://loinc.org",
              "code": "8302-2",
              "display": "Body Height"
            }
          ],
          "text": "Body Height"
        },
        "subject": {
          "reference": "urn:uuid:8d0e5834-e49f-4b78-9298-ee019f191f67"
        },
        "context": {
          "reference": "urn:uuid:f37494c8-334c-4974-b5ab-b4ad4cdcbe85"
        },
        "effectiveDateTime": "2016-01-24T10:09:08-05:00",
        "issued": "2016-01-24T10:09:08-05:00",
        "valueQuantity": {
          "value": 143.86064273031732,
          "unit": "cm",
          "system": "http://unitsofmeasure.org/",
          "code": "cm"
        },
        "resourceType": "Observation"
      }
    },
    {
      "fullUrl": "urn:uuid:3ecaf7ca-cbc5-4269-8232-6fb60bbf4c98",
      "resource": {
        "id": "3ecaf7ca-cbc5-4269-8232-6fb60bbf4c98",
        "meta": {
          "profile": [
            "http://standardhealthrecord.org/fhir/StructureDefinition/shr-observation-Observation",
            "http://standardhealthrecord.org/fhir/StructureDefinition/shr-vital-VitalSign",
            "http://standardhealthrecord.org/fhir/StructureDefinition/shr-vital-BodyWeight"
          ]
        },
        "status": "final",
        "category": [
          {
            "coding": [
              {
                "system": "http://hl7.org/fhir/observation-category",
                "code": "vital-signs"
              }
            ]
          }
        ],
        "code": {
          "coding": [
            {
              "system": "http://loinc.org",
              "code": "29463-7",
              "display": "Body Weight"
            }
          ],
          "text": "Body Weight"
        },
        "subject": {
          "reference": "urn:uuid:8d0e5834-e49f-4b78-9298-ee019f191f67"
        },
        "context": {
          "reference": "urn:uuid:f37494c8-334c-4974-b5ab-b4ad4cdcbe85"
        },
        "effectiveDateTime": "2016-01-24T10:09:08-05:00",
        "issued": "2016-01-24T10:09:08-05:00",
        "valueQuantity": {
          "value": 30.285174610043107,
          "unit": "kg",
          "system": "http://unitsofmeasure.org/",
          "code": "kg"
        },
        "resourceType": "Observation"
      }
    },
    {
      "fullUrl": "urn:uuid:f7e5aa7f-b54a-45bb-81cb-4940c620e09b",
      "resource": {
        "id": "f7e5aa7f-b54a-45bb-81cb-4940c620e09b",
        "meta": {
          "profile": [
            "http://standardhealthrecord.org/fhir/StructureDefinition/shr-observation-Observation",
            "http://standardhealthrecord.org/fhir/StructureDefinition/shr-vital-VitalSign",
            "http://standardhealthrecord.org/fhir/StructureDefinition/shr-vital-BodyMassIndex"
          ]
        },
        "status": "final",
        "category": [
          {
            "coding": [
              {
                "system": "http://hl7.org/fhir/observation-category",
                "code": "vital-signs"
              }
            ]
          }
        ],
        "code": {
          "coding": [
            {
              "system": "http://loinc.org",
              "code": "39156-5",
              "display": "Body Mass Index"
            }
          ],
          "text": "Body Mass Index"
        },
        "subject": {
          "reference": "urn:uuid:8d0e5834-e49f-4b78-9298-ee019f191f67"
        },
        "context": {
          "reference": "urn:uuid:f37494c8-334c-4974-b5ab-b4ad4cdcbe85"
        },
        "effectiveDateTime": "2016-01-24T10:09:08-05:00",
        "issued": "2016-01-24T10:09:08-05:00",
        "valueQuantity": {
          "value": 14.633428482293077,
          "unit": "kg/m2",
          "system": "http://unitsofmeasure.org/",
          "code": "kg/m2"
        },
        "resourceType": "Observation"
      }
    },
    {
      "fullUrl": "urn:uuid:fd7e673d-efce-4fdd-ada7-3df6b7744c42",
      "resource": {
        "id": "fd7e673d-efce-4fdd-ada7-3df6b7744c42",
        "meta": {
          "profile": [
            "http://standardhealthrecord.org/fhir/StructureDefinition/shr-observation-Observation",
            "http://standardhealthrecord.org/fhir/StructureDefinition/shr-vital-BloodPressure"
          ]
        },
        "status": "final",
        "category": [
          {
            "coding": [
              {
                "system": "http://hl7.org/fhir/observation-category",
                "code": "vital-signs"
              }
            ]
          }
        ],
        "code": {
          "coding": [
            {
              "system": "http://loinc.org",
              "code": "55284-4",
              "display": "Blood Pressure"
            }
          ]
        },
        "subject": {
          "reference": "urn:uuid:8d0e5834-e49f-4b78-9298-ee019f191f67"
        },
        "context": {
          "reference": "urn:uuid:f37494c8-334c-4974-b5ab-b4ad4cdcbe85"
        },
        "effectiveDateTime": "2016-01-24T10:09:08-05:00",
        "issued": "2016-01-24T10:09:08-05:00",
        "component": [
          {
            "code": {
              "coding": [
                {
                  "system": "http://loinc.org",
                  "code": "8480-6",
                  "display": "Systolic Blood Pressure"
                }
              ],
              "text": "Systolic Blood Pressure"
            },
            "valueQuantity": {
              "value": 121,
              "unit": "mmHg",
              "system": "http://unitsofmeasure.org/",
              "code": "mmHg"
            }
          },
          {
            "code": {
              "coding": [
                {
                  "system": "http://loinc.org",
                  "code": "8462-4",
                  "display": "Diastolic Blood Pressure"
                }
              ],
              "text": "Diastolic Blood Pressure"
            },
            "valueQuantity": {
              "value": 79,
              "unit": "mmHg",
              "system": "http://unitsofmeasure.org/",
              "code": "mmHg"
            }
          }
        ],
        "resourceType": "Observation"
      }
    },
    {
      "resource": {
        "meta": {
          "profile": [
            "http://standardhealthrecord.org/fhir/StructureDefinition/shr-immunization-Immunization"
          ]
        },
        "status": "completed",
        "notGiven": false,
        "vaccineCode": {
          "coding": [
            {
              "system": "http://hl7.org/fhir/sid/cvx",
              "code": "140",
              "display": "Influenza, seasonal, injectable, preservative free"
            }
          ],
          "text": "Influenza, seasonal, injectable, preservative free"
        },
        "patient": {
          "reference": "urn:uuid:8d0e5834-e49f-4b78-9298-ee019f191f67"
        },
        "encounter": {
          "reference": "urn:uuid:f37494c8-334c-4974-b5ab-b4ad4cdcbe85"
        },
        "date": "2016-01-24T10:09:08-05:00",
        "primarySource": true,
        "resourceType": "Immunization"
      }
    },
    {
      "fullUrl": "urn:uuid:9363ba4b-b716-49f1-a596-0b6d2ac74cab",
      "resource": {
        "id": "9363ba4b-b716-49f1-a596-0b6d2ac74cab",
        "meta": {
          "profile": [
            "http://standardhealthrecord.org/fhir/StructureDefinition/shr-encounter-Encounter"
          ]
        },
        "status": "finished",
        "class": {
          "code": "outpatient"
        },
        "type": [
          {
            "coding": [
              {
                "system": "http://snomed.info/sct",
                "code": "170258001"
              }
            ],
            "text": "Outpatient Encounter"
          }
        ],
        "subject": {
          "reference": "urn:uuid:8d0e5834-e49f-4b78-9298-ee019f191f67"
        },
        "period": {
          "start": "2017-02-17T20:02:12-05:00",
          "end": "2017-02-17T21:02:12-05:00"
        },
        "serviceProvider": {
          "reference": "urn:uuid:c0880ba4-7876-46e8-8c62-70a0d6f40dc2"
        },
        "resourceType": "Encounter"
      }
    },
    {
      "fullUrl": "urn:uuid:4cb05e91-3fbc-486b-b9f0-10d08126b998",
      "resource": {
        "id": "4cb05e91-3fbc-486b-b9f0-10d08126b998",
        "meta": {
          "profile": [
            "http://standardhealthrecord.org/fhir/StructureDefinition/shr-observation-Observation",
            "http://standardhealthrecord.org/fhir/StructureDefinition/shr-vital-VitalSign",
            "http://standardhealthrecord.org/fhir/StructureDefinition/shr-vital-BodyHeight"
          ]
        },
        "status": "final",
        "category": [
          {
            "coding": [
              {
                "system": "http://hl7.org/fhir/observation-category",
                "code": "vital-signs"
              }
            ]
          }
        ],
        "code": {
          "coding": [
            {
              "system": "http://loinc.org",
              "code": "8302-2",
              "display": "Body Height"
            }
          ],
          "text": "Body Height"
        },
        "subject": {
          "reference": "urn:uuid:8d0e5834-e49f-4b78-9298-ee019f191f67"
        },
        "context": {
          "reference": "urn:uuid:9363ba4b-b716-49f1-a596-0b6d2ac74cab"
        },
        "effectiveDateTime": "2017-02-17T20:02:12-05:00",
        "issued": "2017-02-17T20:02:12-05:00",
        "valueQuantity": {
          "value": 150.9877740259738,
          "unit": "cm",
          "system": "http://unitsofmeasure.org/",
          "code": "cm"
        },
        "resourceType": "Observation"
      }
    },
    {
      "fullUrl": "urn:uuid:d996ae5a-a4a2-4c25-9b2b-dc4c634c0812",
      "resource": {
        "id": "d996ae5a-a4a2-4c25-9b2b-dc4c634c0812",
        "meta": {
          "profile": [
            "http://standardhealthrecord.org/fhir/StructureDefinition/shr-observation-Observation",
            "http://standardhealthrecord.org/fhir/StructureDefinition/shr-vital-VitalSign",
            "http://standardhealthrecord.org/fhir/StructureDefinition/shr-vital-BodyWeight"
          ]
        },
        "status": "final",
        "category": [
          {
            "coding": [
              {
                "system": "http://hl7.org/fhir/observation-category",
                "code": "vital-signs"
              }
            ]
          }
        ],
        "code": {
          "coding": [
            {
              "system": "http://loinc.org",
              "code": "29463-7",
              "display": "Body Weight"
            }
          ],
          "text": "Body Weight"
        },
        "subject": {
          "reference": "urn:uuid:8d0e5834-e49f-4b78-9298-ee019f191f67"
        },
        "context": {
          "reference": "urn:uuid:9363ba4b-b716-49f1-a596-0b6d2ac74cab"
        },
        "effectiveDateTime": "2017-02-17T20:02:12-05:00",
        "issued": "2017-02-17T20:02:12-05:00",
        "valueQuantity": {
          "value": 33.94424768866644,
          "unit": "kg",
          "system": "http://unitsofmeasure.org/",
          "code": "kg"
        },
        "resourceType": "Observation"
      }
    },
    {
      "fullUrl": "urn:uuid:b5293233-a727-40b0-8ba8-f5c650dc58cc",
      "resource": {
        "id": "b5293233-a727-40b0-8ba8-f5c650dc58cc",
        "meta": {
          "profile": [
            "http://standardhealthrecord.org/fhir/StructureDefinition/shr-observation-Observation",
            "http://standardhealthrecord.org/fhir/StructureDefinition/shr-vital-VitalSign",
            "http://standardhealthrecord.org/fhir/StructureDefinition/shr-vital-BodyMassIndex"
          ]
        },
        "status": "final",
        "category": [
          {
            "coding": [
              {
                "system": "http://hl7.org/fhir/observation-category",
                "code": "vital-signs"
              }
            ]
          }
        ],
        "code": {
          "coding": [
            {
              "system": "http://loinc.org",
              "code": "39156-5",
              "display": "Body Mass Index"
            }
          ],
          "text": "Body Mass Index"
        },
        "subject": {
          "reference": "urn:uuid:8d0e5834-e49f-4b78-9298-ee019f191f67"
        },
        "context": {
          "reference": "urn:uuid:9363ba4b-b716-49f1-a596-0b6d2ac74cab"
        },
        "effectiveDateTime": "2017-02-17T20:02:12-05:00",
        "issued": "2017-02-17T20:02:12-05:00",
        "valueQuantity": {
          "value": 14.889586011490138,
          "unit": "kg/m2",
          "system": "http://unitsofmeasure.org/",
          "code": "kg/m2"
        },
        "resourceType": "Observation"
      }
    },
    {
      "fullUrl": "urn:uuid:de83e476-e2f9-45d6-b68d-6ffb9ec733f7",
      "resource": {
        "id": "de83e476-e2f9-45d6-b68d-6ffb9ec733f7",
        "meta": {
          "profile": [
            "http://standardhealthrecord.org/fhir/StructureDefinition/shr-observation-Observation",
            "http://standardhealthrecord.org/fhir/StructureDefinition/shr-vital-BloodPressure"
          ]
        },
        "status": "final",
        "category": [
          {
            "coding": [
              {
                "system": "http://hl7.org/fhir/observation-category",
                "code": "vital-signs"
              }
            ]
          }
        ],
        "code": {
          "coding": [
            {
              "system": "http://loinc.org",
              "code": "55284-4",
              "display": "Blood Pressure"
            }
          ]
        },
        "subject": {
          "reference": "urn:uuid:8d0e5834-e49f-4b78-9298-ee019f191f67"
        },
        "context": {
          "reference": "urn:uuid:9363ba4b-b716-49f1-a596-0b6d2ac74cab"
        },
        "effectiveDateTime": "2017-02-17T20:02:12-05:00",
        "issued": "2017-02-17T20:02:12-05:00",
        "component": [
          {
            "code": {
              "coding": [
                {
                  "system": "http://loinc.org",
                  "code": "8480-6",
                  "display": "Systolic Blood Pressure"
                }
              ],
              "text": "Systolic Blood Pressure"
            },
            "valueQuantity": {
              "value": 133,
              "unit": "mmHg",
              "system": "http://unitsofmeasure.org/",
              "code": "mmHg"
            }
          },
          {
            "code": {
              "coding": [
                {
                  "system": "http://loinc.org",
                  "code": "8462-4",
                  "display": "Diastolic Blood Pressure"
                }
              ],
              "text": "Diastolic Blood Pressure"
            },
            "valueQuantity": {
              "value": 88,
              "unit": "mmHg",
              "system": "http://unitsofmeasure.org/",
              "code": "mmHg"
            }
          }
        ],
        "resourceType": "Observation"
      }
    },
    {
      "resource": {
        "meta": {
          "profile": [
            "http://standardhealthrecord.org/fhir/StructureDefinition/shr-immunization-Immunization"
          ]
        },
        "status": "completed",
        "notGiven": false,
        "vaccineCode": {
          "coding": [
            {
              "system": "http://hl7.org/fhir/sid/cvx",
              "code": "140",
              "display": "Influenza, seasonal, injectable, preservative free"
            }
          ],
          "text": "Influenza, seasonal, injectable, preservative free"
        },
        "patient": {
          "reference": "urn:uuid:8d0e5834-e49f-4b78-9298-ee019f191f67"
        },
        "encounter": {
          "reference": "urn:uuid:9363ba4b-b716-49f1-a596-0b6d2ac74cab"
        },
        "date": "2017-02-17T20:02:12-05:00",
        "primarySource": true,
        "resourceType": "Immunization"
      }
    },
    {
      "resource": {
        "meta": {
          "profile": [
            "http://standardhealthrecord.org/fhir/StructureDefinition/shr-immunization-Immunization"
          ]
        },
        "status": "completed",
        "notGiven": false,
        "vaccineCode": {
          "coding": [
            {
              "system": "http://hl7.org/fhir/sid/cvx",
              "code": "114",
              "display": "meningococcal MCV4P"
            }
          ],
          "text": "meningococcal MCV4P"
        },
        "patient": {
          "reference": "urn:uuid:8d0e5834-e49f-4b78-9298-ee019f191f67"
        },
        "encounter": {
          "reference": "urn:uuid:9363ba4b-b716-49f1-a596-0b6d2ac74cab"
        },
        "date": "2017-02-17T20:02:12-05:00",
        "primarySource": true,
        "resourceType": "Immunization"
      }
    },
    {
      "resource": {
        "meta": {
          "profile": [
            "http://standardhealthrecord.org/fhir/StructureDefinition/shr-immunization-Immunization"
          ]
        },
        "status": "completed",
        "notGiven": false,
        "vaccineCode": {
          "coding": [
            {
              "system": "http://hl7.org/fhir/sid/cvx",
              "code": "115",
              "display": "Tdap"
            }
          ],
          "text": "Tdap"
        },
        "patient": {
          "reference": "urn:uuid:8d0e5834-e49f-4b78-9298-ee019f191f67"
        },
        "encounter": {
          "reference": "urn:uuid:9363ba4b-b716-49f1-a596-0b6d2ac74cab"
        },
        "date": "2017-02-17T20:02:12-05:00",
        "primarySource": true,
        "resourceType": "Immunization"
      }
    },
    {
      "resource": {
        "meta": {
          "profile": [
            "http://standardhealthrecord.org/fhir/StructureDefinition/shr-immunization-Immunization"
          ]
        },
        "status": "completed",
        "notGiven": false,
        "vaccineCode": {
          "coding": [
            {
              "system": "http://hl7.org/fhir/sid/cvx",
              "code": "62",
              "display": "HPV, quadrivalent"
            }
          ],
          "text": "HPV, quadrivalent"
        },
        "patient": {
          "reference": "urn:uuid:8d0e5834-e49f-4b78-9298-ee019f191f67"
        },
        "encounter": {
          "reference": "urn:uuid:9363ba4b-b716-49f1-a596-0b6d2ac74cab"
        },
        "date": "2017-02-17T20:02:12-05:00",
        "primarySource": true,
        "resourceType": "Immunization"
      }
    }
  ],
  "resourceType": "Bundle"
}