{
  "type": "collection",
  "entry": [
    {
      "fullUrl": "urn:uuid:f9517c0a-3d90-4ffe-8465-27e63fbe63ce",
      "resource": {
        "id": "f9517c0a-3d90-4ffe-8465-27e63fbe63ce",
        "meta": {
          "profile": [
            "http://standardhealthrecord.org/fhir/StructureDefinition/shr-demographics-PersonOfRecord"
          ]
        },
        "text": {
          "status": "generated",
          "div": "<div>Generated by <a href=\"https://github.com/synthetichealth/synthea\">Synthea</a>. Version identifier: 4d02400401b9fab839e47bf5b2f1f6a8c683ab55</div>"
        },
        "extension": [
          {
            "url": "http://hl7.org/fhir/us/core/StructureDefinition/us-core-race",
            "valueCodeableConcept": {
              "coding": [
                {
                  "system": "http://hl7.org/fhir/v3/Race",
                  "code": "2106-3",
                  "display": "White"
                }
              ],
              "text": "race"
            }
          },
          {
            "url": "http://hl7.org/fhir/us/core/StructureDefinition/us-core-ethnicity",
            "valueCodeableConcept": {
              "coding": [
                {
                  "system": "http://hl7.org/fhir/v3/Ethnicity",
                  "code": "2186-5",
                  "display": "Nonhispanic"
                }
              ],
              "text": "ethnicity"
            }
          },
          {
            "url": "http://hl7.org/fhir/StructureDefinition/birthPlace",
            "valueAddress": {
              "city": "Great Barrington",
              "state": "MA",
              "country": "US"
            }
          },
          {
            "url": "http://hl7.org/fhir/StructureDefinition/patient-mothersMaidenName",
            "valueString": "Camryn620 Lesch873"
          },
          {
            "url": "http://hl7.org/fhir/us/core/StructureDefinition/us-core-birthsex",
            "valueCode": "M"
          },
          {
            "url": "http://hl7.org/fhir/StructureDefinition/patient-interpreterRequired",
            "valueBoolean": false
          },
          {
            "url": "http://standardhealthrecord.org/fhir/StructureDefinition/shr-actor-FictionalPerson-extension",
            "valueBoolean": true
          },
          {
            "url": "http://standardhealthrecord.org/fhir/StructureDefinition/shr-demographics-FathersName-extension",
            "valueHumanName": {
              "text": "Kara688 Abbott992"
            }
          },
          {
            "url": "http://standardhealthrecord.org/fhir/StructureDefinition/shr-demographics-SocialSecurityNumber-extension",
            "valueString": "999-85-8017"
          }
        ],
        "identifier": [
          {
            "system": "https://github.com/synthetichealth/synthea",
            "value": "b0ae48c2-e138-4a7a-aed4-283ab24b6342"
          },
          {
            "type": {
              "coding": [
                {
                  "system": "http://hl7.org/fhir/identifier-type",
                  "code": "SB"
                }
              ]
            },
            "system": "http://hl7.org/fhir/sid/us-ssn",
            "value": "999858017"
          },
          {
            "type": {
              "coding": [
                {
                  "system": "http://hl7.org/fhir/v2/0203",
                  "code": "DL"
                }
              ]
            },
            "system": "urn:oid:2.16.840.1.113883.4.3.25",
            "value": "S99966268"
          },
          {
            "type": {
              "coding": [
                {
                  "system": "http://hl7.org/fhir/v2/0203",
                  "code": "PPN"
                }
              ]
            },
            "system": "http://standardhealthrecord.org/fhir/StructureDefinition/passportNumber",
            "value": "X51541248X"
          }
        ],
        "name": [
          {
            "use": "official",
            "family": "Abbott992",
            "given": [
              "Austyn783"
            ],
            "prefix": [
              "Mr."
            ]
          }
        ],
        "telecom": [
          {
            "system": "phone",
            "value": "1-253-923-0064",
            "use": "home"
          }
        ],
        "gender": "male",
        "birthDate": "1991-01-09",
        "address": [
          {
            "extension": [
              {
                "extension": [
                  {
                    "url": "latitude",
                    "valueDecimal": 42.03728385570279
                  },
                  {
                    "url": "longitude",
                    "valueDecimal": -70.68562141497517
                  }
                ],
                "url": "http://hl7.org/fhir/StructureDefinition/geolocation"
              }
            ],
            "line": [
              "71461 Hildegard Mills"
            ],
            "city": "Duxbury",
            "state": "MA",
            "postalCode": "02332",
            "country": "US"
          }
        ],
        "maritalStatus": {
          "coding": [
            {
              "system": "http://hl7.org/fhir/v3/MaritalStatus",
              "code": "S"
            }
          ],
          "text": "Never Married"
        },
        "multipleBirthBoolean": false,
        "communication": [
          {
            "language": {
              "coding": [
                {
                  "system": "http://hl7.org/fhir/ValueSet/languages",
                  "code": "en-US",
                  "display": "English (United States)"
                }
              ]
            }
          }
        ],
        "resourceType": "Patient"
      }
    },
    {
      "fullUrl": "urn:uuid:aeec9468-fdc4-43a5-93de-6fc7905031dc",
      "resource": {
        "id": "aeec9468-fdc4-43a5-93de-6fc7905031dc",
        "meta": {
          "profile": [
            "http://standardhealthrecord.org/fhir/StructureDefinition/shr-actor-Organization"
          ]
        },
        "type": [
          {
            "coding": [
              {
                "system": "http://hl7.org/fhir/ValueSet/organization-type",
                "code": "prov",
                "display": "Healthcare Provider"
              }
            ],
            "text": "Healthcare Provider"
          }
        ],
        "name": "Synthetic Provider",
        "resourceType": "Organization"
      }
    },
    {
      "fullUrl": "urn:uuid:ad7346b6-3d3e-4bb6-b932-2f20a8fea3ab",
      "resource": {
        "id": "ad7346b6-3d3e-4bb6-b932-2f20a8fea3ab",
        "meta": {
          "profile": [
            "http://standardhealthrecord.org/fhir/StructureDefinition/shr-encounter-Encounter"
          ]
        },
        "status": "finished",
        "class": {
          "code": "ambulatory"
        },
        "type": [
          {
            "coding": [
              {
                "system": "http://snomed.info/sct",
                "code": "185349003"
              }
            ],
            "text": "Encounter for 'check-up'"
          }
        ],
        "subject": {
          "reference": "urn:uuid:f9517c0a-3d90-4ffe-8465-27e63fbe63ce"
        },
        "period": {
          "start": "2010-05-30T02:41:32-04:00",
          "end": "2010-05-30T02:41:32-04:00"
        },
        "reason": {
          "coding": [
            {
              "system": "http://snomed.info/sct",
              "code": "307731004",
              "display": "Injury of tendon of the rotator cuff of shoulder"
            }
          ]
        },
        "serviceProvider": {
          "reference": "urn:uuid:aeec9468-fdc4-43a5-93de-6fc7905031dc"
        },
        "resourceType": "Encounter"
      }
    },
    {
      "fullUrl": "urn:uuid:181a19e0-687a-44c2-8ba5-f7613c091cea",
      "resource": {
        "id": "181a19e0-687a-44c2-8ba5-f7613c091cea",
        "meta": {
          "profile": [
            "http://standardhealthrecord.org/fhir/StructureDefinition/shr-problem-Problem"
          ]
        },
        "clinicalStatus": "active",
        "verificationStatus": "confirmed",
        "code": {
          "coding": [
            {
              "system": "http://snomed.info/sct",
              "code": "307731004",
              "display": "Injury of tendon of the rotator cuff of shoulder"
            }
          ],
          "text": "Injury of tendon of the rotator cuff of shoulder"
        },
        "subject": {
          "reference": "urn:uuid:f9517c0a-3d90-4ffe-8465-27e63fbe63ce"
        },
        "context": {
          "reference": "urn:uuid:ad7346b6-3d3e-4bb6-b932-2f20a8fea3ab"
        },
        "onsetDateTime": "2010-03-16T10:04:07-04:00",
        "abatementDateTime": "2010-05-30T02:41:32-04:00",
        "assertedDate": "2010-03-16",
        "resourceType": "Condition"
      }
    },
    {
      "resource": {
        "status": "completed",
        "category": [
          {
            "coding": [
              {
                "system": "http://snomed.info/sct",
                "code": "91251008",
                "display": "Physical therapy procedure"
              }
            ]
          }
        ],
        "subject": {
          "reference": "urn:uuid:f9517c0a-3d90-4ffe-8465-27e63fbe63ce"
        },
        "context": {
          "reference": "urn:uuid:ad7346b6-3d3e-4bb6-b932-2f20a8fea3ab"
        },
        "period": {
          "start": "2010-03-16",
          "end": "2010-05-30"
        },
        "addresses": [
          {
            "reference": "urn:uuid:181a19e0-687a-44c2-8ba5-f7613c091cea"
          }
        ],
        "activity": [
          {
            "detail": {
              "code": {
                "coding": [
                  {
                    "system": "http://snomed.info/sct",
                    "code": "229586001",
                    "display": "Rest, ice, compression and elevation treatment programme"
                  }
                ]
              },
              "status": "completed"
            }
          },
          {
            "detail": {
              "code": {
                "coding": [
                  {
                    "system": "http://snomed.info/sct",
                    "code": "229070002",
                    "display": "Stretching exercises"
                  }
                ]
              },
              "status": "completed"
            }
          }
        ],
        "resourceType": "CarePlan"
      }
    },
    {
      "fullUrl": "urn:uuid:ddc11132-20cd-467f-ac23-90628f580b5a",
      "resource": {
        "id": "ddc11132-20cd-467f-ac23-90628f580b5a",
        "meta": {
          "profile": [
            "http://standardhealthrecord.org/fhir/StructureDefinition/shr-encounter-Encounter"
          ]
        },
        "status": "finished",
        "class": {
          "code": "outpatient"
        },
        "type": [
          {
            "coding": [
              {
                "system": "http://snomed.info/sct",
                "code": "185349003"
              }
            ],
            "text": "Outpatient Encounter"
          }
        ],
        "subject": {
          "reference": "urn:uuid:f9517c0a-3d90-4ffe-8465-27e63fbe63ce"
        },
        "period": {
          "start": "2010-08-29T15:09:08-04:00",
          "end": "2010-08-29T16:09:08-04:00"
        },
        "serviceProvider": {
          "reference": "urn:uuid:aeec9468-fdc4-43a5-93de-6fc7905031dc"
        },
        "resourceType": "Encounter"
      }
    },
    {
      "fullUrl": "urn:uuid:12a4293a-bedd-444d-9664-3ca889a792e2",
      "resource": {
        "id": "12a4293a-bedd-444d-9664-3ca889a792e2",
        "meta": {
          "profile": [
            "http://standardhealthrecord.org/fhir/StructureDefinition/shr-observation-Observation",
            "http://standardhealthrecord.org/fhir/StructureDefinition/shr-vital-VitalSign",
            "http://standardhealthrecord.org/fhir/StructureDefinition/shr-vital-BodyHeight"
          ]
        },
        "status": "final",
        "category": [
          {
            "coding": [
              {
                "system": "http://hl7.org/fhir/observation-category",
                "code": "vital-signs"
              }
            ]
          }
        ],
        "code": {
          "coding": [
            {
              "system": "http://loinc.org",
              "code": "8302-2",
              "display": "Body Height"
            }
          ],
          "text": "Body Height"
        },
        "subject": {
          "reference": "urn:uuid:f9517c0a-3d90-4ffe-8465-27e63fbe63ce"
        },
        "context": {
          "reference": "urn:uuid:ddc11132-20cd-467f-ac23-90628f580b5a"
        },
        "effectiveDateTime": "2010-08-29T15:09:08-04:00",
        "issued": "2010-08-29T15:09:08-04:00",
        "valueQuantity": {
          "value": 175.51190364327607,
          "unit": "cm",
          "system": "http://unitsofmeasure.org/",
          "code": "cm"
        },
        "resourceType": "Observation"
      }
    },
    {
      "fullUrl": "urn:uuid:bbd74f45-a9ba-4496-bff7-d74af5f04738",
      "resource": {
        "id": "bbd74f45-a9ba-4496-bff7-d74af5f04738",
        "meta": {
          "profile": [
            "http://standardhealthrecord.org/fhir/StructureDefinition/shr-observation-Observation",
            "http://standardhealthrecord.org/fhir/StructureDefinition/shr-vital-VitalSign",
            "http://standardhealthrecord.org/fhir/StructureDefinition/shr-vital-BodyWeight"
          ]
        },
        "status": "final",
        "category": [
          {
            "coding": [
              {
                "system": "http://hl7.org/fhir/observation-category",
                "code": "vital-signs"
              }
            ]
          }
        ],
        "code": {
          "coding": [
            {
              "system": "http://loinc.org",
              "code": "29463-7",
              "display": "Body Weight"
            }
          ],
          "text": "Body Weight"
        },
        "subject": {
          "reference": "urn:uuid:f9517c0a-3d90-4ffe-8465-27e63fbe63ce"
        },
        "context": {
          "reference": "urn:uuid:ddc11132-20cd-467f-ac23-90628f580b5a"
        },
        "effectiveDateTime": "2010-08-29T15:09:08-04:00",
        "issued": "2010-08-29T15:09:08-04:00",
        "valueQuantity": {
          "value": 65.58723202166614,
          "unit": "kg",
          "system": "http://unitsofmeasure.org/",
          "code": "kg"
        },
        "resourceType": "Observation"
      }
    },
    {
      "fullUrl": "urn:uuid:919aece9-c0cd-4f7c-97c8-d3367b517945",
      "resource": {
        "id": "919aece9-c0cd-4f7c-97c8-d3367b517945",
        "meta": {
          "profile": [
            "http://standardhealthrecord.org/fhir/StructureDefinition/shr-observation-Observation",
            "http://standardhealthrecord.org/fhir/StructureDefinition/shr-vital-VitalSign",
            "http://standardhealthrecord.org/fhir/StructureDefinition/shr-vital-BodyMassIndex"
          ]
        },
        "status": "final",
        "category": [
          {
            "coding": [
              {
                "system": "http://hl7.org/fhir/observation-category",
                "code": "vital-signs"
              }
            ]
          }
        ],
        "code": {
          "coding": [
            {
              "system": "http://loinc.org",
              "code": "39156-5",
              "display": "Body Mass Index"
            }
          ],
          "text": "Body Mass Index"
        },
        "subject": {
          "reference": "urn:uuid:f9517c0a-3d90-4ffe-8465-27e63fbe63ce"
        },
        "context": {
          "reference": "urn:uuid:ddc11132-20cd-467f-ac23-90628f580b5a"
        },
        "effectiveDateTime": "2010-08-29T15:09:08-04:00",
        "issued": "2010-08-29T15:09:08-04:00",
        "valueQuantity": {
          "value": 21.29149463164913,
          "unit": "kg/m2",
          "system": "http://unitsofmeasure.org/",
          "code": "kg/m2"
        },
        "resourceType": "Observation"
      }
    },
    {
      "fullUrl": "urn:uuid:f92e16f5-8dc2-416d-9f6a-c0f4d9d00391",
      "resource": {
        "id": "f92e16f5-8dc2-416d-9f6a-c0f4d9d00391",
        "meta": {
          "profile": [
            "http://standardhealthrecord.org/fhir/StructureDefinition/shr-observation-Observation",
            "http://standardhealthrecord.org/fhir/StructureDefinition/shr-vital-BloodPressure"
          ]
        },
        "status": "final",
        "category": [
          {
            "coding": [
              {
                "system": "http://hl7.org/fhir/observation-category",
                "code": "vital-signs"
              }
            ]
          }
        ],
        "code": {
          "coding": [
            {
              "system": "http://loinc.org",
              "code": "55284-4",
              "display": "Blood Pressure"
            }
          ]
        },
        "subject": {
          "reference": "urn:uuid:f9517c0a-3d90-4ffe-8465-27e63fbe63ce"
        },
        "context": {
          "reference": "urn:uuid:ddc11132-20cd-467f-ac23-90628f580b5a"
        },
        "effectiveDateTime": "2010-08-29T15:09:08-04:00",
        "issued": "2010-08-29T15:09:08-04:00",
        "component": [
          {
            "code": {
              "coding": [
                {
                  "system": "http://loinc.org",
                  "code": "8480-6",
                  "display": "Systolic Blood Pressure"
                }
              ],
              "text": "Systolic Blood Pressure"
            },
            "valueQuantity": {
              "value": 120,
              "unit": "mmHg",
              "system": "http://unitsofmeasure.org/",
              "code": "mmHg"
            }
          },
          {
            "code": {
              "coding": [
                {
                  "system": "http://loinc.org",
                  "code": "8462-4",
                  "display": "Diastolic Blood Pressure"
                }
              ],
              "text": "Diastolic Blood Pressure"
            },
            "valueQuantity": {
              "value": 83,
              "unit": "mmHg",
              "system": "http://unitsofmeasure.org/",
              "code": "mmHg"
            }
          }
        ],
        "resourceType": "Observation"
      }
    },
    {
      "resource": {
        "meta": {
          "profile": [
            "http://standardhealthrecord.org/fhir/StructureDefinition/shr-immunization-Immunization"
          ]
        },
        "status": "completed",
        "notGiven": false,
        "vaccineCode": {
          "coding": [
            {
              "system": "http://hl7.org/fhir/sid/cvx",
              "code": "140",
              "display": "Influenza, seasonal, injectable, preservative free"
            }
          ],
          "text": "Influenza, seasonal, injectable, preservative free"
        },
        "patient": {
          "reference": "urn:uuid:f9517c0a-3d90-4ffe-8465-27e63fbe63ce"
        },
        "encounter": {
          "reference": "urn:uuid:ddc11132-20cd-467f-ac23-90628f580b5a"
        },
        "date": "2010-08-29T15:09:08-04:00",
        "primarySource": true,
        "resourceType": "Immunization"
      }
    },
    {
      "fullUrl": "urn:uuid:8e55428f-7228-44ac-a750-91e19f2f4509",
      "resource": {
        "id": "8e55428f-7228-44ac-a750-91e19f2f4509",
        "meta": {
          "profile": [
            "http://standardhealthrecord.org/fhir/StructureDefinition/shr-encounter-Encounter"
          ]
        },
        "status": "finished",
        "class": {
          "code": "outpatient"
        },
        "type": [
          {
            "coding": [
              {
                "system": "http://snomed.info/sct",
                "code": "185349003"
              }
            ],
            "text": "Outpatient Encounter"
          }
        ],
        "subject": {
          "reference": "urn:uuid:f9517c0a-3d90-4ffe-8465-27e63fbe63ce"
        },
        "period": {
          "start": "2011-10-18T14:00:41-04:00",
          "end": "2011-10-18T15:00:41-04:00"
        },
        "serviceProvider": {
          "reference": "urn:uuid:aeec9468-fdc4-43a5-93de-6fc7905031dc"
        },
        "resourceType": "Encounter"
      }
    },
    {
      "fullUrl": "urn:uuid:be951bd0-837e-41ad-ae7e-bd5578bc2d6e",
      "resource": {
        "id": "be951bd0-837e-41ad-ae7e-bd5578bc2d6e",
        "meta": {
          "profile": [
            "http://standardhealthrecord.org/fhir/StructureDefinition/shr-observation-Observation",
            "http://standardhealthrecord.org/fhir/StructureDefinition/shr-vital-VitalSign",
            "http://standardhealthrecord.org/fhir/StructureDefinition/shr-vital-BodyHeight"
          ]
        },
        "status": "final",
        "category": [
          {
            "coding": [
              {
                "system": "http://hl7.org/fhir/observation-category",
                "code": "vital-signs"
              }
            ]
          }
        ],
        "code": {
          "coding": [
            {
              "system": "http://loinc.org",
              "code": "8302-2",
              "display": "Body Height"
            }
          ],
          "text": "Body Height"
        },
        "subject": {
          "reference": "urn:uuid:f9517c0a-3d90-4ffe-8465-27e63fbe63ce"
        },
        "context": {
          "reference": "urn:uuid:8e55428f-7228-44ac-a750-91e19f2f4509"
        },
        "effectiveDateTime": "2011-10-18T14:00:41-04:00",
        "issued": "2011-10-18T14:00:41-04:00",
        "valueQuantity": {
          "value": 175.57984677075248,
          "unit": "cm",
          "system": "http://unitsofmeasure.org/",
          "code": "cm"
        },
        "resourceType": "Observation"
      }
    },
    {
      "fullUrl": "urn:uuid:4432c937-8576-4536-8089-698f0bfbb6c0",
      "resource": {
        "id": "4432c937-8576-4536-8089-698f0bfbb6c0",
        "meta": {
          "profile": [
            "http://standardhealthrecord.org/fhir/StructureDefinition/shr-observation-Observation",
            "http://standardhealthrecord.org/fhir/StructureDefinition/shr-vital-VitalSign",
            "http://standardhealthrecord.org/fhir/StructureDefinition/shr-vital-BodyWeight"
          ]
        },
        "status": "final",
        "category": [
          {
            "coding": [
              {
                "system": "http://hl7.org/fhir/observation-category",
                "code": "vital-signs"
              }
            ]
          }
        ],
        "code": {
          "coding": [
            {
              "system": "http://loinc.org",
              "code": "29463-7",
              "display": "Body Weight"
            }
          ],
          "text": "Body Weight"
        },
        "subject": {
          "reference": "urn:uuid:f9517c0a-3d90-4ffe-8465-27e63fbe63ce"
        },
        "context": {
          "reference": "urn:uuid:8e55428f-7228-44ac-a750-91e19f2f4509"
        },
        "effectiveDateTime": "2011-10-18T14:00:41-04:00",
        "issued": "2011-10-18T14:00:41-04:00",
        "valueQuantity": {
          "value": 67.4047775187945,
          "unit": "kg",
          "system": "http://unitsofmeasure.org/",
          "code": "kg"
        },
        "resourceType": "Observation"
      }
    },
    {
      "fullUrl": "urn:uuid:73ee0e1d-f16a-4d26-be0a-5ed2f7ee0e4f",
      "resource": {
        "id": "73ee0e1d-f16a-4d26-be0a-5ed2f7ee0e4f",
        "meta": {
          "profile": [
            "http://standardhealthrecord.org/fhir/StructureDefinition/shr-observation-Observation",
            "http://standardhealthrecord.org/fhir/StructureDefinition/shr-vital-VitalSign",
            "http://standardhealthrecord.org/fhir/StructureDefinition/shr-vital-BodyMassIndex"
          ]
        },
        "status": "final",
        "category": [
          {
            "coding": [
              {
                "system": "http://hl7.org/fhir/observation-category",
                "code": "vital-signs"
              }
            ]
          }
        ],
        "code": {
          "coding": [
            {
              "system": "http://loinc.org",
              "code": "39156-5",
              "display": "Body Mass Index"
            }
          ],
          "text": "Body Mass Index"
        },
        "subject": {
          "reference": "urn:uuid:f9517c0a-3d90-4ffe-8465-27e63fbe63ce"
        },
        "context": {
          "reference": "urn:uuid:8e55428f-7228-44ac-a750-91e19f2f4509"
        },
        "effectiveDateTime": "2011-10-18T14:00:41-04:00",
        "issued": "2011-10-18T14:00:41-04:00",
        "valueQuantity": {
          "value": 21.864590516046682,
          "unit": "kg/m2",
          "system": "http://unitsofmeasure.org/",
          "code": "kg/m2"
        },
        "resourceType": "Observation"
      }
    },
    {
      "fullUrl": "urn:uuid:82b42969-d2a7-4f71-a16a-a8d3044d1119",
      "resource": {
        "id": "82b42969-d2a7-4f71-a16a-a8d3044d1119",
        "meta": {
          "profile": [
            "http://standardhealthrecord.org/fhir/StructureDefinition/shr-observation-Observation",
            "http://standardhealthrecord.org/fhir/StructureDefinition/shr-vital-BloodPressure"
          ]
        },
        "status": "final",
        "category": [
          {
            "coding": [
              {
                "system": "http://hl7.org/fhir/observation-category",
                "code": "vital-signs"
              }
            ]
          }
        ],
        "code": {
          "coding": [
            {
              "system": "http://loinc.org",
              "code": "55284-4",
              "display": "Blood Pressure"
            }
          ]
        },
        "subject": {
          "reference": "urn:uuid:f9517c0a-3d90-4ffe-8465-27e63fbe63ce"
        },
        "context": {
          "reference": "urn:uuid:8e55428f-7228-44ac-a750-91e19f2f4509"
        },
        "effectiveDateTime": "2011-10-18T14:00:41-04:00",
        "issued": "2011-10-18T14:00:41-04:00",
        "component": [
          {
            "code": {
              "coding": [
                {
                  "system": "http://loinc.org",
                  "code": "8480-6",
                  "display": "Systolic Blood Pressure"
                }
              ],
              "text": "Systolic Blood Pressure"
            },
            "valueQuantity": {
              "value": 111,
              "unit": "mmHg",
              "system": "http://unitsofmeasure.org/",
              "code": "mmHg"
            }
          },
          {
            "code": {
              "coding": [
                {
                  "system": "http://loinc.org",
                  "code": "8462-4",
                  "display": "Diastolic Blood Pressure"
                }
              ],
              "text": "Diastolic Blood Pressure"
            },
            "valueQuantity": {
              "value": 85,
              "unit": "mmHg",
              "system": "http://unitsofmeasure.org/",
              "code": "mmHg"
            }
          }
        ],
        "resourceType": "Observation"
      }
    },
    {
      "resource": {
        "meta": {
          "profile": [
            "http://standardhealthrecord.org/fhir/StructureDefinition/shr-immunization-Immunization"
          ]
        },
        "status": "completed",
        "notGiven": false,
        "vaccineCode": {
          "coding": [
            {
              "system": "http://hl7.org/fhir/sid/cvx",
              "code": "140",
              "display": "Influenza, seasonal, injectable, preservative free"
            }
          ],
          "text": "Influenza, seasonal, injectable, preservative free"
        },
        "patient": {
          "reference": "urn:uuid:f9517c0a-3d90-4ffe-8465-27e63fbe63ce"
        },
        "encounter": {
          "reference": "urn:uuid:8e55428f-7228-44ac-a750-91e19f2f4509"
        },
        "date": "2011-10-18T14:00:41-04:00",
        "primarySource": true,
        "resourceType": "Immunization"
      }
    },
    {
      "fullUrl": "urn:uuid:3816e95d-1341-4570-ae9f-1efd93cc1ae1",
      "resource": {
        "id": "3816e95d-1341-4570-ae9f-1efd93cc1ae1",
        "meta": {
          "profile": [
            "http://standardhealthrecord.org/fhir/StructureDefinition/shr-encounter-Encounter"
          ]
        },
        "status": "finished",
        "class": {
          "code": "emergency"
        },
        "type": [
          {
            "coding": [
              {
                "system": "http://snomed.info/sct",
                "code": "50849002"
              }
            ],
            "text": "Emergency room admission"
          }
        ],
        "subject": {
          "reference": "urn:uuid:f9517c0a-3d90-4ffe-8465-27e63fbe63ce"
        },
        "period": {
          "start": "2013-06-19T01:57:31-04:00",
          "end": "2013-06-19T01:57:31-04:00"
        },
        "serviceProvider": {
          "reference": "urn:uuid:aeec9468-fdc4-43a5-93de-6fc7905031dc"
        },
        "resourceType": "Encounter"
      }
    },
    {
      "fullUrl": "urn:uuid:2ea0d5d9-11a9-4ad3-8a28-c96017194456",
      "resource": {
        "id": "2ea0d5d9-11a9-4ad3-8a28-c96017194456",
        "meta": {
          "profile": [
            "http://standardhealthrecord.org/fhir/StructureDefinition/shr-problem-Problem"
          ]
        },
        "clinicalStatus": "active",
        "verificationStatus": "confirmed",
        "code": {
          "coding": [
            {
              "system": "http://snomed.info/sct",
              "code": "70704007",
              "display": "Sprain of wrist"
            }
          ],
          "text": "Sprain of wrist"
        },
        "subject": {
          "reference": "urn:uuid:f9517c0a-3d90-4ffe-8465-27e63fbe63ce"
        },
        "context": {
          "reference": "urn:uuid:3816e95d-1341-4570-ae9f-1efd93cc1ae1"
        },
        "onsetDateTime": "2013-06-19T01:57:31-04:00",
        "abatementDateTime": "2013-07-12T12:11:11-04:00",
        "assertedDate": "2013-06-19",
        "resourceType": "Condition"
      }
    },
    {
      "resource": {
        "status": "completed",
        "category": [
          {
            "coding": [
              {
                "system": "http://snomed.info/sct",
                "code": "91251008",
                "display": "Physical therapy procedure"
              }
            ]
          }
        ],
        "subject": {
          "reference": "urn:uuid:f9517c0a-3d90-4ffe-8465-27e63fbe63ce"
        },
        "context": {
          "reference": "urn:uuid:3816e95d-1341-4570-ae9f-1efd93cc1ae1"
        },
        "period": {
          "start": "2013-06-19",
          "end": "2013-07-12"
        },
        "addresses": [
          {
            "reference": "urn:uuid:2ea0d5d9-11a9-4ad3-8a28-c96017194456"
          }
        ],
        "activity": [
          {
            "detail": {
              "code": {
                "coding": [
                  {
                    "system": "http://snomed.info/sct",
                    "code": "229586001",
                    "display": "Rest, ice, compression and elevation treatment programme"
                  }
                ]
              },
              "status": "completed"
            }
          },
          {
            "detail": {
              "code": {
                "coding": [
                  {
                    "system": "http://snomed.info/sct",
                    "code": "229070002",
                    "display": "Stretching exercises"
                  }
                ]
              },
              "status": "completed"
            }
          }
        ],
        "resourceType": "CarePlan"
      }
    },
    {
      "resource": {
        "meta": {
          "profile": [
            "http://standardhealthrecord.org/fhir/StructureDefinition/shr-medication-Medication"
          ]
        },
        "code": {
          "coding": [
            {
              "system": "http://www.nlm.nih.gov/research/umls/rxnorm",
              "code": "849574",
              "display": "Naproxen sodium 220 MG Oral Tablet"
            }
          ],
          "text": "Naproxen sodium 220 MG Oral Tablet"
        },
        "resourceType": "Medication"
      }
    },
    {
      "resource": {
        "meta": {
          "profile": [
            "http://standardhealthrecord.org/fhir/StructureDefinition/shr-medication-MedicationPrescription"
          ]
        },
        "extension": [
          {
            "url": "http://standardhealthrecord.org/fhir/StructureDefinition/shr-base-ActionCode-extension",
            "valueCodeableConcept": {
              "coding": [
                {
                  "system": "http://snomed.info/sct",
                  "code": "33633005",
                  "display": "Prescription of drug (procedure)"
                }
              ],
              "text": "Prescription of drug (procedure)"
            }
          }
        ],
        "status": "stopped",
        "medicationReference": {
          "reference": ""
        },
        "subject": {
          "reference": "urn:uuid:f9517c0a-3d90-4ffe-8465-27e63fbe63ce"
        },
        "context": {
          "reference": "urn:uuid:3816e95d-1341-4570-ae9f-1efd93cc1ae1"
        },
        "authoredOn": "2013-06-19",
        "dosageInstruction": [
          {
            "sequence": 1,
            "asNeededBoolean": true
          }
        ],
        "resourceType": "MedicationRequest"
      }
    },
    {
      "fullUrl": "urn:uuid:014e2a5d-d29d-4d91-89ad-d0fa8d227f7e",
      "resource": {
        "id": "014e2a5d-d29d-4d91-89ad-d0fa8d227f7e",
        "meta": {
          "profile": [
            "http://standardhealthrecord.org/fhir/StructureDefinition/shr-encounter-Encounter"
          ]
        },
        "status": "finished",
        "class": {
          "code": "ambulatory"
        },
        "type": [
          {
            "coding": [
              {
                "system": "http://snomed.info/sct",
                "code": "185345009"
              }
            ],
            "text": "Encounter for symptom"
          }
        ],
        "subject": {
          "reference": "urn:uuid:f9517c0a-3d90-4ffe-8465-27e63fbe63ce"
        },
        "period": {
          "start": "2014-03-21T11:46:26-04:00",
          "end": "2014-03-21T11:46:26-04:00"
        },
        "reason": {
          "coding": [
            {
              "system": "http://snomed.info/sct",
              "code": "195662009",
              "display": "Acute viral pharyngitis (disorder)"
            }
          ]
        },
        "serviceProvider": {
          "reference": "urn:uuid:aeec9468-fdc4-43a5-93de-6fc7905031dc"
        },
        "resourceType": "Encounter"
      }
    },
    {
      "fullUrl": "urn:uuid:be6fee51-8d69-4f78-a158-7fe8ee52f262",
      "resource": {
        "id": "be6fee51-8d69-4f78-a158-7fe8ee52f262",
        "meta": {
          "profile": [
            "http://standardhealthrecord.org/fhir/StructureDefinition/shr-problem-Problem"
          ]
        },
        "clinicalStatus": "active",
        "verificationStatus": "confirmed",
        "code": {
          "coding": [
            {
              "system": "http://snomed.info/sct",
              "code": "195662009",
              "display": "Acute viral pharyngitis (disorder)"
            }
          ],
          "text": "Acute viral pharyngitis (disorder)"
        },
        "subject": {
          "reference": "urn:uuid:f9517c0a-3d90-4ffe-8465-27e63fbe63ce"
        },
        "context": {
          "reference": "urn:uuid:014e2a5d-d29d-4d91-89ad-d0fa8d227f7e"
        },
        "onsetDateTime": "2014-03-21T11:46:26-04:00",
        "abatementDateTime": "2014-04-03T17:39:13-04:00",
        "assertedDate": "2014-03-21",
        "resourceType": "Condition"
      }
    },
    {
      "fullUrl": "urn:uuid:4642d623-e14a-4ff5-b5b3-b88ff7d20e80",
      "resource": {
        "id": "4642d623-e14a-4ff5-b5b3-b88ff7d20e80",
        "meta": {
          "profile": [
            "http://standardhealthrecord.org/fhir/StructureDefinition/shr-observation-Observation",
            "http://standardhealthrecord.org/fhir/StructureDefinition/shr-vital-VitalSign"
          ]
        },
        "status": "final",
        "category": [
          {
            "coding": [
              {
                "system": "http://hl7.org/fhir/observation-category",
                "code": "vital-signs"
              }
            ]
          }
        ],
        "code": {
          "coding": [
            {
              "system": "http://loinc.org",
              "code": "8331-1",
              "display": "Oral temperature"
            }
          ],
          "text": "Oral temperature"
        },
        "subject": {
          "reference": "urn:uuid:f9517c0a-3d90-4ffe-8465-27e63fbe63ce"
        },
        "context": {
          "reference": "urn:uuid:014e2a5d-d29d-4d91-89ad-d0fa8d227f7e"
        },
        "effectiveDateTime": "2014-03-21T11:46:26-04:00",
        "issued": "2014-03-21T11:46:26-04:00",
        "valueQuantity": {
          "value": 37,
          "unit": "Cel",
          "system": "http://unitsofmeasure.org/",
          "code": "Cel"
        },
        "resourceType": "Observation"
      }
    },
    {
      "fullUrl": "urn:uuid:b8c8e390-b9e2-4339-99f9-44e6cc8d1b2a",
      "resource": {
        "id": "b8c8e390-b9e2-4339-99f9-44e6cc8d1b2a",
        "meta": {
          "profile": [
            "http://standardhealthrecord.org/fhir/StructureDefinition/shr-encounter-Encounter"
          ]
        },
        "status": "finished",
        "class": {
          "code": "outpatient"
        },
        "type": [
          {
            "coding": [
              {
                "system": "http://snomed.info/sct",
                "code": "185349003"
              }
            ],
            "text": "Outpatient Encounter"
          }
        ],
        "subject": {
          "reference": "urn:uuid:f9517c0a-3d90-4ffe-8465-27e63fbe63ce"
        },
        "period": {
          "start": "2014-08-12T23:58:22-04:00",
          "end": "2014-08-13T00:58:22-04:00"
        },
        "serviceProvider": {
          "reference": "urn:uuid:aeec9468-fdc4-43a5-93de-6fc7905031dc"
        },
        "resourceType": "Encounter"
      }
    },
    {
      "fullUrl": "urn:uuid:dded9ed1-7397-4457-af33-32b556c63707",
      "resource": {
        "id": "dded9ed1-7397-4457-af33-32b556c63707",
        "meta": {
          "profile": [
            "http://standardhealthrecord.org/fhir/StructureDefinition/shr-observation-Observation",
            "http://standardhealthrecord.org/fhir/StructureDefinition/shr-vital-VitalSign",
            "http://standardhealthrecord.org/fhir/StructureDefinition/shr-vital-BodyHeight"
          ]
        },
        "status": "final",
        "category": [
          {
            "coding": [
              {
                "system": "http://hl7.org/fhir/observation-category",
                "code": "vital-signs"
              }
            ]
          }
        ],
        "code": {
          "coding": [
            {
              "system": "http://loinc.org",
              "code": "8302-2",
              "display": "Body Height"
            }
          ],
          "text": "Body Height"
        },
        "subject": {
          "reference": "urn:uuid:f9517c0a-3d90-4ffe-8465-27e63fbe63ce"
        },
        "context": {
          "reference": "urn:uuid:b8c8e390-b9e2-4339-99f9-44e6cc8d1b2a"
        },
        "effectiveDateTime": "2014-08-12T23:58:22-04:00",
        "issued": "2014-08-12T23:58:22-04:00",
        "valueQuantity": {
          "value": 175.57984677075248,
          "unit": "cm",
          "system": "http://unitsofmeasure.org/",
          "code": "cm"
        },
        "resourceType": "Observation"
      }
    },
    {
      "fullUrl": "urn:uuid:6a2472ed-b23a-4900-9bf1-905cb2302d93",
      "resource": {
        "id": "6a2472ed-b23a-4900-9bf1-905cb2302d93",
        "meta": {
          "profile": [
            "http://standardhealthrecord.org/fhir/StructureDefinition/shr-observation-Observation",
            "http://standardhealthrecord.org/fhir/StructureDefinition/shr-vital-VitalSign",
            "http://standardhealthrecord.org/fhir/StructureDefinition/shr-vital-BodyWeight"
          ]
        },
        "status": "final",
        "category": [
          {
            "coding": [
              {
                "system": "http://hl7.org/fhir/observation-category",
                "code": "vital-signs"
              }
            ]
          }
        ],
        "code": {
          "coding": [
            {
              "system": "http://loinc.org",
              "code": "29463-7",
              "display": "Body Weight"
            }
          ],
          "text": "Body Weight"
        },
        "subject": {
          "reference": "urn:uuid:f9517c0a-3d90-4ffe-8465-27e63fbe63ce"
        },
        "context": {
          "reference": "urn:uuid:b8c8e390-b9e2-4339-99f9-44e6cc8d1b2a"
        },
        "effectiveDateTime": "2014-08-12T23:58:22-04:00",
        "issued": "2014-08-12T23:58:22-04:00",
        "valueQuantity": {
          "value": 71.92873796506011,
          "unit": "kg",
          "system": "http://unitsofmeasure.org/",
          "code": "kg"
        },
        "resourceType": "Observation"
      }
    },
    {
      "fullUrl": "urn:uuid:d9a0f768-9194-425b-80b5-9e81d71d145d",
      "resource": {
        "id": "d9a0f768-9194-425b-80b5-9e81d71d145d",
        "meta": {
          "profile": [
            "http://standardhealthrecord.org/fhir/StructureDefinition/shr-observation-Observation",
            "http://standardhealthrecord.org/fhir/StructureDefinition/shr-vital-VitalSign",
            "http://standardhealthrecord.org/fhir/StructureDefinition/shr-vital-BodyMassIndex"
          ]
        },
        "status": "final",
        "category": [
          {
            "coding": [
              {
                "system": "http://hl7.org/fhir/observation-category",
                "code": "vital-signs"
              }
            ]
          }
        ],
        "code": {
          "coding": [
            {
              "system": "http://loinc.org",
              "code": "39156-5",
              "display": "Body Mass Index"
            }
          ],
          "text": "Body Mass Index"
        },
        "subject": {
          "reference": "urn:uuid:f9517c0a-3d90-4ffe-8465-27e63fbe63ce"
        },
        "context": {
          "reference": "urn:uuid:b8c8e390-b9e2-4339-99f9-44e6cc8d1b2a"
        },
        "effectiveDateTime": "2014-08-12T23:58:22-04:00",
        "issued": "2014-08-12T23:58:22-04:00",
        "valueQuantity": {
          "value": 23.332061314252474,
          "unit": "kg/m2",
          "system": "http://unitsofmeasure.org/",
          "code": "kg/m2"
        },
        "resourceType": "Observation"
      }
    },
    {
      "fullUrl": "urn:uuid:1ee98aac-7c3a-48e5-a54b-329a2df52260",
      "resource": {
        "id": "1ee98aac-7c3a-48e5-a54b-329a2df52260",
        "meta": {
          "profile": [
            "http://standardhealthrecord.org/fhir/StructureDefinition/shr-observation-Observation",
            "http://standardhealthrecord.org/fhir/StructureDefinition/shr-vital-BloodPressure"
          ]
        },
        "status": "final",
        "category": [
          {
            "coding": [
              {
                "system": "http://hl7.org/fhir/observation-category",
                "code": "vital-signs"
              }
            ]
          }
        ],
        "code": {
          "coding": [
            {
              "system": "http://loinc.org",
              "code": "55284-4",
              "display": "Blood Pressure"
            }
          ]
        },
        "subject": {
          "reference": "urn:uuid:f9517c0a-3d90-4ffe-8465-27e63fbe63ce"
        },
        "context": {
          "reference": "urn:uuid:b8c8e390-b9e2-4339-99f9-44e6cc8d1b2a"
        },
        "effectiveDateTime": "2014-08-12T23:58:22-04:00",
        "issued": "2014-08-12T23:58:22-04:00",
        "component": [
          {
            "code": {
              "coding": [
                {
                  "system": "http://loinc.org",
                  "code": "8480-6",
                  "display": "Systolic Blood Pressure"
                }
              ],
              "text": "Systolic Blood Pressure"
            },
            "valueQuantity": {
              "value": 105,
              "unit": "mmHg",
              "system": "http://unitsofmeasure.org/",
              "code": "mmHg"
            }
          },
          {
            "code": {
              "coding": [
                {
                  "system": "http://loinc.org",
                  "code": "8462-4",
                  "display": "Diastolic Blood Pressure"
                }
              ],
              "text": "Diastolic Blood Pressure"
            },
            "valueQuantity": {
              "value": 80,
              "unit": "mmHg",
              "system": "http://unitsofmeasure.org/",
              "code": "mmHg"
            }
          }
        ],
        "resourceType": "Observation"
      }
    },
    {
      "resource": {
        "meta": {
          "profile": [
            "http://standardhealthrecord.org/fhir/StructureDefinition/shr-immunization-Immunization"
          ]
        },
        "status": "completed",
        "notGiven": false,
        "vaccineCode": {
          "coding": [
            {
              "system": "http://hl7.org/fhir/sid/cvx",
              "code": "140",
              "display": "Influenza, seasonal, injectable, preservative free"
            }
          ],
          "text": "Influenza, seasonal, injectable, preservative free"
        },
        "patient": {
          "reference": "urn:uuid:f9517c0a-3d90-4ffe-8465-27e63fbe63ce"
        },
        "encounter": {
          "reference": "urn:uuid:b8c8e390-b9e2-4339-99f9-44e6cc8d1b2a"
        },
        "date": "2014-08-12T23:58:22-04:00",
        "primarySource": true,
        "resourceType": "Immunization"
      }
    },
    {
      "resource": {
        "meta": {
          "profile": [
            "http://standardhealthrecord.org/fhir/StructureDefinition/shr-immunization-Immunization"
          ]
        },
        "status": "completed",
        "notGiven": false,
        "vaccineCode": {
          "coding": [
            {
              "system": "http://hl7.org/fhir/sid/cvx",
              "code": "113",
              "display": "Td (adult) preservative free"
            }
          ],
          "text": "Td (adult) preservative free"
        },
        "patient": {
          "reference": "urn:uuid:f9517c0a-3d90-4ffe-8465-27e63fbe63ce"
        },
        "encounter": {
          "reference": "urn:uuid:b8c8e390-b9e2-4339-99f9-44e6cc8d1b2a"
        },
        "date": "2014-08-12T23:58:22-04:00",
        "primarySource": true,
        "resourceType": "Immunization"
      }
    }
  ],
  "resourceType": "Bundle"
}