{
  "type": "collection",
  "entry": [
    {
      "fullUrl": "urn:uuid:0ab77efd-102d-4e27-b49d-62ef58501be1",
      "resource": {
        "id": "0ab77efd-102d-4e27-b49d-62ef58501be1",
        "meta": {
          "profile": [
            "http://standardhealthrecord.org/fhir/StructureDefinition/shr-demographics-PersonOfRecord"
          ]
        },
        "text": {
          "status": "generated",
          "div": "<div>Generated by <a href=\"https://github.com/synthetichealth/synthea\">Synthea</a>. Version identifier: 4d02400401b9fab839e47bf5b2f1f6a8c683ab55</div>"
        },
        "extension": [
          {
            "url": "http://hl7.org/fhir/us/core/StructureDefinition/us-core-race",
            "valueCodeableConcept": {
              "coding": [
                {
                  "system": "http://hl7.org/fhir/v3/Race",
                  "code": "2106-3",
                  "display": "White"
                }
              ],
              "text": "race"
            }
          },
          {
            "url": "http://hl7.org/fhir/us/core/StructureDefinition/us-core-ethnicity",
            "valueCodeableConcept": {
              "coding": [
                {
                  "system": "http://hl7.org/fhir/v3/Ethnicity",
                  "code": "2186-5",
                  "display": "Nonhispanic"
                }
              ],
              "text": "ethnicity"
            }
          },
          {
            "url": "http://hl7.org/fhir/StructureDefinition/birthPlace",
            "valueAddress": {
              "city": "Burlington",
              "state": "MA",
              "country": "US"
            }
          },
          {
            "url": "http://hl7.org/fhir/StructureDefinition/patient-mothersMaidenName",
            "valueString": "Bessie313 Baumbach589"
          },
          {
            "url": "http://hl7.org/fhir/us/core/StructureDefinition/us-core-birthsex",
            "valueCode": "F"
          },
          {
            "url": "http://hl7.org/fhir/StructureDefinition/patient-interpreterRequired",
            "valueBoolean": false
          },
          {
            "url": "http://standardhealthrecord.org/fhir/StructureDefinition/shr-actor-FictionalPerson-extension",
            "valueBoolean": true
          },
          {
            "url": "http://standardhealthrecord.org/fhir/StructureDefinition/shr-demographics-FathersName-extension",
            "valueHumanName": {
              "text": "Omari667 MacGyver275"
            }
          },
          {
            "url": "http://standardhealthrecord.org/fhir/StructureDefinition/shr-demographics-SocialSecurityNumber-extension",
            "valueString": "999-42-9253"
          }
        ],
        "identifier": [
          {
            "system": "https://github.com/synthetichealth/synthea",
            "value": "a1ef782f-9d5e-48e7-a9c6-4da73b18acd7"
          },
          {
            "type": {
              "coding": [
                {
                  "system": "http://hl7.org/fhir/identifier-type",
                  "code": "SB"
                }
              ]
            },
            "system": "http://hl7.org/fhir/sid/us-ssn",
            "value": "999429253"
          },
          {
            "type": {
              "coding": [
                {
                  "system": "http://hl7.org/fhir/v2/0203",
                  "code": "DL"
                }
              ]
            },
            "system": "urn:oid:2.16.840.1.113883.4.3.25",
            "value": "S99933939"
          }
        ],
        "name": [
          {
            "use": "official",
            "family": "Abbott992",
            "given": [
              "Valentina489"
            ],
            "prefix": [
              "Mrs."
            ]
          },
          {
            "use": "maiden",
            "family": "MacGyver275",
            "given": [
              "Valentina489"
            ]
          }
        ],
        "telecom": [
          {
            "system": "phone",
            "value": "1-378-751-0315 x01173",
            "use": "home"
          }
        ],
        "gender": "female",
        "birthDate": "1968-12-20",
        "address": [
          {
            "extension": [
              {
                "extension": [
                  {
                    "url": "latitude",
                    "valueDecimal": 42.12835891375326
                  },
                  {
                    "url": "longitude",
                    "valueDecimal": -72.54666200399713
                  }
                ],
                "url": "http://hl7.org/fhir/StructureDefinition/geolocation"
              }
            ],
            "line": [
              "3990 Runolfsson Mall",
              "Suite 997"
            ],
            "city": "Springfield",
            "state": "MA",
            "postalCode": "01108",
            "country": "US"
          }
        ],
        "maritalStatus": {
          "coding": [
            {
              "system": "http://hl7.org/fhir/v3/MaritalStatus",
              "code": "M"
            }
          ],
          "text": "M"
        },
        "multipleBirthBoolean": false,
        "communication": [
          {
            "language": {
              "coding": [
                {
                  "system": "http://hl7.org/fhir/ValueSet/languages",
                  "code": "en-US",
                  "display": "English (United States)"
                }
              ]
            }
          }
        ],
        "resourceType": "Patient"
      }
    },
    {
      "fullUrl": "urn:uuid:05532567-f2b5-428f-ba6b-2409bd8ce1fe",
      "resource": {
        "id": "05532567-f2b5-428f-ba6b-2409bd8ce1fe",
        "meta": {
          "profile": [
            "http://standardhealthrecord.org/fhir/StructureDefinition/shr-actor-Organization"
          ]
        },
        "type": [
          {
            "coding": [
              {
                "system": "http://hl7.org/fhir/ValueSet/organization-type",
                "code": "prov",
                "display": "Healthcare Provider"
              }
            ],
            "text": "Healthcare Provider"
          }
        ],
        "name": "Synthetic Provider",
        "resourceType": "Organization"
      }
    },
    {
      "fullUrl": "urn:uuid:a3be5b12-602b-41bd-b891-119971491403",
      "resource": {
        "id": "a3be5b12-602b-41bd-b891-119971491403",
        "meta": {
          "profile": [
            "http://standardhealthrecord.org/fhir/StructureDefinition/shr-encounter-Encounter"
          ]
        },
        "status": "finished",
        "class": {
          "code": "ambulatory"
        },
        "type": [
          {
            "coding": [
              {
                "system": "http://snomed.info/sct",
                "code": "185345009"
              }
            ],
            "text": "Encounter for symptom"
          }
        ],
        "subject": {
          "reference": "urn:uuid:0ab77efd-102d-4e27-b49d-62ef58501be1"
        },
        "period": {
          "start": "2010-12-06T22:20:12-05:00",
          "end": "2010-12-06T22:20:12-05:00"
        },
        "reason": {
          "coding": [
            {
              "system": "http://snomed.info/sct",
              "code": "444814009",
              "display": "Viral sinusitis (disorder)"
            }
          ]
        },
        "serviceProvider": {
          "reference": "urn:uuid:05532567-f2b5-428f-ba6b-2409bd8ce1fe"
        },
        "resourceType": "Encounter"
      }
    },
    {
      "resource": {
        "meta": {
          "profile": [
            "http://standardhealthrecord.org/fhir/StructureDefinition/shr-allergy-AllergyIntolerance"
          ]
        },
        "modifierExtension": [
          {
            "extension": [
              {
                "url": "http://standardhealthrecord.org/fhir/StructureDefinition/primitive-boolean-extension",
                "valueBoolean": false
              }
            ],
            "url": "http://standardhealthrecord.org/fhir/StructureDefinition/shr-base-NonOccurrenceModifier-extension"
          }
        ],
        "clinicalStatus": "active",
        "verificationStatus": "confirmed",
        "type": "allergy",
        "category": [
          "food"
        ],
        "criticality": "high",
        "code": {
          "coding": [
            {
              "system": "http://snomed.info/sct",
              "code": "420174000",
              "display": "Allergy to wheat"
            }
          ]
        },
        "patient": {
          "reference": "urn:uuid:0ab77efd-102d-4e27-b49d-62ef58501be1"
        },
        "assertedDate": "1970-05-01T02:11:52-04:00",
        "resourceType": "AllergyIntolerance"
      }
    },
    {
      "resource": {
        "meta": {
          "profile": [
            "http://standardhealthrecord.org/fhir/StructureDefinition/shr-allergy-AllergyIntolerance"
          ]
        },
        "modifierExtension": [
          {
            "extension": [
              {
                "url": "http://standardhealthrecord.org/fhir/StructureDefinition/primitive-boolean-extension",
                "valueBoolean": false
              }
            ],
            "url": "http://standardhealthrecord.org/fhir/StructureDefinition/shr-base-NonOccurrenceModifier-extension"
          }
        ],
        "clinicalStatus": "active",
        "verificationStatus": "confirmed",
        "type": "allergy",
        "category": [
          "food"
        ],
        "criticality": "high",
        "code": {
          "coding": [
            {
              "system": "http://snomed.info/sct",
              "code": "419263009",
              "display": "Allergy to tree pollen"
            }
          ]
        },
        "patient": {
          "reference": "urn:uuid:0ab77efd-102d-4e27-b49d-62ef58501be1"
        },
        "assertedDate": "1970-05-01T02:11:52-04:00",
        "resourceType": "AllergyIntolerance"
      }
    },
    {
      "resource": {
        "meta": {
          "profile": [
            "http://standardhealthrecord.org/fhir/StructureDefinition/shr-allergy-AllergyIntolerance"
          ]
        },
        "modifierExtension": [
          {
            "extension": [
              {
                "url": "http://standardhealthrecord.org/fhir/StructureDefinition/primitive-boolean-extension",
                "valueBoolean": false
              }
            ],
            "url": "http://standardhealthrecord.org/fhir/StructureDefinition/shr-base-NonOccurrenceModifier-extension"
          }
        ],
        "clinicalStatus": "active",
        "verificationStatus": "confirmed",
        "type": "allergy",
        "category": [
          "food"
        ],
        "criticality": "high",
        "code": {
          "coding": [
            {
              "system": "http://snomed.info/sct",
              "code": "300916003",
              "display": "Latex allergy"
            }
          ]
        },
        "patient": {
          "reference": "urn:uuid:0ab77efd-102d-4e27-b49d-62ef58501be1"
        },
        "assertedDate": "1970-05-01T02:11:52-04:00",
        "resourceType": "AllergyIntolerance"
      }
    },
    {
      "fullUrl": "urn:uuid:869ec647-431b-44cf-a025-f81546d19fb0",
      "resource": {
        "id": "869ec647-431b-44cf-a025-f81546d19fb0",
        "meta": {
          "profile": [
            "http://standardhealthrecord.org/fhir/StructureDefinition/shr-problem-Problem"
          ]
        },
        "clinicalStatus": "active",
        "verificationStatus": "confirmed",
        "code": {
          "coding": [
            {
              "system": "http://snomed.info/sct",
              "code": "40055000",
              "display": "Chronic sinusitis (disorder)"
            }
          ],
          "text": "Chronic sinusitis (disorder)"
        },
        "subject": {
          "reference": "urn:uuid:0ab77efd-102d-4e27-b49d-62ef58501be1"
        },
        "context": {
          "reference": "urn:uuid:a3be5b12-602b-41bd-b891-119971491403"
        },
        "onsetDateTime": "1995-03-02T20:31:51-05:00",
        "assertedDate": "1995-03-02",
        "resourceType": "Condition"
      }
    },
    {
      "fullUrl": "urn:uuid:f69332f0-7ed7-4b27-836f-80cd20370413",
      "resource": {
        "id": "f69332f0-7ed7-4b27-836f-80cd20370413",
        "meta": {
          "profile": [
            "http://standardhealthrecord.org/fhir/StructureDefinition/shr-problem-Problem"
          ]
        },
        "clinicalStatus": "active",
        "verificationStatus": "confirmed",
        "code": {
          "coding": [
            {
              "system": "http://snomed.info/sct",
              "code": "239872002",
              "display": "Osteoarthritis of hip"
            }
          ],
          "text": "Osteoarthritis of hip"
        },
        "subject": {
          "reference": "urn:uuid:0ab77efd-102d-4e27-b49d-62ef58501be1"
        },
        "context": {
          "reference": "urn:uuid:a3be5b12-602b-41bd-b891-119971491403"
        },
        "onsetDateTime": "2002-03-12T02:01:13-05:00",
        "assertedDate": "2002-03-12",
        "resourceType": "Condition"
      }
    },
    {
      "fullUrl": "urn:uuid:f33f7f00-4141-42b5-a621-d1305eab8d9a",
      "resource": {
        "id": "f33f7f00-4141-42b5-a621-d1305eab8d9a",
        "meta": {
          "profile": [
            "http://standardhealthrecord.org/fhir/StructureDefinition/shr-problem-Problem"
          ]
        },
        "clinicalStatus": "active",
        "verificationStatus": "confirmed",
        "code": {
          "coding": [
            {
              "system": "http://snomed.info/sct",
              "code": "444814009",
              "display": "Viral sinusitis (disorder)"
            }
          ],
          "text": "Viral sinusitis (disorder)"
        },
        "subject": {
          "reference": "urn:uuid:0ab77efd-102d-4e27-b49d-62ef58501be1"
        },
        "context": {
          "reference": "urn:uuid:a3be5b12-602b-41bd-b891-119971491403"
        },
        "onsetDateTime": "2010-11-28T10:43:14-05:00",
        "abatementDateTime": "2010-12-31T17:13:24-05:00",
        "assertedDate": "2010-11-28",
        "resourceType": "Condition"
      }
    },
    {
      "resource": {
        "status": "active",
        "category": [
          {
            "coding": [
              {
                "system": "http://snomed.info/sct",
                "code": "326051000000105",
                "display": "Self care"
              }
            ]
          }
        ],
        "subject": {
          "reference": "urn:uuid:0ab77efd-102d-4e27-b49d-62ef58501be1"
        },
        "context": {
          "reference": "urn:uuid:a3be5b12-602b-41bd-b891-119971491403"
        },
        "period": {
          "start": "1970-04-12"
        },
        "activity": [
          {
            "detail": {
              "code": {
                "coding": [
                  {
                    "system": "http://snomed.info/sct",
                    "code": "409002",
                    "display": "Food allergy diet"
                  }
                ]
              },
              "status": "in-progress"
            }
          },
          {
            "detail": {
              "code": {
                "coding": [
                  {
                    "system": "http://snomed.info/sct",
                    "code": "58332002",
                    "display": "Allergy education"
                  }
                ]
              },
              "status": "in-progress"
            }
          }
        ],
        "resourceType": "CarePlan"
      }
    },
    {
      "resource": {
        "status": "active",
        "category": [
          {
            "coding": [
              {
                "system": "http://snomed.info/sct",
                "code": "326051000000105",
                "display": "Self care"
              }
            ]
          }
        ],
        "subject": {
          "reference": "urn:uuid:0ab77efd-102d-4e27-b49d-62ef58501be1"
        },
        "context": {
          "reference": "urn:uuid:a3be5b12-602b-41bd-b891-119971491403"
        },
        "period": {
          "start": "1970-05-01"
        },
        "activity": [
          {
            "detail": {
              "code": {
                "coding": [
                  {
                    "system": "http://snomed.info/sct",
                    "code": "58332002",
                    "display": "Allergy education"
                  }
                ]
              },
              "status": "in-progress"
            }
          }
        ],
        "resourceType": "CarePlan"
      }
    },
    {
      "resource": {
        "status": "active",
        "category": [
          {
            "coding": [
              {
                "system": "http://snomed.info/sct",
                "code": "872781000000100",
                "display": "Musculoskeletal care"
              }
            ]
          }
        ],
        "subject": {
          "reference": "urn:uuid:0ab77efd-102d-4e27-b49d-62ef58501be1"
        },
        "context": {
          "reference": "urn:uuid:a3be5b12-602b-41bd-b891-119971491403"
        },
        "period": {
          "start": "2002-03-12"
        },
        "addresses": [
          {
            "reference": "urn:uuid:f69332f0-7ed7-4b27-836f-80cd20370413"
          }
        ],
        "activity": [
          {
            "detail": {
              "code": {
                "coding": [
                  {
                    "system": "http://snomed.info/sct",
                    "code": "872781000000100",
                    "display": "Joint mobility exercises"
                  }
                ]
              },
              "status": "in-progress"
            }
          },
          {
            "detail": {
              "code": {
                "coding": [
                  {
                    "system": "http://snomed.info/sct",
                    "code": "266694003",
                    "display": "Heat therapy"
                  }
                ]
              },
              "status": "in-progress"
            }
          }
        ],
        "resourceType": "CarePlan"
      }
    },
    {
      "resource": {
        "meta": {
          "profile": [
            "http://standardhealthrecord.org/fhir/StructureDefinition/shr-medication-Medication"
          ]
        },
        "code": {
          "coding": [
            {
              "system": "http://www.nlm.nih.gov/research/umls/rxnorm",
              "code": "834060",
              "display": "Penicillin V Potassium 250 MG"
            }
          ],
          "text": "Penicillin V Potassium 250 MG"
        },
        "resourceType": "Medication"
      }
    },
    {
      "resource": {
        "meta": {
          "profile": [
            "http://standardhealthrecord.org/fhir/StructureDefinition/shr-medication-MedicationPrescription"
          ]
        },
        "extension": [
          {
            "url": "http://standardhealthrecord.org/fhir/StructureDefinition/shr-base-ActionCode-extension",
            "valueCodeableConcept": {
              "coding": [
                {
                  "system": "http://snomed.info/sct",
                  "code": "33633005",
                  "display": "Prescription of drug (procedure)"
                }
              ],
              "text": "Prescription of drug (procedure)"
            }
          }
        ],
        "status": "active",
        "medicationReference": {
          "reference": ""
        },
        "subject": {
          "reference": "urn:uuid:0ab77efd-102d-4e27-b49d-62ef58501be1"
        },
        "context": {
          "reference": "urn:uuid:a3be5b12-602b-41bd-b891-119971491403"
        },
        "authoredOn": "1971-05-01",
        "dosageInstruction": [
          {

          }
        ],
        "resourceType": "MedicationRequest"
      }
    },
    {
      "resource": {
        "meta": {
          "profile": [
            "http://standardhealthrecord.org/fhir/StructureDefinition/shr-medication-Medication"
          ]
        },
        "code": {
          "coding": [
            {
              "system": "http://www.nlm.nih.gov/research/umls/rxnorm",
              "code": "849727",
              "display": "Naproxen sodium 220 MG [Aleve]"
            }
          ],
          "text": "Naproxen sodium 220 MG [Aleve]"
        },
        "resourceType": "Medication"
      }
    },
    {
      "resource": {
        "meta": {
          "profile": [
            "http://standardhealthrecord.org/fhir/StructureDefinition/shr-medication-MedicationPrescription"
          ]
        },
        "extension": [
          {
            "url": "http://standardhealthrecord.org/fhir/StructureDefinition/shr-base-ActionCode-extension",
            "valueCodeableConcept": {
              "coding": [
                {
                  "system": "http://snomed.info/sct",
                  "code": "33633005",
                  "display": "Prescription of drug (procedure)"
                }
              ],
              "text": "Prescription of drug (procedure)"
            }
          }
        ],
        "status": "active",
        "medicationReference": {
          "reference": ""
        },
        "subject": {
          "reference": "urn:uuid:0ab77efd-102d-4e27-b49d-62ef58501be1"
        },
        "context": {
          "reference": "urn:uuid:a3be5b12-602b-41bd-b891-119971491403"
        },
        "authoredOn": "2002-03-12",
        "reasonReference": [
          {
            "reference": "urn:uuid:f69332f0-7ed7-4b27-836f-80cd20370413"
          }
        ],
        "dosageInstruction": [
          {

          }
        ],
        "resourceType": "MedicationRequest"
      }
    },
    {
      "fullUrl": "urn:uuid:d63480fe-8e74-4889-a5cb-741299141b8f",
      "resource": {
        "id": "d63480fe-8e74-4889-a5cb-741299141b8f",
        "meta": {
          "profile": [
            "http://standardhealthrecord.org/fhir/StructureDefinition/shr-encounter-Encounter"
          ]
        },
        "status": "finished",
        "class": {
          "code": "outpatient"
        },
        "type": [
          {
            "coding": [
              {
                "system": "http://snomed.info/sct",
                "code": "185349003"
              }
            ],
            "text": "Outpatient Encounter"
          }
        ],
        "subject": {
          "reference": "urn:uuid:0ab77efd-102d-4e27-b49d-62ef58501be1"
        },
        "period": {
          "start": "2011-11-24T15:15:34-05:00",
          "end": "2011-11-24T16:15:34-05:00"
        },
        "serviceProvider": {
          "reference": "urn:uuid:05532567-f2b5-428f-ba6b-2409bd8ce1fe"
        },
        "resourceType": "Encounter"
      }
    },
    {
      "fullUrl": "urn:uuid:f7127b92-dd6e-423f-8700-82e85b1a27a7",
      "resource": {
        "id": "f7127b92-dd6e-423f-8700-82e85b1a27a7",
        "meta": {
          "profile": [
            "http://standardhealthrecord.org/fhir/StructureDefinition/shr-observation-Observation",
            "http://standardhealthrecord.org/fhir/StructureDefinition/shr-vital-VitalSign",
            "http://standardhealthrecord.org/fhir/StructureDefinition/shr-vital-BodyHeight"
          ]
        },
        "status": "final",
        "category": [
          {
            "coding": [
              {
                "system": "http://hl7.org/fhir/observation-category",
                "code": "vital-signs"
              }
            ]
          }
        ],
        "code": {
          "coding": [
            {
              "system": "http://loinc.org",
              "code": "8302-2",
              "display": "Body Height"
            }
          ],
          "text": "Body Height"
        },
        "subject": {
          "reference": "urn:uuid:0ab77efd-102d-4e27-b49d-62ef58501be1"
        },
        "context": {
          "reference": "urn:uuid:d63480fe-8e74-4889-a5cb-741299141b8f"
        },
        "effectiveDateTime": "2011-11-24T15:15:34-05:00",
        "issued": "2011-11-24T15:15:34-05:00",
        "valueQuantity": {
          "value": 160.22062428391325,
          "unit": "cm",
          "system": "http://unitsofmeasure.org/",
          "code": "cm"
        },
        "resourceType": "Observation"
      }
    },
    {
      "fullUrl": "urn:uuid:bda5f295-74b4-46f9-8022-ef7adec6cb1b",
      "resource": {
        "id": "bda5f295-74b4-46f9-8022-ef7adec6cb1b",
        "meta": {
          "profile": [
            "http://standardhealthrecord.org/fhir/StructureDefinition/shr-observation-Observation",
            "http://standardhealthrecord.org/fhir/StructureDefinition/shr-vital-VitalSign",
            "http://standardhealthrecord.org/fhir/StructureDefinition/shr-vital-BodyWeight"
          ]
        },
        "status": "final",
        "category": [
          {
            "coding": [
              {
                "system": "http://hl7.org/fhir/observation-category",
                "code": "vital-signs"
              }
            ]
          }
        ],
        "code": {
          "coding": [
            {
              "system": "http://loinc.org",
              "code": "29463-7",
              "display": "Body Weight"
            }
          ],
          "text": "Body Weight"
        },
        "subject": {
          "reference": "urn:uuid:0ab77efd-102d-4e27-b49d-62ef58501be1"
        },
        "context": {
          "reference": "urn:uuid:d63480fe-8e74-4889-a5cb-741299141b8f"
        },
        "effectiveDateTime": "2011-11-24T15:15:34-05:00",
        "issued": "2011-11-24T15:15:34-05:00",
        "valueQuantity": {
          "value": 88.67967594838771,
          "unit": "kg",
          "system": "http://unitsofmeasure.org/",
          "code": "kg"
        },
        "resourceType": "Observation"
      }
    },
    {
      "fullUrl": "urn:uuid:64417578-5a02-4595-b677-9f37280107d1",
      "resource": {
        "id": "64417578-5a02-4595-b677-9f37280107d1",
        "meta": {
          "profile": [
            "http://standardhealthrecord.org/fhir/StructureDefinition/shr-observation-Observation",
            "http://standardhealthrecord.org/fhir/StructureDefinition/shr-vital-VitalSign",
            "http://standardhealthrecord.org/fhir/StructureDefinition/shr-vital-BodyMassIndex"
          ]
        },
        "status": "final",
        "category": [
          {
            "coding": [
              {
                "system": "http://hl7.org/fhir/observation-category",
                "code": "vital-signs"
              }
            ]
          }
        ],
        "code": {
          "coding": [
            {
              "system": "http://loinc.org",
              "code": "39156-5",
              "display": "Body Mass Index"
            }
          ],
          "text": "Body Mass Index"
        },
        "subject": {
          "reference": "urn:uuid:0ab77efd-102d-4e27-b49d-62ef58501be1"
        },
        "context": {
          "reference": "urn:uuid:d63480fe-8e74-4889-a5cb-741299141b8f"
        },
        "effectiveDateTime": "2011-11-24T15:15:34-05:00",
        "issued": "2011-11-24T15:15:34-05:00",
        "valueQuantity": {
          "value": 34.54516395843453,
          "unit": "kg/m2",
          "system": "http://unitsofmeasure.org/",
          "code": "kg/m2"
        },
        "resourceType": "Observation"
      }
    },
    {
      "fullUrl": "urn:uuid:46bccd33-c93e-442c-8811-fd6e50a0545e",
      "resource": {
        "id": "46bccd33-c93e-442c-8811-fd6e50a0545e",
        "meta": {
          "profile": [
            "http://standardhealthrecord.org/fhir/StructureDefinition/shr-observation-Observation",
            "http://standardhealthrecord.org/fhir/StructureDefinition/shr-vital-BloodPressure"
          ]
        },
        "status": "final",
        "category": [
          {
            "coding": [
              {
                "system": "http://hl7.org/fhir/observation-category",
                "code": "vital-signs"
              }
            ]
          }
        ],
        "code": {
          "coding": [
            {
              "system": "http://loinc.org",
              "code": "55284-4",
              "display": "Blood Pressure"
            }
          ]
        },
        "subject": {
          "reference": "urn:uuid:0ab77efd-102d-4e27-b49d-62ef58501be1"
        },
        "context": {
          "reference": "urn:uuid:d63480fe-8e74-4889-a5cb-741299141b8f"
        },
        "effectiveDateTime": "2011-11-24T15:15:34-05:00",
        "issued": "2011-11-24T15:15:34-05:00",
        "component": [
          {
            "code": {
              "coding": [
                {
                  "system": "http://loinc.org",
                  "code": "8480-6",
                  "display": "Systolic Blood Pressure"
                }
              ],
              "text": "Systolic Blood Pressure"
            },
            "valueQuantity": {
              "value": 120,
              "unit": "mmHg",
              "system": "http://unitsofmeasure.org/",
              "code": "mmHg"
            }
          },
          {
            "code": {
              "coding": [
                {
                  "system": "http://loinc.org",
                  "code": "8462-4",
                  "display": "Diastolic Blood Pressure"
                }
              ],
              "text": "Diastolic Blood Pressure"
            },
            "valueQuantity": {
              "value": 74,
              "unit": "mmHg",
              "system": "http://unitsofmeasure.org/",
              "code": "mmHg"
            }
          }
        ],
        "resourceType": "Observation"
      }
    },
    {
      "fullUrl": "urn:uuid:d9170502-4a35-411a-9f64-9b19ed946ca0",
      "resource": {
        "id": "d9170502-4a35-411a-9f64-9b19ed946ca0",
        "meta": {
          "profile": [
            "http://standardhealthrecord.org/fhir/StructureDefinition/shr-observation-Observation"
          ]
        },
        "status": "final",
        "category": [
          {
            "coding": [
              {
                "system": "http://hl7.org/fhir/observation-category",
                "code": "laboratory"
              }
            ]
          }
        ],
        "code": {
          "coding": [
            {
              "system": "http://loinc.org",
              "code": "2093-3",
              "display": "Total Cholesterol"
            }
          ],
          "text": "Total Cholesterol"
        },
        "subject": {
          "reference": "urn:uuid:0ab77efd-102d-4e27-b49d-62ef58501be1"
        },
        "context": {
          "reference": "urn:uuid:d63480fe-8e74-4889-a5cb-741299141b8f"
        },
        "effectiveDateTime": "2011-11-24T15:15:34-05:00",
        "issued": "2011-11-24T15:15:34-05:00",
        "valueQuantity": {
          "value": 194,
          "unit": "mg/dL",
          "system": "http://unitsofmeasure.org/",
          "code": "mg/dL"
        },
        "resourceType": "Observation"
      }
    },
    {
      "fullUrl": "urn:uuid:dd95b2f0-585d-41aa-b193-36f6293e2cf9",
      "resource": {
        "id": "dd95b2f0-585d-41aa-b193-36f6293e2cf9",
        "meta": {
          "profile": [
            "http://standardhealthrecord.org/fhir/StructureDefinition/shr-observation-Observation"
          ]
        },
        "status": "final",
        "category": [
          {
            "coding": [
              {
                "system": "http://hl7.org/fhir/observation-category",
                "code": "laboratory"
              }
            ]
          }
        ],
        "code": {
          "coding": [
            {
              "system": "http://loinc.org",
              "code": "2571-8",
              "display": "Triglycerides"
            }
          ],
          "text": "Triglycerides"
        },
        "subject": {
          "reference": "urn:uuid:0ab77efd-102d-4e27-b49d-62ef58501be1"
        },
        "context": {
          "reference": "urn:uuid:d63480fe-8e74-4889-a5cb-741299141b8f"
        },
        "effectiveDateTime": "2011-11-24T15:15:34-05:00",
        "issued": "2011-11-24T15:15:34-05:00",
        "valueQuantity": {
          "value": 143,
          "unit": "mg/dL",
          "system": "http://unitsofmeasure.org/",
          "code": "mg/dL"
        },
        "resourceType": "Observation"
      }
    },
    {
      "fullUrl": "urn:uuid:124178aa-a737-4ed8-99e2-9ba0ed06ab48",
      "resource": {
        "id": "124178aa-a737-4ed8-99e2-9ba0ed06ab48",
        "meta": {
          "profile": [
            "http://standardhealthrecord.org/fhir/StructureDefinition/shr-observation-Observation"
          ]
        },
        "status": "final",
        "category": [
          {
            "coding": [
              {
                "system": "http://hl7.org/fhir/observation-category",
                "code": "laboratory"
              }
            ]
          }
        ],
        "code": {
          "coding": [
            {
              "system": "http://loinc.org",
              "code": "18262-6",
              "display": "Low Density Lipoprotein Cholesterol"
            }
          ],
          "text": "Low Density Lipoprotein Cholesterol"
        },
        "subject": {
          "reference": "urn:uuid:0ab77efd-102d-4e27-b49d-62ef58501be1"
        },
        "context": {
          "reference": "urn:uuid:d63480fe-8e74-4889-a5cb-741299141b8f"
        },
        "effectiveDateTime": "2011-11-24T15:15:34-05:00",
        "issued": "2011-11-24T15:15:34-05:00",
        "valueQuantity": {
          "value": 87,
          "unit": "mg/dL",
          "system": "http://unitsofmeasure.org/",
          "code": "mg/dL"
        },
        "resourceType": "Observation"
      }
    },
    {
      "fullUrl": "urn:uuid:f6bac8fe-364b-49c1-aae5-f540e98c1904",
      "resource": {
        "id": "f6bac8fe-364b-49c1-aae5-f540e98c1904",
        "meta": {
          "profile": [
            "http://standardhealthrecord.org/fhir/StructureDefinition/shr-observation-Observation"
          ]
        },
        "status": "final",
        "category": [
          {
            "coding": [
              {
                "system": "http://hl7.org/fhir/observation-category",
                "code": "laboratory"
              }
            ]
          }
        ],
        "code": {
          "coding": [
            {
              "system": "http://loinc.org",
              "code": "2085-9",
              "display": "High Density Lipoprotein Cholesterol"
            }
          ],
          "text": "High Density Lipoprotein Cholesterol"
        },
        "subject": {
          "reference": "urn:uuid:0ab77efd-102d-4e27-b49d-62ef58501be1"
        },
        "context": {
          "reference": "urn:uuid:d63480fe-8e74-4889-a5cb-741299141b8f"
        },
        "effectiveDateTime": "2011-11-24T15:15:34-05:00",
        "issued": "2011-11-24T15:15:34-05:00",
        "valueQuantity": {
          "value": 78,
          "unit": "mg/dL",
          "system": "http://unitsofmeasure.org/",
          "code": "mg/dL"
        },
        "resourceType": "Observation"
      }
    },
    {
      "fullUrl": "urn:uuid:ed4f7be6-0457-4a45-aa2b-b3ddeba1458c",
      "resource": {
        "id": "ed4f7be6-0457-4a45-aa2b-b3ddeba1458c",
        "meta": {
          "profile": [
            "http://standardhealthrecord.org/fhir/StructureDefinition/shr-observation-Panel"
          ]
        },
        "status": "final",
        "code": {
          "coding": [
            {
              "system": "http://loinc.org",
              "code": "57698-3",
              "display": "Lipid Panel"
            }
          ]
        },
        "subject": {
          "reference": "urn:uuid:0ab77efd-102d-4e27-b49d-62ef58501be1"
        },
        "context": {
          "reference": "urn:uuid:d63480fe-8e74-4889-a5cb-741299141b8f"
        },
        "effectiveDateTime": "2011-11-24T15:15:34-05:00",
        "issued": "2011-11-24T15:15:34-05:00",
        "result": [
          {
            "reference": "urn:uuid:d9170502-4a35-411a-9f64-9b19ed946ca0",
            "display": "Total Cholesterol"
          },
          {
            "reference": "urn:uuid:dd95b2f0-585d-41aa-b193-36f6293e2cf9",
            "display": "Triglycerides"
          },
          {
            "reference": "urn:uuid:124178aa-a737-4ed8-99e2-9ba0ed06ab48",
            "display": "Low Density Lipoprotein Cholesterol"
          },
          {
            "reference": "urn:uuid:f6bac8fe-364b-49c1-aae5-f540e98c1904",
            "display": "High Density Lipoprotein Cholesterol"
          }
        ],
        "resourceType": "DiagnosticReport"
      }
    },
    {
      "resource": {
        "meta": {
          "profile": [
            "http://standardhealthrecord.org/fhir/StructureDefinition/shr-procedure-Procedure"
          ]
        },
        "extension": [
          {
            "url": "http://standardhealthrecord.org/fhir/StructureDefinition/shr-core-CodeableConcept-extension",
            "valueCodeableConcept": {
              "coding": [
                {
                  "system": "http://snomed.info/sct",
                  "code": "428191000124101",
                  "display": "Documentation of current medications"
                }
              ],
              "text": "Documentation of current medications"
            }
          }
        ],
        "status": "completed",
        "code": {
          "coding": [
            {
              "system": "http://snomed.info/sct",
              "code": "428191000124101",
              "display": "Documentation of current medications"
            }
          ],
          "text": "Documentation of current medications"
        },
        "subject": {
          "reference": "urn:uuid:0ab77efd-102d-4e27-b49d-62ef58501be1"
        },
        "context": {
          "reference": "urn:uuid:d63480fe-8e74-4889-a5cb-741299141b8f"
        },
        "performedDateTime": "2011-11-24T15:15:34-05:00",
        "resourceType": "Procedure"
      }
    },
    {
      "resource": {
        "meta": {
          "profile": [
            "http://standardhealthrecord.org/fhir/StructureDefinition/shr-immunization-Immunization"
          ]
        },
        "status": "completed",
        "notGiven": false,
        "vaccineCode": {
          "coding": [
            {
              "system": "http://hl7.org/fhir/sid/cvx",
              "code": "140",
              "display": "Influenza, seasonal, injectable, preservative free"
            }
          ],
          "text": "Influenza, seasonal, injectable, preservative free"
        },
        "patient": {
          "reference": "urn:uuid:0ab77efd-102d-4e27-b49d-62ef58501be1"
        },
        "encounter": {
          "reference": "urn:uuid:d63480fe-8e74-4889-a5cb-741299141b8f"
        },
        "date": "2011-11-24T15:15:34-05:00",
        "primarySource": true,
        "resourceType": "Immunization"
      }
    },
    {
      "resource": {
        "meta": {
          "profile": [
            "http://standardhealthrecord.org/fhir/StructureDefinition/shr-immunization-Immunization"
          ]
        },
        "status": "completed",
        "notGiven": false,
        "vaccineCode": {
          "coding": [
            {
              "system": "http://hl7.org/fhir/sid/cvx",
              "code": "113",
              "display": "Td (adult) preservative free"
            }
          ],
          "text": "Td (adult) preservative free"
        },
        "patient": {
          "reference": "urn:uuid:0ab77efd-102d-4e27-b49d-62ef58501be1"
        },
        "encounter": {
          "reference": "urn:uuid:d63480fe-8e74-4889-a5cb-741299141b8f"
        },
        "date": "2011-11-24T15:15:34-05:00",
        "primarySource": true,
        "resourceType": "Immunization"
      }
    },
    {
      "fullUrl": "urn:uuid:39e879ac-e802-4709-97f2-f749db24d101",
      "resource": {
        "id": "39e879ac-e802-4709-97f2-f749db24d101",
        "meta": {
          "profile": [
            "http://standardhealthrecord.org/fhir/StructureDefinition/shr-encounter-Encounter"
          ]
        },
        "status": "finished",
        "class": {
          "code": "ambulatory"
        },
        "type": [
          {
            "coding": [
              {
                "system": "http://snomed.info/sct",
                "code": "185345009"
              }
            ],
            "text": "Encounter for symptom"
          }
        ],
        "subject": {
          "reference": "urn:uuid:0ab77efd-102d-4e27-b49d-62ef58501be1"
        },
        "period": {
          "start": "2012-07-13T23:33:10-04:00",
          "end": "2012-07-13T23:55:00-04:00"
        },
        "reason": {
          "coding": [
            {
              "system": "http://snomed.info/sct",
              "code": "10509002",
              "display": "Acute bronchitis (disorder)"
            }
          ]
        },
        "serviceProvider": {
          "reference": "urn:uuid:05532567-f2b5-428f-ba6b-2409bd8ce1fe"
        },
        "resourceType": "Encounter"
      }
    },
    {
      "fullUrl": "urn:uuid:8f2f83c5-1327-427e-b7bc-e59dcc0ebff3",
      "resource": {
        "id": "8f2f83c5-1327-427e-b7bc-e59dcc0ebff3",
        "meta": {
          "profile": [
            "http://standardhealthrecord.org/fhir/StructureDefinition/shr-problem-Problem"
          ]
        },
        "clinicalStatus": "active",
        "verificationStatus": "confirmed",
        "code": {
          "coding": [
            {
              "system": "http://snomed.info/sct",
              "code": "10509002",
              "display": "Acute bronchitis (disorder)"
            }
          ],
          "text": "Acute bronchitis (disorder)"
        },
        "subject": {
          "reference": "urn:uuid:0ab77efd-102d-4e27-b49d-62ef58501be1"
        },
        "context": {
          "reference": "urn:uuid:39e879ac-e802-4709-97f2-f749db24d101"
        },
        "onsetDateTime": "2012-07-11T00:05:27-04:00",
        "abatementDateTime": "2012-07-30T15:17:25-04:00",
        "assertedDate": "2012-07-11",
        "resourceType": "Condition"
      }
    },
    {
      "resource": {
        "meta": {
          "profile": [
            "http://standardhealthrecord.org/fhir/StructureDefinition/shr-procedure-Procedure"
          ]
        },
        "extension": [
          {
            "url": "http://standardhealthrecord.org/fhir/StructureDefinition/shr-core-CodeableConcept-extension",
            "valueCodeableConcept": {
              "coding": [
                {
                  "system": "http://snomed.info/sct",
                  "code": "23426006",
                  "display": "Measurement of respiratory function (procedure)"
                }
              ],
              "text": "Measurement of respiratory function (procedure)"
            }
          }
        ],
        "status": "completed",
        "code": {
          "coding": [
            {
              "system": "http://snomed.info/sct",
              "code": "23426006",
              "display": "Measurement of respiratory function (procedure)"
            }
          ],
          "text": "Measurement of respiratory function (procedure)"
        },
        "subject": {
          "reference": "urn:uuid:0ab77efd-102d-4e27-b49d-62ef58501be1"
        },
        "context": {
          "reference": "urn:uuid:39e879ac-e802-4709-97f2-f749db24d101"
        },
        "performedPeriod": {
          "start": "2012-07-13T23:33:10-04:00",
          "end": "2012-07-13T23:51:33-04:00"
        },
        "reasonReference": {
          "reference": "urn:uuid:8f2f83c5-1327-427e-b7bc-e59dcc0ebff3",
          "display": "Acute bronchitis (disorder)"
        },
        "resourceType": "Procedure"
      }
    },
    {
      "resource": {
        "status": "completed",
        "category": [
          {
            "coding": [
              {
                "system": "http://snomed.info/sct",
                "code": "53950000",
                "display": "Respiratory therapy"
              }
            ]
          }
        ],
        "subject": {
          "reference": "urn:uuid:0ab77efd-102d-4e27-b49d-62ef58501be1"
        },
        "context": {
          "reference": "urn:uuid:39e879ac-e802-4709-97f2-f749db24d101"
        },
        "period": {
          "start": "2012-07-13",
          "end": "2013-12-11"
        },
        "addresses": [
          {
            "reference": "urn:uuid:8f2f83c5-1327-427e-b7bc-e59dcc0ebff3"
          }
        ],
        "activity": [
          {
            "detail": {
              "code": {
                "coding": [
                  {
                    "system": "http://snomed.info/sct",
                    "code": "304510005",
                    "display": "Recommendation to avoid exercise"
                  }
                ]
              },
              "status": "completed"
            }
          },
          {
            "detail": {
              "code": {
                "coding": [
                  {
                    "system": "http://snomed.info/sct",
                    "code": "371605008",
                    "display": "Deep breathing and coughing exercises"
                  }
                ]
              },
              "status": "completed"
            }
          }
        ],
        "resourceType": "CarePlan"
      }
    },
    {
      "resource": {
        "meta": {
          "profile": [
            "http://standardhealthrecord.org/fhir/StructureDefinition/shr-medication-Medication"
          ]
        },
        "code": {
          "coding": [
            {
              "system": "http://www.nlm.nih.gov/research/umls/rxnorm",
              "code": "1020137",
              "display": "Dextromethorphan Hydrobromide 1 MG/ML"
            }
          ],
          "text": "Dextromethorphan Hydrobromide 1 MG/ML"
        },
        "resourceType": "Medication"
      }
    },
    {
      "resource": {
        "meta": {
          "profile": [
            "http://standardhealthrecord.org/fhir/StructureDefinition/shr-medication-MedicationPrescription"
          ]
        },
        "extension": [
          {
            "url": "http://standardhealthrecord.org/fhir/StructureDefinition/shr-base-ActionCode-extension",
            "valueCodeableConcept": {
              "coding": [
                {
                  "system": "http://snomed.info/sct",
                  "code": "33633005",
                  "display": "Prescription of drug (procedure)"
                }
              ],
              "text": "Prescription of drug (procedure)"
            }
          }
        ],
        "status": "stopped",
        "medicationReference": {
          "reference": ""
        },
        "subject": {
          "reference": "urn:uuid:0ab77efd-102d-4e27-b49d-62ef58501be1"
        },
        "context": {
          "reference": "urn:uuid:39e879ac-e802-4709-97f2-f749db24d101"
        },
        "authoredOn": "2012-07-13",
        "reasonReference": [
          {
            "reference": "urn:uuid:8f2f83c5-1327-427e-b7bc-e59dcc0ebff3"
          }
        ],
        "dosageInstruction": [
          {

          }
        ],
        "resourceType": "MedicationRequest"
      }
    },
    {
      "fullUrl": "urn:uuid:5fa34088-99b8-44df-9ba3-91504f95736b",
      "resource": {
        "id": "5fa34088-99b8-44df-9ba3-91504f95736b",
        "meta": {
          "profile": [
            "http://standardhealthrecord.org/fhir/StructureDefinition/shr-encounter-Encounter"
          ]
        },
        "status": "finished",
        "class": {
          "code": "outpatient"
        },
        "type": [
          {
            "coding": [
              {
                "system": "http://snomed.info/sct",
                "code": "185349003"
              }
            ],
            "text": "Outpatient Encounter"
          }
        ],
        "subject": {
          "reference": "urn:uuid:0ab77efd-102d-4e27-b49d-62ef58501be1"
        },
        "period": {
          "start": "2013-12-11T16:42:14-05:00",
          "end": "2013-12-11T17:42:14-05:00"
        },
        "serviceProvider": {
          "reference": "urn:uuid:05532567-f2b5-428f-ba6b-2409bd8ce1fe"
        },
        "resourceType": "Encounter"
      }
    },
    {
      "fullUrl": "urn:uuid:125746cb-c5a2-4546-aa1a-db29becdc4db",
      "resource": {
        "id": "125746cb-c5a2-4546-aa1a-db29becdc4db",
        "meta": {
          "profile": [
            "http://standardhealthrecord.org/fhir/StructureDefinition/shr-observation-Observation",
            "http://standardhealthrecord.org/fhir/StructureDefinition/shr-vital-VitalSign",
            "http://standardhealthrecord.org/fhir/StructureDefinition/shr-vital-BodyHeight"
          ]
        },
        "status": "final",
        "category": [
          {
            "coding": [
              {
                "system": "http://hl7.org/fhir/observation-category",
                "code": "vital-signs"
              }
            ]
          }
        ],
        "code": {
          "coding": [
            {
              "system": "http://loinc.org",
              "code": "8302-2",
              "display": "Body Height"
            }
          ],
          "text": "Body Height"
        },
        "subject": {
          "reference": "urn:uuid:0ab77efd-102d-4e27-b49d-62ef58501be1"
        },
        "context": {
          "reference": "urn:uuid:5fa34088-99b8-44df-9ba3-91504f95736b"
        },
        "effectiveDateTime": "2013-12-11T16:42:14-05:00",
        "issued": "2013-12-11T16:42:14-05:00",
        "valueQuantity": {
          "value": 160.22062428391325,
          "unit": "cm",
          "system": "http://unitsofmeasure.org/",
          "code": "cm"
        },
        "resourceType": "Observation"
      }
    },
    {
      "fullUrl": "urn:uuid:bc470dd5-e735-48d4-b41f-35217ce8c2e6",
      "resource": {
        "id": "bc470dd5-e735-48d4-b41f-35217ce8c2e6",
        "meta": {
          "profile": [
            "http://standardhealthrecord.org/fhir/StructureDefinition/shr-observation-Observation",
            "http://standardhealthrecord.org/fhir/StructureDefinition/shr-vital-VitalSign",
            "http://standardhealthrecord.org/fhir/StructureDefinition/shr-vital-BodyWeight"
          ]
        },
        "status": "final",
        "category": [
          {
            "coding": [
              {
                "system": "http://hl7.org/fhir/observation-category",
                "code": "vital-signs"
              }
            ]
          }
        ],
        "code": {
          "coding": [
            {
              "system": "http://loinc.org",
              "code": "29463-7",
              "display": "Body Weight"
            }
          ],
          "text": "Body Weight"
        },
        "subject": {
          "reference": "urn:uuid:0ab77efd-102d-4e27-b49d-62ef58501be1"
        },
        "context": {
          "reference": "urn:uuid:5fa34088-99b8-44df-9ba3-91504f95736b"
        },
        "effectiveDateTime": "2013-12-11T16:42:14-05:00",
        "issued": "2013-12-11T16:42:14-05:00",
        "valueQuantity": {
          "value": 92.45916223726195,
          "unit": "kg",
          "system": "http://unitsofmeasure.org/",
          "code": "kg"
        },
        "resourceType": "Observation"
      }
    },
    {
      "fullUrl": "urn:uuid:ad416f02-caed-40a5-94ff-b6c280388d0b",
      "resource": {
        "id": "ad416f02-caed-40a5-94ff-b6c280388d0b",
        "meta": {
          "profile": [
            "http://standardhealthrecord.org/fhir/StructureDefinition/shr-observation-Observation",
            "http://standardhealthrecord.org/fhir/StructureDefinition/shr-vital-VitalSign",
            "http://standardhealthrecord.org/fhir/StructureDefinition/shr-vital-BodyMassIndex"
          ]
        },
        "status": "final",
        "category": [
          {
            "coding": [
              {
                "system": "http://hl7.org/fhir/observation-category",
                "code": "vital-signs"
              }
            ]
          }
        ],
        "code": {
          "coding": [
            {
              "system": "http://loinc.org",
              "code": "39156-5",
              "display": "Body Mass Index"
            }
          ],
          "text": "Body Mass Index"
        },
        "subject": {
          "reference": "urn:uuid:0ab77efd-102d-4e27-b49d-62ef58501be1"
        },
        "context": {
          "reference": "urn:uuid:5fa34088-99b8-44df-9ba3-91504f95736b"
        },
        "effectiveDateTime": "2013-12-11T16:42:14-05:00",
        "issued": "2013-12-11T16:42:14-05:00",
        "valueQuantity": {
          "value": 36.017462680001856,
          "unit": "kg/m2",
          "system": "http://unitsofmeasure.org/",
          "code": "kg/m2"
        },
        "resourceType": "Observation"
      }
    },
    {
      "fullUrl": "urn:uuid:ba2901c1-f1c3-4922-a27a-b46e4ba3eee5",
      "resource": {
        "id": "ba2901c1-f1c3-4922-a27a-b46e4ba3eee5",
        "meta": {
          "profile": [
            "http://standardhealthrecord.org/fhir/StructureDefinition/shr-observation-Observation",
            "http://standardhealthrecord.org/fhir/StructureDefinition/shr-vital-BloodPressure"
          ]
        },
        "status": "final",
        "category": [
          {
            "coding": [
              {
                "system": "http://hl7.org/fhir/observation-category",
                "code": "vital-signs"
              }
            ]
          }
        ],
        "code": {
          "coding": [
            {
              "system": "http://loinc.org",
              "code": "55284-4",
              "display": "Blood Pressure"
            }
          ]
        },
        "subject": {
          "reference": "urn:uuid:0ab77efd-102d-4e27-b49d-62ef58501be1"
        },
        "context": {
          "reference": "urn:uuid:5fa34088-99b8-44df-9ba3-91504f95736b"
        },
        "effectiveDateTime": "2013-12-11T16:42:14-05:00",
        "issued": "2013-12-11T16:42:14-05:00",
        "component": [
          {
            "code": {
              "coding": [
                {
                  "system": "http://loinc.org",
                  "code": "8480-6",
                  "display": "Systolic Blood Pressure"
                }
              ],
              "text": "Systolic Blood Pressure"
            },
            "valueQuantity": {
              "value": 112,
              "unit": "mmHg",
              "system": "http://unitsofmeasure.org/",
              "code": "mmHg"
            }
          },
          {
            "code": {
              "coding": [
                {
                  "system": "http://loinc.org",
                  "code": "8462-4",
                  "display": "Diastolic Blood Pressure"
                }
              ],
              "text": "Diastolic Blood Pressure"
            },
            "valueQuantity": {
              "value": 79,
              "unit": "mmHg",
              "system": "http://unitsofmeasure.org/",
              "code": "mmHg"
            }
          }
        ],
        "resourceType": "Observation"
      }
    },
    {
      "resource": {
        "meta": {
          "profile": [
            "http://standardhealthrecord.org/fhir/StructureDefinition/shr-procedure-Procedure"
          ]
        },
        "extension": [
          {
            "url": "http://standardhealthrecord.org/fhir/StructureDefinition/shr-core-CodeableConcept-extension",
            "valueCodeableConcept": {
              "coding": [
                {
                  "system": "http://snomed.info/sct",
                  "code": "428191000124101",
                  "display": "Documentation of current medications"
                }
              ],
              "text": "Documentation of current medications"
            }
          }
        ],
        "status": "completed",
        "code": {
          "coding": [
            {
              "system": "http://snomed.info/sct",
              "code": "428191000124101",
              "display": "Documentation of current medications"
            }
          ],
          "text": "Documentation of current medications"
        },
        "subject": {
          "reference": "urn:uuid:0ab77efd-102d-4e27-b49d-62ef58501be1"
        },
        "context": {
          "reference": "urn:uuid:5fa34088-99b8-44df-9ba3-91504f95736b"
        },
        "performedDateTime": "2013-12-11T16:42:14-05:00",
        "resourceType": "Procedure"
      }
    },
    {
      "resource": {
        "meta": {
          "profile": [
            "http://standardhealthrecord.org/fhir/StructureDefinition/shr-immunization-Immunization"
          ]
        },
        "status": "completed",
        "notGiven": false,
        "vaccineCode": {
          "coding": [
            {
              "system": "http://hl7.org/fhir/sid/cvx",
              "code": "140",
              "display": "Influenza, seasonal, injectable, preservative free"
            }
          ],
          "text": "Influenza, seasonal, injectable, preservative free"
        },
        "patient": {
          "reference": "urn:uuid:0ab77efd-102d-4e27-b49d-62ef58501be1"
        },
        "encounter": {
          "reference": "urn:uuid:5fa34088-99b8-44df-9ba3-91504f95736b"
        },
        "date": "2013-12-11T16:42:14-05:00",
        "primarySource": true,
        "resourceType": "Immunization"
      }
    },
    {
      "fullUrl": "urn:uuid:515a0169-9aff-4259-b447-8fbdc149284c",
      "resource": {
        "id": "515a0169-9aff-4259-b447-8fbdc149284c",
        "meta": {
          "profile": [
            "http://standardhealthrecord.org/fhir/StructureDefinition/shr-encounter-Encounter"
          ]
        },
        "status": "finished",
        "class": {
          "code": "ambulatory"
        },
        "type": [
          {
            "coding": [
              {
                "system": "http://snomed.info/sct",
                "code": "185345009"
              }
            ],
            "text": "Encounter for symptom"
          }
        ],
        "subject": {
          "reference": "urn:uuid:0ab77efd-102d-4e27-b49d-62ef58501be1"
        },
        "period": {
          "start": "2015-08-04T21:37:46-04:00",
          "end": "2015-08-04T21:37:46-04:00"
        },
        "reason": {
          "coding": [
            {
              "system": "http://snomed.info/sct",
              "code": "444814009",
              "display": "Viral sinusitis (disorder)"
            }
          ]
        },
        "serviceProvider": {
          "reference": "urn:uuid:05532567-f2b5-428f-ba6b-2409bd8ce1fe"
        },
        "resourceType": "Encounter"
      }
    },
    {
      "fullUrl": "urn:uuid:8f411829-1fd5-4564-9543-74c66db583a6",
      "resource": {
        "id": "8f411829-1fd5-4564-9543-74c66db583a6",
        "meta": {
          "profile": [
            "http://standardhealthrecord.org/fhir/StructureDefinition/shr-problem-Problem"
          ]
        },
        "clinicalStatus": "active",
        "verificationStatus": "confirmed",
        "code": {
          "coding": [
            {
              "system": "http://snomed.info/sct",
              "code": "444814009",
              "display": "Viral sinusitis (disorder)"
            }
          ],
          "text": "Viral sinusitis (disorder)"
        },
        "subject": {
          "reference": "urn:uuid:0ab77efd-102d-4e27-b49d-62ef58501be1"
        },
        "context": {
          "reference": "urn:uuid:515a0169-9aff-4259-b447-8fbdc149284c"
        },
        "onsetDateTime": "2015-07-28T17:13:24-04:00",
        "abatementDateTime": "2015-08-17T08:55:25-04:00",
        "assertedDate": "2015-07-28",
        "resourceType": "Condition"
      }
    },
    {
      "resource": {
        "meta": {
          "profile": [
            "http://standardhealthrecord.org/fhir/StructureDefinition/shr-medication-Medication"
          ]
        },
        "code": {
          "coding": [
            {
              "system": "http://www.nlm.nih.gov/research/umls/rxnorm",
              "code": "824184",
              "display": " Amoxicillin 250 MG / Clavulanate 125 MG [Augmentin]"
            }
          ],
          "text": " Amoxicillin 250 MG / Clavulanate 125 MG [Augmentin]"
        },
        "resourceType": "Medication"
      }
    },
    {
      "resource": {
        "meta": {
          "profile": [
            "http://standardhealthrecord.org/fhir/StructureDefinition/shr-medication-MedicationPrescription"
          ]
        },
        "extension": [
          {
            "url": "http://standardhealthrecord.org/fhir/StructureDefinition/shr-base-ActionCode-extension",
            "valueCodeableConcept": {
              "coding": [
                {
                  "system": "http://snomed.info/sct",
                  "code": "33633005",
                  "display": "Prescription of drug (procedure)"
                }
              ],
              "text": "Prescription of drug (procedure)"
            }
          }
        ],
        "status": "stopped",
        "medicationReference": {
          "reference": ""
        },
        "subject": {
          "reference": "urn:uuid:0ab77efd-102d-4e27-b49d-62ef58501be1"
        },
        "context": {
          "reference": "urn:uuid:515a0169-9aff-4259-b447-8fbdc149284c"
        },
        "authoredOn": "2015-08-04",
        "reasonReference": [
          {
            "reference": "urn:uuid:f33f7f00-4141-42b5-a621-d1305eab8d9a"
          }
        ],
        "dosageInstruction": [
          {

          }
        ],
        "resourceType": "MedicationRequest"
      }
    },
    {
      "fullUrl": "urn:uuid:e91bf12e-e65f-4f10-8bc9-ec841590a382",
      "resource": {
        "id": "e91bf12e-e65f-4f10-8bc9-ec841590a382",
        "meta": {
          "profile": [
            "http://standardhealthrecord.org/fhir/StructureDefinition/shr-encounter-Encounter"
          ]
        },
        "status": "finished",
        "class": {
          "code": "outpatient"
        },
        "type": [
          {
            "coding": [
              {
                "system": "http://snomed.info/sct",
                "code": "185349003"
              }
            ],
            "text": "Outpatient Encounter"
          }
        ],
        "subject": {
          "reference": "urn:uuid:0ab77efd-102d-4e27-b49d-62ef58501be1"
        },
        "period": {
          "start": "2016-02-10T01:22:43-05:00",
          "end": "2016-02-10T02:22:43-05:00"
        },
        "serviceProvider": {
          "reference": "urn:uuid:05532567-f2b5-428f-ba6b-2409bd8ce1fe"
        },
        "resourceType": "Encounter"
      }
    },
    {
      "fullUrl": "urn:uuid:3be3e04e-1c9b-4ed8-8649-c1c3c1047233",
      "resource": {
        "id": "3be3e04e-1c9b-4ed8-8649-c1c3c1047233",
        "meta": {
          "profile": [
            "http://standardhealthrecord.org/fhir/StructureDefinition/shr-observation-Observation",
            "http://standardhealthrecord.org/fhir/StructureDefinition/shr-vital-VitalSign",
            "http://standardhealthrecord.org/fhir/StructureDefinition/shr-vital-BodyHeight"
          ]
        },
        "status": "final",
        "category": [
          {
            "coding": [
              {
                "system": "http://hl7.org/fhir/observation-category",
                "code": "vital-signs"
              }
            ]
          }
        ],
        "code": {
          "coding": [
            {
              "system": "http://loinc.org",
              "code": "8302-2",
              "display": "Body Height"
            }
          ],
          "text": "Body Height"
        },
        "subject": {
          "reference": "urn:uuid:0ab77efd-102d-4e27-b49d-62ef58501be1"
        },
        "context": {
          "reference": "urn:uuid:e91bf12e-e65f-4f10-8bc9-ec841590a382"
        },
        "effectiveDateTime": "2016-02-10T01:22:43-05:00",
        "issued": "2016-02-10T01:22:43-05:00",
        "valueQuantity": {
          "value": 160.22062428391325,
          "unit": "cm",
          "system": "http://unitsofmeasure.org/",
          "code": "cm"
        },
        "resourceType": "Observation"
      }
    },
    {
      "fullUrl": "urn:uuid:60b03c4b-f1a8-4446-bfcb-cc93d31046c0",
      "resource": {
        "id": "60b03c4b-f1a8-4446-bfcb-cc93d31046c0",
        "meta": {
          "profile": [
            "http://standardhealthrecord.org/fhir/StructureDefinition/shr-observation-Observation",
            "http://standardhealthrecord.org/fhir/StructureDefinition/shr-vital-VitalSign",
            "http://standardhealthrecord.org/fhir/StructureDefinition/shr-vital-BodyWeight"
          ]
        },
        "status": "final",
        "category": [
          {
            "coding": [
              {
                "system": "http://hl7.org/fhir/observation-category",
                "code": "vital-signs"
              }
            ]
          }
        ],
        "code": {
          "coding": [
            {
              "system": "http://loinc.org",
              "code": "29463-7",
              "display": "Body Weight"
            }
          ],
          "text": "Body Weight"
        },
        "subject": {
          "reference": "urn:uuid:0ab77efd-102d-4e27-b49d-62ef58501be1"
        },
        "context": {
          "reference": "urn:uuid:e91bf12e-e65f-4f10-8bc9-ec841590a382"
        },
        "effectiveDateTime": "2016-02-10T01:22:43-05:00",
        "issued": "2016-02-10T01:22:43-05:00",
        "valueQuantity": {
          "value": 97.74093221759856,
          "unit": "kg",
          "system": "http://unitsofmeasure.org/",
          "code": "kg"
        },
        "resourceType": "Observation"
      }
    },
    {
      "fullUrl": "urn:uuid:31f22e3b-4ab2-4b9d-9eb4-1a92f6caac50",
      "resource": {
        "id": "31f22e3b-4ab2-4b9d-9eb4-1a92f6caac50",
        "meta": {
          "profile": [
            "http://standardhealthrecord.org/fhir/StructureDefinition/shr-observation-Observation",
            "http://standardhealthrecord.org/fhir/StructureDefinition/shr-vital-VitalSign",
            "http://standardhealthrecord.org/fhir/StructureDefinition/shr-vital-BodyMassIndex"
          ]
        },
        "status": "final",
        "category": [
          {
            "coding": [
              {
                "system": "http://hl7.org/fhir/observation-category",
                "code": "vital-signs"
              }
            ]
          }
        ],
        "code": {
          "coding": [
            {
              "system": "http://loinc.org",
              "code": "39156-5",
              "display": "Body Mass Index"
            }
          ],
          "text": "Body Mass Index"
        },
        "subject": {
          "reference": "urn:uuid:0ab77efd-102d-4e27-b49d-62ef58501be1"
        },
        "context": {
          "reference": "urn:uuid:e91bf12e-e65f-4f10-8bc9-ec841590a382"
        },
        "effectiveDateTime": "2016-02-10T01:22:43-05:00",
        "issued": "2016-02-10T01:22:43-05:00",
        "valueQuantity": {
          "value": 38.074975949081214,
          "unit": "kg/m2",
          "system": "http://unitsofmeasure.org/",
          "code": "kg/m2"
        },
        "resourceType": "Observation"
      }
    },
    {
      "fullUrl": "urn:uuid:a29aa4ac-6e72-4f1f-a827-3461cff2328d",
      "resource": {
        "id": "a29aa4ac-6e72-4f1f-a827-3461cff2328d",
        "meta": {
          "profile": [
            "http://standardhealthrecord.org/fhir/StructureDefinition/shr-observation-Observation",
            "http://standardhealthrecord.org/fhir/StructureDefinition/shr-vital-BloodPressure"
          ]
        },
        "status": "final",
        "category": [
          {
            "coding": [
              {
                "system": "http://hl7.org/fhir/observation-category",
                "code": "vital-signs"
              }
            ]
          }
        ],
        "code": {
          "coding": [
            {
              "system": "http://loinc.org",
              "code": "55284-4",
              "display": "Blood Pressure"
            }
          ]
        },
        "subject": {
          "reference": "urn:uuid:0ab77efd-102d-4e27-b49d-62ef58501be1"
        },
        "context": {
          "reference": "urn:uuid:e91bf12e-e65f-4f10-8bc9-ec841590a382"
        },
        "effectiveDateTime": "2016-02-10T01:22:43-05:00",
        "issued": "2016-02-10T01:22:43-05:00",
        "component": [
          {
            "code": {
              "coding": [
                {
                  "system": "http://loinc.org",
                  "code": "8480-6",
                  "display": "Systolic Blood Pressure"
                }
              ],
              "text": "Systolic Blood Pressure"
            },
            "valueQuantity": {
              "value": 100,
              "unit": "mmHg",
              "system": "http://unitsofmeasure.org/",
              "code": "mmHg"
            }
          },
          {
            "code": {
              "coding": [
                {
                  "system": "http://loinc.org",
                  "code": "8462-4",
                  "display": "Diastolic Blood Pressure"
                }
              ],
              "text": "Diastolic Blood Pressure"
            },
            "valueQuantity": {
              "value": 79,
              "unit": "mmHg",
              "system": "http://unitsofmeasure.org/",
              "code": "mmHg"
            }
          }
        ],
        "resourceType": "Observation"
      }
    },
    {
      "fullUrl": "urn:uuid:41be783b-91f1-435d-b72a-3e49421c2cba",
      "resource": {
        "id": "41be783b-91f1-435d-b72a-3e49421c2cba",
        "meta": {
          "profile": [
            "http://standardhealthrecord.org/fhir/StructureDefinition/shr-observation-Observation"
          ]
        },
        "status": "final",
        "category": [
          {
            "coding": [
              {
                "system": "http://hl7.org/fhir/observation-category",
                "code": "laboratory"
              }
            ]
          }
        ],
        "code": {
          "coding": [
            {
              "system": "http://loinc.org",
              "code": "2093-3",
              "display": "Total Cholesterol"
            }
          ],
          "text": "Total Cholesterol"
        },
        "subject": {
          "reference": "urn:uuid:0ab77efd-102d-4e27-b49d-62ef58501be1"
        },
        "context": {
          "reference": "urn:uuid:e91bf12e-e65f-4f10-8bc9-ec841590a382"
        },
        "effectiveDateTime": "2016-02-10T01:22:43-05:00",
        "issued": "2016-02-10T01:22:43-05:00",
        "valueQuantity": {
          "value": 165,
          "unit": "mg/dL",
          "system": "http://unitsofmeasure.org/",
          "code": "mg/dL"
        },
        "resourceType": "Observation"
      }
    },
    {
      "fullUrl": "urn:uuid:c5d8d212-b750-459a-9143-6153ee03466b",
      "resource": {
        "id": "c5d8d212-b750-459a-9143-6153ee03466b",
        "meta": {
          "profile": [
            "http://standardhealthrecord.org/fhir/StructureDefinition/shr-observation-Observation"
          ]
        },
        "status": "final",
        "category": [
          {
            "coding": [
              {
                "system": "http://hl7.org/fhir/observation-category",
                "code": "laboratory"
              }
            ]
          }
        ],
        "code": {
          "coding": [
            {
              "system": "http://loinc.org",
              "code": "2571-8",
              "display": "Triglycerides"
            }
          ],
          "text": "Triglycerides"
        },
        "subject": {
          "reference": "urn:uuid:0ab77efd-102d-4e27-b49d-62ef58501be1"
        },
        "context": {
          "reference": "urn:uuid:e91bf12e-e65f-4f10-8bc9-ec841590a382"
        },
        "effectiveDateTime": "2016-02-10T01:22:43-05:00",
        "issued": "2016-02-10T01:22:43-05:00",
        "valueQuantity": {
          "value": 114,
          "unit": "mg/dL",
          "system": "http://unitsofmeasure.org/",
          "code": "mg/dL"
        },
        "resourceType": "Observation"
      }
    },
    {
      "fullUrl": "urn:uuid:2b0826aa-e0aa-4288-ab39-0cc84e069b3e",
      "resource": {
        "id": "2b0826aa-e0aa-4288-ab39-0cc84e069b3e",
        "meta": {
          "profile": [
            "http://standardhealthrecord.org/fhir/StructureDefinition/shr-observation-Observation"
          ]
        },
        "status": "final",
        "category": [
          {
            "coding": [
              {
                "system": "http://hl7.org/fhir/observation-category",
                "code": "laboratory"
              }
            ]
          }
        ],
        "code": {
          "coding": [
            {
              "system": "http://loinc.org",
              "code": "18262-6",
              "display": "Low Density Lipoprotein Cholesterol"
            }
          ],
          "text": "Low Density Lipoprotein Cholesterol"
        },
        "subject": {
          "reference": "urn:uuid:0ab77efd-102d-4e27-b49d-62ef58501be1"
        },
        "context": {
          "reference": "urn:uuid:e91bf12e-e65f-4f10-8bc9-ec841590a382"
        },
        "effectiveDateTime": "2016-02-10T01:22:43-05:00",
        "issued": "2016-02-10T01:22:43-05:00",
        "valueQuantity": {
          "value": 80,
          "unit": "mg/dL",
          "system": "http://unitsofmeasure.org/",
          "code": "mg/dL"
        },
        "resourceType": "Observation"
      }
    },
    {
      "fullUrl": "urn:uuid:cb1b2dd3-b866-431e-9108-613592d1e700",
      "resource": {
        "id": "cb1b2dd3-b866-431e-9108-613592d1e700",
        "meta": {
          "profile": [
            "http://standardhealthrecord.org/fhir/StructureDefinition/shr-observation-Observation"
          ]
        },
        "status": "final",
        "category": [
          {
            "coding": [
              {
                "system": "http://hl7.org/fhir/observation-category",
                "code": "laboratory"
              }
            ]
          }
        ],
        "code": {
          "coding": [
            {
              "system": "http://loinc.org",
              "code": "2085-9",
              "display": "High Density Lipoprotein Cholesterol"
            }
          ],
          "text": "High Density Lipoprotein Cholesterol"
        },
        "subject": {
          "reference": "urn:uuid:0ab77efd-102d-4e27-b49d-62ef58501be1"
        },
        "context": {
          "reference": "urn:uuid:e91bf12e-e65f-4f10-8bc9-ec841590a382"
        },
        "effectiveDateTime": "2016-02-10T01:22:43-05:00",
        "issued": "2016-02-10T01:22:43-05:00",
        "valueQuantity": {
          "value": 62,
          "unit": "mg/dL",
          "system": "http://unitsofmeasure.org/",
          "code": "mg/dL"
        },
        "resourceType": "Observation"
      }
    },
    {
      "fullUrl": "urn:uuid:e2ec0ce6-f41b-41d6-b61e-4d78c4c35392",
      "resource": {
        "id": "e2ec0ce6-f41b-41d6-b61e-4d78c4c35392",
        "meta": {
          "profile": [
            "http://standardhealthrecord.org/fhir/StructureDefinition/shr-observation-Panel"
          ]
        },
        "status": "final",
        "code": {
          "coding": [
            {
              "system": "http://loinc.org",
              "code": "57698-3",
              "display": "Lipid Panel"
            }
          ]
        },
        "subject": {
          "reference": "urn:uuid:0ab77efd-102d-4e27-b49d-62ef58501be1"
        },
        "context": {
          "reference": "urn:uuid:e91bf12e-e65f-4f10-8bc9-ec841590a382"
        },
        "effectiveDateTime": "2016-02-10T01:22:43-05:00",
        "issued": "2016-02-10T01:22:43-05:00",
        "result": [
          {
            "reference": "urn:uuid:41be783b-91f1-435d-b72a-3e49421c2cba",
            "display": "Total Cholesterol"
          },
          {
            "reference": "urn:uuid:c5d8d212-b750-459a-9143-6153ee03466b",
            "display": "Triglycerides"
          },
          {
            "reference": "urn:uuid:2b0826aa-e0aa-4288-ab39-0cc84e069b3e",
            "display": "Low Density Lipoprotein Cholesterol"
          },
          {
            "reference": "urn:uuid:cb1b2dd3-b866-431e-9108-613592d1e700",
            "display": "High Density Lipoprotein Cholesterol"
          }
        ],
        "resourceType": "DiagnosticReport"
      }
    },
    {
      "resource": {
        "meta": {
          "profile": [
            "http://standardhealthrecord.org/fhir/StructureDefinition/shr-procedure-Procedure"
          ]
        },
        "extension": [
          {
            "url": "http://standardhealthrecord.org/fhir/StructureDefinition/shr-core-CodeableConcept-extension",
            "valueCodeableConcept": {
              "coding": [
                {
                  "system": "http://snomed.info/sct",
                  "code": "428191000124101",
                  "display": "Documentation of current medications"
                }
              ],
              "text": "Documentation of current medications"
            }
          }
        ],
        "status": "completed",
        "code": {
          "coding": [
            {
              "system": "http://snomed.info/sct",
              "code": "428191000124101",
              "display": "Documentation of current medications"
            }
          ],
          "text": "Documentation of current medications"
        },
        "subject": {
          "reference": "urn:uuid:0ab77efd-102d-4e27-b49d-62ef58501be1"
        },
        "context": {
          "reference": "urn:uuid:e91bf12e-e65f-4f10-8bc9-ec841590a382"
        },
        "performedDateTime": "2016-02-10T01:22:43-05:00",
        "resourceType": "Procedure"
      }
    },
    {
      "resource": {
        "meta": {
          "profile": [
            "http://standardhealthrecord.org/fhir/StructureDefinition/shr-immunization-Immunization"
          ]
        },
        "status": "completed",
        "notGiven": false,
        "vaccineCode": {
          "coding": [
            {
              "system": "http://hl7.org/fhir/sid/cvx",
              "code": "140",
              "display": "Influenza, seasonal, injectable, preservative free"
            }
          ],
          "text": "Influenza, seasonal, injectable, preservative free"
        },
        "patient": {
          "reference": "urn:uuid:0ab77efd-102d-4e27-b49d-62ef58501be1"
        },
        "encounter": {
          "reference": "urn:uuid:e91bf12e-e65f-4f10-8bc9-ec841590a382"
        },
        "date": "2016-02-10T01:22:43-05:00",
        "primarySource": true,
        "resourceType": "Immunization"
      }
    }
  ],
  "resourceType": "Bundle"
}