{
  "type": "collection",
  "entry": [
    {
      "fullUrl": "urn:uuid:bf47bc6f-f7ae-44b0-aed0-017e353ea287",
      "resource": {
        "id": "bf47bc6f-f7ae-44b0-aed0-017e353ea287",
        "meta": {
          "profile": [
            "http://standardhealthrecord.org/fhir/StructureDefinition/shr-demographics-PersonOfRecord"
          ]
        },
        "text": {
          "status": "generated",
          "div": "<div>Generated by <a href=\"https://github.com/synthetichealth/synthea\">Synthea</a>. Version identifier: 4d02400401b9fab839e47bf5b2f1f6a8c683ab55</div>"
        },
        "extension": [
          {
            "url": "http://hl7.org/fhir/us/core/StructureDefinition/us-core-race",
            "valueCodeableConcept": {
              "coding": [
                {
                  "system": "http://hl7.org/fhir/v3/Race",
                  "code": "2106-3",
                  "display": "White"
                }
              ],
              "text": "race"
            }
          },
          {
            "url": "http://hl7.org/fhir/us/core/StructureDefinition/us-core-ethnicity",
            "valueCodeableConcept": {
              "coding": [
                {
                  "system": "http://hl7.org/fhir/v3/Ethnicity",
                  "code": "2186-5",
                  "display": "Nonhispanic"
                }
              ],
              "text": "ethnicity"
            }
          },
          {
            "url": "http://hl7.org/fhir/StructureDefinition/birthPlace",
            "valueAddress": {
              "city": "Waltham",
              "state": "MA",
              "country": "US"
            }
          },
          {
            "url": "http://hl7.org/fhir/StructureDefinition/patient-mothersMaidenName",
            "valueString": "Zoila95 Muller695"
          },
          {
            "url": "http://hl7.org/fhir/us/core/StructureDefinition/us-core-birthsex",
            "valueCode": "M"
          },
          {
            "url": "http://hl7.org/fhir/StructureDefinition/patient-interpreterRequired",
            "valueBoolean": false
          },
          {
            "url": "http://standardhealthrecord.org/fhir/StructureDefinition/shr-actor-FictionalPerson-extension",
            "valueBoolean": true
          },
          {
            "url": "http://standardhealthrecord.org/fhir/StructureDefinition/shr-demographics-FathersName-extension",
            "valueHumanName": {
              "text": "Deion483 Abbott992"
            }
          },
          {
            "url": "http://standardhealthrecord.org/fhir/StructureDefinition/shr-demographics-SocialSecurityNumber-extension",
            "valueString": "999-34-4588"
          }
        ],
        "identifier": [
          {
            "system": "https://github.com/synthetichealth/synthea",
            "value": "6e6646db-4b0f-4184-8fd1-2f28dcd34538"
          },
          {
            "type": {
              "coding": [
                {
                  "system": "http://hl7.org/fhir/identifier-type",
                  "code": "SB"
                }
              ]
            },
            "system": "http://hl7.org/fhir/sid/us-ssn",
            "value": "999344588"
          },
          {
            "type": {
              "coding": [
                {
                  "system": "http://hl7.org/fhir/v2/0203",
                  "code": "DL"
                }
              ]
            },
            "system": "urn:oid:2.16.840.1.113883.4.3.25",
            "value": "S99969247"
          }
        ],
        "name": [
          {
            "use": "official",
            "family": "Abbott992",
            "given": [
              "Beryl373"
            ],
            "prefix": [
              "Mr."
            ]
          }
        ],
        "telecom": [
          {
            "system": "phone",
            "value": "1-776-012-7266 x40242",
            "use": "home"
          }
        ],
        "gender": "male",
        "birthDate": "1977-05-15",
        "address": [
          {
            "extension": [
              {
                "extension": [
                  {
                    "url": "latitude",
                    "valueDecimal": 42.339827029424306
                  },
                  {
                    "url": "longitude",
                    "valueDecimal": -71.40987656569017
                  }
                ],
                "url": "http://hl7.org/fhir/StructureDefinition/geolocation"
              }
            ],
            "line": [
              "8273 Cronin Island",
              "Suite 195"
            ],
            "city": "Framingham",
            "state": "MA",
            "postalCode": "01702",
            "country": "US"
          }
        ],
        "maritalStatus": {
          "coding": [
            {
              "system": "http://hl7.org/fhir/v3/MaritalStatus",
              "code": "M"
            }
          ],
          "text": "M"
        },
        "multipleBirthBoolean": false,
        "communication": [
          {
            "language": {
              "coding": [
                {
                  "system": "http://hl7.org/fhir/ValueSet/languages",
                  "code": "en-US",
                  "display": "English (United States)"
                }
              ]
            }
          }
        ],
        "resourceType": "Patient"
      }
    },
    {
      "fullUrl": "urn:uuid:0bd6c724-0000-4e48-96cf-93f1e1b04489",
      "resource": {
        "id": "0bd6c724-0000-4e48-96cf-93f1e1b04489",
        "meta": {
          "profile": [
            "http://standardhealthrecord.org/fhir/StructureDefinition/shr-actor-Organization"
          ]
        },
        "type": [
          {
            "coding": [
              {
                "system": "http://hl7.org/fhir/ValueSet/organization-type",
                "code": "prov",
                "display": "Healthcare Provider"
              }
            ],
            "text": "Healthcare Provider"
          }
        ],
        "name": "Synthetic Provider",
        "resourceType": "Organization"
      }
    },
    {
      "fullUrl": "urn:uuid:a9b47c9d-0f31-43d6-9dcd-6d2d89cb0597",
      "resource": {
        "id": "a9b47c9d-0f31-43d6-9dcd-6d2d89cb0597",
        "meta": {
          "profile": [
            "http://standardhealthrecord.org/fhir/StructureDefinition/shr-encounter-Encounter"
          ]
        },
        "status": "finished",
        "class": {
          "code": "ambulatory"
        },
        "type": [
          {
            "coding": [
              {
                "system": "http://snomed.info/sct",
                "code": "185345009"
              }
            ],
            "text": "Encounter for symptom"
          }
        ],
        "subject": {
          "reference": "urn:uuid:bf47bc6f-f7ae-44b0-aed0-017e353ea287"
        },
        "period": {
          "start": "2010-07-24T17:31:52-04:00",
          "end": "2010-07-24T17:31:52-04:00"
        },
        "reason": {
          "coding": [
            {
              "system": "http://snomed.info/sct",
              "code": "10509002",
              "display": "Acute bronchitis (disorder)"
            }
          ]
        },
        "serviceProvider": {
          "reference": "urn:uuid:0bd6c724-0000-4e48-96cf-93f1e1b04489"
        },
        "resourceType": "Encounter"
      }
    },
    {
      "resource": {
        "meta": {
          "profile": [
            "http://standardhealthrecord.org/fhir/StructureDefinition/shr-allergy-AllergyIntolerance"
          ]
        },
        "modifierExtension": [
          {
            "extension": [
              {
                "url": "http://standardhealthrecord.org/fhir/StructureDefinition/primitive-boolean-extension",
                "valueBoolean": false
              }
            ],
            "url": "http://standardhealthrecord.org/fhir/StructureDefinition/shr-base-NonOccurrenceModifier-extension"
          }
        ],
        "clinicalStatus": "active",
        "verificationStatus": "confirmed",
        "type": "allergy",
        "category": [
          "food"
        ],
        "criticality": "low",
        "code": {
          "coding": [
            {
              "system": "http://snomed.info/sct",
              "code": "91934008",
              "display": "Allergy to nut"
            }
          ]
        },
        "patient": {
          "reference": "urn:uuid:bf47bc6f-f7ae-44b0-aed0-017e353ea287"
        },
        "assertedDate": "1978-09-08T16:32:33-04:00",
        "resourceType": "AllergyIntolerance"
      }
    },
    {
      "resource": {
        "meta": {
          "profile": [
            "http://standardhealthrecord.org/fhir/StructureDefinition/shr-allergy-AllergyIntolerance"
          ]
        },
        "modifierExtension": [
          {
            "extension": [
              {
                "url": "http://standardhealthrecord.org/fhir/StructureDefinition/primitive-boolean-extension",
                "valueBoolean": false
              }
            ],
            "url": "http://standardhealthrecord.org/fhir/StructureDefinition/shr-base-NonOccurrenceModifier-extension"
          }
        ],
        "clinicalStatus": "active",
        "verificationStatus": "confirmed",
        "type": "allergy",
        "category": [
          "food"
        ],
        "criticality": "low",
        "code": {
          "coding": [
            {
              "system": "http://snomed.info/sct",
              "code": "419263009",
              "display": "Allergy to tree pollen"
            }
          ]
        },
        "patient": {
          "reference": "urn:uuid:bf47bc6f-f7ae-44b0-aed0-017e353ea287"
        },
        "assertedDate": "1978-09-08T16:32:33-04:00",
        "resourceType": "AllergyIntolerance"
      }
    },
    {
      "resource": {
        "meta": {
          "profile": [
            "http://standardhealthrecord.org/fhir/StructureDefinition/shr-allergy-AllergyIntolerance"
          ]
        },
        "modifierExtension": [
          {
            "extension": [
              {
                "url": "http://standardhealthrecord.org/fhir/StructureDefinition/primitive-boolean-extension",
                "valueBoolean": false
              }
            ],
            "url": "http://standardhealthrecord.org/fhir/StructureDefinition/shr-base-NonOccurrenceModifier-extension"
          }
        ],
        "clinicalStatus": "active",
        "verificationStatus": "confirmed",
        "type": "allergy",
        "category": [
          "food"
        ],
        "criticality": "low",
        "code": {
          "coding": [
            {
              "system": "http://snomed.info/sct",
              "code": "232347008",
              "display": "Dander (animal) allergy"
            }
          ]
        },
        "patient": {
          "reference": "urn:uuid:bf47bc6f-f7ae-44b0-aed0-017e353ea287"
        },
        "assertedDate": "1978-09-08T16:32:33-04:00",
        "resourceType": "AllergyIntolerance"
      }
    },
    {
      "resource": {
        "meta": {
          "profile": [
            "http://standardhealthrecord.org/fhir/StructureDefinition/shr-allergy-AllergyIntolerance"
          ]
        },
        "modifierExtension": [
          {
            "extension": [
              {
                "url": "http://standardhealthrecord.org/fhir/StructureDefinition/primitive-boolean-extension",
                "valueBoolean": false
              }
            ],
            "url": "http://standardhealthrecord.org/fhir/StructureDefinition/shr-base-NonOccurrenceModifier-extension"
          }
        ],
        "clinicalStatus": "active",
        "verificationStatus": "confirmed",
        "type": "allergy",
        "category": [
          "food"
        ],
        "criticality": "high",
        "code": {
          "coding": [
            {
              "system": "http://snomed.info/sct",
              "code": "232350006",
              "display": "House dust mite allergy"
            }
          ]
        },
        "patient": {
          "reference": "urn:uuid:bf47bc6f-f7ae-44b0-aed0-017e353ea287"
        },
        "assertedDate": "1978-09-08T16:32:33-04:00",
        "resourceType": "AllergyIntolerance"
      }
    },
    {
      "resource": {
        "meta": {
          "profile": [
            "http://standardhealthrecord.org/fhir/StructureDefinition/shr-allergy-AllergyIntolerance"
          ]
        },
        "modifierExtension": [
          {
            "extension": [
              {
                "url": "http://standardhealthrecord.org/fhir/StructureDefinition/primitive-boolean-extension",
                "valueBoolean": false
              }
            ],
            "url": "http://standardhealthrecord.org/fhir/StructureDefinition/shr-base-NonOccurrenceModifier-extension"
          }
        ],
        "clinicalStatus": "active",
        "verificationStatus": "confirmed",
        "type": "allergy",
        "category": [
          "food"
        ],
        "criticality": "low",
        "code": {
          "coding": [
            {
              "system": "http://snomed.info/sct",
              "code": "419474003",
              "display": "Allergy to mould"
            }
          ]
        },
        "patient": {
          "reference": "urn:uuid:bf47bc6f-f7ae-44b0-aed0-017e353ea287"
        },
        "assertedDate": "1978-09-08T16:32:33-04:00",
        "resourceType": "AllergyIntolerance"
      }
    },
    {
      "fullUrl": "urn:uuid:9437944d-0aa6-41eb-823e-1fd7eabc1fa7",
      "resource": {
        "id": "9437944d-0aa6-41eb-823e-1fd7eabc1fa7",
        "meta": {
          "profile": [
            "http://standardhealthrecord.org/fhir/StructureDefinition/shr-problem-Problem"
          ]
        },
        "clinicalStatus": "active",
        "verificationStatus": "confirmed",
        "code": {
          "coding": [
            {
              "system": "http://snomed.info/sct",
              "code": "232353008",
              "display": "Perennial allergic rhinitis with seasonal variation"
            }
          ],
          "text": "Perennial allergic rhinitis with seasonal variation"
        },
        "subject": {
          "reference": "urn:uuid:bf47bc6f-f7ae-44b0-aed0-017e353ea287"
        },
        "context": {
          "reference": "urn:uuid:a9b47c9d-0f31-43d6-9dcd-6d2d89cb0597"
        },
        "onsetDateTime": "1982-08-26T19:09:40-04:00",
        "assertedDate": "1982-08-26",
        "resourceType": "Condition"
      }
    },
    {
      "fullUrl": "urn:uuid:201151ba-1be5-4494-a45f-a6def75558af",
      "resource": {
        "id": "201151ba-1be5-4494-a45f-a6def75558af",
        "meta": {
          "profile": [
            "http://standardhealthrecord.org/fhir/StructureDefinition/shr-problem-Problem"
          ]
        },
        "clinicalStatus": "active",
        "verificationStatus": "confirmed",
        "code": {
          "coding": [
            {
              "system": "http://snomed.info/sct",
              "code": "195967001",
              "display": "Asthma"
            }
          ],
          "text": "Asthma"
        },
        "subject": {
          "reference": "urn:uuid:bf47bc6f-f7ae-44b0-aed0-017e353ea287"
        },
        "context": {
          "reference": "urn:uuid:a9b47c9d-0f31-43d6-9dcd-6d2d89cb0597"
        },
        "onsetDateTime": "1997-05-16T00:54:02-04:00",
        "assertedDate": "1997-05-16",
        "resourceType": "Condition"
      }
    },
    {
      "fullUrl": "urn:uuid:199f3e93-f5ef-4ee4-a249-ebb28e6c3af4",
      "resource": {
        "id": "199f3e93-f5ef-4ee4-a249-ebb28e6c3af4",
        "meta": {
          "profile": [
            "http://standardhealthrecord.org/fhir/StructureDefinition/shr-problem-Problem"
          ]
        },
        "clinicalStatus": "active",
        "verificationStatus": "confirmed",
        "code": {
          "coding": [
            {
              "system": "http://snomed.info/sct",
              "code": "10509002",
              "display": "Acute bronchitis (disorder)"
            }
          ],
          "text": "Acute bronchitis (disorder)"
        },
        "subject": {
          "reference": "urn:uuid:bf47bc6f-f7ae-44b0-aed0-017e353ea287"
        },
        "context": {
          "reference": "urn:uuid:a9b47c9d-0f31-43d6-9dcd-6d2d89cb0597"
        },
        "onsetDateTime": "2010-07-24T17:31:52-04:00",
        "abatementDateTime": "2010-08-03T15:17:57-04:00",
        "assertedDate": "2010-07-24",
        "resourceType": "Condition"
      }
    },
    {
      "resource": {
        "status": "active",
        "category": [
          {
            "coding": [
              {
                "system": "http://snomed.info/sct",
                "code": "326051000000105",
                "display": "Self care"
              }
            ]
          }
        ],
        "subject": {
          "reference": "urn:uuid:bf47bc6f-f7ae-44b0-aed0-017e353ea287"
        },
        "context": {
          "reference": "urn:uuid:a9b47c9d-0f31-43d6-9dcd-6d2d89cb0597"
        },
        "period": {
          "start": "1978-08-22"
        },
        "activity": [
          {
            "detail": {
              "code": {
                "coding": [
                  {
                    "system": "http://snomed.info/sct",
                    "code": "409002",
                    "display": "Food allergy diet"
                  }
                ]
              },
              "status": "in-progress"
            }
          },
          {
            "detail": {
              "code": {
                "coding": [
                  {
                    "system": "http://snomed.info/sct",
                    "code": "58332002",
                    "display": "Allergy education"
                  }
                ]
              },
              "status": "in-progress"
            }
          }
        ],
        "resourceType": "CarePlan"
      }
    },
    {
      "resource": {
        "status": "active",
        "category": [
          {
            "coding": [
              {
                "system": "http://snomed.info/sct",
                "code": "326051000000105",
                "display": "Self care"
              }
            ]
          }
        ],
        "subject": {
          "reference": "urn:uuid:bf47bc6f-f7ae-44b0-aed0-017e353ea287"
        },
        "context": {
          "reference": "urn:uuid:a9b47c9d-0f31-43d6-9dcd-6d2d89cb0597"
        },
        "period": {
          "start": "1978-09-08"
        },
        "activity": [
          {
            "detail": {
              "code": {
                "coding": [
                  {
                    "system": "http://snomed.info/sct",
                    "code": "58332002",
                    "display": "Allergy education"
                  }
                ]
              },
              "status": "in-progress"
            }
          }
        ],
        "resourceType": "CarePlan"
      }
    },
    {
      "resource": {
        "status": "active",
        "category": [
          {
            "coding": [
              {
                "system": "http://snomed.info/sct",
                "code": "699728000",
                "display": "Asthma self management"
              }
            ]
          }
        ],
        "subject": {
          "reference": "urn:uuid:bf47bc6f-f7ae-44b0-aed0-017e353ea287"
        },
        "context": {
          "reference": "urn:uuid:a9b47c9d-0f31-43d6-9dcd-6d2d89cb0597"
        },
        "period": {
          "start": "1980-03-12"
        },
        "activity": [
          {
            "detail": {
              "code": {
                "coding": [
                  {
                    "system": "http://snomed.info/sct",
                    "code": "710818004",
                    "display": "Inhaled steroid therapy"
                  }
                ]
              },
              "status": "in-progress"
            }
          },
          {
            "detail": {
              "code": {
                "coding": [
                  {
                    "system": "http://snomed.info/sct",
                    "code": "708409001",
                    "display": "Home nebulizer therapy"
                  }
                ]
              },
              "status": "in-progress"
            }
          },
          {
            "detail": {
              "code": {
                "coding": [
                  {
                    "system": "http://snomed.info/sct",
                    "code": "229298005",
                    "display": "Breathing control"
                  }
                ]
              },
              "status": "in-progress"
            }
          }
        ],
        "resourceType": "CarePlan"
      }
    },
    {
      "resource": {
        "status": "completed",
        "category": [
          {
            "coding": [
              {
                "system": "http://snomed.info/sct",
                "code": "53950000",
                "display": "Respiratory therapy"
              }
            ]
          }
        ],
        "subject": {
          "reference": "urn:uuid:bf47bc6f-f7ae-44b0-aed0-017e353ea287"
        },
        "context": {
          "reference": "urn:uuid:a9b47c9d-0f31-43d6-9dcd-6d2d89cb0597"
        },
        "period": {
          "start": "2010-07-24",
          "end": "2012-06-02"
        },
        "addresses": [
          {
            "reference": "urn:uuid:199f3e93-f5ef-4ee4-a249-ebb28e6c3af4"
          }
        ],
        "activity": [
          {
            "detail": {
              "code": {
                "coding": [
                  {
                    "system": "http://snomed.info/sct",
                    "code": "304510005",
                    "display": "Recommendation to avoid exercise"
                  }
                ]
              },
              "status": "completed"
            }
          },
          {
            "detail": {
              "code": {
                "coding": [
                  {
                    "system": "http://snomed.info/sct",
                    "code": "371605008",
                    "display": "Deep breathing and coughing exercises"
                  }
                ]
              },
              "status": "completed"
            }
          }
        ],
        "resourceType": "CarePlan"
      }
    },
    {
      "resource": {
        "meta": {
          "profile": [
            "http://standardhealthrecord.org/fhir/StructureDefinition/shr-medication-Medication"
          ]
        },
        "code": {
          "coding": [
            {
              "system": "http://www.nlm.nih.gov/research/umls/rxnorm",
              "code": "239981",
              "display": "Chlorpheniramine 2 MG Chewable Tablet"
            }
          ],
          "text": "Chlorpheniramine 2 MG Chewable Tablet"
        },
        "resourceType": "Medication"
      }
    },
    {
      "resource": {
        "meta": {
          "profile": [
            "http://standardhealthrecord.org/fhir/StructureDefinition/shr-medication-MedicationPrescription"
          ]
        },
        "extension": [
          {
            "url": "http://standardhealthrecord.org/fhir/StructureDefinition/shr-base-ActionCode-extension",
            "valueCodeableConcept": {
              "coding": [
                {
                  "system": "http://snomed.info/sct",
                  "code": "33633005",
                  "display": "Prescription of drug (procedure)"
                }
              ],
              "text": "Prescription of drug (procedure)"
            }
          }
        ],
        "status": "active",
        "medicationReference": {
          "reference": ""
        },
        "subject": {
          "reference": "urn:uuid:bf47bc6f-f7ae-44b0-aed0-017e353ea287"
        },
        "context": {
          "reference": "urn:uuid:a9b47c9d-0f31-43d6-9dcd-6d2d89cb0597"
        },
        "authoredOn": "1978-09-08",
        "dosageInstruction": [
          {
            "sequence": 1,
            "asNeededBoolean": true
          }
        ],
        "resourceType": "MedicationRequest"
      }
    },
    {
      "resource": {
        "meta": {
          "profile": [
            "http://standardhealthrecord.org/fhir/StructureDefinition/shr-medication-Medication"
          ]
        },
        "code": {
          "coding": [
            {
              "system": "http://www.nlm.nih.gov/research/umls/rxnorm",
              "code": "895994",
              "display": "120 ACTUAT Fluticasone propionate 0.044 MG/ACTUAT Metered Dose Inhaler"
            }
          ],
          "text": "120 ACTUAT Fluticasone propionate 0.044 MG/ACTUAT Metered Dose Inhaler"
        },
        "resourceType": "Medication"
      }
    },
    {
      "resource": {
        "meta": {
          "profile": [
            "http://standardhealthrecord.org/fhir/StructureDefinition/shr-medication-MedicationPrescription"
          ]
        },
        "extension": [
          {
            "url": "http://standardhealthrecord.org/fhir/StructureDefinition/shr-base-ActionCode-extension",
            "valueCodeableConcept": {
              "coding": [
                {
                  "system": "http://snomed.info/sct",
                  "code": "33633005",
                  "display": "Prescription of drug (procedure)"
                }
              ],
              "text": "Prescription of drug (procedure)"
            }
          }
        ],
        "status": "active",
        "medicationReference": {
          "reference": ""
        },
        "subject": {
          "reference": "urn:uuid:bf47bc6f-f7ae-44b0-aed0-017e353ea287"
        },
        "context": {
          "reference": "urn:uuid:a9b47c9d-0f31-43d6-9dcd-6d2d89cb0597"
        },
        "authoredOn": "1980-03-12",
        "dosageInstruction": [
          {
            "sequence": 1,
            "asNeededBoolean": true
          }
        ],
        "resourceType": "MedicationRequest"
      }
    },
    {
      "resource": {
        "meta": {
          "profile": [
            "http://standardhealthrecord.org/fhir/StructureDefinition/shr-medication-Medication"
          ]
        },
        "code": {
          "coding": [
            {
              "system": "http://www.nlm.nih.gov/research/umls/rxnorm",
              "code": "745679",
              "display": "200 ACTUAT Albuterol 0.09 MG/ACTUAT Metered Dose Inhaler"
            }
          ],
          "text": "200 ACTUAT Albuterol 0.09 MG/ACTUAT Metered Dose Inhaler"
        },
        "resourceType": "Medication"
      }
    },
    {
      "resource": {
        "meta": {
          "profile": [
            "http://standardhealthrecord.org/fhir/StructureDefinition/shr-medication-MedicationPrescription"
          ]
        },
        "extension": [
          {
            "url": "http://standardhealthrecord.org/fhir/StructureDefinition/shr-base-ActionCode-extension",
            "valueCodeableConcept": {
              "coding": [
                {
                  "system": "http://snomed.info/sct",
                  "code": "33633005",
                  "display": "Prescription of drug (procedure)"
                }
              ],
              "text": "Prescription of drug (procedure)"
            }
          }
        ],
        "status": "active",
        "medicationReference": {
          "reference": ""
        },
        "subject": {
          "reference": "urn:uuid:bf47bc6f-f7ae-44b0-aed0-017e353ea287"
        },
        "context": {
          "reference": "urn:uuid:a9b47c9d-0f31-43d6-9dcd-6d2d89cb0597"
        },
        "authoredOn": "1980-03-12",
        "dosageInstruction": [
          {
            "sequence": 1,
            "asNeededBoolean": true
          }
        ],
        "resourceType": "MedicationRequest"
      }
    },
    {
      "resource": {
        "meta": {
          "profile": [
            "http://standardhealthrecord.org/fhir/StructureDefinition/shr-medication-Medication"
          ]
        },
        "code": {
          "coding": [
            {
              "system": "http://www.nlm.nih.gov/research/umls/rxnorm",
              "code": "1020137",
              "display": "Dextromethorphan Hydrobromide 1 MG/ML"
            }
          ],
          "text": "Dextromethorphan Hydrobromide 1 MG/ML"
        },
        "resourceType": "Medication"
      }
    },
    {
      "resource": {
        "meta": {
          "profile": [
            "http://standardhealthrecord.org/fhir/StructureDefinition/shr-medication-MedicationPrescription"
          ]
        },
        "extension": [
          {
            "url": "http://standardhealthrecord.org/fhir/StructureDefinition/shr-base-ActionCode-extension",
            "valueCodeableConcept": {
              "coding": [
                {
                  "system": "http://snomed.info/sct",
                  "code": "33633005",
                  "display": "Prescription of drug (procedure)"
                }
              ],
              "text": "Prescription of drug (procedure)"
            }
          }
        ],
        "status": "stopped",
        "medicationReference": {
          "reference": ""
        },
        "subject": {
          "reference": "urn:uuid:bf47bc6f-f7ae-44b0-aed0-017e353ea287"
        },
        "context": {
          "reference": "urn:uuid:a9b47c9d-0f31-43d6-9dcd-6d2d89cb0597"
        },
        "authoredOn": "2010-07-24",
        "reasonReference": [
          {
            "reference": "urn:uuid:199f3e93-f5ef-4ee4-a249-ebb28e6c3af4"
          }
        ],
        "dosageInstruction": [
          {

          }
        ],
        "resourceType": "MedicationRequest"
      }
    },
    {
      "fullUrl": "urn:uuid:6224034e-98e4-4d1b-a441-0e2c34e6b794",
      "resource": {
        "id": "6224034e-98e4-4d1b-a441-0e2c34e6b794",
        "meta": {
          "profile": [
            "http://standardhealthrecord.org/fhir/StructureDefinition/shr-encounter-Encounter"
          ]
        },
        "status": "finished",
        "class": {
          "code": "ambulatory"
        },
        "type": [
          {
            "coding": [
              {
                "system": "http://snomed.info/sct",
                "code": "394701000"
              }
            ],
            "text": "Asthma follow-up"
          }
        ],
        "subject": {
          "reference": "urn:uuid:bf47bc6f-f7ae-44b0-aed0-017e353ea287"
        },
        "period": {
          "start": "2011-05-21T23:53:01-04:00",
          "end": "2011-05-21T23:53:01-04:00"
        },
        "reason": {
          "coding": [
            {
              "system": "http://snomed.info/sct",
              "code": "195967001",
              "display": "Asthma"
            }
          ]
        },
        "serviceProvider": {
          "reference": "urn:uuid:0bd6c724-0000-4e48-96cf-93f1e1b04489"
        },
        "resourceType": "Encounter"
      }
    },
    {
      "fullUrl": "urn:uuid:72b86953-9f44-481f-80b8-14bdf9daccba",
      "resource": {
        "id": "72b86953-9f44-481f-80b8-14bdf9daccba",
        "meta": {
          "profile": [
            "http://standardhealthrecord.org/fhir/StructureDefinition/shr-encounter-Encounter"
          ]
        },
        "status": "finished",
        "class": {
          "code": "ambulatory"
        },
        "type": [
          {
            "coding": [
              {
                "system": "http://snomed.info/sct",
                "code": "394701000"
              }
            ],
            "text": "Asthma follow-up"
          }
        ],
        "subject": {
          "reference": "urn:uuid:bf47bc6f-f7ae-44b0-aed0-017e353ea287"
        },
        "period": {
          "start": "2012-05-21T23:53:01-04:00",
          "end": "2012-05-21T23:53:01-04:00"
        },
        "reason": {
          "coding": [
            {
              "system": "http://snomed.info/sct",
              "code": "195967001",
              "display": "Asthma"
            }
          ]
        },
        "serviceProvider": {
          "reference": "urn:uuid:0bd6c724-0000-4e48-96cf-93f1e1b04489"
        },
        "resourceType": "Encounter"
      }
    },
    {
      "fullUrl": "urn:uuid:057596fe-e7c6-4ff1-afb9-c592af7845a4",
      "resource": {
        "id": "057596fe-e7c6-4ff1-afb9-c592af7845a4",
        "meta": {
          "profile": [
            "http://standardhealthrecord.org/fhir/StructureDefinition/shr-encounter-Encounter"
          ]
        },
        "status": "finished",
        "class": {
          "code": "outpatient"
        },
        "type": [
          {
            "coding": [
              {
                "system": "http://snomed.info/sct",
                "code": "185349003"
              }
            ],
            "text": "Outpatient Encounter"
          }
        ],
        "subject": {
          "reference": "urn:uuid:bf47bc6f-f7ae-44b0-aed0-017e353ea287"
        },
        "period": {
          "start": "2012-06-02T13:33:23-04:00",
          "end": "2012-06-02T14:33:23-04:00"
        },
        "serviceProvider": {
          "reference": "urn:uuid:0bd6c724-0000-4e48-96cf-93f1e1b04489"
        },
        "resourceType": "Encounter"
      }
    },
    {
      "fullUrl": "urn:uuid:f58c63d3-a993-4be6-aa31-2c158b3c42b3",
      "resource": {
        "id": "f58c63d3-a993-4be6-aa31-2c158b3c42b3",
        "meta": {
          "profile": [
            "http://standardhealthrecord.org/fhir/StructureDefinition/shr-observation-Observation",
            "http://standardhealthrecord.org/fhir/StructureDefinition/shr-vital-VitalSign",
            "http://standardhealthrecord.org/fhir/StructureDefinition/shr-vital-BodyHeight"
          ]
        },
        "status": "final",
        "category": [
          {
            "coding": [
              {
                "system": "http://hl7.org/fhir/observation-category",
                "code": "vital-signs"
              }
            ]
          }
        ],
        "code": {
          "coding": [
            {
              "system": "http://loinc.org",
              "code": "8302-2",
              "display": "Body Height"
            }
          ],
          "text": "Body Height"
        },
        "subject": {
          "reference": "urn:uuid:bf47bc6f-f7ae-44b0-aed0-017e353ea287"
        },
        "context": {
          "reference": "urn:uuid:057596fe-e7c6-4ff1-afb9-c592af7845a4"
        },
        "effectiveDateTime": "2012-06-02T13:33:23-04:00",
        "issued": "2012-06-02T13:33:23-04:00",
        "valueQuantity": {
          "value": 174.05306851494964,
          "unit": "cm",
          "system": "http://unitsofmeasure.org/",
          "code": "cm"
        },
        "resourceType": "Observation"
      }
    },
    {
      "fullUrl": "urn:uuid:1810a0c9-406f-4434-a2c3-fe91aa9bb768",
      "resource": {
        "id": "1810a0c9-406f-4434-a2c3-fe91aa9bb768",
        "meta": {
          "profile": [
            "http://standardhealthrecord.org/fhir/StructureDefinition/shr-observation-Observation",
            "http://standardhealthrecord.org/fhir/StructureDefinition/shr-vital-VitalSign",
            "http://standardhealthrecord.org/fhir/StructureDefinition/shr-vital-BodyWeight"
          ]
        },
        "status": "final",
        "category": [
          {
            "coding": [
              {
                "system": "http://hl7.org/fhir/observation-category",
                "code": "vital-signs"
              }
            ]
          }
        ],
        "code": {
          "coding": [
            {
              "system": "http://loinc.org",
              "code": "29463-7",
              "display": "Body Weight"
            }
          ],
          "text": "Body Weight"
        },
        "subject": {
          "reference": "urn:uuid:bf47bc6f-f7ae-44b0-aed0-017e353ea287"
        },
        "context": {
          "reference": "urn:uuid:057596fe-e7c6-4ff1-afb9-c592af7845a4"
        },
        "effectiveDateTime": "2012-06-02T13:33:23-04:00",
        "issued": "2012-06-02T13:33:23-04:00",
        "valueQuantity": {
          "value": 114.89126076344714,
          "unit": "kg",
          "system": "http://unitsofmeasure.org/",
          "code": "kg"
        },
        "resourceType": "Observation"
      }
    },
    {
      "fullUrl": "urn:uuid:fbe1a6af-b8c8-438c-afb9-e9f6278f21db",
      "resource": {
        "id": "fbe1a6af-b8c8-438c-afb9-e9f6278f21db",
        "meta": {
          "profile": [
            "http://standardhealthrecord.org/fhir/StructureDefinition/shr-observation-Observation",
            "http://standardhealthrecord.org/fhir/StructureDefinition/shr-vital-VitalSign",
            "http://standardhealthrecord.org/fhir/StructureDefinition/shr-vital-BodyMassIndex"
          ]
        },
        "status": "final",
        "category": [
          {
            "coding": [
              {
                "system": "http://hl7.org/fhir/observation-category",
                "code": "vital-signs"
              }
            ]
          }
        ],
        "code": {
          "coding": [
            {
              "system": "http://loinc.org",
              "code": "39156-5",
              "display": "Body Mass Index"
            }
          ],
          "text": "Body Mass Index"
        },
        "subject": {
          "reference": "urn:uuid:bf47bc6f-f7ae-44b0-aed0-017e353ea287"
        },
        "context": {
          "reference": "urn:uuid:057596fe-e7c6-4ff1-afb9-c592af7845a4"
        },
        "effectiveDateTime": "2012-06-02T13:33:23-04:00",
        "issued": "2012-06-02T13:33:23-04:00",
        "valueQuantity": {
          "value": 37.924828611432844,
          "unit": "kg/m2",
          "system": "http://unitsofmeasure.org/",
          "code": "kg/m2"
        },
        "resourceType": "Observation"
      }
    },
    {
      "fullUrl": "urn:uuid:55ec8b1f-2582-4978-94be-f4335922792a",
      "resource": {
        "id": "55ec8b1f-2582-4978-94be-f4335922792a",
        "meta": {
          "profile": [
            "http://standardhealthrecord.org/fhir/StructureDefinition/shr-observation-Observation",
            "http://standardhealthrecord.org/fhir/StructureDefinition/shr-vital-BloodPressure"
          ]
        },
        "status": "final",
        "category": [
          {
            "coding": [
              {
                "system": "http://hl7.org/fhir/observation-category",
                "code": "vital-signs"
              }
            ]
          }
        ],
        "code": {
          "coding": [
            {
              "system": "http://loinc.org",
              "code": "55284-4",
              "display": "Blood Pressure"
            }
          ]
        },
        "subject": {
          "reference": "urn:uuid:bf47bc6f-f7ae-44b0-aed0-017e353ea287"
        },
        "context": {
          "reference": "urn:uuid:057596fe-e7c6-4ff1-afb9-c592af7845a4"
        },
        "effectiveDateTime": "2012-06-02T13:33:23-04:00",
        "issued": "2012-06-02T13:33:23-04:00",
        "component": [
          {
            "code": {
              "coding": [
                {
                  "system": "http://loinc.org",
                  "code": "8480-6",
                  "display": "Systolic Blood Pressure"
                }
              ],
              "text": "Systolic Blood Pressure"
            },
            "valueQuantity": {
              "value": 121,
              "unit": "mmHg",
              "system": "http://unitsofmeasure.org/",
              "code": "mmHg"
            }
          },
          {
            "code": {
              "coding": [
                {
                  "system": "http://loinc.org",
                  "code": "8462-4",
                  "display": "Diastolic Blood Pressure"
                }
              ],
              "text": "Diastolic Blood Pressure"
            },
            "valueQuantity": {
              "value": 76,
              "unit": "mmHg",
              "system": "http://unitsofmeasure.org/",
              "code": "mmHg"
            }
          }
        ],
        "resourceType": "Observation"
      }
    },
    {
      "resource": {
        "meta": {
          "profile": [
            "http://standardhealthrecord.org/fhir/StructureDefinition/shr-immunization-Immunization"
          ]
        },
        "status": "completed",
        "notGiven": false,
        "vaccineCode": {
          "coding": [
            {
              "system": "http://hl7.org/fhir/sid/cvx",
              "code": "140",
              "display": "Influenza, seasonal, injectable, preservative free"
            }
          ],
          "text": "Influenza, seasonal, injectable, preservative free"
        },
        "patient": {
          "reference": "urn:uuid:bf47bc6f-f7ae-44b0-aed0-017e353ea287"
        },
        "encounter": {
          "reference": "urn:uuid:057596fe-e7c6-4ff1-afb9-c592af7845a4"
        },
        "date": "2012-06-02T13:33:23-04:00",
        "primarySource": true,
        "resourceType": "Immunization"
      }
    },
    {
      "fullUrl": "urn:uuid:37deb122-7fe3-454e-a261-cb54cd900323",
      "resource": {
        "id": "37deb122-7fe3-454e-a261-cb54cd900323",
        "meta": {
          "profile": [
            "http://standardhealthrecord.org/fhir/StructureDefinition/shr-encounter-Encounter"
          ]
        },
        "status": "finished",
        "class": {
          "code": "ambulatory"
        },
        "type": [
          {
            "coding": [
              {
                "system": "http://snomed.info/sct",
                "code": "185345009"
              }
            ],
            "text": "Encounter for symptom"
          }
        ],
        "subject": {
          "reference": "urn:uuid:bf47bc6f-f7ae-44b0-aed0-017e353ea287"
        },
        "period": {
          "start": "2012-09-04T16:15:18-04:00",
          "end": "2012-09-04T16:15:18-04:00"
        },
        "reason": {
          "coding": [
            {
              "system": "http://snomed.info/sct",
              "code": "10509002",
              "display": "Acute bronchitis (disorder)"
            }
          ]
        },
        "serviceProvider": {
          "reference": "urn:uuid:0bd6c724-0000-4e48-96cf-93f1e1b04489"
        },
        "resourceType": "Encounter"
      }
    },
    {
      "fullUrl": "urn:uuid:ff2885e4-2844-4c07-881a-30e743908e52",
      "resource": {
        "id": "ff2885e4-2844-4c07-881a-30e743908e52",
        "meta": {
          "profile": [
            "http://standardhealthrecord.org/fhir/StructureDefinition/shr-problem-Problem"
          ]
        },
        "clinicalStatus": "active",
        "verificationStatus": "confirmed",
        "code": {
          "coding": [
            {
              "system": "http://snomed.info/sct",
              "code": "10509002",
              "display": "Acute bronchitis (disorder)"
            }
          ],
          "text": "Acute bronchitis (disorder)"
        },
        "subject": {
          "reference": "urn:uuid:bf47bc6f-f7ae-44b0-aed0-017e353ea287"
        },
        "context": {
          "reference": "urn:uuid:37deb122-7fe3-454e-a261-cb54cd900323"
        },
        "onsetDateTime": "2012-09-02T13:33:23-04:00",
        "abatementDateTime": "2012-09-13T08:28:06-04:00",
        "assertedDate": "2012-09-02",
        "resourceType": "Condition"
      }
    },
    {
      "resource": {
        "status": "completed",
        "category": [
          {
            "coding": [
              {
                "system": "http://snomed.info/sct",
                "code": "53950000",
                "display": "Respiratory therapy"
              }
            ]
          }
        ],
        "subject": {
          "reference": "urn:uuid:bf47bc6f-f7ae-44b0-aed0-017e353ea287"
        },
        "context": {
          "reference": "urn:uuid:37deb122-7fe3-454e-a261-cb54cd900323"
        },
        "period": {
          "start": "2012-09-04",
          "end": "2014-11-30"
        },
        "addresses": [
          {
            "reference": "urn:uuid:199f3e93-f5ef-4ee4-a249-ebb28e6c3af4"
          }
        ],
        "activity": [
          {
            "detail": {
              "code": {
                "coding": [
                  {
                    "system": "http://snomed.info/sct",
                    "code": "304510005",
                    "display": "Recommendation to avoid exercise"
                  }
                ]
              },
              "status": "completed"
            }
          },
          {
            "detail": {
              "code": {
                "coding": [
                  {
                    "system": "http://snomed.info/sct",
                    "code": "371605008",
                    "display": "Deep breathing and coughing exercises"
                  }
                ]
              },
              "status": "completed"
            }
          }
        ],
        "resourceType": "CarePlan"
      }
    },
    {
      "resource": {
        "meta": {
          "profile": [
            "http://standardhealthrecord.org/fhir/StructureDefinition/shr-medication-Medication"
          ]
        },
        "code": {
          "coding": [
            {
              "system": "http://www.nlm.nih.gov/research/umls/rxnorm",
              "code": "608680",
              "display": "Acetaminophen 160 MG"
            }
          ],
          "text": "Acetaminophen 160 MG"
        },
        "resourceType": "Medication"
      }
    },
    {
      "resource": {
        "meta": {
          "profile": [
            "http://standardhealthrecord.org/fhir/StructureDefinition/shr-medication-MedicationPrescription"
          ]
        },
        "extension": [
          {
            "url": "http://standardhealthrecord.org/fhir/StructureDefinition/shr-base-ActionCode-extension",
            "valueCodeableConcept": {
              "coding": [
                {
                  "system": "http://snomed.info/sct",
                  "code": "33633005",
                  "display": "Prescription of drug (procedure)"
                }
              ],
              "text": "Prescription of drug (procedure)"
            }
          }
        ],
        "status": "stopped",
        "medicationReference": {
          "reference": ""
        },
        "subject": {
          "reference": "urn:uuid:bf47bc6f-f7ae-44b0-aed0-017e353ea287"
        },
        "context": {
          "reference": "urn:uuid:37deb122-7fe3-454e-a261-cb54cd900323"
        },
        "authoredOn": "2012-09-04",
        "reasonReference": [
          {
            "reference": "urn:uuid:199f3e93-f5ef-4ee4-a249-ebb28e6c3af4"
          }
        ],
        "dosageInstruction": [
          {

          }
        ],
        "resourceType": "MedicationRequest"
      }
    },
    {
      "fullUrl": "urn:uuid:2462a1df-8e9f-4807-bee6-dcbd19b0c4de",
      "resource": {
        "id": "2462a1df-8e9f-4807-bee6-dcbd19b0c4de",
        "meta": {
          "profile": [
            "http://standardhealthrecord.org/fhir/StructureDefinition/shr-encounter-Encounter"
          ]
        },
        "status": "finished",
        "class": {
          "code": "emergency"
        },
        "type": [
          {
            "coding": [
              {
                "system": "http://snomed.info/sct",
                "code": "183478001"
              }
            ],
            "text": "Emergency hospital admission for asthma"
          }
        ],
        "subject": {
          "reference": "urn:uuid:bf47bc6f-f7ae-44b0-aed0-017e353ea287"
        },
        "period": {
          "start": "2014-11-21T23:53:01-05:00",
          "end": "2014-11-21T23:53:01-05:00"
        },
        "reason": {
          "coding": [
            {
              "system": "http://snomed.info/sct",
              "code": "195967001",
              "display": "Asthma"
            }
          ]
        },
        "serviceProvider": {
          "reference": "urn:uuid:0bd6c724-0000-4e48-96cf-93f1e1b04489"
        },
        "resourceType": "Encounter"
      }
    },
    {
      "fullUrl": "urn:uuid:27cb77e4-23dc-4767-8e3f-38e539f1c61c",
      "resource": {
        "id": "27cb77e4-23dc-4767-8e3f-38e539f1c61c",
        "meta": {
          "profile": [
            "http://standardhealthrecord.org/fhir/StructureDefinition/shr-encounter-Encounter"
          ]
        },
        "status": "finished",
        "class": {
          "code": "ambulatory"
        },
        "type": [
          {
            "coding": [
              {
                "system": "http://snomed.info/sct",
                "code": "394701000"
              }
            ],
            "text": "Asthma follow-up"
          }
        ],
        "subject": {
          "reference": "urn:uuid:bf47bc6f-f7ae-44b0-aed0-017e353ea287"
        },
        "period": {
          "start": "2014-11-24T12:38:02-05:00",
          "end": "2014-11-24T12:38:02-05:00"
        },
        "reason": {
          "coding": [
            {
              "system": "http://snomed.info/sct",
              "code": "195967001",
              "display": "Asthma"
            }
          ]
        },
        "serviceProvider": {
          "reference": "urn:uuid:0bd6c724-0000-4e48-96cf-93f1e1b04489"
        },
        "resourceType": "Encounter"
      }
    },
    {
      "fullUrl": "urn:uuid:fbf362f1-d4d5-47ea-a085-782dc422ea0e",
      "resource": {
        "id": "fbf362f1-d4d5-47ea-a085-782dc422ea0e",
        "meta": {
          "profile": [
            "http://standardhealthrecord.org/fhir/StructureDefinition/shr-encounter-Encounter"
          ]
        },
        "status": "finished",
        "class": {
          "code": "outpatient"
        },
        "type": [
          {
            "coding": [
              {
                "system": "http://snomed.info/sct",
                "code": "185349003"
              }
            ],
            "text": "Outpatient Encounter"
          }
        ],
        "subject": {
          "reference": "urn:uuid:bf47bc6f-f7ae-44b0-aed0-017e353ea287"
        },
        "period": {
          "start": "2014-11-30T14:26:33-05:00",
          "end": "2014-11-30T15:26:33-05:00"
        },
        "serviceProvider": {
          "reference": "urn:uuid:0bd6c724-0000-4e48-96cf-93f1e1b04489"
        },
        "resourceType": "Encounter"
      }
    },
    {
      "fullUrl": "urn:uuid:4894d432-76b7-45e4-a368-ac5b46b76d1b",
      "resource": {
        "id": "4894d432-76b7-45e4-a368-ac5b46b76d1b",
        "meta": {
          "profile": [
            "http://standardhealthrecord.org/fhir/StructureDefinition/shr-observation-Observation",
            "http://standardhealthrecord.org/fhir/StructureDefinition/shr-vital-VitalSign",
            "http://standardhealthrecord.org/fhir/StructureDefinition/shr-vital-BodyHeight"
          ]
        },
        "status": "final",
        "category": [
          {
            "coding": [
              {
                "system": "http://hl7.org/fhir/observation-category",
                "code": "vital-signs"
              }
            ]
          }
        ],
        "code": {
          "coding": [
            {
              "system": "http://loinc.org",
              "code": "8302-2",
              "display": "Body Height"
            }
          ],
          "text": "Body Height"
        },
        "subject": {
          "reference": "urn:uuid:bf47bc6f-f7ae-44b0-aed0-017e353ea287"
        },
        "context": {
          "reference": "urn:uuid:fbf362f1-d4d5-47ea-a085-782dc422ea0e"
        },
        "effectiveDateTime": "2014-11-30T14:26:33-05:00",
        "issued": "2014-11-30T14:26:33-05:00",
        "valueQuantity": {
          "value": 174.05306851494964,
          "unit": "cm",
          "system": "http://unitsofmeasure.org/",
          "code": "cm"
        },
        "resourceType": "Observation"
      }
    },
    {
      "fullUrl": "urn:uuid:56e4683b-f9a6-4b74-8b38-8cdef7142d8f",
      "resource": {
        "id": "56e4683b-f9a6-4b74-8b38-8cdef7142d8f",
        "meta": {
          "profile": [
            "http://standardhealthrecord.org/fhir/StructureDefinition/shr-observation-Observation",
            "http://standardhealthrecord.org/fhir/StructureDefinition/shr-vital-VitalSign",
            "http://standardhealthrecord.org/fhir/StructureDefinition/shr-vital-BodyWeight"
          ]
        },
        "status": "final",
        "category": [
          {
            "coding": [
              {
                "system": "http://hl7.org/fhir/observation-category",
                "code": "vital-signs"
              }
            ]
          }
        ],
        "code": {
          "coding": [
            {
              "system": "http://loinc.org",
              "code": "29463-7",
              "display": "Body Weight"
            }
          ],
          "text": "Body Weight"
        },
        "subject": {
          "reference": "urn:uuid:bf47bc6f-f7ae-44b0-aed0-017e353ea287"
        },
        "context": {
          "reference": "urn:uuid:fbf362f1-d4d5-47ea-a085-782dc422ea0e"
        },
        "effectiveDateTime": "2014-11-30T14:26:33-05:00",
        "issued": "2014-11-30T14:26:33-05:00",
        "valueQuantity": {
          "value": 117.3822693697372,
          "unit": "kg",
          "system": "http://unitsofmeasure.org/",
          "code": "kg"
        },
        "resourceType": "Observation"
      }
    },
    {
      "fullUrl": "urn:uuid:153db754-eed1-4894-8dd9-996c3cd522d9",
      "resource": {
        "id": "153db754-eed1-4894-8dd9-996c3cd522d9",
        "meta": {
          "profile": [
            "http://standardhealthrecord.org/fhir/StructureDefinition/shr-observation-Observation",
            "http://standardhealthrecord.org/fhir/StructureDefinition/shr-vital-VitalSign",
            "http://standardhealthrecord.org/fhir/StructureDefinition/shr-vital-BodyMassIndex"
          ]
        },
        "status": "final",
        "category": [
          {
            "coding": [
              {
                "system": "http://hl7.org/fhir/observation-category",
                "code": "vital-signs"
              }
            ]
          }
        ],
        "code": {
          "coding": [
            {
              "system": "http://loinc.org",
              "code": "39156-5",
              "display": "Body Mass Index"
            }
          ],
          "text": "Body Mass Index"
        },
        "subject": {
          "reference": "urn:uuid:bf47bc6f-f7ae-44b0-aed0-017e353ea287"
        },
        "context": {
          "reference": "urn:uuid:fbf362f1-d4d5-47ea-a085-782dc422ea0e"
        },
        "effectiveDateTime": "2014-11-30T14:26:33-05:00",
        "issued": "2014-11-30T14:26:33-05:00",
        "valueQuantity": {
          "value": 38.74709371528321,
          "unit": "kg/m2",
          "system": "http://unitsofmeasure.org/",
          "code": "kg/m2"
        },
        "resourceType": "Observation"
      }
    },
    {
      "fullUrl": "urn:uuid:894819af-1bfb-4f3e-be24-b81af6493923",
      "resource": {
        "id": "894819af-1bfb-4f3e-be24-b81af6493923",
        "meta": {
          "profile": [
            "http://standardhealthrecord.org/fhir/StructureDefinition/shr-observation-Observation",
            "http://standardhealthrecord.org/fhir/StructureDefinition/shr-vital-BloodPressure"
          ]
        },
        "status": "final",
        "category": [
          {
            "coding": [
              {
                "system": "http://hl7.org/fhir/observation-category",
                "code": "vital-signs"
              }
            ]
          }
        ],
        "code": {
          "coding": [
            {
              "system": "http://loinc.org",
              "code": "55284-4",
              "display": "Blood Pressure"
            }
          ]
        },
        "subject": {
          "reference": "urn:uuid:bf47bc6f-f7ae-44b0-aed0-017e353ea287"
        },
        "context": {
          "reference": "urn:uuid:fbf362f1-d4d5-47ea-a085-782dc422ea0e"
        },
        "effectiveDateTime": "2014-11-30T14:26:33-05:00",
        "issued": "2014-11-30T14:26:33-05:00",
        "component": [
          {
            "code": {
              "coding": [
                {
                  "system": "http://loinc.org",
                  "code": "8480-6",
                  "display": "Systolic Blood Pressure"
                }
              ],
              "text": "Systolic Blood Pressure"
            },
            "valueQuantity": {
              "value": 132,
              "unit": "mmHg",
              "system": "http://unitsofmeasure.org/",
              "code": "mmHg"
            }
          },
          {
            "code": {
              "coding": [
                {
                  "system": "http://loinc.org",
                  "code": "8462-4",
                  "display": "Diastolic Blood Pressure"
                }
              ],
              "text": "Diastolic Blood Pressure"
            },
            "valueQuantity": {
              "value": 73,
              "unit": "mmHg",
              "system": "http://unitsofmeasure.org/",
              "code": "mmHg"
            }
          }
        ],
        "resourceType": "Observation"
      }
    },
    {
      "fullUrl": "urn:uuid:347ff08d-c12f-4e34-9236-ff7d77f76463",
      "resource": {
        "id": "347ff08d-c12f-4e34-9236-ff7d77f76463",
        "meta": {
          "profile": [
            "http://standardhealthrecord.org/fhir/StructureDefinition/shr-observation-Observation"
          ]
        },
        "status": "final",
        "category": [
          {
            "coding": [
              {
                "system": "http://hl7.org/fhir/observation-category",
                "code": "laboratory"
              }
            ]
          }
        ],
        "code": {
          "coding": [
            {
              "system": "http://loinc.org",
              "code": "2093-3",
              "display": "Total Cholesterol"
            }
          ],
          "text": "Total Cholesterol"
        },
        "subject": {
          "reference": "urn:uuid:bf47bc6f-f7ae-44b0-aed0-017e353ea287"
        },
        "context": {
          "reference": "urn:uuid:fbf362f1-d4d5-47ea-a085-782dc422ea0e"
        },
        "effectiveDateTime": "2014-11-30T14:26:33-05:00",
        "issued": "2014-11-30T14:26:33-05:00",
        "valueQuantity": {
          "value": 199,
          "unit": "mg/dL",
          "system": "http://unitsofmeasure.org/",
          "code": "mg/dL"
        },
        "resourceType": "Observation"
      }
    },
    {
      "fullUrl": "urn:uuid:af039fe4-5552-493f-aadb-65c69c2e02c8",
      "resource": {
        "id": "af039fe4-5552-493f-aadb-65c69c2e02c8",
        "meta": {
          "profile": [
            "http://standardhealthrecord.org/fhir/StructureDefinition/shr-observation-Observation"
          ]
        },
        "status": "final",
        "category": [
          {
            "coding": [
              {
                "system": "http://hl7.org/fhir/observation-category",
                "code": "laboratory"
              }
            ]
          }
        ],
        "code": {
          "coding": [
            {
              "system": "http://loinc.org",
              "code": "2571-8",
              "display": "Triglycerides"
            }
          ],
          "text": "Triglycerides"
        },
        "subject": {
          "reference": "urn:uuid:bf47bc6f-f7ae-44b0-aed0-017e353ea287"
        },
        "context": {
          "reference": "urn:uuid:fbf362f1-d4d5-47ea-a085-782dc422ea0e"
        },
        "effectiveDateTime": "2014-11-30T14:26:33-05:00",
        "issued": "2014-11-30T14:26:33-05:00",
        "valueQuantity": {
          "value": 133,
          "unit": "mg/dL",
          "system": "http://unitsofmeasure.org/",
          "code": "mg/dL"
        },
        "resourceType": "Observation"
      }
    },
    {
      "fullUrl": "urn:uuid:a34a4564-c587-4478-987b-7a260fd235a3",
      "resource": {
        "id": "a34a4564-c587-4478-987b-7a260fd235a3",
        "meta": {
          "profile": [
            "http://standardhealthrecord.org/fhir/StructureDefinition/shr-observation-Observation"
          ]
        },
        "status": "final",
        "category": [
          {
            "coding": [
              {
                "system": "http://hl7.org/fhir/observation-category",
                "code": "laboratory"
              }
            ]
          }
        ],
        "code": {
          "coding": [
            {
              "system": "http://loinc.org",
              "code": "18262-6",
              "display": "Low Density Lipoprotein Cholesterol"
            }
          ],
          "text": "Low Density Lipoprotein Cholesterol"
        },
        "subject": {
          "reference": "urn:uuid:bf47bc6f-f7ae-44b0-aed0-017e353ea287"
        },
        "context": {
          "reference": "urn:uuid:fbf362f1-d4d5-47ea-a085-782dc422ea0e"
        },
        "effectiveDateTime": "2014-11-30T14:26:33-05:00",
        "issued": "2014-11-30T14:26:33-05:00",
        "valueQuantity": {
          "value": 104,
          "unit": "mg/dL",
          "system": "http://unitsofmeasure.org/",
          "code": "mg/dL"
        },
        "resourceType": "Observation"
      }
    },
    {
      "fullUrl": "urn:uuid:48459a64-3684-4737-b98b-44f78d2acb0f",
      "resource": {
        "id": "48459a64-3684-4737-b98b-44f78d2acb0f",
        "meta": {
          "profile": [
            "http://standardhealthrecord.org/fhir/StructureDefinition/shr-observation-Observation"
          ]
        },
        "status": "final",
        "category": [
          {
            "coding": [
              {
                "system": "http://hl7.org/fhir/observation-category",
                "code": "laboratory"
              }
            ]
          }
        ],
        "code": {
          "coding": [
            {
              "system": "http://loinc.org",
              "code": "2085-9",
              "display": "High Density Lipoprotein Cholesterol"
            }
          ],
          "text": "High Density Lipoprotein Cholesterol"
        },
        "subject": {
          "reference": "urn:uuid:bf47bc6f-f7ae-44b0-aed0-017e353ea287"
        },
        "context": {
          "reference": "urn:uuid:fbf362f1-d4d5-47ea-a085-782dc422ea0e"
        },
        "effectiveDateTime": "2014-11-30T14:26:33-05:00",
        "issued": "2014-11-30T14:26:33-05:00",
        "valueQuantity": {
          "value": 68,
          "unit": "mg/dL",
          "system": "http://unitsofmeasure.org/",
          "code": "mg/dL"
        },
        "resourceType": "Observation"
      }
    },
    {
      "fullUrl": "urn:uuid:3cb223ec-2378-45c6-8cb4-a7fdcd9f272c",
      "resource": {
        "id": "3cb223ec-2378-45c6-8cb4-a7fdcd9f272c",
        "meta": {
          "profile": [
            "http://standardhealthrecord.org/fhir/StructureDefinition/shr-observation-Panel"
          ]
        },
        "status": "final",
        "code": {
          "coding": [
            {
              "system": "http://loinc.org",
              "code": "57698-3",
              "display": "Lipid Panel"
            }
          ]
        },
        "subject": {
          "reference": "urn:uuid:bf47bc6f-f7ae-44b0-aed0-017e353ea287"
        },
        "context": {
          "reference": "urn:uuid:fbf362f1-d4d5-47ea-a085-782dc422ea0e"
        },
        "effectiveDateTime": "2014-11-30T14:26:33-05:00",
        "issued": "2014-11-30T14:26:33-05:00",
        "result": [
          {
            "reference": "urn:uuid:347ff08d-c12f-4e34-9236-ff7d77f76463",
            "display": "Total Cholesterol"
          },
          {
            "reference": "urn:uuid:af039fe4-5552-493f-aadb-65c69c2e02c8",
            "display": "Triglycerides"
          },
          {
            "reference": "urn:uuid:a34a4564-c587-4478-987b-7a260fd235a3",
            "display": "Low Density Lipoprotein Cholesterol"
          },
          {
            "reference": "urn:uuid:48459a64-3684-4737-b98b-44f78d2acb0f",
            "display": "High Density Lipoprotein Cholesterol"
          }
        ],
        "resourceType": "DiagnosticReport"
      }
    },
    {
      "resource": {
        "meta": {
          "profile": [
            "http://standardhealthrecord.org/fhir/StructureDefinition/shr-procedure-Procedure"
          ]
        },
        "extension": [
          {
            "url": "http://standardhealthrecord.org/fhir/StructureDefinition/shr-core-CodeableConcept-extension",
            "valueCodeableConcept": {
              "coding": [
                {
                  "system": "http://snomed.info/sct",
                  "code": "428191000124101",
                  "display": "Documentation of current medications"
                }
              ],
              "text": "Documentation of current medications"
            }
          }
        ],
        "status": "completed",
        "code": {
          "coding": [
            {
              "system": "http://snomed.info/sct",
              "code": "428191000124101",
              "display": "Documentation of current medications"
            }
          ],
          "text": "Documentation of current medications"
        },
        "subject": {
          "reference": "urn:uuid:bf47bc6f-f7ae-44b0-aed0-017e353ea287"
        },
        "context": {
          "reference": "urn:uuid:fbf362f1-d4d5-47ea-a085-782dc422ea0e"
        },
        "performedDateTime": "2014-11-30T14:26:33-05:00",
        "resourceType": "Procedure"
      }
    },
    {
      "resource": {
        "meta": {
          "profile": [
            "http://standardhealthrecord.org/fhir/StructureDefinition/shr-immunization-Immunization"
          ]
        },
        "status": "completed",
        "notGiven": false,
        "vaccineCode": {
          "coding": [
            {
              "system": "http://hl7.org/fhir/sid/cvx",
              "code": "140",
              "display": "Influenza, seasonal, injectable, preservative free"
            }
          ],
          "text": "Influenza, seasonal, injectable, preservative free"
        },
        "patient": {
          "reference": "urn:uuid:bf47bc6f-f7ae-44b0-aed0-017e353ea287"
        },
        "encounter": {
          "reference": "urn:uuid:fbf362f1-d4d5-47ea-a085-782dc422ea0e"
        },
        "date": "2014-11-30T14:26:33-05:00",
        "primarySource": true,
        "resourceType": "Immunization"
      }
    },
    {
      "fullUrl": "urn:uuid:87a5b023-61fe-470b-9010-4cdf957340d9",
      "resource": {
        "id": "87a5b023-61fe-470b-9010-4cdf957340d9",
        "meta": {
          "profile": [
            "http://standardhealthrecord.org/fhir/StructureDefinition/shr-encounter-Encounter"
          ]
        },
        "status": "finished",
        "class": {
          "code": "ambulatory"
        },
        "type": [
          {
            "coding": [
              {
                "system": "http://snomed.info/sct",
                "code": "394701000"
              }
            ],
            "text": "Asthma follow-up"
          }
        ],
        "subject": {
          "reference": "urn:uuid:bf47bc6f-f7ae-44b0-aed0-017e353ea287"
        },
        "period": {
          "start": "2016-11-24T12:38:02-05:00",
          "end": "2016-11-24T12:38:02-05:00"
        },
        "reason": {
          "coding": [
            {
              "system": "http://snomed.info/sct",
              "code": "195967001",
              "display": "Asthma"
            }
          ]
        },
        "serviceProvider": {
          "reference": "urn:uuid:0bd6c724-0000-4e48-96cf-93f1e1b04489"
        },
        "resourceType": "Encounter"
      }
    }
  ],
  "resourceType": "Bundle"
}