{
  "type": "collection",
  "entry": [
    {
      "fullUrl": "urn:uuid:9aff26ba-7195-4e8e-9f1c-59cdd00f361e",
      "resource": {
        "id": "9aff26ba-7195-4e8e-9f1c-59cdd00f361e",
        "meta": {
          "profile": [
            "http://standardhealthrecord.org/fhir/StructureDefinition/shr-demographics-PersonOfRecord"
          ]
        },
        "text": {
          "status": "generated",
          "div": "<div>Generated by <a href=\"https://github.com/synthetichealth/synthea\">Synthea</a>. Version identifier: 4d02400401b9fab839e47bf5b2f1f6a8c683ab55</div>"
        },
        "extension": [
          {
            "url": "http://hl7.org/fhir/us/core/StructureDefinition/us-core-race",
            "valueCodeableConcept": {
              "coding": [
                {
                  "system": "http://hl7.org/fhir/v3/Race",
                  "code": "2106-3",
                  "display": "White"
                }
              ],
              "text": "race"
            }
          },
          {
            "url": "http://hl7.org/fhir/us/core/StructureDefinition/us-core-ethnicity",
            "valueCodeableConcept": {
              "coding": [
                {
                  "system": "http://hl7.org/fhir/v3/Ethnicity",
                  "code": "2186-5",
                  "display": "Nonhispanic"
                }
              ],
              "text": "ethnicity"
            }
          },
          {
            "url": "http://hl7.org/fhir/StructureDefinition/birthPlace",
            "valueAddress": {
              "city": "Boston",
              "state": "MA",
              "country": "US"
            }
          },
          {
            "url": "http://hl7.org/fhir/StructureDefinition/patient-mothersMaidenName",
            "valueString": "Fletcher709 Gutkowski722"
          },
          {
            "url": "http://hl7.org/fhir/us/core/StructureDefinition/us-core-birthsex",
            "valueCode": "M"
          },
          {
            "url": "http://hl7.org/fhir/StructureDefinition/patient-interpreterRequired",
            "valueBoolean": false
          },
          {
            "url": "http://standardhealthrecord.org/fhir/StructureDefinition/shr-actor-FictionalPerson-extension",
            "valueBoolean": true
          },
          {
            "url": "http://standardhealthrecord.org/fhir/StructureDefinition/shr-demographics-FathersName-extension",
            "valueHumanName": {
              "text": "Wilber842 Abbott992"
            }
          },
          {
            "url": "http://standardhealthrecord.org/fhir/StructureDefinition/shr-demographics-SocialSecurityNumber-extension",
            "valueString": "999-10-5261"
          }
        ],
        "identifier": [
          {
            "system": "https://github.com/synthetichealth/synthea",
            "value": "87a57d51-02cb-47f9-b62c-fb7937100da3"
          },
          {
            "type": {
              "coding": [
                {
                  "system": "http://hl7.org/fhir/identifier-type",
                  "code": "SB"
                }
              ]
            },
            "system": "http://hl7.org/fhir/sid/us-ssn",
            "value": "999105261"
          }
        ],
        "name": [
          {
            "use": "official",
            "family": "Abbott992",
            "given": [
              "Emie354"
            ]
          }
        ],
        "telecom": [
          {
            "system": "phone",
            "value": "522.783.8934",
            "use": "home"
          }
        ],
        "gender": "male",
        "birthDate": "2017-03-16",
        "address": [
          {
            "extension": [
              {
                "extension": [
                  {
                    "url": "latitude",
                    "valueDecimal": 42.30666136468786
                  },
                  {
                    "url": "longitude",
                    "valueDecimal": -71.20261496670079
                  }
                ],
                "url": "http://hl7.org/fhir/StructureDefinition/geolocation"
              }
            ],
            "line": [
              "2922 Schoen Skyway",
              "Apt. 250"
            ],
            "city": "Newton",
            "state": "MA",
            "postalCode": "02466",
            "country": "US"
          }
        ],
        "maritalStatus": {
          "coding": [
            {
              "system": "http://hl7.org/fhir/v3/MaritalStatus",
              "code": "S"
            }
          ],
          "text": "Never Married"
        },
        "multipleBirthBoolean": false,
        "communication": [
          {
            "language": {
              "coding": [
                {
                  "system": "http://hl7.org/fhir/ValueSet/languages",
                  "code": "en-US",
                  "display": "English (United States)"
                }
              ]
            }
          }
        ],
        "resourceType": "Patient"
      }
    },
    {
      "fullUrl": "urn:uuid:d7a24e2a-ca20-42d9-bfc3-4d54a3ecfe98",
      "resource": {
        "id": "d7a24e2a-ca20-42d9-bfc3-4d54a3ecfe98",
        "meta": {
          "profile": [
            "http://standardhealthrecord.org/fhir/StructureDefinition/shr-actor-Organization"
          ]
        },
        "type": [
          {
            "coding": [
              {
                "system": "http://hl7.org/fhir/ValueSet/organization-type",
                "code": "prov",
                "display": "Healthcare Provider"
              }
            ],
            "text": "Healthcare Provider"
          }
        ],
        "name": "Synthetic Provider",
        "resourceType": "Organization"
      }
    },
    {
      "fullUrl": "urn:uuid:5772dcd4-1aed-465c-b42f-2f439055a7b4",
      "resource": {
        "id": "5772dcd4-1aed-465c-b42f-2f439055a7b4",
        "meta": {
          "profile": [
            "http://standardhealthrecord.org/fhir/StructureDefinition/shr-encounter-Encounter"
          ]
        },
        "status": "finished",
        "class": {
          "code": "outpatient"
        },
        "type": [
          {
            "coding": [
              {
                "system": "http://snomed.info/sct",
                "code": "170258001"
              }
            ],
            "text": "Outpatient Encounter"
          }
        ],
        "subject": {
          "reference": "urn:uuid:9aff26ba-7195-4e8e-9f1c-59cdd00f361e"
        },
        "period": {
          "start": "2017-03-16T00:20:44-04:00",
          "end": "2017-03-16T01:20:44-04:00"
        },
        "serviceProvider": {
          "reference": "urn:uuid:d7a24e2a-ca20-42d9-bfc3-4d54a3ecfe98"
        },
        "resourceType": "Encounter"
      }
    },
    {
      "resource": {
        "meta": {
          "profile": [
            "http://standardhealthrecord.org/fhir/StructureDefinition/shr-immunization-Immunization"
          ]
        },
        "status": "completed",
        "notGiven": false,
        "vaccineCode": {
          "coding": [
            {
              "system": "http://hl7.org/fhir/sid/cvx",
              "code": "08",
              "display": "Hep B, adolescent or pediatric"
            }
          ],
          "text": "Hep B, adolescent or pediatric"
        },
        "patient": {
          "reference": "urn:uuid:9aff26ba-7195-4e8e-9f1c-59cdd00f361e"
        },
        "encounter": {
          "reference": "urn:uuid:5772dcd4-1aed-465c-b42f-2f439055a7b4"
        },
        "date": "2017-03-16T00:20:44-04:00",
        "primarySource": true,
        "resourceType": "Immunization"
      }
    },
    {
      "fullUrl": "urn:uuid:aeb23260-7e21-491b-b15e-7134510f7a60",
      "resource": {
        "id": "aeb23260-7e21-491b-b15e-7134510f7a60",
        "meta": {
          "profile": [
            "http://standardhealthrecord.org/fhir/StructureDefinition/shr-encounter-Encounter"
          ]
        },
        "status": "finished",
        "class": {
          "code": "outpatient"
        },
        "type": [
          {
            "coding": [
              {
                "system": "http://snomed.info/sct",
                "code": "170258001"
              }
            ],
            "text": "Outpatient Encounter"
          }
        ],
        "subject": {
          "reference": "urn:uuid:9aff26ba-7195-4e8e-9f1c-59cdd00f361e"
        },
        "period": {
          "start": "2017-04-21T01:22:32-04:00",
          "end": "2017-04-21T02:22:32-04:00"
        },
        "serviceProvider": {
          "reference": "urn:uuid:d7a24e2a-ca20-42d9-bfc3-4d54a3ecfe98"
        },
        "resourceType": "Encounter"
      }
    },
    {
      "fullUrl": "urn:uuid:9ece6f07-0e29-45ab-b49b-7fe7eb43f1ca",
      "resource": {
        "id": "9ece6f07-0e29-45ab-b49b-7fe7eb43f1ca",
        "meta": {
          "profile": [
            "http://standardhealthrecord.org/fhir/StructureDefinition/shr-observation-Observation",
            "http://standardhealthrecord.org/fhir/StructureDefinition/shr-vital-VitalSign",
            "http://standardhealthrecord.org/fhir/StructureDefinition/shr-vital-BodyHeight"
          ]
        },
        "status": "final",
        "category": [
          {
            "coding": [
              {
                "system": "http://hl7.org/fhir/observation-category",
                "code": "vital-signs"
              }
            ]
          }
        ],
        "code": {
          "coding": [
            {
              "system": "http://loinc.org",
              "code": "8302-2",
              "display": "Body Height"
            }
          ],
          "text": "Body Height"
        },
        "subject": {
          "reference": "urn:uuid:9aff26ba-7195-4e8e-9f1c-59cdd00f361e"
        },
        "context": {
          "reference": "urn:uuid:aeb23260-7e21-491b-b15e-7134510f7a60"
        },
        "effectiveDateTime": "2017-04-21T01:22:32-04:00",
        "issued": "2017-04-21T01:22:32-04:00",
        "valueQuantity": {
          "value": 57.80929811583235,
          "unit": "cm",
          "system": "http://unitsofmeasure.org/",
          "code": "cm"
        },
        "resourceType": "Observation"
      }
    },
    {
      "fullUrl": "urn:uuid:a177788c-0ca0-40b7-a27a-dfaf75b76345",
      "resource": {
        "id": "a177788c-0ca0-40b7-a27a-dfaf75b76345",
        "meta": {
          "profile": [
            "http://standardhealthrecord.org/fhir/StructureDefinition/shr-observation-Observation",
            "http://standardhealthrecord.org/fhir/StructureDefinition/shr-vital-VitalSign",
            "http://standardhealthrecord.org/fhir/StructureDefinition/shr-vital-BodyWeight"
          ]
        },
        "status": "final",
        "category": [
          {
            "coding": [
              {
                "system": "http://hl7.org/fhir/observation-category",
                "code": "vital-signs"
              }
            ]
          }
        ],
        "code": {
          "coding": [
            {
              "system": "http://loinc.org",
              "code": "29463-7",
              "display": "Body Weight"
            }
          ],
          "text": "Body Weight"
        },
        "subject": {
          "reference": "urn:uuid:9aff26ba-7195-4e8e-9f1c-59cdd00f361e"
        },
        "context": {
          "reference": "urn:uuid:aeb23260-7e21-491b-b15e-7134510f7a60"
        },
        "effectiveDateTime": "2017-04-21T01:22:32-04:00",
        "issued": "2017-04-21T01:22:32-04:00",
        "valueQuantity": {
          "value": 4.893145446857456,
          "unit": "kg",
          "system": "http://unitsofmeasure.org/",
          "code": "kg"
        },
        "resourceType": "Observation"
      }
    },
    {
      "fullUrl": "urn:uuid:891ccea3-5684-4b72-a88c-b3337f7722e6",
      "resource": {
        "id": "891ccea3-5684-4b72-a88c-b3337f7722e6",
        "meta": {
          "profile": [
            "http://standardhealthrecord.org/fhir/StructureDefinition/shr-observation-Observation",
            "http://standardhealthrecord.org/fhir/StructureDefinition/shr-vital-BloodPressure"
          ]
        },
        "status": "final",
        "category": [
          {
            "coding": [
              {
                "system": "http://hl7.org/fhir/observation-category",
                "code": "vital-signs"
              }
            ]
          }
        ],
        "code": {
          "coding": [
            {
              "system": "http://loinc.org",
              "code": "55284-4",
              "display": "Blood Pressure"
            }
          ]
        },
        "subject": {
          "reference": "urn:uuid:9aff26ba-7195-4e8e-9f1c-59cdd00f361e"
        },
        "context": {
          "reference": "urn:uuid:aeb23260-7e21-491b-b15e-7134510f7a60"
        },
        "effectiveDateTime": "2017-04-21T01:22:32-04:00",
        "issued": "2017-04-21T01:22:32-04:00",
        "component": [
          {
            "code": {
              "coding": [
                {
                  "system": "http://loinc.org",
                  "code": "8480-6",
                  "display": "Systolic Blood Pressure"
                }
              ],
              "text": "Systolic Blood Pressure"
            },
            "valueQuantity": {
              "value": 133,
              "unit": "mmHg",
              "system": "http://unitsofmeasure.org/",
              "code": "mmHg"
            }
          },
          {
            "code": {
              "coding": [
                {
                  "system": "http://loinc.org",
                  "code": "8462-4",
                  "display": "Diastolic Blood Pressure"
                }
              ],
              "text": "Diastolic Blood Pressure"
            },
            "valueQuantity": {
              "value": 88,
              "unit": "mmHg",
              "system": "http://unitsofmeasure.org/",
              "code": "mmHg"
            }
          }
        ],
        "resourceType": "Observation"
      }
    },
    {
      "resource": {
        "meta": {
          "profile": [
            "http://standardhealthrecord.org/fhir/StructureDefinition/shr-immunization-Immunization"
          ]
        },
        "status": "completed",
        "notGiven": false,
        "vaccineCode": {
          "coding": [
            {
              "system": "http://hl7.org/fhir/sid/cvx",
              "code": "08",
              "display": "Hep B, adolescent or pediatric"
            }
          ],
          "text": "Hep B, adolescent or pediatric"
        },
        "patient": {
          "reference": "urn:uuid:9aff26ba-7195-4e8e-9f1c-59cdd00f361e"
        },
        "encounter": {
          "reference": "urn:uuid:aeb23260-7e21-491b-b15e-7134510f7a60"
        },
        "date": "2017-04-21T01:22:32-04:00",
        "primarySource": true,
        "resourceType": "Immunization"
      }
    }
  ],
  "resourceType": "Bundle"
}