{
  "type": "collection",
  "entry": [
    {
      "fullUrl": "urn:uuid:d6da5695-b539-43c3-b774-e8e79979c612",
      "resource": {
        "id": "d6da5695-b539-43c3-b774-e8e79979c612",
        "meta": {
          "profile": [
            "http://standardhealthrecord.org/fhir/StructureDefinition/shr-demographics-PersonOfRecord"
          ]
        },
        "text": {
          "status": "generated",
          "div": "<div>Generated by <a href=\"https://github.com/synthetichealth/synthea\">Synthea</a>. Version identifier: 4d02400401b9fab839e47bf5b2f1f6a8c683ab55</div>"
        },
        "extension": [
          {
            "url": "http://hl7.org/fhir/us/core/StructureDefinition/us-core-race",
            "valueCodeableConcept": {
              "coding": [
                {
                  "system": "http://hl7.org/fhir/v3/Race",
                  "code": "2106-3",
                  "display": "White"
                }
              ],
              "text": "race"
            }
          },
          {
            "url": "http://hl7.org/fhir/us/core/StructureDefinition/us-core-ethnicity",
            "valueCodeableConcept": {
              "coding": [
                {
                  "system": "http://hl7.org/fhir/v3/Ethnicity",
                  "code": "2186-5",
                  "display": "Nonhispanic"
                }
              ],
              "text": "ethnicity"
            }
          },
          {
            "url": "http://hl7.org/fhir/StructureDefinition/birthPlace",
            "valueAddress": {
              "city": "Lynn",
              "state": "MA",
              "country": "US"
            }
          },
          {
            "url": "http://hl7.org/fhir/StructureDefinition/patient-mothersMaidenName",
            "valueString": "Johnpaul687 Kohler651"
          },
          {
            "url": "http://hl7.org/fhir/us/core/StructureDefinition/us-core-birthsex",
            "valueCode": "M"
          },
          {
            "url": "http://hl7.org/fhir/StructureDefinition/patient-interpreterRequired",
            "valueBoolean": false
          },
          {
            "url": "http://standardhealthrecord.org/fhir/StructureDefinition/shr-actor-FictionalPerson-extension",
            "valueBoolean": true
          },
          {
            "url": "http://standardhealthrecord.org/fhir/StructureDefinition/shr-demographics-FathersName-extension",
            "valueHumanName": {
              "text": "Christy560 Abernathy959"
            }
          },
          {
            "url": "http://standardhealthrecord.org/fhir/StructureDefinition/shr-demographics-SocialSecurityNumber-extension",
            "valueString": "999-14-8626"
          }
        ],
        "identifier": [
          {
            "system": "https://github.com/synthetichealth/synthea",
            "value": "151ac583-53a0-407e-8228-6f227311e556"
          },
          {
            "type": {
              "coding": [
                {
                  "system": "http://hl7.org/fhir/identifier-type",
                  "code": "SB"
                }
              ]
            },
            "system": "http://hl7.org/fhir/sid/us-ssn",
            "value": "999148626"
          },
          {
            "type": {
              "coding": [
                {
                  "system": "http://hl7.org/fhir/v2/0203",
                  "code": "DL"
                }
              ]
            },
            "system": "urn:oid:2.16.840.1.113883.4.3.25",
            "value": "S99943342"
          }
        ],
        "name": [
          {
            "use": "official",
            "family": "Abernathy959",
            "given": [
              "Asha954"
            ],
            "prefix": [
              "Mr."
            ]
          }
        ],
        "telecom": [
          {
            "system": "phone",
            "value": "(943) 979-9040",
            "use": "home"
          }
        ],
        "gender": "male",
        "birthDate": "1998-04-03",
        "address": [
          {
            "extension": [
              {
                "extension": [
                  {
                    "url": "latitude",
                    "valueDecimal": 42.33224610926354
                  },
                  {
                    "url": "longitude",
                    "valueDecimal": -71.14503107828469
                  }
                ],
                "url": "http://hl7.org/fhir/StructureDefinition/geolocation"
              }
            ],
            "line": [
              "83503 Leland Green",
              "Apt. 611"
            ],
            "city": "Brookline",
            "state": "MA",
            "postalCode": "02445",
            "country": "US"
          }
        ],
        "maritalStatus": {
          "coding": [
            {
              "system": "http://hl7.org/fhir/v3/MaritalStatus",
              "code": "S"
            }
          ],
          "text": "Never Married"
        },
        "multipleBirthBoolean": false,
        "communication": [
          {
            "language": {
              "coding": [
                {
                  "system": "http://hl7.org/fhir/ValueSet/languages",
                  "code": "en-US",
                  "display": "English (United States)"
                }
              ]
            }
          }
        ],
        "resourceType": "Patient"
      }
    },
    {
      "fullUrl": "urn:uuid:a263aa8c-1b7b-48a3-a16a-7eaf696b6c9e",
      "resource": {
        "id": "a263aa8c-1b7b-48a3-a16a-7eaf696b6c9e",
        "meta": {
          "profile": [
            "http://standardhealthrecord.org/fhir/StructureDefinition/shr-actor-Organization"
          ]
        },
        "type": [
          {
            "coding": [
              {
                "system": "http://hl7.org/fhir/ValueSet/organization-type",
                "code": "prov",
                "display": "Healthcare Provider"
              }
            ],
            "text": "Healthcare Provider"
          }
        ],
        "name": "Synthetic Provider",
        "resourceType": "Organization"
      }
    },
    {
      "fullUrl": "urn:uuid:77141ef8-4dc7-485c-bcaf-914b42e10ccb",
      "resource": {
        "id": "77141ef8-4dc7-485c-bcaf-914b42e10ccb",
        "meta": {
          "profile": [
            "http://standardhealthrecord.org/fhir/StructureDefinition/shr-encounter-Encounter"
          ]
        },
        "status": "finished",
        "class": {
          "code": "outpatient"
        },
        "type": [
          {
            "coding": [
              {
                "system": "http://snomed.info/sct",
                "code": "170258001"
              }
            ],
            "text": "Outpatient Encounter"
          }
        ],
        "subject": {
          "reference": "urn:uuid:d6da5695-b539-43c3-b774-e8e79979c612"
        },
        "period": {
          "start": "2011-03-06T03:23:02-05:00",
          "end": "2011-03-06T04:23:02-05:00"
        },
        "serviceProvider": {
          "reference": "urn:uuid:a263aa8c-1b7b-48a3-a16a-7eaf696b6c9e"
        },
        "resourceType": "Encounter"
      }
    },
    {
      "fullUrl": "urn:uuid:87b13715-e6aa-46c1-9bcc-47da92624fbc",
      "resource": {
        "id": "87b13715-e6aa-46c1-9bcc-47da92624fbc",
        "meta": {
          "profile": [
            "http://standardhealthrecord.org/fhir/StructureDefinition/shr-observation-Observation",
            "http://standardhealthrecord.org/fhir/StructureDefinition/shr-vital-VitalSign",
            "http://standardhealthrecord.org/fhir/StructureDefinition/shr-vital-BodyHeight"
          ]
        },
        "status": "final",
        "category": [
          {
            "coding": [
              {
                "system": "http://hl7.org/fhir/observation-category",
                "code": "vital-signs"
              }
            ]
          }
        ],
        "code": {
          "coding": [
            {
              "system": "http://loinc.org",
              "code": "8302-2",
              "display": "Body Height"
            }
          ],
          "text": "Body Height"
        },
        "subject": {
          "reference": "urn:uuid:d6da5695-b539-43c3-b774-e8e79979c612"
        },
        "context": {
          "reference": "urn:uuid:77141ef8-4dc7-485c-bcaf-914b42e10ccb"
        },
        "effectiveDateTime": "2011-03-06T03:23:02-05:00",
        "issued": "2011-03-06T03:23:02-05:00",
        "valueQuantity": {
          "value": 159.51741914690365,
          "unit": "cm",
          "system": "http://unitsofmeasure.org/",
          "code": "cm"
        },
        "resourceType": "Observation"
      }
    },
    {
      "fullUrl": "urn:uuid:e106f9b5-b07d-4ef3-bc3d-2bd046275df6",
      "resource": {
        "id": "e106f9b5-b07d-4ef3-bc3d-2bd046275df6",
        "meta": {
          "profile": [
            "http://standardhealthrecord.org/fhir/StructureDefinition/shr-observation-Observation",
            "http://standardhealthrecord.org/fhir/StructureDefinition/shr-vital-VitalSign",
            "http://standardhealthrecord.org/fhir/StructureDefinition/shr-vital-BodyWeight"
          ]
        },
        "status": "final",
        "category": [
          {
            "coding": [
              {
                "system": "http://hl7.org/fhir/observation-category",
                "code": "vital-signs"
              }
            ]
          }
        ],
        "code": {
          "coding": [
            {
              "system": "http://loinc.org",
              "code": "29463-7",
              "display": "Body Weight"
            }
          ],
          "text": "Body Weight"
        },
        "subject": {
          "reference": "urn:uuid:d6da5695-b539-43c3-b774-e8e79979c612"
        },
        "context": {
          "reference": "urn:uuid:77141ef8-4dc7-485c-bcaf-914b42e10ccb"
        },
        "effectiveDateTime": "2011-03-06T03:23:02-05:00",
        "issued": "2011-03-06T03:23:02-05:00",
        "valueQuantity": {
          "value": 46.62607228266433,
          "unit": "kg",
          "system": "http://unitsofmeasure.org/",
          "code": "kg"
        },
        "resourceType": "Observation"
      }
    },
    {
      "fullUrl": "urn:uuid:d751a5cb-4c4f-4bb2-a79a-e16d3fd278b8",
      "resource": {
        "id": "d751a5cb-4c4f-4bb2-a79a-e16d3fd278b8",
        "meta": {
          "profile": [
            "http://standardhealthrecord.org/fhir/StructureDefinition/shr-observation-Observation",
            "http://standardhealthrecord.org/fhir/StructureDefinition/shr-vital-VitalSign",
            "http://standardhealthrecord.org/fhir/StructureDefinition/shr-vital-BodyMassIndex"
          ]
        },
        "status": "final",
        "category": [
          {
            "coding": [
              {
                "system": "http://hl7.org/fhir/observation-category",
                "code": "vital-signs"
              }
            ]
          }
        ],
        "code": {
          "coding": [
            {
              "system": "http://loinc.org",
              "code": "39156-5",
              "display": "Body Mass Index"
            }
          ],
          "text": "Body Mass Index"
        },
        "subject": {
          "reference": "urn:uuid:d6da5695-b539-43c3-b774-e8e79979c612"
        },
        "context": {
          "reference": "urn:uuid:77141ef8-4dc7-485c-bcaf-914b42e10ccb"
        },
        "effectiveDateTime": "2011-03-06T03:23:02-05:00",
        "issued": "2011-03-06T03:23:02-05:00",
        "valueQuantity": {
          "value": 18.3236759840153,
          "unit": "kg/m2",
          "system": "http://unitsofmeasure.org/",
          "code": "kg/m2"
        },
        "resourceType": "Observation"
      }
    },
    {
      "fullUrl": "urn:uuid:2e21e1f4-17da-4a92-80b7-c39b2c5ae07b",
      "resource": {
        "id": "2e21e1f4-17da-4a92-80b7-c39b2c5ae07b",
        "meta": {
          "profile": [
            "http://standardhealthrecord.org/fhir/StructureDefinition/shr-observation-Observation",
            "http://standardhealthrecord.org/fhir/StructureDefinition/shr-vital-BloodPressure"
          ]
        },
        "status": "final",
        "category": [
          {
            "coding": [
              {
                "system": "http://hl7.org/fhir/observation-category",
                "code": "vital-signs"
              }
            ]
          }
        ],
        "code": {
          "coding": [
            {
              "system": "http://loinc.org",
              "code": "55284-4",
              "display": "Blood Pressure"
            }
          ]
        },
        "subject": {
          "reference": "urn:uuid:d6da5695-b539-43c3-b774-e8e79979c612"
        },
        "context": {
          "reference": "urn:uuid:77141ef8-4dc7-485c-bcaf-914b42e10ccb"
        },
        "effectiveDateTime": "2011-03-06T03:23:02-05:00",
        "issued": "2011-03-06T03:23:02-05:00",
        "component": [
          {
            "code": {
              "coding": [
                {
                  "system": "http://loinc.org",
                  "code": "8480-6",
                  "display": "Systolic Blood Pressure"
                }
              ],
              "text": "Systolic Blood Pressure"
            },
            "valueQuantity": {
              "value": 129,
              "unit": "mmHg",
              "system": "http://unitsofmeasure.org/",
              "code": "mmHg"
            }
          },
          {
            "code": {
              "coding": [
                {
                  "system": "http://loinc.org",
                  "code": "8462-4",
                  "display": "Diastolic Blood Pressure"
                }
              ],
              "text": "Diastolic Blood Pressure"
            },
            "valueQuantity": {
              "value": 74,
              "unit": "mmHg",
              "system": "http://unitsofmeasure.org/",
              "code": "mmHg"
            }
          }
        ],
        "resourceType": "Observation"
      }
    },
    {
      "resource": {
        "meta": {
          "profile": [
            "http://standardhealthrecord.org/fhir/StructureDefinition/shr-procedure-Procedure"
          ]
        },
        "extension": [
          {
            "url": "http://standardhealthrecord.org/fhir/StructureDefinition/shr-core-CodeableConcept-extension",
            "valueCodeableConcept": {
              "coding": [
                {
                  "system": "http://snomed.info/sct",
                  "code": "428191000124101",
                  "display": "Documentation of current medications"
                }
              ],
              "text": "Documentation of current medications"
            }
          }
        ],
        "status": "completed",
        "code": {
          "coding": [
            {
              "system": "http://snomed.info/sct",
              "code": "428191000124101",
              "display": "Documentation of current medications"
            }
          ],
          "text": "Documentation of current medications"
        },
        "subject": {
          "reference": "urn:uuid:d6da5695-b539-43c3-b774-e8e79979c612"
        },
        "context": {
          "reference": "urn:uuid:77141ef8-4dc7-485c-bcaf-914b42e10ccb"
        },
        "performedDateTime": "2011-03-06T03:23:02-05:00",
        "resourceType": "Procedure"
      }
    },
    {
      "resource": {
        "meta": {
          "profile": [
            "http://standardhealthrecord.org/fhir/StructureDefinition/shr-immunization-Immunization"
          ]
        },
        "status": "completed",
        "notGiven": false,
        "vaccineCode": {
          "coding": [
            {
              "system": "http://hl7.org/fhir/sid/cvx",
              "code": "140",
              "display": "Influenza, seasonal, injectable, preservative free"
            }
          ],
          "text": "Influenza, seasonal, injectable, preservative free"
        },
        "patient": {
          "reference": "urn:uuid:d6da5695-b539-43c3-b774-e8e79979c612"
        },
        "encounter": {
          "reference": "urn:uuid:77141ef8-4dc7-485c-bcaf-914b42e10ccb"
        },
        "date": "2011-03-06T03:23:02-05:00",
        "primarySource": true,
        "resourceType": "Immunization"
      }
    },
    {
      "resource": {
        "meta": {
          "profile": [
            "http://standardhealthrecord.org/fhir/StructureDefinition/shr-immunization-Immunization"
          ]
        },
        "status": "completed",
        "notGiven": false,
        "vaccineCode": {
          "coding": [
            {
              "system": "http://hl7.org/fhir/sid/cvx",
              "code": "62",
              "display": "HPV, quadrivalent"
            }
          ],
          "text": "HPV, quadrivalent"
        },
        "patient": {
          "reference": "urn:uuid:d6da5695-b539-43c3-b774-e8e79979c612"
        },
        "encounter": {
          "reference": "urn:uuid:77141ef8-4dc7-485c-bcaf-914b42e10ccb"
        },
        "date": "2011-03-06T03:23:02-05:00",
        "primarySource": true,
        "resourceType": "Immunization"
      }
    },
    {
      "fullUrl": "urn:uuid:b96b6d22-babd-420c-a866-3f412b8f21a7",
      "resource": {
        "id": "b96b6d22-babd-420c-a866-3f412b8f21a7",
        "meta": {
          "profile": [
            "http://standardhealthrecord.org/fhir/StructureDefinition/shr-encounter-Encounter"
          ]
        },
        "status": "finished",
        "class": {
          "code": "ambulatory"
        },
        "type": [
          {
            "coding": [
              {
                "system": "http://snomed.info/sct",
                "code": "185345009"
              }
            ],
            "text": "Encounter for symptom"
          }
        ],
        "subject": {
          "reference": "urn:uuid:d6da5695-b539-43c3-b774-e8e79979c612"
        },
        "period": {
          "start": "2011-04-21T23:13:26-04:00",
          "end": "2011-04-21T23:13:26-04:00"
        },
        "reason": {
          "coding": [
            {
              "system": "http://snomed.info/sct",
              "code": "444814009",
              "display": "Viral sinusitis (disorder)"
            }
          ]
        },
        "serviceProvider": {
          "reference": "urn:uuid:a263aa8c-1b7b-48a3-a16a-7eaf696b6c9e"
        },
        "resourceType": "Encounter"
      }
    },
    {
      "fullUrl": "urn:uuid:32eac9c7-f207-4360-955d-e816f347cd1e",
      "resource": {
        "id": "32eac9c7-f207-4360-955d-e816f347cd1e",
        "meta": {
          "profile": [
            "http://standardhealthrecord.org/fhir/StructureDefinition/shr-problem-Problem"
          ]
        },
        "clinicalStatus": "active",
        "verificationStatus": "confirmed",
        "code": {
          "coding": [
            {
              "system": "http://snomed.info/sct",
              "code": "444814009",
              "display": "Viral sinusitis (disorder)"
            }
          ],
          "text": "Viral sinusitis (disorder)"
        },
        "subject": {
          "reference": "urn:uuid:d6da5695-b539-43c3-b774-e8e79979c612"
        },
        "context": {
          "reference": "urn:uuid:b96b6d22-babd-420c-a866-3f412b8f21a7"
        },
        "onsetDateTime": "2011-04-14T11:27:30-04:00",
        "abatementDateTime": "2011-05-08T19:58:38-04:00",
        "assertedDate": "2011-04-14",
        "resourceType": "Condition"
      }
    },
    {
      "fullUrl": "urn:uuid:3d96f7bc-a90d-488d-9122-98f87e3bf8b0",
      "resource": {
        "id": "3d96f7bc-a90d-488d-9122-98f87e3bf8b0",
        "meta": {
          "profile": [
            "http://standardhealthrecord.org/fhir/StructureDefinition/shr-encounter-Encounter"
          ]
        },
        "status": "finished",
        "class": {
          "code": "outpatient"
        },
        "type": [
          {
            "coding": [
              {
                "system": "http://snomed.info/sct",
                "code": "170258001"
              }
            ],
            "text": "Outpatient Encounter"
          }
        ],
        "subject": {
          "reference": "urn:uuid:d6da5695-b539-43c3-b774-e8e79979c612"
        },
        "period": {
          "start": "2012-03-24T20:51:48-04:00",
          "end": "2012-03-24T21:51:48-04:00"
        },
        "serviceProvider": {
          "reference": "urn:uuid:a263aa8c-1b7b-48a3-a16a-7eaf696b6c9e"
        },
        "resourceType": "Encounter"
      }
    },
    {
      "fullUrl": "urn:uuid:17c66e0b-2c83-43ef-acae-7200b81aabfb",
      "resource": {
        "id": "17c66e0b-2c83-43ef-acae-7200b81aabfb",
        "meta": {
          "profile": [
            "http://standardhealthrecord.org/fhir/StructureDefinition/shr-observation-Observation",
            "http://standardhealthrecord.org/fhir/StructureDefinition/shr-vital-VitalSign",
            "http://standardhealthrecord.org/fhir/StructureDefinition/shr-vital-BodyHeight"
          ]
        },
        "status": "final",
        "category": [
          {
            "coding": [
              {
                "system": "http://hl7.org/fhir/observation-category",
                "code": "vital-signs"
              }
            ]
          }
        ],
        "code": {
          "coding": [
            {
              "system": "http://loinc.org",
              "code": "8302-2",
              "display": "Body Height"
            }
          ],
          "text": "Body Height"
        },
        "subject": {
          "reference": "urn:uuid:d6da5695-b539-43c3-b774-e8e79979c612"
        },
        "context": {
          "reference": "urn:uuid:3d96f7bc-a90d-488d-9122-98f87e3bf8b0"
        },
        "effectiveDateTime": "2012-03-24T20:51:48-04:00",
        "issued": "2012-03-24T20:51:48-04:00",
        "valueQuantity": {
          "value": 167.34356901952867,
          "unit": "cm",
          "system": "http://unitsofmeasure.org/",
          "code": "cm"
        },
        "resourceType": "Observation"
      }
    },
    {
      "fullUrl": "urn:uuid:9e7fe385-3f2d-4bf6-b4fc-ffb40e9dc1d9",
      "resource": {
        "id": "9e7fe385-3f2d-4bf6-b4fc-ffb40e9dc1d9",
        "meta": {
          "profile": [
            "http://standardhealthrecord.org/fhir/StructureDefinition/shr-observation-Observation",
            "http://standardhealthrecord.org/fhir/StructureDefinition/shr-vital-VitalSign",
            "http://standardhealthrecord.org/fhir/StructureDefinition/shr-vital-BodyWeight"
          ]
        },
        "status": "final",
        "category": [
          {
            "coding": [
              {
                "system": "http://hl7.org/fhir/observation-category",
                "code": "vital-signs"
              }
            ]
          }
        ],
        "code": {
          "coding": [
            {
              "system": "http://loinc.org",
              "code": "29463-7",
              "display": "Body Weight"
            }
          ],
          "text": "Body Weight"
        },
        "subject": {
          "reference": "urn:uuid:d6da5695-b539-43c3-b774-e8e79979c612"
        },
        "context": {
          "reference": "urn:uuid:3d96f7bc-a90d-488d-9122-98f87e3bf8b0"
        },
        "effectiveDateTime": "2012-03-24T20:51:48-04:00",
        "issued": "2012-03-24T20:51:48-04:00",
        "valueQuantity": {
          "value": 52.14375453318308,
          "unit": "kg",
          "system": "http://unitsofmeasure.org/",
          "code": "kg"
        },
        "resourceType": "Observation"
      }
    },
    {
      "fullUrl": "urn:uuid:56ee0aeb-619b-48d0-9f32-3a2a2f1409ee",
      "resource": {
        "id": "56ee0aeb-619b-48d0-9f32-3a2a2f1409ee",
        "meta": {
          "profile": [
            "http://standardhealthrecord.org/fhir/StructureDefinition/shr-observation-Observation",
            "http://standardhealthrecord.org/fhir/StructureDefinition/shr-vital-VitalSign",
            "http://standardhealthrecord.org/fhir/StructureDefinition/shr-vital-BodyMassIndex"
          ]
        },
        "status": "final",
        "category": [
          {
            "coding": [
              {
                "system": "http://hl7.org/fhir/observation-category",
                "code": "vital-signs"
              }
            ]
          }
        ],
        "code": {
          "coding": [
            {
              "system": "http://loinc.org",
              "code": "39156-5",
              "display": "Body Mass Index"
            }
          ],
          "text": "Body Mass Index"
        },
        "subject": {
          "reference": "urn:uuid:d6da5695-b539-43c3-b774-e8e79979c612"
        },
        "context": {
          "reference": "urn:uuid:3d96f7bc-a90d-488d-9122-98f87e3bf8b0"
        },
        "effectiveDateTime": "2012-03-24T20:51:48-04:00",
        "issued": "2012-03-24T20:51:48-04:00",
        "valueQuantity": {
          "value": 18.620195837759745,
          "unit": "kg/m2",
          "system": "http://unitsofmeasure.org/",
          "code": "kg/m2"
        },
        "resourceType": "Observation"
      }
    },
    {
      "fullUrl": "urn:uuid:3945211e-40c4-4dd7-a0d1-6fb71e05cc05",
      "resource": {
        "id": "3945211e-40c4-4dd7-a0d1-6fb71e05cc05",
        "meta": {
          "profile": [
            "http://standardhealthrecord.org/fhir/StructureDefinition/shr-observation-Observation",
            "http://standardhealthrecord.org/fhir/StructureDefinition/shr-vital-BloodPressure"
          ]
        },
        "status": "final",
        "category": [
          {
            "coding": [
              {
                "system": "http://hl7.org/fhir/observation-category",
                "code": "vital-signs"
              }
            ]
          }
        ],
        "code": {
          "coding": [
            {
              "system": "http://loinc.org",
              "code": "55284-4",
              "display": "Blood Pressure"
            }
          ]
        },
        "subject": {
          "reference": "urn:uuid:d6da5695-b539-43c3-b774-e8e79979c612"
        },
        "context": {
          "reference": "urn:uuid:3d96f7bc-a90d-488d-9122-98f87e3bf8b0"
        },
        "effectiveDateTime": "2012-03-24T20:51:48-04:00",
        "issued": "2012-03-24T20:51:48-04:00",
        "component": [
          {
            "code": {
              "coding": [
                {
                  "system": "http://loinc.org",
                  "code": "8480-6",
                  "display": "Systolic Blood Pressure"
                }
              ],
              "text": "Systolic Blood Pressure"
            },
            "valueQuantity": {
              "value": 117,
              "unit": "mmHg",
              "system": "http://unitsofmeasure.org/",
              "code": "mmHg"
            }
          },
          {
            "code": {
              "coding": [
                {
                  "system": "http://loinc.org",
                  "code": "8462-4",
                  "display": "Diastolic Blood Pressure"
                }
              ],
              "text": "Diastolic Blood Pressure"
            },
            "valueQuantity": {
              "value": 70,
              "unit": "mmHg",
              "system": "http://unitsofmeasure.org/",
              "code": "mmHg"
            }
          }
        ],
        "resourceType": "Observation"
      }
    },
    {
      "resource": {
        "meta": {
          "profile": [
            "http://standardhealthrecord.org/fhir/StructureDefinition/shr-immunization-Immunization"
          ]
        },
        "status": "completed",
        "notGiven": false,
        "vaccineCode": {
          "coding": [
            {
              "system": "http://hl7.org/fhir/sid/cvx",
              "code": "140",
              "display": "Influenza, seasonal, injectable, preservative free"
            }
          ],
          "text": "Influenza, seasonal, injectable, preservative free"
        },
        "patient": {
          "reference": "urn:uuid:d6da5695-b539-43c3-b774-e8e79979c612"
        },
        "encounter": {
          "reference": "urn:uuid:3d96f7bc-a90d-488d-9122-98f87e3bf8b0"
        },
        "date": "2012-03-24T20:51:48-04:00",
        "primarySource": true,
        "resourceType": "Immunization"
      }
    },
    {
      "resource": {
        "meta": {
          "profile": [
            "http://standardhealthrecord.org/fhir/StructureDefinition/shr-immunization-Immunization"
          ]
        },
        "status": "completed",
        "notGiven": false,
        "vaccineCode": {
          "coding": [
            {
              "system": "http://hl7.org/fhir/sid/cvx",
              "code": "62",
              "display": "HPV, quadrivalent"
            }
          ],
          "text": "HPV, quadrivalent"
        },
        "patient": {
          "reference": "urn:uuid:d6da5695-b539-43c3-b774-e8e79979c612"
        },
        "encounter": {
          "reference": "urn:uuid:3d96f7bc-a90d-488d-9122-98f87e3bf8b0"
        },
        "date": "2012-03-24T20:51:48-04:00",
        "primarySource": true,
        "resourceType": "Immunization"
      }
    },
    {
      "fullUrl": "urn:uuid:bab703b1-61bb-48bf-9022-735d69af2a9d",
      "resource": {
        "id": "bab703b1-61bb-48bf-9022-735d69af2a9d",
        "meta": {
          "profile": [
            "http://standardhealthrecord.org/fhir/StructureDefinition/shr-encounter-Encounter"
          ]
        },
        "status": "finished",
        "class": {
          "code": "outpatient"
        },
        "type": [
          {
            "coding": [
              {
                "system": "http://snomed.info/sct",
                "code": "170258001"
              }
            ],
            "text": "Outpatient Encounter"
          }
        ],
        "subject": {
          "reference": "urn:uuid:d6da5695-b539-43c3-b774-e8e79979c612"
        },
        "period": {
          "start": "2013-03-10T18:38:28-04:00",
          "end": "2013-03-10T19:38:28-04:00"
        },
        "serviceProvider": {
          "reference": "urn:uuid:a263aa8c-1b7b-48a3-a16a-7eaf696b6c9e"
        },
        "resourceType": "Encounter"
      }
    },
    {
      "fullUrl": "urn:uuid:2a0930d8-7433-47ba-be14-06a8dfd172f4",
      "resource": {
        "id": "2a0930d8-7433-47ba-be14-06a8dfd172f4",
        "meta": {
          "profile": [
            "http://standardhealthrecord.org/fhir/StructureDefinition/shr-observation-Observation",
            "http://standardhealthrecord.org/fhir/StructureDefinition/shr-vital-VitalSign",
            "http://standardhealthrecord.org/fhir/StructureDefinition/shr-vital-BodyHeight"
          ]
        },
        "status": "final",
        "category": [
          {
            "coding": [
              {
                "system": "http://hl7.org/fhir/observation-category",
                "code": "vital-signs"
              }
            ]
          }
        ],
        "code": {
          "coding": [
            {
              "system": "http://loinc.org",
              "code": "8302-2",
              "display": "Body Height"
            }
          ],
          "text": "Body Height"
        },
        "subject": {
          "reference": "urn:uuid:d6da5695-b539-43c3-b774-e8e79979c612"
        },
        "context": {
          "reference": "urn:uuid:bab703b1-61bb-48bf-9022-735d69af2a9d"
        },
        "effectiveDateTime": "2013-03-10T18:38:28-04:00",
        "issued": "2013-03-10T18:38:28-04:00",
        "valueQuantity": {
          "value": 173.4315373441257,
          "unit": "cm",
          "system": "http://unitsofmeasure.org/",
          "code": "cm"
        },
        "resourceType": "Observation"
      }
    },
    {
      "fullUrl": "urn:uuid:317f212a-2664-4281-b9e3-216a48b3cb0c",
      "resource": {
        "id": "317f212a-2664-4281-b9e3-216a48b3cb0c",
        "meta": {
          "profile": [
            "http://standardhealthrecord.org/fhir/StructureDefinition/shr-observation-Observation",
            "http://standardhealthrecord.org/fhir/StructureDefinition/shr-vital-VitalSign",
            "http://standardhealthrecord.org/fhir/StructureDefinition/shr-vital-BodyWeight"
          ]
        },
        "status": "final",
        "category": [
          {
            "coding": [
              {
                "system": "http://hl7.org/fhir/observation-category",
                "code": "vital-signs"
              }
            ]
          }
        ],
        "code": {
          "coding": [
            {
              "system": "http://loinc.org",
              "code": "29463-7",
              "display": "Body Weight"
            }
          ],
          "text": "Body Weight"
        },
        "subject": {
          "reference": "urn:uuid:d6da5695-b539-43c3-b774-e8e79979c612"
        },
        "context": {
          "reference": "urn:uuid:bab703b1-61bb-48bf-9022-735d69af2a9d"
        },
        "effectiveDateTime": "2013-03-10T18:38:28-04:00",
        "issued": "2013-03-10T18:38:28-04:00",
        "valueQuantity": {
          "value": 57.50678179153193,
          "unit": "kg",
          "system": "http://unitsofmeasure.org/",
          "code": "kg"
        },
        "resourceType": "Observation"
      }
    },
    {
      "fullUrl": "urn:uuid:14864290-90aa-4ec0-b30e-c0c35918ce5b",
      "resource": {
        "id": "14864290-90aa-4ec0-b30e-c0c35918ce5b",
        "meta": {
          "profile": [
            "http://standardhealthrecord.org/fhir/StructureDefinition/shr-observation-Observation",
            "http://standardhealthrecord.org/fhir/StructureDefinition/shr-vital-VitalSign",
            "http://standardhealthrecord.org/fhir/StructureDefinition/shr-vital-BodyMassIndex"
          ]
        },
        "status": "final",
        "category": [
          {
            "coding": [
              {
                "system": "http://hl7.org/fhir/observation-category",
                "code": "vital-signs"
              }
            ]
          }
        ],
        "code": {
          "coding": [
            {
              "system": "http://loinc.org",
              "code": "39156-5",
              "display": "Body Mass Index"
            }
          ],
          "text": "Body Mass Index"
        },
        "subject": {
          "reference": "urn:uuid:d6da5695-b539-43c3-b774-e8e79979c612"
        },
        "context": {
          "reference": "urn:uuid:bab703b1-61bb-48bf-9022-735d69af2a9d"
        },
        "effectiveDateTime": "2013-03-10T18:38:28-04:00",
        "issued": "2013-03-10T18:38:28-04:00",
        "valueQuantity": {
          "value": 19.11890065563191,
          "unit": "kg/m2",
          "system": "http://unitsofmeasure.org/",
          "code": "kg/m2"
        },
        "resourceType": "Observation"
      }
    },
    {
      "fullUrl": "urn:uuid:37863eef-911a-46f1-a6b1-98d30ead7606",
      "resource": {
        "id": "37863eef-911a-46f1-a6b1-98d30ead7606",
        "meta": {
          "profile": [
            "http://standardhealthrecord.org/fhir/StructureDefinition/shr-observation-Observation",
            "http://standardhealthrecord.org/fhir/StructureDefinition/shr-vital-BloodPressure"
          ]
        },
        "status": "final",
        "category": [
          {
            "coding": [
              {
                "system": "http://hl7.org/fhir/observation-category",
                "code": "vital-signs"
              }
            ]
          }
        ],
        "code": {
          "coding": [
            {
              "system": "http://loinc.org",
              "code": "55284-4",
              "display": "Blood Pressure"
            }
          ]
        },
        "subject": {
          "reference": "urn:uuid:d6da5695-b539-43c3-b774-e8e79979c612"
        },
        "context": {
          "reference": "urn:uuid:bab703b1-61bb-48bf-9022-735d69af2a9d"
        },
        "effectiveDateTime": "2013-03-10T18:38:28-04:00",
        "issued": "2013-03-10T18:38:28-04:00",
        "component": [
          {
            "code": {
              "coding": [
                {
                  "system": "http://loinc.org",
                  "code": "8480-6",
                  "display": "Systolic Blood Pressure"
                }
              ],
              "text": "Systolic Blood Pressure"
            },
            "valueQuantity": {
              "value": 114,
              "unit": "mmHg",
              "system": "http://unitsofmeasure.org/",
              "code": "mmHg"
            }
          },
          {
            "code": {
              "coding": [
                {
                  "system": "http://loinc.org",
                  "code": "8462-4",
                  "display": "Diastolic Blood Pressure"
                }
              ],
              "text": "Diastolic Blood Pressure"
            },
            "valueQuantity": {
              "value": 88,
              "unit": "mmHg",
              "system": "http://unitsofmeasure.org/",
              "code": "mmHg"
            }
          }
        ],
        "resourceType": "Observation"
      }
    },
    {
      "resource": {
        "meta": {
          "profile": [
            "http://standardhealthrecord.org/fhir/StructureDefinition/shr-immunization-Immunization"
          ]
        },
        "status": "completed",
        "notGiven": false,
        "vaccineCode": {
          "coding": [
            {
              "system": "http://hl7.org/fhir/sid/cvx",
              "code": "140",
              "display": "Influenza, seasonal, injectable, preservative free"
            }
          ],
          "text": "Influenza, seasonal, injectable, preservative free"
        },
        "patient": {
          "reference": "urn:uuid:d6da5695-b539-43c3-b774-e8e79979c612"
        },
        "encounter": {
          "reference": "urn:uuid:bab703b1-61bb-48bf-9022-735d69af2a9d"
        },
        "date": "2013-03-10T18:38:28-04:00",
        "primarySource": true,
        "resourceType": "Immunization"
      }
    },
    {
      "fullUrl": "urn:uuid:443b2f45-2b71-4de1-9d8e-f2920bcf660e",
      "resource": {
        "id": "443b2f45-2b71-4de1-9d8e-f2920bcf660e",
        "meta": {
          "profile": [
            "http://standardhealthrecord.org/fhir/StructureDefinition/shr-encounter-Encounter"
          ]
        },
        "status": "finished",
        "class": {
          "code": "outpatient"
        },
        "type": [
          {
            "coding": [
              {
                "system": "http://snomed.info/sct",
                "code": "170258001"
              }
            ],
            "text": "Outpatient Encounter"
          }
        ],
        "subject": {
          "reference": "urn:uuid:d6da5695-b539-43c3-b774-e8e79979c612"
        },
        "period": {
          "start": "2014-01-31T12:22:07-05:00",
          "end": "2014-01-31T13:22:07-05:00"
        },
        "serviceProvider": {
          "reference": "urn:uuid:a263aa8c-1b7b-48a3-a16a-7eaf696b6c9e"
        },
        "resourceType": "Encounter"
      }
    },
    {
      "fullUrl": "urn:uuid:6322163d-0c6a-4e16-b77d-c5168efd2960",
      "resource": {
        "id": "6322163d-0c6a-4e16-b77d-c5168efd2960",
        "meta": {
          "profile": [
            "http://standardhealthrecord.org/fhir/StructureDefinition/shr-observation-Observation",
            "http://standardhealthrecord.org/fhir/StructureDefinition/shr-vital-VitalSign",
            "http://standardhealthrecord.org/fhir/StructureDefinition/shr-vital-BodyHeight"
          ]
        },
        "status": "final",
        "category": [
          {
            "coding": [
              {
                "system": "http://hl7.org/fhir/observation-category",
                "code": "vital-signs"
              }
            ]
          }
        ],
        "code": {
          "coding": [
            {
              "system": "http://loinc.org",
              "code": "8302-2",
              "display": "Body Height"
            }
          ],
          "text": "Body Height"
        },
        "subject": {
          "reference": "urn:uuid:d6da5695-b539-43c3-b774-e8e79979c612"
        },
        "context": {
          "reference": "urn:uuid:443b2f45-2b71-4de1-9d8e-f2920bcf660e"
        },
        "effectiveDateTime": "2014-01-31T12:22:07-05:00",
        "issued": "2014-01-31T12:22:07-05:00",
        "valueQuantity": {
          "value": 176.5074782164515,
          "unit": "cm",
          "system": "http://unitsofmeasure.org/",
          "code": "cm"
        },
        "resourceType": "Observation"
      }
    },
    {
      "fullUrl": "urn:uuid:7881186d-6337-4cbd-bb92-a17ae56c43f2",
      "resource": {
        "id": "7881186d-6337-4cbd-bb92-a17ae56c43f2",
        "meta": {
          "profile": [
            "http://standardhealthrecord.org/fhir/StructureDefinition/shr-observation-Observation",
            "http://standardhealthrecord.org/fhir/StructureDefinition/shr-vital-VitalSign",
            "http://standardhealthrecord.org/fhir/StructureDefinition/shr-vital-BodyWeight"
          ]
        },
        "status": "final",
        "category": [
          {
            "coding": [
              {
                "system": "http://hl7.org/fhir/observation-category",
                "code": "vital-signs"
              }
            ]
          }
        ],
        "code": {
          "coding": [
            {
              "system": "http://loinc.org",
              "code": "29463-7",
              "display": "Body Weight"
            }
          ],
          "text": "Body Weight"
        },
        "subject": {
          "reference": "urn:uuid:d6da5695-b539-43c3-b774-e8e79979c612"
        },
        "context": {
          "reference": "urn:uuid:443b2f45-2b71-4de1-9d8e-f2920bcf660e"
        },
        "effectiveDateTime": "2014-01-31T12:22:07-05:00",
        "issued": "2014-01-31T12:22:07-05:00",
        "valueQuantity": {
          "value": 61.50055952292615,
          "unit": "kg",
          "system": "http://unitsofmeasure.org/",
          "code": "kg"
        },
        "resourceType": "Observation"
      }
    },
    {
      "fullUrl": "urn:uuid:0068efb7-36f8-4aa2-bfe2-173b62ab43d9",
      "resource": {
        "id": "0068efb7-36f8-4aa2-bfe2-173b62ab43d9",
        "meta": {
          "profile": [
            "http://standardhealthrecord.org/fhir/StructureDefinition/shr-observation-Observation",
            "http://standardhealthrecord.org/fhir/StructureDefinition/shr-vital-VitalSign",
            "http://standardhealthrecord.org/fhir/StructureDefinition/shr-vital-BodyMassIndex"
          ]
        },
        "status": "final",
        "category": [
          {
            "coding": [
              {
                "system": "http://hl7.org/fhir/observation-category",
                "code": "vital-signs"
              }
            ]
          }
        ],
        "code": {
          "coding": [
            {
              "system": "http://loinc.org",
              "code": "39156-5",
              "display": "Body Mass Index"
            }
          ],
          "text": "Body Mass Index"
        },
        "subject": {
          "reference": "urn:uuid:d6da5695-b539-43c3-b774-e8e79979c612"
        },
        "context": {
          "reference": "urn:uuid:443b2f45-2b71-4de1-9d8e-f2920bcf660e"
        },
        "effectiveDateTime": "2014-01-31T12:22:07-05:00",
        "issued": "2014-01-31T12:22:07-05:00",
        "valueQuantity": {
          "value": 19.74025900485992,
          "unit": "kg/m2",
          "system": "http://unitsofmeasure.org/",
          "code": "kg/m2"
        },
        "resourceType": "Observation"
      }
    },
    {
      "fullUrl": "urn:uuid:dd2e2166-d42f-4bf9-8792-e3352a2a3817",
      "resource": {
        "id": "dd2e2166-d42f-4bf9-8792-e3352a2a3817",
        "meta": {
          "profile": [
            "http://standardhealthrecord.org/fhir/StructureDefinition/shr-observation-Observation",
            "http://standardhealthrecord.org/fhir/StructureDefinition/shr-vital-BloodPressure"
          ]
        },
        "status": "final",
        "category": [
          {
            "coding": [
              {
                "system": "http://hl7.org/fhir/observation-category",
                "code": "vital-signs"
              }
            ]
          }
        ],
        "code": {
          "coding": [
            {
              "system": "http://loinc.org",
              "code": "55284-4",
              "display": "Blood Pressure"
            }
          ]
        },
        "subject": {
          "reference": "urn:uuid:d6da5695-b539-43c3-b774-e8e79979c612"
        },
        "context": {
          "reference": "urn:uuid:443b2f45-2b71-4de1-9d8e-f2920bcf660e"
        },
        "effectiveDateTime": "2014-01-31T12:22:07-05:00",
        "issued": "2014-01-31T12:22:07-05:00",
        "component": [
          {
            "code": {
              "coding": [
                {
                  "system": "http://loinc.org",
                  "code": "8480-6",
                  "display": "Systolic Blood Pressure"
                }
              ],
              "text": "Systolic Blood Pressure"
            },
            "valueQuantity": {
              "value": 119,
              "unit": "mmHg",
              "system": "http://unitsofmeasure.org/",
              "code": "mmHg"
            }
          },
          {
            "code": {
              "coding": [
                {
                  "system": "http://loinc.org",
                  "code": "8462-4",
                  "display": "Diastolic Blood Pressure"
                }
              ],
              "text": "Diastolic Blood Pressure"
            },
            "valueQuantity": {
              "value": 81,
              "unit": "mmHg",
              "system": "http://unitsofmeasure.org/",
              "code": "mmHg"
            }
          }
        ],
        "resourceType": "Observation"
      }
    },
    {
      "resource": {
        "meta": {
          "profile": [
            "http://standardhealthrecord.org/fhir/StructureDefinition/shr-immunization-Immunization"
          ]
        },
        "status": "completed",
        "notGiven": false,
        "vaccineCode": {
          "coding": [
            {
              "system": "http://hl7.org/fhir/sid/cvx",
              "code": "140",
              "display": "Influenza, seasonal, injectable, preservative free"
            }
          ],
          "text": "Influenza, seasonal, injectable, preservative free"
        },
        "patient": {
          "reference": "urn:uuid:d6da5695-b539-43c3-b774-e8e79979c612"
        },
        "encounter": {
          "reference": "urn:uuid:443b2f45-2b71-4de1-9d8e-f2920bcf660e"
        },
        "date": "2014-01-31T12:22:07-05:00",
        "primarySource": true,
        "resourceType": "Immunization"
      }
    },
    {
      "fullUrl": "urn:uuid:99612a2d-989f-4aeb-971a-c05c6c630217",
      "resource": {
        "id": "99612a2d-989f-4aeb-971a-c05c6c630217",
        "meta": {
          "profile": [
            "http://standardhealthrecord.org/fhir/StructureDefinition/shr-encounter-Encounter"
          ]
        },
        "status": "finished",
        "class": {
          "code": "ambulatory"
        },
        "type": [
          {
            "coding": [
              {
                "system": "http://snomed.info/sct",
                "code": "185345009"
              }
            ],
            "text": "Encounter for symptom"
          }
        ],
        "subject": {
          "reference": "urn:uuid:d6da5695-b539-43c3-b774-e8e79979c612"
        },
        "period": {
          "start": "2014-07-13T17:10:09-04:00",
          "end": "2014-07-13T17:26:25-04:00"
        },
        "reason": {
          "coding": [
            {
              "system": "http://snomed.info/sct",
              "code": "10509002",
              "display": "Acute bronchitis (disorder)"
            }
          ]
        },
        "serviceProvider": {
          "reference": "urn:uuid:a263aa8c-1b7b-48a3-a16a-7eaf696b6c9e"
        },
        "resourceType": "Encounter"
      }
    },
    {
      "fullUrl": "urn:uuid:ba7bfc94-8fb4-4996-93ff-59c2b34473ca",
      "resource": {
        "id": "ba7bfc94-8fb4-4996-93ff-59c2b34473ca",
        "meta": {
          "profile": [
            "http://standardhealthrecord.org/fhir/StructureDefinition/shr-problem-Problem"
          ]
        },
        "clinicalStatus": "active",
        "verificationStatus": "confirmed",
        "code": {
          "coding": [
            {
              "system": "http://snomed.info/sct",
              "code": "10509002",
              "display": "Acute bronchitis (disorder)"
            }
          ],
          "text": "Acute bronchitis (disorder)"
        },
        "subject": {
          "reference": "urn:uuid:d6da5695-b539-43c3-b774-e8e79979c612"
        },
        "context": {
          "reference": "urn:uuid:99612a2d-989f-4aeb-971a-c05c6c630217"
        },
        "onsetDateTime": "2014-07-13T17:10:09-04:00",
        "abatementDateTime": "2014-08-03T11:34:58-04:00",
        "assertedDate": "2014-07-13",
        "resourceType": "Condition"
      }
    },
    {
      "resource": {
        "meta": {
          "profile": [
            "http://standardhealthrecord.org/fhir/StructureDefinition/shr-procedure-Procedure"
          ]
        },
        "extension": [
          {
            "url": "http://standardhealthrecord.org/fhir/StructureDefinition/shr-core-CodeableConcept-extension",
            "valueCodeableConcept": {
              "coding": [
                {
                  "system": "http://snomed.info/sct",
                  "code": "23426006",
                  "display": "Measurement of respiratory function (procedure)"
                }
              ],
              "text": "Measurement of respiratory function (procedure)"
            }
          }
        ],
        "status": "completed",
        "code": {
          "coding": [
            {
              "system": "http://snomed.info/sct",
              "code": "23426006",
              "display": "Measurement of respiratory function (procedure)"
            }
          ],
          "text": "Measurement of respiratory function (procedure)"
        },
        "subject": {
          "reference": "urn:uuid:d6da5695-b539-43c3-b774-e8e79979c612"
        },
        "context": {
          "reference": "urn:uuid:99612a2d-989f-4aeb-971a-c05c6c630217"
        },
        "performedPeriod": {
          "start": "2014-07-13T17:10:09-04:00",
          "end": "2014-07-13T17:31:47-04:00"
        },
        "reasonReference": {
          "reference": "urn:uuid:ba7bfc94-8fb4-4996-93ff-59c2b34473ca",
          "display": "Acute bronchitis (disorder)"
        },
        "resourceType": "Procedure"
      }
    },
    {
      "resource": {
        "status": "completed",
        "category": [
          {
            "coding": [
              {
                "system": "http://snomed.info/sct",
                "code": "53950000",
                "display": "Respiratory therapy"
              }
            ]
          }
        ],
        "subject": {
          "reference": "urn:uuid:d6da5695-b539-43c3-b774-e8e79979c612"
        },
        "context": {
          "reference": "urn:uuid:99612a2d-989f-4aeb-971a-c05c6c630217"
        },
        "period": {
          "start": "2014-07-13",
          "end": "2015-03-25"
        },
        "addresses": [
          {
            "reference": "urn:uuid:ba7bfc94-8fb4-4996-93ff-59c2b34473ca"
          }
        ],
        "activity": [
          {
            "detail": {
              "code": {
                "coding": [
                  {
                    "system": "http://snomed.info/sct",
                    "code": "304510005",
                    "display": "Recommendation to avoid exercise"
                  }
                ]
              },
              "status": "completed"
            }
          },
          {
            "detail": {
              "code": {
                "coding": [
                  {
                    "system": "http://snomed.info/sct",
                    "code": "371605008",
                    "display": "Deep breathing and coughing exercises"
                  }
                ]
              },
              "status": "completed"
            }
          }
        ],
        "resourceType": "CarePlan"
      }
    },
    {
      "resource": {
        "meta": {
          "profile": [
            "http://standardhealthrecord.org/fhir/StructureDefinition/shr-medication-Medication"
          ]
        },
        "code": {
          "coding": [
            {
              "system": "http://www.nlm.nih.gov/research/umls/rxnorm",
              "code": "608680",
              "display": "Acetaminophen 160 MG"
            }
          ],
          "text": "Acetaminophen 160 MG"
        },
        "resourceType": "Medication"
      }
    },
    {
      "resource": {
        "meta": {
          "profile": [
            "http://standardhealthrecord.org/fhir/StructureDefinition/shr-medication-MedicationPrescription"
          ]
        },
        "extension": [
          {
            "url": "http://standardhealthrecord.org/fhir/StructureDefinition/shr-base-ActionCode-extension",
            "valueCodeableConcept": {
              "coding": [
                {
                  "system": "http://snomed.info/sct",
                  "code": "33633005",
                  "display": "Prescription of drug (procedure)"
                }
              ],
              "text": "Prescription of drug (procedure)"
            }
          }
        ],
        "status": "stopped",
        "medicationReference": {
          "reference": ""
        },
        "subject": {
          "reference": "urn:uuid:d6da5695-b539-43c3-b774-e8e79979c612"
        },
        "context": {
          "reference": "urn:uuid:99612a2d-989f-4aeb-971a-c05c6c630217"
        },
        "authoredOn": "2014-07-13",
        "reasonReference": [
          {
            "reference": "urn:uuid:ba7bfc94-8fb4-4996-93ff-59c2b34473ca"
          }
        ],
        "dosageInstruction": [
          {

          }
        ],
        "resourceType": "MedicationRequest"
      }
    },
    {
      "fullUrl": "urn:uuid:ea27b8ac-3de8-47f6-ac50-136c70ac7be9",
      "resource": {
        "id": "ea27b8ac-3de8-47f6-ac50-136c70ac7be9",
        "meta": {
          "profile": [
            "http://standardhealthrecord.org/fhir/StructureDefinition/shr-encounter-Encounter"
          ]
        },
        "status": "finished",
        "class": {
          "code": "outpatient"
        },
        "type": [
          {
            "coding": [
              {
                "system": "http://snomed.info/sct",
                "code": "170258001"
              }
            ],
            "text": "Outpatient Encounter"
          }
        ],
        "subject": {
          "reference": "urn:uuid:d6da5695-b539-43c3-b774-e8e79979c612"
        },
        "period": {
          "start": "2015-03-25T04:28:44-04:00",
          "end": "2015-03-25T05:28:44-04:00"
        },
        "serviceProvider": {
          "reference": "urn:uuid:a263aa8c-1b7b-48a3-a16a-7eaf696b6c9e"
        },
        "resourceType": "Encounter"
      }
    },
    {
      "fullUrl": "urn:uuid:0b75988c-ac3f-496f-bcbc-be8720855d06",
      "resource": {
        "id": "0b75988c-ac3f-496f-bcbc-be8720855d06",
        "meta": {
          "profile": [
            "http://standardhealthrecord.org/fhir/StructureDefinition/shr-observation-Observation",
            "http://standardhealthrecord.org/fhir/StructureDefinition/shr-vital-VitalSign",
            "http://standardhealthrecord.org/fhir/StructureDefinition/shr-vital-BodyHeight"
          ]
        },
        "status": "final",
        "category": [
          {
            "coding": [
              {
                "system": "http://hl7.org/fhir/observation-category",
                "code": "vital-signs"
              }
            ]
          }
        ],
        "code": {
          "coding": [
            {
              "system": "http://loinc.org",
              "code": "8302-2",
              "display": "Body Height"
            }
          ],
          "text": "Body Height"
        },
        "subject": {
          "reference": "urn:uuid:d6da5695-b539-43c3-b774-e8e79979c612"
        },
        "context": {
          "reference": "urn:uuid:ea27b8ac-3de8-47f6-ac50-136c70ac7be9"
        },
        "effectiveDateTime": "2015-03-25T04:28:44-04:00",
        "issued": "2015-03-25T04:28:44-04:00",
        "valueQuantity": {
          "value": 178.68497358815637,
          "unit": "cm",
          "system": "http://unitsofmeasure.org/",
          "code": "cm"
        },
        "resourceType": "Observation"
      }
    },
    {
      "fullUrl": "urn:uuid:8dacc233-1716-4de6-a28c-d5b67a26c1e0",
      "resource": {
        "id": "8dacc233-1716-4de6-a28c-d5b67a26c1e0",
        "meta": {
          "profile": [
            "http://standardhealthrecord.org/fhir/StructureDefinition/shr-observation-Observation",
            "http://standardhealthrecord.org/fhir/StructureDefinition/shr-vital-VitalSign",
            "http://standardhealthrecord.org/fhir/StructureDefinition/shr-vital-BodyWeight"
          ]
        },
        "status": "final",
        "category": [
          {
            "coding": [
              {
                "system": "http://hl7.org/fhir/observation-category",
                "code": "vital-signs"
              }
            ]
          }
        ],
        "code": {
          "coding": [
            {
              "system": "http://loinc.org",
              "code": "29463-7",
              "display": "Body Weight"
            }
          ],
          "text": "Body Weight"
        },
        "subject": {
          "reference": "urn:uuid:d6da5695-b539-43c3-b774-e8e79979c612"
        },
        "context": {
          "reference": "urn:uuid:ea27b8ac-3de8-47f6-ac50-136c70ac7be9"
        },
        "effectiveDateTime": "2015-03-25T04:28:44-04:00",
        "issued": "2015-03-25T04:28:44-04:00",
        "valueQuantity": {
          "value": 65.94450703044568,
          "unit": "kg",
          "system": "http://unitsofmeasure.org/",
          "code": "kg"
        },
        "resourceType": "Observation"
      }
    },
    {
      "fullUrl": "urn:uuid:5a46d911-c749-4bcf-a67d-3ae2014e0e07",
      "resource": {
        "id": "5a46d911-c749-4bcf-a67d-3ae2014e0e07",
        "meta": {
          "profile": [
            "http://standardhealthrecord.org/fhir/StructureDefinition/shr-observation-Observation",
            "http://standardhealthrecord.org/fhir/StructureDefinition/shr-vital-VitalSign",
            "http://standardhealthrecord.org/fhir/StructureDefinition/shr-vital-BodyMassIndex"
          ]
        },
        "status": "final",
        "category": [
          {
            "coding": [
              {
                "system": "http://hl7.org/fhir/observation-category",
                "code": "vital-signs"
              }
            ]
          }
        ],
        "code": {
          "coding": [
            {
              "system": "http://loinc.org",
              "code": "39156-5",
              "display": "Body Mass Index"
            }
          ],
          "text": "Body Mass Index"
        },
        "subject": {
          "reference": "urn:uuid:d6da5695-b539-43c3-b774-e8e79979c612"
        },
        "context": {
          "reference": "urn:uuid:ea27b8ac-3de8-47f6-ac50-136c70ac7be9"
        },
        "effectiveDateTime": "2015-03-25T04:28:44-04:00",
        "issued": "2015-03-25T04:28:44-04:00",
        "valueQuantity": {
          "value": 20.65392337336455,
          "unit": "kg/m2",
          "system": "http://unitsofmeasure.org/",
          "code": "kg/m2"
        },
        "resourceType": "Observation"
      }
    },
    {
      "fullUrl": "urn:uuid:ef4cf293-a8de-4661-b326-0ab32e08e3cc",
      "resource": {
        "id": "ef4cf293-a8de-4661-b326-0ab32e08e3cc",
        "meta": {
          "profile": [
            "http://standardhealthrecord.org/fhir/StructureDefinition/shr-observation-Observation",
            "http://standardhealthrecord.org/fhir/StructureDefinition/shr-vital-BloodPressure"
          ]
        },
        "status": "final",
        "category": [
          {
            "coding": [
              {
                "system": "http://hl7.org/fhir/observation-category",
                "code": "vital-signs"
              }
            ]
          }
        ],
        "code": {
          "coding": [
            {
              "system": "http://loinc.org",
              "code": "55284-4",
              "display": "Blood Pressure"
            }
          ]
        },
        "subject": {
          "reference": "urn:uuid:d6da5695-b539-43c3-b774-e8e79979c612"
        },
        "context": {
          "reference": "urn:uuid:ea27b8ac-3de8-47f6-ac50-136c70ac7be9"
        },
        "effectiveDateTime": "2015-03-25T04:28:44-04:00",
        "issued": "2015-03-25T04:28:44-04:00",
        "component": [
          {
            "code": {
              "coding": [
                {
                  "system": "http://loinc.org",
                  "code": "8480-6",
                  "display": "Systolic Blood Pressure"
                }
              ],
              "text": "Systolic Blood Pressure"
            },
            "valueQuantity": {
              "value": 118,
              "unit": "mmHg",
              "system": "http://unitsofmeasure.org/",
              "code": "mmHg"
            }
          },
          {
            "code": {
              "coding": [
                {
                  "system": "http://loinc.org",
                  "code": "8462-4",
                  "display": "Diastolic Blood Pressure"
                }
              ],
              "text": "Diastolic Blood Pressure"
            },
            "valueQuantity": {
              "value": 87,
              "unit": "mmHg",
              "system": "http://unitsofmeasure.org/",
              "code": "mmHg"
            }
          }
        ],
        "resourceType": "Observation"
      }
    },
    {
      "resource": {
        "meta": {
          "profile": [
            "http://standardhealthrecord.org/fhir/StructureDefinition/shr-immunization-Immunization"
          ]
        },
        "status": "completed",
        "notGiven": false,
        "vaccineCode": {
          "coding": [
            {
              "system": "http://hl7.org/fhir/sid/cvx",
              "code": "140",
              "display": "Influenza, seasonal, injectable, preservative free"
            }
          ],
          "text": "Influenza, seasonal, injectable, preservative free"
        },
        "patient": {
          "reference": "urn:uuid:d6da5695-b539-43c3-b774-e8e79979c612"
        },
        "encounter": {
          "reference": "urn:uuid:ea27b8ac-3de8-47f6-ac50-136c70ac7be9"
        },
        "date": "2015-03-25T04:28:44-04:00",
        "primarySource": true,
        "resourceType": "Immunization"
      }
    },
    {
      "resource": {
        "meta": {
          "profile": [
            "http://standardhealthrecord.org/fhir/StructureDefinition/shr-immunization-Immunization"
          ]
        },
        "status": "completed",
        "notGiven": false,
        "vaccineCode": {
          "coding": [
            {
              "system": "http://hl7.org/fhir/sid/cvx",
              "code": "114",
              "display": "meningococcal MCV4P"
            }
          ],
          "text": "meningococcal MCV4P"
        },
        "patient": {
          "reference": "urn:uuid:d6da5695-b539-43c3-b774-e8e79979c612"
        },
        "encounter": {
          "reference": "urn:uuid:ea27b8ac-3de8-47f6-ac50-136c70ac7be9"
        },
        "date": "2015-03-25T04:28:44-04:00",
        "primarySource": true,
        "resourceType": "Immunization"
      }
    },
    {
      "fullUrl": "urn:uuid:7eaf0141-a825-400c-9cca-47791431b936",
      "resource": {
        "id": "7eaf0141-a825-400c-9cca-47791431b936",
        "meta": {
          "profile": [
            "http://standardhealthrecord.org/fhir/StructureDefinition/shr-encounter-Encounter"
          ]
        },
        "status": "finished",
        "class": {
          "code": "outpatient"
        },
        "type": [
          {
            "coding": [
              {
                "system": "http://snomed.info/sct",
                "code": "170258001"
              }
            ],
            "text": "Outpatient Encounter"
          }
        ],
        "subject": {
          "reference": "urn:uuid:d6da5695-b539-43c3-b774-e8e79979c612"
        },
        "period": {
          "start": "2016-03-12T12:00:53-05:00",
          "end": "2016-03-12T13:00:53-05:00"
        },
        "serviceProvider": {
          "reference": "urn:uuid:a263aa8c-1b7b-48a3-a16a-7eaf696b6c9e"
        },
        "resourceType": "Encounter"
      }
    },
    {
      "fullUrl": "urn:uuid:418dc213-52cf-46e1-9b6e-334a83e48016",
      "resource": {
        "id": "418dc213-52cf-46e1-9b6e-334a83e48016",
        "meta": {
          "profile": [
            "http://standardhealthrecord.org/fhir/StructureDefinition/shr-observation-Observation",
            "http://standardhealthrecord.org/fhir/StructureDefinition/shr-vital-VitalSign",
            "http://standardhealthrecord.org/fhir/StructureDefinition/shr-vital-BodyHeight"
          ]
        },
        "status": "final",
        "category": [
          {
            "coding": [
              {
                "system": "http://hl7.org/fhir/observation-category",
                "code": "vital-signs"
              }
            ]
          }
        ],
        "code": {
          "coding": [
            {
              "system": "http://loinc.org",
              "code": "8302-2",
              "display": "Body Height"
            }
          ],
          "text": "Body Height"
        },
        "subject": {
          "reference": "urn:uuid:d6da5695-b539-43c3-b774-e8e79979c612"
        },
        "context": {
          "reference": "urn:uuid:7eaf0141-a825-400c-9cca-47791431b936"
        },
        "effectiveDateTime": "2016-03-12T12:00:53-05:00",
        "issued": "2016-03-12T12:00:53-05:00",
        "valueQuantity": {
          "value": 179.54019140693737,
          "unit": "cm",
          "system": "http://unitsofmeasure.org/",
          "code": "cm"
        },
        "resourceType": "Observation"
      }
    },
    {
      "fullUrl": "urn:uuid:78d7610a-7f72-4738-aad4-09e7af609458",
      "resource": {
        "id": "78d7610a-7f72-4738-aad4-09e7af609458",
        "meta": {
          "profile": [
            "http://standardhealthrecord.org/fhir/StructureDefinition/shr-observation-Observation",
            "http://standardhealthrecord.org/fhir/StructureDefinition/shr-vital-VitalSign",
            "http://standardhealthrecord.org/fhir/StructureDefinition/shr-vital-BodyWeight"
          ]
        },
        "status": "final",
        "category": [
          {
            "coding": [
              {
                "system": "http://hl7.org/fhir/observation-category",
                "code": "vital-signs"
              }
            ]
          }
        ],
        "code": {
          "coding": [
            {
              "system": "http://loinc.org",
              "code": "29463-7",
              "display": "Body Weight"
            }
          ],
          "text": "Body Weight"
        },
        "subject": {
          "reference": "urn:uuid:d6da5695-b539-43c3-b774-e8e79979c612"
        },
        "context": {
          "reference": "urn:uuid:7eaf0141-a825-400c-9cca-47791431b936"
        },
        "effectiveDateTime": "2016-03-12T12:00:53-05:00",
        "issued": "2016-03-12T12:00:53-05:00",
        "valueQuantity": {
          "value": 68.63658350717448,
          "unit": "kg",
          "system": "http://unitsofmeasure.org/",
          "code": "kg"
        },
        "resourceType": "Observation"
      }
    },
    {
      "fullUrl": "urn:uuid:ef48984a-08fc-436c-af86-c37cd217544e",
      "resource": {
        "id": "ef48984a-08fc-436c-af86-c37cd217544e",
        "meta": {
          "profile": [
            "http://standardhealthrecord.org/fhir/StructureDefinition/shr-observation-Observation",
            "http://standardhealthrecord.org/fhir/StructureDefinition/shr-vital-VitalSign",
            "http://standardhealthrecord.org/fhir/StructureDefinition/shr-vital-BodyMassIndex"
          ]
        },
        "status": "final",
        "category": [
          {
            "coding": [
              {
                "system": "http://hl7.org/fhir/observation-category",
                "code": "vital-signs"
              }
            ]
          }
        ],
        "code": {
          "coding": [
            {
              "system": "http://loinc.org",
              "code": "39156-5",
              "display": "Body Mass Index"
            }
          ],
          "text": "Body Mass Index"
        },
        "subject": {
          "reference": "urn:uuid:d6da5695-b539-43c3-b774-e8e79979c612"
        },
        "context": {
          "reference": "urn:uuid:7eaf0141-a825-400c-9cca-47791431b936"
        },
        "effectiveDateTime": "2016-03-12T12:00:53-05:00",
        "issued": "2016-03-12T12:00:53-05:00",
        "valueQuantity": {
          "value": 21.292776228452276,
          "unit": "kg/m2",
          "system": "http://unitsofmeasure.org/",
          "code": "kg/m2"
        },
        "resourceType": "Observation"
      }
    },
    {
      "fullUrl": "urn:uuid:063ecf62-c235-4a4f-9c60-93caec57e04c",
      "resource": {
        "id": "063ecf62-c235-4a4f-9c60-93caec57e04c",
        "meta": {
          "profile": [
            "http://standardhealthrecord.org/fhir/StructureDefinition/shr-observation-Observation",
            "http://standardhealthrecord.org/fhir/StructureDefinition/shr-vital-BloodPressure"
          ]
        },
        "status": "final",
        "category": [
          {
            "coding": [
              {
                "system": "http://hl7.org/fhir/observation-category",
                "code": "vital-signs"
              }
            ]
          }
        ],
        "code": {
          "coding": [
            {
              "system": "http://loinc.org",
              "code": "55284-4",
              "display": "Blood Pressure"
            }
          ]
        },
        "subject": {
          "reference": "urn:uuid:d6da5695-b539-43c3-b774-e8e79979c612"
        },
        "context": {
          "reference": "urn:uuid:7eaf0141-a825-400c-9cca-47791431b936"
        },
        "effectiveDateTime": "2016-03-12T12:00:53-05:00",
        "issued": "2016-03-12T12:00:53-05:00",
        "component": [
          {
            "code": {
              "coding": [
                {
                  "system": "http://loinc.org",
                  "code": "8480-6",
                  "display": "Systolic Blood Pressure"
                }
              ],
              "text": "Systolic Blood Pressure"
            },
            "valueQuantity": {
              "value": 122,
              "unit": "mmHg",
              "system": "http://unitsofmeasure.org/",
              "code": "mmHg"
            }
          },
          {
            "code": {
              "coding": [
                {
                  "system": "http://loinc.org",
                  "code": "8462-4",
                  "display": "Diastolic Blood Pressure"
                }
              ],
              "text": "Diastolic Blood Pressure"
            },
            "valueQuantity": {
              "value": 74,
              "unit": "mmHg",
              "system": "http://unitsofmeasure.org/",
              "code": "mmHg"
            }
          }
        ],
        "resourceType": "Observation"
      }
    },
    {
      "resource": {
        "meta": {
          "profile": [
            "http://standardhealthrecord.org/fhir/StructureDefinition/shr-procedure-Procedure"
          ]
        },
        "extension": [
          {
            "url": "http://standardhealthrecord.org/fhir/StructureDefinition/shr-core-CodeableConcept-extension",
            "valueCodeableConcept": {
              "coding": [
                {
                  "system": "http://snomed.info/sct",
                  "code": "428191000124101",
                  "display": "Documentation of current medications"
                }
              ],
              "text": "Documentation of current medications"
            }
          }
        ],
        "status": "completed",
        "code": {
          "coding": [
            {
              "system": "http://snomed.info/sct",
              "code": "428191000124101",
              "display": "Documentation of current medications"
            }
          ],
          "text": "Documentation of current medications"
        },
        "subject": {
          "reference": "urn:uuid:d6da5695-b539-43c3-b774-e8e79979c612"
        },
        "context": {
          "reference": "urn:uuid:7eaf0141-a825-400c-9cca-47791431b936"
        },
        "performedDateTime": "2016-03-12T12:00:53-05:00",
        "resourceType": "Procedure"
      }
    },
    {
      "resource": {
        "meta": {
          "profile": [
            "http://standardhealthrecord.org/fhir/StructureDefinition/shr-immunization-Immunization"
          ]
        },
        "status": "completed",
        "notGiven": false,
        "vaccineCode": {
          "coding": [
            {
              "system": "http://hl7.org/fhir/sid/cvx",
              "code": "140",
              "display": "Influenza, seasonal, injectable, preservative free"
            }
          ],
          "text": "Influenza, seasonal, injectable, preservative free"
        },
        "patient": {
          "reference": "urn:uuid:d6da5695-b539-43c3-b774-e8e79979c612"
        },
        "encounter": {
          "reference": "urn:uuid:7eaf0141-a825-400c-9cca-47791431b936"
        },
        "date": "2016-03-12T12:00:53-05:00",
        "primarySource": true,
        "resourceType": "Immunization"
      }
    },
    {
      "fullUrl": "urn:uuid:219501ab-2758-45f6-b398-a4b710c57458",
      "resource": {
        "id": "219501ab-2758-45f6-b398-a4b710c57458",
        "meta": {
          "profile": [
            "http://standardhealthrecord.org/fhir/StructureDefinition/shr-encounter-Encounter"
          ]
        },
        "status": "finished",
        "class": {
          "code": "outpatient"
        },
        "type": [
          {
            "coding": [
              {
                "system": "http://snomed.info/sct",
                "code": "185349003"
              }
            ],
            "text": "Outpatient Encounter"
          }
        ],
        "subject": {
          "reference": "urn:uuid:d6da5695-b539-43c3-b774-e8e79979c612"
        },
        "period": {
          "start": "2017-02-02T11:22:55-05:00",
          "end": "2017-02-02T12:22:55-05:00"
        },
        "serviceProvider": {
          "reference": "urn:uuid:a263aa8c-1b7b-48a3-a16a-7eaf696b6c9e"
        },
        "resourceType": "Encounter"
      }
    },
    {
      "fullUrl": "urn:uuid:286b9bbf-6d65-4ad3-86cd-6a1d4cd45a15",
      "resource": {
        "id": "286b9bbf-6d65-4ad3-86cd-6a1d4cd45a15",
        "meta": {
          "profile": [
            "http://standardhealthrecord.org/fhir/StructureDefinition/shr-problem-Problem"
          ]
        },
        "clinicalStatus": "active",
        "verificationStatus": "confirmed",
        "code": {
          "coding": [
            {
              "system": "http://snomed.info/sct",
              "code": "38341003",
              "display": "Hypertension"
            }
          ],
          "text": "Hypertension"
        },
        "subject": {
          "reference": "urn:uuid:d6da5695-b539-43c3-b774-e8e79979c612"
        },
        "context": {
          "reference": "urn:uuid:219501ab-2758-45f6-b398-a4b710c57458"
        },
        "onsetDateTime": "2017-02-02T11:22:55-05:00",
        "assertedDate": "2017-02-02",
        "resourceType": "Condition"
      }
    },
    {
      "fullUrl": "urn:uuid:0884881e-1c06-48f0-83ec-d807938aa3df",
      "resource": {
        "id": "0884881e-1c06-48f0-83ec-d807938aa3df",
        "meta": {
          "profile": [
            "http://standardhealthrecord.org/fhir/StructureDefinition/shr-observation-Observation",
            "http://standardhealthrecord.org/fhir/StructureDefinition/shr-vital-VitalSign",
            "http://standardhealthrecord.org/fhir/StructureDefinition/shr-vital-BodyHeight"
          ]
        },
        "status": "final",
        "category": [
          {
            "coding": [
              {
                "system": "http://hl7.org/fhir/observation-category",
                "code": "vital-signs"
              }
            ]
          }
        ],
        "code": {
          "coding": [
            {
              "system": "http://loinc.org",
              "code": "8302-2",
              "display": "Body Height"
            }
          ],
          "text": "Body Height"
        },
        "subject": {
          "reference": "urn:uuid:d6da5695-b539-43c3-b774-e8e79979c612"
        },
        "context": {
          "reference": "urn:uuid:219501ab-2758-45f6-b398-a4b710c57458"
        },
        "effectiveDateTime": "2017-02-02T11:22:55-05:00",
        "issued": "2017-02-02T11:22:55-05:00",
        "valueQuantity": {
          "value": 179.93021699198215,
          "unit": "cm",
          "system": "http://unitsofmeasure.org/",
          "code": "cm"
        },
        "resourceType": "Observation"
      }
    },
    {
      "fullUrl": "urn:uuid:ad0d74f5-d41c-457f-8d5a-539019ee8ba7",
      "resource": {
        "id": "ad0d74f5-d41c-457f-8d5a-539019ee8ba7",
        "meta": {
          "profile": [
            "http://standardhealthrecord.org/fhir/StructureDefinition/shr-observation-Observation",
            "http://standardhealthrecord.org/fhir/StructureDefinition/shr-vital-VitalSign",
            "http://standardhealthrecord.org/fhir/StructureDefinition/shr-vital-BodyWeight"
          ]
        },
        "status": "final",
        "category": [
          {
            "coding": [
              {
                "system": "http://hl7.org/fhir/observation-category",
                "code": "vital-signs"
              }
            ]
          }
        ],
        "code": {
          "coding": [
            {
              "system": "http://loinc.org",
              "code": "29463-7",
              "display": "Body Weight"
            }
          ],
          "text": "Body Weight"
        },
        "subject": {
          "reference": "urn:uuid:d6da5695-b539-43c3-b774-e8e79979c612"
        },
        "context": {
          "reference": "urn:uuid:219501ab-2758-45f6-b398-a4b710c57458"
        },
        "effectiveDateTime": "2017-02-02T11:22:55-05:00",
        "issued": "2017-02-02T11:22:55-05:00",
        "valueQuantity": {
          "value": 70.30985009676273,
          "unit": "kg",
          "system": "http://unitsofmeasure.org/",
          "code": "kg"
        },
        "resourceType": "Observation"
      }
    },
    {
      "fullUrl": "urn:uuid:edcf9086-ceb3-4267-8b8e-6496a888e788",
      "resource": {
        "id": "edcf9086-ceb3-4267-8b8e-6496a888e788",
        "meta": {
          "profile": [
            "http://standardhealthrecord.org/fhir/StructureDefinition/shr-observation-Observation",
            "http://standardhealthrecord.org/fhir/StructureDefinition/shr-vital-VitalSign",
            "http://standardhealthrecord.org/fhir/StructureDefinition/shr-vital-BodyMassIndex"
          ]
        },
        "status": "final",
        "category": [
          {
            "coding": [
              {
                "system": "http://hl7.org/fhir/observation-category",
                "code": "vital-signs"
              }
            ]
          }
        ],
        "code": {
          "coding": [
            {
              "system": "http://loinc.org",
              "code": "39156-5",
              "display": "Body Mass Index"
            }
          ],
          "text": "Body Mass Index"
        },
        "subject": {
          "reference": "urn:uuid:d6da5695-b539-43c3-b774-e8e79979c612"
        },
        "context": {
          "reference": "urn:uuid:219501ab-2758-45f6-b398-a4b710c57458"
        },
        "effectiveDateTime": "2017-02-02T11:22:55-05:00",
        "issued": "2017-02-02T11:22:55-05:00",
        "valueQuantity": {
          "value": 21.71740670861089,
          "unit": "kg/m2",
          "system": "http://unitsofmeasure.org/",
          "code": "kg/m2"
        },
        "resourceType": "Observation"
      }
    },
    {
      "fullUrl": "urn:uuid:35b306b2-f821-4e45-a5cd-8978ab93b23b",
      "resource": {
        "id": "35b306b2-f821-4e45-a5cd-8978ab93b23b",
        "meta": {
          "profile": [
            "http://standardhealthrecord.org/fhir/StructureDefinition/shr-observation-Observation",
            "http://standardhealthrecord.org/fhir/StructureDefinition/shr-vital-BloodPressure"
          ]
        },
        "status": "final",
        "category": [
          {
            "coding": [
              {
                "system": "http://hl7.org/fhir/observation-category",
                "code": "vital-signs"
              }
            ]
          }
        ],
        "code": {
          "coding": [
            {
              "system": "http://loinc.org",
              "code": "55284-4",
              "display": "Blood Pressure"
            }
          ]
        },
        "subject": {
          "reference": "urn:uuid:d6da5695-b539-43c3-b774-e8e79979c612"
        },
        "context": {
          "reference": "urn:uuid:219501ab-2758-45f6-b398-a4b710c57458"
        },
        "effectiveDateTime": "2017-02-02T11:22:55-05:00",
        "issued": "2017-02-02T11:22:55-05:00",
        "component": [
          {
            "code": {
              "coding": [
                {
                  "system": "http://loinc.org",
                  "code": "8480-6",
                  "display": "Systolic Blood Pressure"
                }
              ],
              "text": "Systolic Blood Pressure"
            },
            "valueQuantity": {
              "value": 159,
              "unit": "mmHg",
              "system": "http://unitsofmeasure.org/",
              "code": "mmHg"
            }
          },
          {
            "code": {
              "coding": [
                {
                  "system": "http://loinc.org",
                  "code": "8462-4",
                  "display": "Diastolic Blood Pressure"
                }
              ],
              "text": "Diastolic Blood Pressure"
            },
            "valueQuantity": {
              "value": 97,
              "unit": "mmHg",
              "system": "http://unitsofmeasure.org/",
              "code": "mmHg"
            }
          }
        ],
        "resourceType": "Observation"
      }
    },
    {
      "fullUrl": "urn:uuid:160e4e5f-ca96-4db8-ae95-15e26e24a064",
      "resource": {
        "id": "160e4e5f-ca96-4db8-ae95-15e26e24a064",
        "meta": {
          "profile": [
            "http://standardhealthrecord.org/fhir/StructureDefinition/shr-observation-Observation"
          ]
        },
        "status": "final",
        "category": [
          {
            "coding": [
              {
                "system": "http://hl7.org/fhir/observation-category",
                "code": "laboratory"
              }
            ]
          }
        ],
        "code": {
          "coding": [
            {
              "system": "http://loinc.org",
              "code": "33914-3",
              "display": "Estimated Glomerular Filtration Rate"
            }
          ],
          "text": "Estimated Glomerular Filtration Rate"
        },
        "subject": {
          "reference": "urn:uuid:d6da5695-b539-43c3-b774-e8e79979c612"
        },
        "context": {
          "reference": "urn:uuid:219501ab-2758-45f6-b398-a4b710c57458"
        },
        "effectiveDateTime": "2017-02-02T11:22:55-05:00",
        "issued": "2017-02-02T11:22:55-05:00",
        "valueQuantity": {
          "value": 60,
          "unit": "mL/min/{1.73_m2}",
          "system": "http://unitsofmeasure.org/",
          "code": "mL/min/{1.73_m2}"
        },
        "resourceType": "Observation"
      }
    },
    {
      "resource": {
        "meta": {
          "profile": [
            "http://standardhealthrecord.org/fhir/StructureDefinition/shr-procedure-Procedure"
          ]
        },
        "extension": [
          {
            "url": "http://standardhealthrecord.org/fhir/StructureDefinition/shr-core-CodeableConcept-extension",
            "valueCodeableConcept": {
              "coding": [
                {
                  "system": "http://snomed.info/sct",
                  "code": "428191000124101",
                  "display": "Documentation of current medications"
                }
              ],
              "text": "Documentation of current medications"
            }
          }
        ],
        "status": "completed",
        "code": {
          "coding": [
            {
              "system": "http://snomed.info/sct",
              "code": "428191000124101",
              "display": "Documentation of current medications"
            }
          ],
          "text": "Documentation of current medications"
        },
        "subject": {
          "reference": "urn:uuid:d6da5695-b539-43c3-b774-e8e79979c612"
        },
        "context": {
          "reference": "urn:uuid:219501ab-2758-45f6-b398-a4b710c57458"
        },
        "performedDateTime": "2017-02-02T11:22:55-05:00",
        "resourceType": "Procedure"
      }
    },
    {
      "resource": {
        "meta": {
          "profile": [
            "http://standardhealthrecord.org/fhir/StructureDefinition/shr-immunization-Immunization"
          ]
        },
        "status": "completed",
        "notGiven": false,
        "vaccineCode": {
          "coding": [
            {
              "system": "http://hl7.org/fhir/sid/cvx",
              "code": "140",
              "display": "Influenza, seasonal, injectable, preservative free"
            }
          ],
          "text": "Influenza, seasonal, injectable, preservative free"
        },
        "patient": {
          "reference": "urn:uuid:d6da5695-b539-43c3-b774-e8e79979c612"
        },
        "encounter": {
          "reference": "urn:uuid:219501ab-2758-45f6-b398-a4b710c57458"
        },
        "date": "2017-02-02T11:22:55-05:00",
        "primarySource": true,
        "resourceType": "Immunization"
      }
    },
    {
      "fullUrl": "urn:uuid:bb6f1026-86db-422b-91fe-850002251d87",
      "resource": {
        "id": "bb6f1026-86db-422b-91fe-850002251d87",
        "meta": {
          "profile": [
            "http://standardhealthrecord.org/fhir/StructureDefinition/shr-encounter-Encounter"
          ]
        },
        "status": "finished",
        "class": {
          "code": "ambulatory"
        },
        "type": [
          {
            "coding": [
              {
                "system": "http://snomed.info/sct",
                "code": "185345009"
              }
            ],
            "text": "Encounter for symptom"
          }
        ],
        "subject": {
          "reference": "urn:uuid:d6da5695-b539-43c3-b774-e8e79979c612"
        },
        "period": {
          "start": "2017-05-16T10:38:18-04:00",
          "end": "2017-05-16T10:38:18-04:00"
        },
        "reason": {
          "coding": [
            {
              "system": "http://snomed.info/sct",
              "code": "444814009",
              "display": "Viral sinusitis (disorder)"
            }
          ]
        },
        "serviceProvider": {
          "reference": "urn:uuid:a263aa8c-1b7b-48a3-a16a-7eaf696b6c9e"
        },
        "resourceType": "Encounter"
      }
    },
    {
      "fullUrl": "urn:uuid:52a8cdac-6ee0-4911-9332-5c9f1e8d46fc",
      "resource": {
        "id": "52a8cdac-6ee0-4911-9332-5c9f1e8d46fc",
        "meta": {
          "profile": [
            "http://standardhealthrecord.org/fhir/StructureDefinition/shr-problem-Problem"
          ]
        },
        "clinicalStatus": "active",
        "verificationStatus": "confirmed",
        "code": {
          "coding": [
            {
              "system": "http://snomed.info/sct",
              "code": "444814009",
              "display": "Viral sinusitis (disorder)"
            }
          ],
          "text": "Viral sinusitis (disorder)"
        },
        "subject": {
          "reference": "urn:uuid:d6da5695-b539-43c3-b774-e8e79979c612"
        },
        "context": {
          "reference": "urn:uuid:bb6f1026-86db-422b-91fe-850002251d87"
        },
        "onsetDateTime": "2017-05-08T19:58:38-04:00",
        "abatementDateTime": "2017-05-27T07:57:28-04:00",
        "assertedDate": "2017-05-08",
        "resourceType": "Condition"
      }
    },
    {
      "resource": {
        "meta": {
          "profile": [
            "http://standardhealthrecord.org/fhir/StructureDefinition/shr-medication-Medication"
          ]
        },
        "code": {
          "coding": [
            {
              "system": "http://www.nlm.nih.gov/research/umls/rxnorm",
              "code": "824184",
              "display": " Amoxicillin 250 MG / Clavulanate 125 MG [Augmentin]"
            }
          ],
          "text": " Amoxicillin 250 MG / Clavulanate 125 MG [Augmentin]"
        },
        "resourceType": "Medication"
      }
    },
    {
      "resource": {
        "meta": {
          "profile": [
            "http://standardhealthrecord.org/fhir/StructureDefinition/shr-medication-MedicationPrescription"
          ]
        },
        "extension": [
          {
            "url": "http://standardhealthrecord.org/fhir/StructureDefinition/shr-base-ActionCode-extension",
            "valueCodeableConcept": {
              "coding": [
                {
                  "system": "http://snomed.info/sct",
                  "code": "33633005",
                  "display": "Prescription of drug (procedure)"
                }
              ],
              "text": "Prescription of drug (procedure)"
            }
          }
        ],
        "status": "stopped",
        "medicationReference": {
          "reference": ""
        },
        "subject": {
          "reference": "urn:uuid:d6da5695-b539-43c3-b774-e8e79979c612"
        },
        "context": {
          "reference": "urn:uuid:bb6f1026-86db-422b-91fe-850002251d87"
        },
        "authoredOn": "2017-05-16",
        "reasonReference": [
          {
            "reference": "urn:uuid:32eac9c7-f207-4360-955d-e816f347cd1e"
          }
        ],
        "dosageInstruction": [
          {

          }
        ],
        "resourceType": "MedicationRequest"
      }
    }
  ],
  "resourceType": "Bundle"
}