{
  "type": "collection",
  "entry": [
    {
      "fullUrl": "urn:uuid:6daf5b52-8c60-4d48-81c0-f5d0551184d1",
      "resource": {
        "id": "6daf5b52-8c60-4d48-81c0-f5d0551184d1",
        "meta": {
          "profile": [
            "http://standardhealthrecord.org/fhir/StructureDefinition/shr-demographics-PersonOfRecord"
          ]
        },
        "text": {
          "status": "generated",
          "div": "<div>Generated by <a href=\"https://github.com/synthetichealth/synthea\">Synthea</a>. Version identifier: 4d02400401b9fab839e47bf5b2f1f6a8c683ab55</div>"
        },
        "extension": [
          {
            "url": "http://hl7.org/fhir/us/core/StructureDefinition/us-core-race",
            "valueCodeableConcept": {
              "coding": [
                {
                  "system": "http://hl7.org/fhir/v3/Race",
                  "code": "2106-3",
                  "display": "White"
                }
              ],
              "text": "race"
            }
          },
          {
            "url": "http://hl7.org/fhir/us/core/StructureDefinition/us-core-ethnicity",
            "valueCodeableConcept": {
              "coding": [
                {
                  "system": "http://hl7.org/fhir/v3/Ethnicity",
                  "code": "2186-5",
                  "display": "Nonhispanic"
                }
              ],
              "text": "ethnicity"
            }
          },
          {
            "url": "http://hl7.org/fhir/StructureDefinition/birthPlace",
            "valueAddress": {
              "city": "Brookline",
              "state": "MA",
              "country": "US"
            }
          },
          {
            "url": "http://hl7.org/fhir/StructureDefinition/patient-mothersMaidenName",
            "valueString": "Zoe873 Stanton485"
          },
          {
            "url": "http://hl7.org/fhir/us/core/StructureDefinition/us-core-birthsex",
            "valueCode": "F"
          },
          {
            "url": "http://hl7.org/fhir/StructureDefinition/patient-interpreterRequired",
            "valueBoolean": false
          },
          {
            "url": "http://standardhealthrecord.org/fhir/StructureDefinition/shr-actor-FictionalPerson-extension",
            "valueBoolean": true
          },
          {
            "url": "http://standardhealthrecord.org/fhir/StructureDefinition/shr-demographics-FathersName-extension",
            "valueHumanName": {
              "text": "Mateo125 Abernathy959"
            }
          },
          {
            "url": "http://standardhealthrecord.org/fhir/StructureDefinition/shr-demographics-SocialSecurityNumber-extension",
            "valueString": "999-83-2553"
          }
        ],
        "identifier": [
          {
            "system": "https://github.com/synthetichealth/synthea",
            "value": "f4b26fe1-ec79-4771-9218-2949907bbd7b"
          },
          {
            "type": {
              "coding": [
                {
                  "system": "http://hl7.org/fhir/identifier-type",
                  "code": "SB"
                }
              ]
            },
            "system": "http://hl7.org/fhir/sid/us-ssn",
            "value": "999832553"
          },
          {
            "type": {
              "coding": [
                {
                  "system": "http://hl7.org/fhir/v2/0203",
                  "code": "DL"
                }
              ]
            },
            "system": "urn:oid:2.16.840.1.113883.4.3.25",
            "value": "S99977872"
          }
        ],
        "name": [
          {
            "use": "official",
            "family": "Abernathy959",
            "given": [
              "Bailey657"
            ],
            "prefix": [
              "Ms."
            ]
          }
        ],
        "telecom": [
          {
            "system": "phone",
            "value": "180-331-4451",
            "use": "home"
          }
        ],
        "gender": "female",
        "birthDate": "1959-08-12",
        "deceasedDateTime": "2012-04-19T08:54:07-04:00",
        "address": [
          {
            "extension": [
              {
                "extension": [
                  {
                    "url": "latitude",
                    "valueDecimal": 42.118186522657155
                  },
                  {
                    "url": "longitude",
                    "valueDecimal": -72.63216945603443
                  }
                ],
                "url": "http://hl7.org/fhir/StructureDefinition/geolocation"
              }
            ],
            "line": [
              "863 Alden Manor",
              "Apt. 383"
            ],
            "city": "West Springfield",
            "state": "MA",
            "postalCode": "01090",
            "country": "US"
          }
        ],
        "maritalStatus": {
          "coding": [
            {
              "system": "http://hl7.org/fhir/v3/MaritalStatus",
              "code": "S"
            }
          ],
          "text": "S"
        },
        "multipleBirthBoolean": false,
        "communication": [
          {
            "language": {
              "coding": [
                {
                  "system": "http://hl7.org/fhir/ValueSet/languages",
                  "code": "en-US",
                  "display": "English (United States)"
                }
              ]
            }
          }
        ],
        "resourceType": "Patient"
      }
    },
    {
      "fullUrl": "urn:uuid:57af68d0-956d-440c-9d03-ecbdc402526e",
      "resource": {
        "id": "57af68d0-956d-440c-9d03-ecbdc402526e",
        "meta": {
          "profile": [
            "http://standardhealthrecord.org/fhir/StructureDefinition/shr-actor-Organization"
          ]
        },
        "type": [
          {
            "coding": [
              {
                "system": "http://hl7.org/fhir/ValueSet/organization-type",
                "code": "prov",
                "display": "Healthcare Provider"
              }
            ],
            "text": "Healthcare Provider"
          }
        ],
        "name": "Synthetic Provider",
        "resourceType": "Organization"
      }
    },
    {
      "fullUrl": "urn:uuid:3ca63dac-3ffb-4a55-9bc8-58f3aaa9d759",
      "resource": {
        "id": "3ca63dac-3ffb-4a55-9bc8-58f3aaa9d759",
        "meta": {
          "profile": [
            "http://standardhealthrecord.org/fhir/StructureDefinition/shr-encounter-Encounter"
          ]
        },
        "status": "finished",
        "class": {
          "code": "outpatient"
        },
        "type": [
          {
            "coding": [
              {
                "system": "http://snomed.info/sct",
                "code": "185349003"
              }
            ],
            "text": "Outpatient Encounter"
          }
        ],
        "subject": {
          "reference": "urn:uuid:6daf5b52-8c60-4d48-81c0-f5d0551184d1"
        },
        "period": {
          "start": "2011-04-21T02:39:38-04:00",
          "end": "2011-04-21T03:39:38-04:00"
        },
        "serviceProvider": {
          "reference": "urn:uuid:57af68d0-956d-440c-9d03-ecbdc402526e"
        },
        "resourceType": "Encounter"
      }
    },
    {
      "fullUrl": "urn:uuid:3513f6df-0c99-4f33-a99d-203b447fb27c",
      "resource": {
        "id": "3513f6df-0c99-4f33-a99d-203b447fb27c",
        "meta": {
          "profile": [
            "http://standardhealthrecord.org/fhir/StructureDefinition/shr-problem-Problem"
          ]
        },
        "clinicalStatus": "active",
        "verificationStatus": "confirmed",
        "code": {
          "coding": [
            {
              "system": "http://snomed.info/sct",
              "code": "15777000",
              "display": "Prediabetes"
            }
          ],
          "text": "Prediabetes"
        },
        "subject": {
          "reference": "urn:uuid:6daf5b52-8c60-4d48-81c0-f5d0551184d1"
        },
        "context": {
          "reference": "urn:uuid:3ca63dac-3ffb-4a55-9bc8-58f3aaa9d759"
        },
        "onsetDateTime": "1979-11-05T06:08:32-05:00",
        "assertedDate": "1979-11-05",
        "resourceType": "Condition"
      }
    },
    {
      "fullUrl": "urn:uuid:99355ec3-d80b-4835-b525-72ed68557b03",
      "resource": {
        "id": "99355ec3-d80b-4835-b525-72ed68557b03",
        "meta": {
          "profile": [
            "http://standardhealthrecord.org/fhir/StructureDefinition/shr-problem-Problem"
          ]
        },
        "clinicalStatus": "active",
        "verificationStatus": "confirmed",
        "code": {
          "coding": [
            {
              "system": "http://snomed.info/sct",
              "code": "185086009",
              "display": "Chronic obstructive bronchitis (disorder)"
            }
          ],
          "text": "Chronic obstructive bronchitis (disorder)"
        },
        "subject": {
          "reference": "urn:uuid:6daf5b52-8c60-4d48-81c0-f5d0551184d1"
        },
        "context": {
          "reference": "urn:uuid:3ca63dac-3ffb-4a55-9bc8-58f3aaa9d759"
        },
        "onsetDateTime": "1997-01-15T13:01:15-05:00",
        "assertedDate": "1997-01-15",
        "resourceType": "Condition"
      }
    },
    {
      "fullUrl": "urn:uuid:e7d5b8b9-d4fd-4d84-87ed-ee5367825f1a",
      "resource": {
        "id": "e7d5b8b9-d4fd-4d84-87ed-ee5367825f1a",
        "meta": {
          "profile": [
            "http://standardhealthrecord.org/fhir/StructureDefinition/shr-observation-Observation"
          ]
        },
        "status": "final",
        "category": [
          {
            "coding": [
              {
                "system": "http://hl7.org/fhir/observation-category",
                "code": "procedure"
              }
            ]
          }
        ],
        "code": {
          "coding": [
            {
              "system": "http://loinc.org",
              "code": "19926-5",
              "display": "FEV1/​FVC"
            }
          ],
          "text": "FEV1/​FVC"
        },
        "subject": {
          "reference": "urn:uuid:6daf5b52-8c60-4d48-81c0-f5d0551184d1"
        },
        "context": {
          "reference": "urn:uuid:3ca63dac-3ffb-4a55-9bc8-58f3aaa9d759"
        },
        "effectiveDateTime": "2011-04-21T02:39:38-04:00",
        "issued": "2011-04-21T02:39:38-04:00",
        "valueQuantity": {
          "value": 54,
          "unit": "%",
          "system": "http://unitsofmeasure.org/",
          "code": "%"
        },
        "resourceType": "Observation"
      }
    },
    {
      "fullUrl": "urn:uuid:12fdbadd-9451-417d-9775-450afc76c20b",
      "resource": {
        "id": "12fdbadd-9451-417d-9775-450afc76c20b",
        "meta": {
          "profile": [
            "http://standardhealthrecord.org/fhir/StructureDefinition/shr-observation-Observation"
          ]
        },
        "status": "final",
        "category": [
          {
            "coding": [
              {
                "system": "http://hl7.org/fhir/observation-category",
                "code": "laboratory"
              }
            ]
          }
        ],
        "code": {
          "coding": [
            {
              "system": "http://loinc.org",
              "code": "4548-4",
              "display": "Hemoglobin A1c/Hemoglobin.total in Blood"
            }
          ],
          "text": "Hemoglobin A1c/Hemoglobin.total in Blood"
        },
        "subject": {
          "reference": "urn:uuid:6daf5b52-8c60-4d48-81c0-f5d0551184d1"
        },
        "context": {
          "reference": "urn:uuid:3ca63dac-3ffb-4a55-9bc8-58f3aaa9d759"
        },
        "effectiveDateTime": "2011-04-21T02:39:38-04:00",
        "issued": "2011-04-21T02:39:38-04:00",
        "valueQuantity": {
          "value": 5.8,
          "unit": "%",
          "system": "http://unitsofmeasure.org/",
          "code": "%"
        },
        "resourceType": "Observation"
      }
    },
    {
      "fullUrl": "urn:uuid:35a066a8-c109-4382-afab-cb65005ad84c",
      "resource": {
        "id": "35a066a8-c109-4382-afab-cb65005ad84c",
        "meta": {
          "profile": [
            "http://standardhealthrecord.org/fhir/StructureDefinition/shr-observation-Observation",
            "http://standardhealthrecord.org/fhir/StructureDefinition/shr-vital-VitalSign",
            "http://standardhealthrecord.org/fhir/StructureDefinition/shr-vital-BodyHeight"
          ]
        },
        "status": "final",
        "category": [
          {
            "coding": [
              {
                "system": "http://hl7.org/fhir/observation-category",
                "code": "vital-signs"
              }
            ]
          }
        ],
        "code": {
          "coding": [
            {
              "system": "http://loinc.org",
              "code": "8302-2",
              "display": "Body Height"
            }
          ],
          "text": "Body Height"
        },
        "subject": {
          "reference": "urn:uuid:6daf5b52-8c60-4d48-81c0-f5d0551184d1"
        },
        "context": {
          "reference": "urn:uuid:3ca63dac-3ffb-4a55-9bc8-58f3aaa9d759"
        },
        "effectiveDateTime": "2011-04-21T02:39:38-04:00",
        "issued": "2011-04-21T02:39:38-04:00",
        "valueQuantity": {
          "value": 164.89922336026265,
          "unit": "cm",
          "system": "http://unitsofmeasure.org/",
          "code": "cm"
        },
        "resourceType": "Observation"
      }
    },
    {
      "fullUrl": "urn:uuid:e8ea91ee-e8d9-48e0-bce3-4db04033bdb4",
      "resource": {
        "id": "e8ea91ee-e8d9-48e0-bce3-4db04033bdb4",
        "meta": {
          "profile": [
            "http://standardhealthrecord.org/fhir/StructureDefinition/shr-observation-Observation",
            "http://standardhealthrecord.org/fhir/StructureDefinition/shr-vital-VitalSign",
            "http://standardhealthrecord.org/fhir/StructureDefinition/shr-vital-BodyWeight"
          ]
        },
        "status": "final",
        "category": [
          {
            "coding": [
              {
                "system": "http://hl7.org/fhir/observation-category",
                "code": "vital-signs"
              }
            ]
          }
        ],
        "code": {
          "coding": [
            {
              "system": "http://loinc.org",
              "code": "29463-7",
              "display": "Body Weight"
            }
          ],
          "text": "Body Weight"
        },
        "subject": {
          "reference": "urn:uuid:6daf5b52-8c60-4d48-81c0-f5d0551184d1"
        },
        "context": {
          "reference": "urn:uuid:3ca63dac-3ffb-4a55-9bc8-58f3aaa9d759"
        },
        "effectiveDateTime": "2011-04-21T02:39:38-04:00",
        "issued": "2011-04-21T02:39:38-04:00",
        "valueQuantity": {
          "value": 102.8250897054748,
          "unit": "kg",
          "system": "http://unitsofmeasure.org/",
          "code": "kg"
        },
        "resourceType": "Observation"
      }
    },
    {
      "fullUrl": "urn:uuid:74b4f5b1-4e97-42e5-bc3a-9308597fe176",
      "resource": {
        "id": "74b4f5b1-4e97-42e5-bc3a-9308597fe176",
        "meta": {
          "profile": [
            "http://standardhealthrecord.org/fhir/StructureDefinition/shr-observation-Observation",
            "http://standardhealthrecord.org/fhir/StructureDefinition/shr-vital-VitalSign",
            "http://standardhealthrecord.org/fhir/StructureDefinition/shr-vital-BodyMassIndex"
          ]
        },
        "status": "final",
        "category": [
          {
            "coding": [
              {
                "system": "http://hl7.org/fhir/observation-category",
                "code": "vital-signs"
              }
            ]
          }
        ],
        "code": {
          "coding": [
            {
              "system": "http://loinc.org",
              "code": "39156-5",
              "display": "Body Mass Index"
            }
          ],
          "text": "Body Mass Index"
        },
        "subject": {
          "reference": "urn:uuid:6daf5b52-8c60-4d48-81c0-f5d0551184d1"
        },
        "context": {
          "reference": "urn:uuid:3ca63dac-3ffb-4a55-9bc8-58f3aaa9d759"
        },
        "effectiveDateTime": "2011-04-21T02:39:38-04:00",
        "issued": "2011-04-21T02:39:38-04:00",
        "valueQuantity": {
          "value": 37.814805994737846,
          "unit": "kg/m2",
          "system": "http://unitsofmeasure.org/",
          "code": "kg/m2"
        },
        "resourceType": "Observation"
      }
    },
    {
      "fullUrl": "urn:uuid:2c025e76-0a46-48a6-a285-e7289053de7d",
      "resource": {
        "id": "2c025e76-0a46-48a6-a285-e7289053de7d",
        "meta": {
          "profile": [
            "http://standardhealthrecord.org/fhir/StructureDefinition/shr-observation-Observation",
            "http://standardhealthrecord.org/fhir/StructureDefinition/shr-vital-BloodPressure"
          ]
        },
        "status": "final",
        "category": [
          {
            "coding": [
              {
                "system": "http://hl7.org/fhir/observation-category",
                "code": "vital-signs"
              }
            ]
          }
        ],
        "code": {
          "coding": [
            {
              "system": "http://loinc.org",
              "code": "55284-4",
              "display": "Blood Pressure"
            }
          ]
        },
        "subject": {
          "reference": "urn:uuid:6daf5b52-8c60-4d48-81c0-f5d0551184d1"
        },
        "context": {
          "reference": "urn:uuid:3ca63dac-3ffb-4a55-9bc8-58f3aaa9d759"
        },
        "effectiveDateTime": "2011-04-21T02:39:38-04:00",
        "issued": "2011-04-21T02:39:38-04:00",
        "component": [
          {
            "code": {
              "coding": [
                {
                  "system": "http://loinc.org",
                  "code": "8480-6",
                  "display": "Systolic Blood Pressure"
                }
              ],
              "text": "Systolic Blood Pressure"
            },
            "valueQuantity": {
              "value": 101,
              "unit": "mmHg",
              "system": "http://unitsofmeasure.org/",
              "code": "mmHg"
            }
          },
          {
            "code": {
              "coding": [
                {
                  "system": "http://loinc.org",
                  "code": "8462-4",
                  "display": "Diastolic Blood Pressure"
                }
              ],
              "text": "Diastolic Blood Pressure"
            },
            "valueQuantity": {
              "value": 81,
              "unit": "mmHg",
              "system": "http://unitsofmeasure.org/",
              "code": "mmHg"
            }
          }
        ],
        "resourceType": "Observation"
      }
    },
    {
      "fullUrl": "urn:uuid:40701a2c-c905-4724-9c62-1e313bd5dc2b",
      "resource": {
        "id": "40701a2c-c905-4724-9c62-1e313bd5dc2b",
        "meta": {
          "profile": [
            "http://standardhealthrecord.org/fhir/StructureDefinition/shr-observation-Observation"
          ]
        },
        "status": "final",
        "category": [
          {
            "coding": [
              {
                "system": "http://hl7.org/fhir/observation-category",
                "code": "laboratory"
              }
            ]
          }
        ],
        "code": {
          "coding": [
            {
              "system": "http://loinc.org",
              "code": "4548-4",
              "display": "Hemoglobin A1c/Hemoglobin.total in Blood"
            }
          ],
          "text": "Hemoglobin A1c/Hemoglobin.total in Blood"
        },
        "subject": {
          "reference": "urn:uuid:6daf5b52-8c60-4d48-81c0-f5d0551184d1"
        },
        "context": {
          "reference": "urn:uuid:3ca63dac-3ffb-4a55-9bc8-58f3aaa9d759"
        },
        "effectiveDateTime": "2011-04-21T02:39:38-04:00",
        "issued": "2011-04-21T02:39:38-04:00",
        "valueQuantity": {
          "value": 5.8,
          "unit": "%",
          "system": "http://unitsofmeasure.org/",
          "code": "%"
        },
        "resourceType": "Observation"
      }
    },
    {
      "fullUrl": "urn:uuid:a34ae590-f9fb-4849-b39d-4f46c904e32b",
      "resource": {
        "id": "a34ae590-f9fb-4849-b39d-4f46c904e32b",
        "meta": {
          "profile": [
            "http://standardhealthrecord.org/fhir/StructureDefinition/shr-observation-Observation"
          ]
        },
        "status": "final",
        "category": [
          {
            "coding": [
              {
                "system": "http://hl7.org/fhir/observation-category",
                "code": "laboratory"
              }
            ]
          }
        ],
        "code": {
          "coding": [
            {
              "system": "http://loinc.org",
              "code": "2339-0",
              "display": "Glucose"
            }
          ],
          "text": "Glucose"
        },
        "subject": {
          "reference": "urn:uuid:6daf5b52-8c60-4d48-81c0-f5d0551184d1"
        },
        "context": {
          "reference": "urn:uuid:3ca63dac-3ffb-4a55-9bc8-58f3aaa9d759"
        },
        "effectiveDateTime": "2011-04-21T02:39:38-04:00",
        "issued": "2011-04-21T02:39:38-04:00",
        "valueQuantity": {
          "value": 66,
          "unit": "mg/dL",
          "system": "http://unitsofmeasure.org/",
          "code": "mg/dL"
        },
        "resourceType": "Observation"
      }
    },
    {
      "fullUrl": "urn:uuid:70408ef8-b719-4670-ad4a-f2cb055adc0c",
      "resource": {
        "id": "70408ef8-b719-4670-ad4a-f2cb055adc0c",
        "meta": {
          "profile": [
            "http://standardhealthrecord.org/fhir/StructureDefinition/shr-observation-Observation"
          ]
        },
        "status": "final",
        "category": [
          {
            "coding": [
              {
                "system": "http://hl7.org/fhir/observation-category",
                "code": "laboratory"
              }
            ]
          }
        ],
        "code": {
          "coding": [
            {
              "system": "http://loinc.org",
              "code": "6299-2",
              "display": "Urea Nitrogen"
            }
          ],
          "text": "Urea Nitrogen"
        },
        "subject": {
          "reference": "urn:uuid:6daf5b52-8c60-4d48-81c0-f5d0551184d1"
        },
        "context": {
          "reference": "urn:uuid:3ca63dac-3ffb-4a55-9bc8-58f3aaa9d759"
        },
        "effectiveDateTime": "2011-04-21T02:39:38-04:00",
        "issued": "2011-04-21T02:39:38-04:00",
        "valueQuantity": {
          "value": 14,
          "unit": "mg/dL",
          "system": "http://unitsofmeasure.org/",
          "code": "mg/dL"
        },
        "resourceType": "Observation"
      }
    },
    {
      "fullUrl": "urn:uuid:d2def0e7-47ea-49ad-b9b6-ef2f9050b181",
      "resource": {
        "id": "d2def0e7-47ea-49ad-b9b6-ef2f9050b181",
        "meta": {
          "profile": [
            "http://standardhealthrecord.org/fhir/StructureDefinition/shr-observation-Observation"
          ]
        },
        "status": "final",
        "category": [
          {
            "coding": [
              {
                "system": "http://hl7.org/fhir/observation-category",
                "code": "laboratory"
              }
            ]
          }
        ],
        "code": {
          "coding": [
            {
              "system": "http://loinc.org",
              "code": "38483-4",
              "display": "Creatinine"
            }
          ],
          "text": "Creatinine"
        },
        "subject": {
          "reference": "urn:uuid:6daf5b52-8c60-4d48-81c0-f5d0551184d1"
        },
        "context": {
          "reference": "urn:uuid:3ca63dac-3ffb-4a55-9bc8-58f3aaa9d759"
        },
        "effectiveDateTime": "2011-04-21T02:39:38-04:00",
        "issued": "2011-04-21T02:39:38-04:00",
        "valueQuantity": {
          "value": 1.0,
          "unit": "mg/dL",
          "system": "http://unitsofmeasure.org/",
          "code": "mg/dL"
        },
        "resourceType": "Observation"
      }
    },
    {
      "fullUrl": "urn:uuid:ccc0d3df-5641-4171-a0c2-7549ae17aa2b",
      "resource": {
        "id": "ccc0d3df-5641-4171-a0c2-7549ae17aa2b",
        "meta": {
          "profile": [
            "http://standardhealthrecord.org/fhir/StructureDefinition/shr-observation-Observation"
          ]
        },
        "status": "final",
        "category": [
          {
            "coding": [
              {
                "system": "http://hl7.org/fhir/observation-category",
                "code": "laboratory"
              }
            ]
          }
        ],
        "code": {
          "coding": [
            {
              "system": "http://loinc.org",
              "code": "49765-1",
              "display": "Calcium"
            }
          ],
          "text": "Calcium"
        },
        "subject": {
          "reference": "urn:uuid:6daf5b52-8c60-4d48-81c0-f5d0551184d1"
        },
        "context": {
          "reference": "urn:uuid:3ca63dac-3ffb-4a55-9bc8-58f3aaa9d759"
        },
        "effectiveDateTime": "2011-04-21T02:39:38-04:00",
        "issued": "2011-04-21T02:39:38-04:00",
        "valueQuantity": {
          "value": 9.567559660785541,
          "unit": "mg/dL",
          "system": "http://unitsofmeasure.org/",
          "code": "mg/dL"
        },
        "resourceType": "Observation"
      }
    },
    {
      "fullUrl": "urn:uuid:5d735c00-9246-47bd-9fbf-405ac09b6fc3",
      "resource": {
        "id": "5d735c00-9246-47bd-9fbf-405ac09b6fc3",
        "meta": {
          "profile": [
            "http://standardhealthrecord.org/fhir/StructureDefinition/shr-observation-Observation"
          ]
        },
        "status": "final",
        "category": [
          {
            "coding": [
              {
                "system": "http://hl7.org/fhir/observation-category",
                "code": "laboratory"
              }
            ]
          }
        ],
        "code": {
          "coding": [
            {
              "system": "http://loinc.org",
              "code": "2947-0",
              "display": "Sodium"
            }
          ],
          "text": "Sodium"
        },
        "subject": {
          "reference": "urn:uuid:6daf5b52-8c60-4d48-81c0-f5d0551184d1"
        },
        "context": {
          "reference": "urn:uuid:3ca63dac-3ffb-4a55-9bc8-58f3aaa9d759"
        },
        "effectiveDateTime": "2011-04-21T02:39:38-04:00",
        "issued": "2011-04-21T02:39:38-04:00",
        "valueQuantity": {
          "value": 143,
          "unit": "mmol/L",
          "system": "http://unitsofmeasure.org/",
          "code": "mmol/L"
        },
        "resourceType": "Observation"
      }
    },
    {
      "fullUrl": "urn:uuid:d83cd798-274d-4f0f-b933-05a6696bcbc3",
      "resource": {
        "id": "d83cd798-274d-4f0f-b933-05a6696bcbc3",
        "meta": {
          "profile": [
            "http://standardhealthrecord.org/fhir/StructureDefinition/shr-observation-Observation"
          ]
        },
        "status": "final",
        "category": [
          {
            "coding": [
              {
                "system": "http://hl7.org/fhir/observation-category",
                "code": "laboratory"
              }
            ]
          }
        ],
        "code": {
          "coding": [
            {
              "system": "http://loinc.org",
              "code": "6298-4",
              "display": "Potassium"
            }
          ],
          "text": "Potassium"
        },
        "subject": {
          "reference": "urn:uuid:6daf5b52-8c60-4d48-81c0-f5d0551184d1"
        },
        "context": {
          "reference": "urn:uuid:3ca63dac-3ffb-4a55-9bc8-58f3aaa9d759"
        },
        "effectiveDateTime": "2011-04-21T02:39:38-04:00",
        "issued": "2011-04-21T02:39:38-04:00",
        "valueQuantity": {
          "value": 4.75855234582122,
          "unit": "mmol/L",
          "system": "http://unitsofmeasure.org/",
          "code": "mmol/L"
        },
        "resourceType": "Observation"
      }
    },
    {
      "fullUrl": "urn:uuid:68544f34-ce1d-48f7-a2d4-3f7a6a3f2b67",
      "resource": {
        "id": "68544f34-ce1d-48f7-a2d4-3f7a6a3f2b67",
        "meta": {
          "profile": [
            "http://standardhealthrecord.org/fhir/StructureDefinition/shr-observation-Observation"
          ]
        },
        "status": "final",
        "category": [
          {
            "coding": [
              {
                "system": "http://hl7.org/fhir/observation-category",
                "code": "laboratory"
              }
            ]
          }
        ],
        "code": {
          "coding": [
            {
              "system": "http://loinc.org",
              "code": "2069-3",
              "display": "Chloride"
            }
          ],
          "text": "Chloride"
        },
        "subject": {
          "reference": "urn:uuid:6daf5b52-8c60-4d48-81c0-f5d0551184d1"
        },
        "context": {
          "reference": "urn:uuid:3ca63dac-3ffb-4a55-9bc8-58f3aaa9d759"
        },
        "effectiveDateTime": "2011-04-21T02:39:38-04:00",
        "issued": "2011-04-21T02:39:38-04:00",
        "valueQuantity": {
          "value": 102,
          "unit": "mmol/L",
          "system": "http://unitsofmeasure.org/",
          "code": "mmol/L"
        },
        "resourceType": "Observation"
      }
    },
    {
      "fullUrl": "urn:uuid:d69bc164-f1f5-4c0d-995d-f9d3c8ded5c7",
      "resource": {
        "id": "d69bc164-f1f5-4c0d-995d-f9d3c8ded5c7",
        "meta": {
          "profile": [
            "http://standardhealthrecord.org/fhir/StructureDefinition/shr-observation-Observation"
          ]
        },
        "status": "final",
        "category": [
          {
            "coding": [
              {
                "system": "http://hl7.org/fhir/observation-category",
                "code": "laboratory"
              }
            ]
          }
        ],
        "code": {
          "coding": [
            {
              "system": "http://loinc.org",
              "code": "20565-8",
              "display": "Carbon Dioxide"
            }
          ],
          "text": "Carbon Dioxide"
        },
        "subject": {
          "reference": "urn:uuid:6daf5b52-8c60-4d48-81c0-f5d0551184d1"
        },
        "context": {
          "reference": "urn:uuid:3ca63dac-3ffb-4a55-9bc8-58f3aaa9d759"
        },
        "effectiveDateTime": "2011-04-21T02:39:38-04:00",
        "issued": "2011-04-21T02:39:38-04:00",
        "valueQuantity": {
          "value": 28,
          "unit": "mmol/L",
          "system": "http://unitsofmeasure.org/",
          "code": "mmol/L"
        },
        "resourceType": "Observation"
      }
    },
    {
      "fullUrl": "urn:uuid:2b74e432-f3a0-4516-a716-6a5db6dd134d",
      "resource": {
        "id": "2b74e432-f3a0-4516-a716-6a5db6dd134d",
        "meta": {
          "profile": [
            "http://standardhealthrecord.org/fhir/StructureDefinition/shr-observation-Panel"
          ]
        },
        "status": "final",
        "code": {
          "coding": [
            {
              "system": "http://loinc.org",
              "code": "51990-0",
              "display": "Basic Metabolic Panel"
            }
          ]
        },
        "subject": {
          "reference": "urn:uuid:6daf5b52-8c60-4d48-81c0-f5d0551184d1"
        },
        "context": {
          "reference": "urn:uuid:3ca63dac-3ffb-4a55-9bc8-58f3aaa9d759"
        },
        "effectiveDateTime": "2011-04-21T02:39:38-04:00",
        "issued": "2011-04-21T02:39:38-04:00",
        "result": [
          {
            "reference": "urn:uuid:a34ae590-f9fb-4849-b39d-4f46c904e32b",
            "display": "Glucose"
          },
          {
            "reference": "urn:uuid:70408ef8-b719-4670-ad4a-f2cb055adc0c",
            "display": "Urea Nitrogen"
          },
          {
            "reference": "urn:uuid:d2def0e7-47ea-49ad-b9b6-ef2f9050b181",
            "display": "Creatinine"
          },
          {
            "reference": "urn:uuid:ccc0d3df-5641-4171-a0c2-7549ae17aa2b",
            "display": "Calcium"
          },
          {
            "reference": "urn:uuid:5d735c00-9246-47bd-9fbf-405ac09b6fc3",
            "display": "Sodium"
          },
          {
            "reference": "urn:uuid:d83cd798-274d-4f0f-b933-05a6696bcbc3",
            "display": "Potassium"
          },
          {
            "reference": "urn:uuid:68544f34-ce1d-48f7-a2d4-3f7a6a3f2b67",
            "display": "Chloride"
          },
          {
            "reference": "urn:uuid:d69bc164-f1f5-4c0d-995d-f9d3c8ded5c7",
            "display": "Carbon Dioxide"
          }
        ],
        "resourceType": "DiagnosticReport"
      }
    },
    {
      "resource": {
        "meta": {
          "profile": [
            "http://standardhealthrecord.org/fhir/StructureDefinition/shr-procedure-Procedure"
          ]
        },
        "extension": [
          {
            "url": "http://standardhealthrecord.org/fhir/StructureDefinition/shr-core-CodeableConcept-extension",
            "valueCodeableConcept": {
              "coding": [
                {
                  "system": "http://snomed.info/sct",
                  "code": "127783003",
                  "display": "Spirometry (procedure)"
                }
              ],
              "text": "Spirometry (procedure)"
            }
          }
        ],
        "status": "completed",
        "code": {
          "coding": [
            {
              "system": "http://snomed.info/sct",
              "code": "127783003",
              "display": "Spirometry (procedure)"
            }
          ],
          "text": "Spirometry (procedure)"
        },
        "subject": {
          "reference": "urn:uuid:6daf5b52-8c60-4d48-81c0-f5d0551184d1"
        },
        "context": {
          "reference": "urn:uuid:3ca63dac-3ffb-4a55-9bc8-58f3aaa9d759"
        },
        "performedDateTime": "2011-04-21T02:39:38-04:00",
        "reasonReference": {
          "reference": "urn:uuid:99355ec3-d80b-4835-b525-72ed68557b03",
          "display": "Chronic obstructive bronchitis (disorder)"
        },
        "resourceType": "Procedure"
      }
    },
    {
      "resource": {
        "meta": {
          "profile": [
            "http://standardhealthrecord.org/fhir/StructureDefinition/shr-immunization-Immunization"
          ]
        },
        "status": "completed",
        "notGiven": false,
        "vaccineCode": {
          "coding": [
            {
              "system": "http://hl7.org/fhir/sid/cvx",
              "code": "140",
              "display": "Influenza, seasonal, injectable, preservative free"
            }
          ],
          "text": "Influenza, seasonal, injectable, preservative free"
        },
        "patient": {
          "reference": "urn:uuid:6daf5b52-8c60-4d48-81c0-f5d0551184d1"
        },
        "encounter": {
          "reference": "urn:uuid:3ca63dac-3ffb-4a55-9bc8-58f3aaa9d759"
        },
        "date": "2011-04-21T02:39:38-04:00",
        "primarySource": true,
        "resourceType": "Immunization"
      }
    },
    {
      "resource": {
        "meta": {
          "profile": [
            "http://standardhealthrecord.org/fhir/StructureDefinition/shr-immunization-Immunization"
          ]
        },
        "status": "completed",
        "notGiven": false,
        "vaccineCode": {
          "coding": [
            {
              "system": "http://hl7.org/fhir/sid/cvx",
              "code": "113",
              "display": "Td (adult) preservative free"
            }
          ],
          "text": "Td (adult) preservative free"
        },
        "patient": {
          "reference": "urn:uuid:6daf5b52-8c60-4d48-81c0-f5d0551184d1"
        },
        "encounter": {
          "reference": "urn:uuid:3ca63dac-3ffb-4a55-9bc8-58f3aaa9d759"
        },
        "date": "2011-04-21T02:39:38-04:00",
        "primarySource": true,
        "resourceType": "Immunization"
      }
    },
    {
      "resource": {
        "status": "in-progress",
        "description": {
          "text": "Hemoglobin A1c total in Blood < 7.0"
        },
        "addresses": [
          {
            "reference": "urn:uuid:3513f6df-0c99-4f33-a99d-203b447fb27c"
          }
        ],
        "resourceType": "Goal"
      }
    },
    {
      "resource": {
        "status": "in-progress",
        "description": {
          "text": "Glucose [Mass/volume] in Blood < 108"
        },
        "addresses": [
          {
            "reference": "urn:uuid:3513f6df-0c99-4f33-a99d-203b447fb27c"
          }
        ],
        "resourceType": "Goal"
      }
    },
    {
      "resource": {
        "status": "in-progress",
        "description": {
          "text": "Maintain blood pressure below 140/90 mmHg"
        },
        "addresses": [
          {
            "reference": "urn:uuid:3513f6df-0c99-4f33-a99d-203b447fb27c"
          }
        ],
        "resourceType": "Goal"
      }
    },
    {
      "resource": {
        "status": "in-progress",
        "description": {
          "text": "Improve and maintenance of optimal foot health: aim at early detection of peripheral vascular problems and neuropathy presumed due to diabetes; and prevention of diabetic foot ulcer, gangrene"
        },
        "addresses": [
          {
            "reference": "urn:uuid:3513f6df-0c99-4f33-a99d-203b447fb27c"
          }
        ],
        "resourceType": "Goal"
      }
    },
    {
      "resource": {
        "status": "in-progress",
        "description": {
          "text": "Address patient knowledge deficit on diabetic self-care"
        },
        "addresses": [
          {
            "reference": "urn:uuid:3513f6df-0c99-4f33-a99d-203b447fb27c"
          }
        ],
        "resourceType": "Goal"
      }
    },
    {
      "resource": {
        "status": "active",
        "category": [
          {
            "coding": [
              {
                "system": "http://snomed.info/sct",
                "code": "698360004",
                "display": "Diabetes self management plan"
              }
            ]
          }
        ],
        "subject": {
          "reference": "urn:uuid:6daf5b52-8c60-4d48-81c0-f5d0551184d1"
        },
        "context": {
          "reference": "urn:uuid:3ca63dac-3ffb-4a55-9bc8-58f3aaa9d759"
        },
        "period": {
          "start": "1979-11-05"
        },
        "addresses": [
          {
            "reference": "urn:uuid:3513f6df-0c99-4f33-a99d-203b447fb27c"
          }
        ],
        "goal": [
          {
            "reference": ""
          },
          {
            "reference": ""
          },
          {
            "reference": ""
          },
          {
            "reference": ""
          },
          {
            "reference": ""
          }
        ],
        "activity": [
          {
            "detail": {
              "code": {
                "coding": [
                  {
                    "system": "http://snomed.info/sct",
                    "code": "160670007",
                    "display": "Diabetic diet"
                  }
                ]
              },
              "status": "in-progress"
            }
          },
          {
            "detail": {
              "code": {
                "coding": [
                  {
                    "system": "http://snomed.info/sct",
                    "code": "229065009",
                    "display": "Exercise therapy"
                  }
                ]
              },
              "status": "in-progress"
            }
          }
        ],
        "resourceType": "CarePlan"
      }
    },
    {
      "resource": {
        "status": "active",
        "category": [
          {
            "coding": [
              {
                "system": "http://snomed.info/sct",
                "code": "412776001",
                "display": "Chronic obstructive pulmonary disease clinical management plan"
              }
            ]
          }
        ],
        "subject": {
          "reference": "urn:uuid:6daf5b52-8c60-4d48-81c0-f5d0551184d1"
        },
        "context": {
          "reference": "urn:uuid:3ca63dac-3ffb-4a55-9bc8-58f3aaa9d759"
        },
        "period": {
          "start": "1997-01-15"
        },
        "addresses": [
          {
            "reference": "urn:uuid:99355ec3-d80b-4835-b525-72ed68557b03"
          }
        ],
        "activity": [
          {
            "detail": {
              "code": {
                "coding": [
                  {
                    "system": "http://snomed.info/sct",
                    "code": "710081004",
                    "display": "Smoking cessation therapy"
                  }
                ]
              },
              "status": "in-progress"
            }
          },
          {
            "detail": {
              "code": {
                "coding": [
                  {
                    "system": "http://snomed.info/sct",
                    "code": "426990007",
                    "display": "Home oxygen therapy (procedure)"
                  }
                ]
              },
              "status": "in-progress"
            }
          }
        ],
        "resourceType": "CarePlan"
      }
    },
    {
      "resource": {
        "meta": {
          "profile": [
            "http://standardhealthrecord.org/fhir/StructureDefinition/shr-medication-Medication"
          ]
        },
        "code": {
          "coding": [
            {
              "system": "http://www.nlm.nih.gov/research/umls/rxnorm",
              "code": "834101",
              "display": "Penicillin V Potassium 500 MG"
            }
          ],
          "text": "Penicillin V Potassium 500 MG"
        },
        "resourceType": "Medication"
      }
    },
    {
      "resource": {
        "meta": {
          "profile": [
            "http://standardhealthrecord.org/fhir/StructureDefinition/shr-medication-MedicationPrescription"
          ]
        },
        "extension": [
          {
            "url": "http://standardhealthrecord.org/fhir/StructureDefinition/shr-base-ActionCode-extension",
            "valueCodeableConcept": {
              "coding": [
                {
                  "system": "http://snomed.info/sct",
                  "code": "33633005",
                  "display": "Prescription of drug (procedure)"
                }
              ],
              "text": "Prescription of drug (procedure)"
            }
          }
        ],
        "status": "active",
        "medicationReference": {
          "reference": ""
        },
        "subject": {
          "reference": "urn:uuid:6daf5b52-8c60-4d48-81c0-f5d0551184d1"
        },
        "context": {
          "reference": "urn:uuid:3ca63dac-3ffb-4a55-9bc8-58f3aaa9d759"
        },
        "authoredOn": "1987-02-23",
        "dosageInstruction": [
          {

          }
        ],
        "resourceType": "MedicationRequest"
      }
    },
    {
      "resource": {
        "meta": {
          "profile": [
            "http://standardhealthrecord.org/fhir/StructureDefinition/shr-medication-Medication"
          ]
        },
        "code": {
          "coding": [
            {
              "system": "http://www.nlm.nih.gov/research/umls/rxnorm",
              "code": "896188",
              "display": "Fluticasone propionate 0.25 MG/ACTUAT / salmeterol 0.05 MG/ACTUAT [Advair]"
            }
          ],
          "text": "Fluticasone propionate 0.25 MG/ACTUAT / salmeterol 0.05 MG/ACTUAT [Advair]"
        },
        "resourceType": "Medication"
      }
    },
    {
      "resource": {
        "meta": {
          "profile": [
            "http://standardhealthrecord.org/fhir/StructureDefinition/shr-medication-MedicationPrescription"
          ]
        },
        "extension": [
          {
            "url": "http://standardhealthrecord.org/fhir/StructureDefinition/shr-base-ActionCode-extension",
            "valueCodeableConcept": {
              "coding": [
                {
                  "system": "http://snomed.info/sct",
                  "code": "33633005",
                  "display": "Prescription of drug (procedure)"
                }
              ],
              "text": "Prescription of drug (procedure)"
            }
          }
        ],
        "status": "active",
        "medicationReference": {
          "reference": ""
        },
        "subject": {
          "reference": "urn:uuid:6daf5b52-8c60-4d48-81c0-f5d0551184d1"
        },
        "context": {
          "reference": "urn:uuid:3ca63dac-3ffb-4a55-9bc8-58f3aaa9d759"
        },
        "authoredOn": "1999-09-07",
        "reasonReference": [
          {
            "reference": "urn:uuid:99355ec3-d80b-4835-b525-72ed68557b03"
          }
        ],
        "dosageInstruction": [
          {

          }
        ],
        "resourceType": "MedicationRequest"
      }
    },
    {
      "fullUrl": "urn:uuid:33b9edfd-b38f-4abf-9c4b-6962346398ca",
      "resource": {
        "id": "33b9edfd-b38f-4abf-9c4b-6962346398ca",
        "meta": {
          "profile": [
            "http://standardhealthrecord.org/fhir/StructureDefinition/shr-encounter-Encounter"
          ]
        },
        "status": "finished",
        "class": {
          "code": "ambulatory"
        },
        "type": [
          {
            "coding": [
              {
                "system": "http://snomed.info/sct",
                "code": "185345009"
              }
            ],
            "text": "Encounter for symptom"
          }
        ],
        "subject": {
          "reference": "urn:uuid:6daf5b52-8c60-4d48-81c0-f5d0551184d1"
        },
        "period": {
          "start": "2011-06-04T20:54:03-04:00",
          "end": "2011-06-04T20:54:03-04:00"
        },
        "reason": {
          "coding": [
            {
              "system": "http://snomed.info/sct",
              "code": "301011002",
              "display": "Escherichia coli urinary tract infection"
            }
          ]
        },
        "serviceProvider": {
          "reference": "urn:uuid:57af68d0-956d-440c-9d03-ecbdc402526e"
        },
        "resourceType": "Encounter"
      }
    },
    {
      "fullUrl": "urn:uuid:2a8fd04e-2450-4c92-8923-ed54b805ddb4",
      "resource": {
        "id": "2a8fd04e-2450-4c92-8923-ed54b805ddb4",
        "meta": {
          "profile": [
            "http://standardhealthrecord.org/fhir/StructureDefinition/shr-problem-Problem"
          ]
        },
        "clinicalStatus": "active",
        "verificationStatus": "confirmed",
        "code": {
          "coding": [
            {
              "system": "http://snomed.info/sct",
              "code": "301011002",
              "display": "Escherichia coli urinary tract infection"
            }
          ],
          "text": "Escherichia coli urinary tract infection"
        },
        "subject": {
          "reference": "urn:uuid:6daf5b52-8c60-4d48-81c0-f5d0551184d1"
        },
        "context": {
          "reference": "urn:uuid:33b9edfd-b38f-4abf-9c4b-6962346398ca"
        },
        "onsetDateTime": "2011-06-04T20:54:03-04:00",
        "abatementDateTime": "2011-06-11T20:54:03-04:00",
        "assertedDate": "2011-06-04",
        "resourceType": "Condition"
      }
    },
    {
      "resource": {
        "status": "completed",
        "category": [
          {
            "coding": [
              {
                "system": "http://snomed.info/sct",
                "code": "869761000000107",
                "display": "Urinary tract infection care"
              }
            ]
          }
        ],
        "subject": {
          "reference": "urn:uuid:6daf5b52-8c60-4d48-81c0-f5d0551184d1"
        },
        "context": {
          "reference": "urn:uuid:33b9edfd-b38f-4abf-9c4b-6962346398ca"
        },
        "period": {
          "start": "2011-06-04",
          "end": "2011-06-11"
        },
        "addresses": [
          {
            "reference": "urn:uuid:2a8fd04e-2450-4c92-8923-ed54b805ddb4"
          }
        ],
        "activity": [
          {
            "detail": {
              "code": {
                "coding": [
                  {
                    "system": "http://snomed.info/sct",
                    "code": "223472008",
                    "display": "Discussion about hygiene"
                  }
                ]
              },
              "status": "completed"
            }
          },
          {
            "detail": {
              "code": {
                "coding": [
                  {
                    "system": "http://snomed.info/sct",
                    "code": "171245007",
                    "display": "Urine screening"
                  }
                ]
              },
              "status": "completed"
            }
          }
        ],
        "resourceType": "CarePlan"
      }
    },
    {
      "resource": {
        "meta": {
          "profile": [
            "http://standardhealthrecord.org/fhir/StructureDefinition/shr-medication-Medication"
          ]
        },
        "code": {
          "coding": [
            {
              "system": "http://www.nlm.nih.gov/research/umls/rxnorm",
              "code": "568530",
              "display": "Nitrofurantoin 5 MG/ML [Furadantin]"
            }
          ],
          "text": "Nitrofurantoin 5 MG/ML [Furadantin]"
        },
        "resourceType": "Medication"
      }
    },
    {
      "resource": {
        "meta": {
          "profile": [
            "http://standardhealthrecord.org/fhir/StructureDefinition/shr-medication-MedicationPrescription"
          ]
        },
        "extension": [
          {
            "url": "http://standardhealthrecord.org/fhir/StructureDefinition/shr-base-ActionCode-extension",
            "valueCodeableConcept": {
              "coding": [
                {
                  "system": "http://snomed.info/sct",
                  "code": "33633005",
                  "display": "Prescription of drug (procedure)"
                }
              ],
              "text": "Prescription of drug (procedure)"
            }
          }
        ],
        "status": "stopped",
        "medicationReference": {
          "reference": ""
        },
        "subject": {
          "reference": "urn:uuid:6daf5b52-8c60-4d48-81c0-f5d0551184d1"
        },
        "context": {
          "reference": "urn:uuid:33b9edfd-b38f-4abf-9c4b-6962346398ca"
        },
        "authoredOn": "2011-06-04",
        "reasonReference": [
          {
            "reference": "urn:uuid:2a8fd04e-2450-4c92-8923-ed54b805ddb4"
          }
        ],
        "dosageInstruction": [
          {

          }
        ],
        "resourceType": "MedicationRequest"
      }
    },
    {
      "resource": {
        "meta": {
          "profile": [
            "http://standardhealthrecord.org/fhir/StructureDefinition/shr-medication-Medication"
          ]
        },
        "code": {
          "coding": [
            {
              "system": "http://www.nlm.nih.gov/research/umls/rxnorm",
              "code": "1094108",
              "display": "Phenazopyridine hydrochloride 100 MG [Pyridium]"
            }
          ],
          "text": "Phenazopyridine hydrochloride 100 MG [Pyridium]"
        },
        "resourceType": "Medication"
      }
    },
    {
      "resource": {
        "meta": {
          "profile": [
            "http://standardhealthrecord.org/fhir/StructureDefinition/shr-medication-MedicationPrescription"
          ]
        },
        "extension": [
          {
            "url": "http://standardhealthrecord.org/fhir/StructureDefinition/shr-base-ActionCode-extension",
            "valueCodeableConcept": {
              "coding": [
                {
                  "system": "http://snomed.info/sct",
                  "code": "33633005",
                  "display": "Prescription of drug (procedure)"
                }
              ],
              "text": "Prescription of drug (procedure)"
            }
          }
        ],
        "status": "stopped",
        "medicationReference": {
          "reference": ""
        },
        "subject": {
          "reference": "urn:uuid:6daf5b52-8c60-4d48-81c0-f5d0551184d1"
        },
        "context": {
          "reference": "urn:uuid:33b9edfd-b38f-4abf-9c4b-6962346398ca"
        },
        "authoredOn": "2011-06-04",
        "reasonReference": [
          {
            "reference": "urn:uuid:2a8fd04e-2450-4c92-8923-ed54b805ddb4"
          }
        ],
        "dosageInstruction": [
          {

          }
        ],
        "resourceType": "MedicationRequest"
      }
    },
    {
      "fullUrl": "urn:uuid:bae7ce10-8090-45b0-ad0b-93217c989707",
      "resource": {
        "id": "bae7ce10-8090-45b0-ad0b-93217c989707",
        "meta": {
          "profile": [
            "http://standardhealthrecord.org/fhir/StructureDefinition/shr-encounter-Encounter"
          ]
        },
        "status": "finished",
        "class": {
          "code": "outpatient"
        },
        "type": [
          {
            "coding": [
              {
                "system": "http://snomed.info/sct",
                "code": "185349003"
              }
            ],
            "text": "Outpatient Encounter"
          }
        ],
        "subject": {
          "reference": "urn:uuid:6daf5b52-8c60-4d48-81c0-f5d0551184d1"
        },
        "period": {
          "start": "2012-04-19T08:54:07-04:00",
          "end": "2012-04-19T09:54:07-04:00"
        },
        "serviceProvider": {
          "reference": "urn:uuid:57af68d0-956d-440c-9d03-ecbdc402526e"
        },
        "resourceType": "Encounter"
      }
    },
    {
      "fullUrl": "urn:uuid:ef5c4da9-2a00-4232-8fa6-d81375e8577a",
      "resource": {
        "id": "ef5c4da9-2a00-4232-8fa6-d81375e8577a",
        "meta": {
          "profile": [
            "http://standardhealthrecord.org/fhir/StructureDefinition/shr-observation-Observation"
          ]
        },
        "status": "final",
        "category": [
          {
            "coding": [
              {
                "system": "http://hl7.org/fhir/observation-category",
                "code": "procedure"
              }
            ]
          }
        ],
        "code": {
          "coding": [
            {
              "system": "http://loinc.org",
              "code": "19926-5",
              "display": "FEV1/​FVC"
            }
          ],
          "text": "FEV1/​FVC"
        },
        "subject": {
          "reference": "urn:uuid:6daf5b52-8c60-4d48-81c0-f5d0551184d1"
        },
        "context": {
          "reference": "urn:uuid:bae7ce10-8090-45b0-ad0b-93217c989707"
        },
        "effectiveDateTime": "2012-04-19T08:54:07-04:00",
        "issued": "2012-04-19T08:54:07-04:00",
        "valueQuantity": {
          "value": 52,
          "unit": "%",
          "system": "http://unitsofmeasure.org/",
          "code": "%"
        },
        "resourceType": "Observation"
      }
    },
    {
      "fullUrl": "urn:uuid:52d430da-9331-452c-8c4e-8962fabf34ef",
      "resource": {
        "id": "52d430da-9331-452c-8c4e-8962fabf34ef",
        "meta": {
          "profile": [
            "http://standardhealthrecord.org/fhir/StructureDefinition/shr-observation-Observation"
          ]
        },
        "status": "final",
        "category": [
          {
            "coding": [
              {
                "system": "http://hl7.org/fhir/observation-category"
              }
            ]
          }
        ],
        "code": {
          "coding": [
            {
              "system": "http://loinc.org",
              "code": "69453-9",
              "display": "Cause of Death [US Standard Certificate of Death]"
            }
          ],
          "text": "Cause of Death [US Standard Certificate of Death]"
        },
        "subject": {
          "reference": "urn:uuid:6daf5b52-8c60-4d48-81c0-f5d0551184d1"
        },
        "context": {
          "reference": "urn:uuid:bae7ce10-8090-45b0-ad0b-93217c989707"
        },
        "effectiveDateTime": "2012-04-19T08:54:07-04:00",
        "issued": "2012-04-19T08:54:07-04:00",
        "valueCodeableConcept": {
          "coding": [
            {
              "system": "http://snomed.info/sct",
              "code": "185086009",
              "display": "Chronic obstructive bronchitis (disorder)"
            }
          ],
          "text": "Chronic obstructive bronchitis (disorder)"
        },
        "resourceType": "Observation"
      }
    },
    {
      "fullUrl": "urn:uuid:ad491d32-0dc7-40f3-b50a-3e64dda9f4b8",
      "resource": {
        "id": "ad491d32-0dc7-40f3-b50a-3e64dda9f4b8",
        "meta": {
          "profile": [
            "http://standardhealthrecord.org/fhir/StructureDefinition/shr-observation-Panel"
          ]
        },
        "status": "final",
        "code": {
          "coding": [
            {
              "system": "http://loinc.org",
              "code": "69409-1",
              "display": "U.S. standard certificate of death - 2003 revision"
            }
          ]
        },
        "subject": {
          "reference": "urn:uuid:6daf5b52-8c60-4d48-81c0-f5d0551184d1"
        },
        "context": {
          "reference": "urn:uuid:bae7ce10-8090-45b0-ad0b-93217c989707"
        },
        "effectiveDateTime": "2012-04-19T08:54:07-04:00",
        "issued": "2012-04-19T08:54:07-04:00",
        "result": [
          {
            "reference": "urn:uuid:52d430da-9331-452c-8c4e-8962fabf34ef",
            "display": "Cause of Death [US Standard Certificate of Death]"
          }
        ],
        "resourceType": "DiagnosticReport"
      }
    },
    {
      "fullUrl": "urn:uuid:4c9eb942-6ab0-44a3-9c0d-e208c6d43020",
      "resource": {
        "id": "4c9eb942-6ab0-44a3-9c0d-e208c6d43020",
        "meta": {
          "profile": [
            "http://standardhealthrecord.org/fhir/StructureDefinition/shr-observation-Observation"
          ]
        },
        "status": "final",
        "category": [
          {
            "coding": [
              {
                "system": "http://hl7.org/fhir/observation-category",
                "code": "laboratory"
              }
            ]
          }
        ],
        "code": {
          "coding": [
            {
              "system": "http://loinc.org",
              "code": "4548-4",
              "display": "Hemoglobin A1c/Hemoglobin.total in Blood"
            }
          ],
          "text": "Hemoglobin A1c/Hemoglobin.total in Blood"
        },
        "subject": {
          "reference": "urn:uuid:6daf5b52-8c60-4d48-81c0-f5d0551184d1"
        },
        "context": {
          "reference": "urn:uuid:bae7ce10-8090-45b0-ad0b-93217c989707"
        },
        "effectiveDateTime": "2012-04-19T08:54:07-04:00",
        "issued": "2012-04-19T08:54:07-04:00",
        "valueQuantity": {
          "value": 5.9,
          "unit": "%",
          "system": "http://unitsofmeasure.org/",
          "code": "%"
        },
        "resourceType": "Observation"
      }
    },
    {
      "fullUrl": "urn:uuid:b09cd6ce-78fa-40d2-905a-a0932325da96",
      "resource": {
        "id": "b09cd6ce-78fa-40d2-905a-a0932325da96",
        "meta": {
          "profile": [
            "http://standardhealthrecord.org/fhir/StructureDefinition/shr-observation-Observation",
            "http://standardhealthrecord.org/fhir/StructureDefinition/shr-vital-VitalSign",
            "http://standardhealthrecord.org/fhir/StructureDefinition/shr-vital-BodyHeight"
          ]
        },
        "status": "final",
        "category": [
          {
            "coding": [
              {
                "system": "http://hl7.org/fhir/observation-category",
                "code": "vital-signs"
              }
            ]
          }
        ],
        "code": {
          "coding": [
            {
              "system": "http://loinc.org",
              "code": "8302-2",
              "display": "Body Height"
            }
          ],
          "text": "Body Height"
        },
        "subject": {
          "reference": "urn:uuid:6daf5b52-8c60-4d48-81c0-f5d0551184d1"
        },
        "context": {
          "reference": "urn:uuid:bae7ce10-8090-45b0-ad0b-93217c989707"
        },
        "effectiveDateTime": "2012-04-19T08:54:07-04:00",
        "issued": "2012-04-19T08:54:07-04:00",
        "valueQuantity": {
          "value": 164.89922336026265,
          "unit": "cm",
          "system": "http://unitsofmeasure.org/",
          "code": "cm"
        },
        "resourceType": "Observation"
      }
    },
    {
      "fullUrl": "urn:uuid:2af9cc60-9e19-4bc8-b79e-ce7517b0332c",
      "resource": {
        "id": "2af9cc60-9e19-4bc8-b79e-ce7517b0332c",
        "meta": {
          "profile": [
            "http://standardhealthrecord.org/fhir/StructureDefinition/shr-observation-Observation",
            "http://standardhealthrecord.org/fhir/StructureDefinition/shr-vital-VitalSign",
            "http://standardhealthrecord.org/fhir/StructureDefinition/shr-vital-BodyWeight"
          ]
        },
        "status": "final",
        "category": [
          {
            "coding": [
              {
                "system": "http://hl7.org/fhir/observation-category",
                "code": "vital-signs"
              }
            ]
          }
        ],
        "code": {
          "coding": [
            {
              "system": "http://loinc.org",
              "code": "29463-7",
              "display": "Body Weight"
            }
          ],
          "text": "Body Weight"
        },
        "subject": {
          "reference": "urn:uuid:6daf5b52-8c60-4d48-81c0-f5d0551184d1"
        },
        "context": {
          "reference": "urn:uuid:bae7ce10-8090-45b0-ad0b-93217c989707"
        },
        "effectiveDateTime": "2012-04-19T08:54:07-04:00",
        "issued": "2012-04-19T08:54:07-04:00",
        "valueQuantity": {
          "value": 102.8250897054748,
          "unit": "kg",
          "system": "http://unitsofmeasure.org/",
          "code": "kg"
        },
        "resourceType": "Observation"
      }
    },
    {
      "fullUrl": "urn:uuid:d5cada57-c81f-4586-be45-79bd494312c3",
      "resource": {
        "id": "d5cada57-c81f-4586-be45-79bd494312c3",
        "meta": {
          "profile": [
            "http://standardhealthrecord.org/fhir/StructureDefinition/shr-observation-Observation",
            "http://standardhealthrecord.org/fhir/StructureDefinition/shr-vital-VitalSign",
            "http://standardhealthrecord.org/fhir/StructureDefinition/shr-vital-BodyMassIndex"
          ]
        },
        "status": "final",
        "category": [
          {
            "coding": [
              {
                "system": "http://hl7.org/fhir/observation-category",
                "code": "vital-signs"
              }
            ]
          }
        ],
        "code": {
          "coding": [
            {
              "system": "http://loinc.org",
              "code": "39156-5",
              "display": "Body Mass Index"
            }
          ],
          "text": "Body Mass Index"
        },
        "subject": {
          "reference": "urn:uuid:6daf5b52-8c60-4d48-81c0-f5d0551184d1"
        },
        "context": {
          "reference": "urn:uuid:bae7ce10-8090-45b0-ad0b-93217c989707"
        },
        "effectiveDateTime": "2012-04-19T08:54:07-04:00",
        "issued": "2012-04-19T08:54:07-04:00",
        "valueQuantity": {
          "value": 37.814805994737846,
          "unit": "kg/m2",
          "system": "http://unitsofmeasure.org/",
          "code": "kg/m2"
        },
        "resourceType": "Observation"
      }
    },
    {
      "fullUrl": "urn:uuid:1a83771f-ce62-41dc-91a3-0678db8033b5",
      "resource": {
        "id": "1a83771f-ce62-41dc-91a3-0678db8033b5",
        "meta": {
          "profile": [
            "http://standardhealthrecord.org/fhir/StructureDefinition/shr-observation-Observation",
            "http://standardhealthrecord.org/fhir/StructureDefinition/shr-vital-BloodPressure"
          ]
        },
        "status": "final",
        "category": [
          {
            "coding": [
              {
                "system": "http://hl7.org/fhir/observation-category",
                "code": "vital-signs"
              }
            ]
          }
        ],
        "code": {
          "coding": [
            {
              "system": "http://loinc.org",
              "code": "55284-4",
              "display": "Blood Pressure"
            }
          ]
        },
        "subject": {
          "reference": "urn:uuid:6daf5b52-8c60-4d48-81c0-f5d0551184d1"
        },
        "context": {
          "reference": "urn:uuid:bae7ce10-8090-45b0-ad0b-93217c989707"
        },
        "effectiveDateTime": "2012-04-19T08:54:07-04:00",
        "issued": "2012-04-19T08:54:07-04:00",
        "component": [
          {
            "code": {
              "coding": [
                {
                  "system": "http://loinc.org",
                  "code": "8480-6",
                  "display": "Systolic Blood Pressure"
                }
              ],
              "text": "Systolic Blood Pressure"
            },
            "valueQuantity": {
              "value": 125,
              "unit": "mmHg",
              "system": "http://unitsofmeasure.org/",
              "code": "mmHg"
            }
          },
          {
            "code": {
              "coding": [
                {
                  "system": "http://loinc.org",
                  "code": "8462-4",
                  "display": "Diastolic Blood Pressure"
                }
              ],
              "text": "Diastolic Blood Pressure"
            },
            "valueQuantity": {
              "value": 88,
              "unit": "mmHg",
              "system": "http://unitsofmeasure.org/",
              "code": "mmHg"
            }
          }
        ],
        "resourceType": "Observation"
      }
    },
    {
      "fullUrl": "urn:uuid:1b13a4a7-580a-482e-a93c-897c421edb06",
      "resource": {
        "id": "1b13a4a7-580a-482e-a93c-897c421edb06",
        "meta": {
          "profile": [
            "http://standardhealthrecord.org/fhir/StructureDefinition/shr-observation-Observation"
          ]
        },
        "status": "final",
        "category": [
          {
            "coding": [
              {
                "system": "http://hl7.org/fhir/observation-category",
                "code": "laboratory"
              }
            ]
          }
        ],
        "code": {
          "coding": [
            {
              "system": "http://loinc.org",
              "code": "4548-4",
              "display": "Hemoglobin A1c/Hemoglobin.total in Blood"
            }
          ],
          "text": "Hemoglobin A1c/Hemoglobin.total in Blood"
        },
        "subject": {
          "reference": "urn:uuid:6daf5b52-8c60-4d48-81c0-f5d0551184d1"
        },
        "context": {
          "reference": "urn:uuid:bae7ce10-8090-45b0-ad0b-93217c989707"
        },
        "effectiveDateTime": "2012-04-19T08:54:07-04:00",
        "issued": "2012-04-19T08:54:07-04:00",
        "valueQuantity": {
          "value": 5.9,
          "unit": "%",
          "system": "http://unitsofmeasure.org/",
          "code": "%"
        },
        "resourceType": "Observation"
      }
    },
    {
      "fullUrl": "urn:uuid:32ab4f29-7f1d-4085-a19a-eeb07687ecef",
      "resource": {
        "id": "32ab4f29-7f1d-4085-a19a-eeb07687ecef",
        "meta": {
          "profile": [
            "http://standardhealthrecord.org/fhir/StructureDefinition/shr-observation-Observation"
          ]
        },
        "status": "final",
        "category": [
          {
            "coding": [
              {
                "system": "http://hl7.org/fhir/observation-category",
                "code": "laboratory"
              }
            ]
          }
        ],
        "code": {
          "coding": [
            {
              "system": "http://loinc.org",
              "code": "2339-0",
              "display": "Glucose"
            }
          ],
          "text": "Glucose"
        },
        "subject": {
          "reference": "urn:uuid:6daf5b52-8c60-4d48-81c0-f5d0551184d1"
        },
        "context": {
          "reference": "urn:uuid:bae7ce10-8090-45b0-ad0b-93217c989707"
        },
        "effectiveDateTime": "2012-04-19T08:54:07-04:00",
        "issued": "2012-04-19T08:54:07-04:00",
        "valueQuantity": {
          "value": 80,
          "unit": "mg/dL",
          "system": "http://unitsofmeasure.org/",
          "code": "mg/dL"
        },
        "resourceType": "Observation"
      }
    },
    {
      "fullUrl": "urn:uuid:a157b5af-48d3-4497-b94a-4c92c6186bd1",
      "resource": {
        "id": "a157b5af-48d3-4497-b94a-4c92c6186bd1",
        "meta": {
          "profile": [
            "http://standardhealthrecord.org/fhir/StructureDefinition/shr-observation-Observation"
          ]
        },
        "status": "final",
        "category": [
          {
            "coding": [
              {
                "system": "http://hl7.org/fhir/observation-category",
                "code": "laboratory"
              }
            ]
          }
        ],
        "code": {
          "coding": [
            {
              "system": "http://loinc.org",
              "code": "6299-2",
              "display": "Urea Nitrogen"
            }
          ],
          "text": "Urea Nitrogen"
        },
        "subject": {
          "reference": "urn:uuid:6daf5b52-8c60-4d48-81c0-f5d0551184d1"
        },
        "context": {
          "reference": "urn:uuid:bae7ce10-8090-45b0-ad0b-93217c989707"
        },
        "effectiveDateTime": "2012-04-19T08:54:07-04:00",
        "issued": "2012-04-19T08:54:07-04:00",
        "valueQuantity": {
          "value": 12,
          "unit": "mg/dL",
          "system": "http://unitsofmeasure.org/",
          "code": "mg/dL"
        },
        "resourceType": "Observation"
      }
    },
    {
      "fullUrl": "urn:uuid:eef6620e-4bc2-466a-92c6-da7d480a8655",
      "resource": {
        "id": "eef6620e-4bc2-466a-92c6-da7d480a8655",
        "meta": {
          "profile": [
            "http://standardhealthrecord.org/fhir/StructureDefinition/shr-observation-Observation"
          ]
        },
        "status": "final",
        "category": [
          {
            "coding": [
              {
                "system": "http://hl7.org/fhir/observation-category",
                "code": "laboratory"
              }
            ]
          }
        ],
        "code": {
          "coding": [
            {
              "system": "http://loinc.org",
              "code": "38483-4",
              "display": "Creatinine"
            }
          ],
          "text": "Creatinine"
        },
        "subject": {
          "reference": "urn:uuid:6daf5b52-8c60-4d48-81c0-f5d0551184d1"
        },
        "context": {
          "reference": "urn:uuid:bae7ce10-8090-45b0-ad0b-93217c989707"
        },
        "effectiveDateTime": "2012-04-19T08:54:07-04:00",
        "issued": "2012-04-19T08:54:07-04:00",
        "valueQuantity": {
          "value": 1.0,
          "unit": "mg/dL",
          "system": "http://unitsofmeasure.org/",
          "code": "mg/dL"
        },
        "resourceType": "Observation"
      }
    },
    {
      "fullUrl": "urn:uuid:52f37333-dcdc-4365-a3a3-6206d06317a4",
      "resource": {
        "id": "52f37333-dcdc-4365-a3a3-6206d06317a4",
        "meta": {
          "profile": [
            "http://standardhealthrecord.org/fhir/StructureDefinition/shr-observation-Observation"
          ]
        },
        "status": "final",
        "category": [
          {
            "coding": [
              {
                "system": "http://hl7.org/fhir/observation-category",
                "code": "laboratory"
              }
            ]
          }
        ],
        "code": {
          "coding": [
            {
              "system": "http://loinc.org",
              "code": "49765-1",
              "display": "Calcium"
            }
          ],
          "text": "Calcium"
        },
        "subject": {
          "reference": "urn:uuid:6daf5b52-8c60-4d48-81c0-f5d0551184d1"
        },
        "context": {
          "reference": "urn:uuid:bae7ce10-8090-45b0-ad0b-93217c989707"
        },
        "effectiveDateTime": "2012-04-19T08:54:07-04:00",
        "issued": "2012-04-19T08:54:07-04:00",
        "valueQuantity": {
          "value": 8.540523584466193,
          "unit": "mg/dL",
          "system": "http://unitsofmeasure.org/",
          "code": "mg/dL"
        },
        "resourceType": "Observation"
      }
    },
    {
      "fullUrl": "urn:uuid:76dc89cf-50df-4a62-b826-00e2988a1a65",
      "resource": {
        "id": "76dc89cf-50df-4a62-b826-00e2988a1a65",
        "meta": {
          "profile": [
            "http://standardhealthrecord.org/fhir/StructureDefinition/shr-observation-Observation"
          ]
        },
        "status": "final",
        "category": [
          {
            "coding": [
              {
                "system": "http://hl7.org/fhir/observation-category",
                "code": "laboratory"
              }
            ]
          }
        ],
        "code": {
          "coding": [
            {
              "system": "http://loinc.org",
              "code": "2947-0",
              "display": "Sodium"
            }
          ],
          "text": "Sodium"
        },
        "subject": {
          "reference": "urn:uuid:6daf5b52-8c60-4d48-81c0-f5d0551184d1"
        },
        "context": {
          "reference": "urn:uuid:bae7ce10-8090-45b0-ad0b-93217c989707"
        },
        "effectiveDateTime": "2012-04-19T08:54:07-04:00",
        "issued": "2012-04-19T08:54:07-04:00",
        "valueQuantity": {
          "value": 138,
          "unit": "mmol/L",
          "system": "http://unitsofmeasure.org/",
          "code": "mmol/L"
        },
        "resourceType": "Observation"
      }
    },
    {
      "fullUrl": "urn:uuid:25b15f41-8c60-4e53-9e74-6347a3a4b082",
      "resource": {
        "id": "25b15f41-8c60-4e53-9e74-6347a3a4b082",
        "meta": {
          "profile": [
            "http://standardhealthrecord.org/fhir/StructureDefinition/shr-observation-Observation"
          ]
        },
        "status": "final",
        "category": [
          {
            "coding": [
              {
                "system": "http://hl7.org/fhir/observation-category",
                "code": "laboratory"
              }
            ]
          }
        ],
        "code": {
          "coding": [
            {
              "system": "http://loinc.org",
              "code": "6298-4",
              "display": "Potassium"
            }
          ],
          "text": "Potassium"
        },
        "subject": {
          "reference": "urn:uuid:6daf5b52-8c60-4d48-81c0-f5d0551184d1"
        },
        "context": {
          "reference": "urn:uuid:bae7ce10-8090-45b0-ad0b-93217c989707"
        },
        "effectiveDateTime": "2012-04-19T08:54:07-04:00",
        "issued": "2012-04-19T08:54:07-04:00",
        "valueQuantity": {
          "value": 5.126195536030792,
          "unit": "mmol/L",
          "system": "http://unitsofmeasure.org/",
          "code": "mmol/L"
        },
        "resourceType": "Observation"
      }
    },
    {
      "fullUrl": "urn:uuid:c35c5618-01ec-404d-8263-968e9378d764",
      "resource": {
        "id": "c35c5618-01ec-404d-8263-968e9378d764",
        "meta": {
          "profile": [
            "http://standardhealthrecord.org/fhir/StructureDefinition/shr-observation-Observation"
          ]
        },
        "status": "final",
        "category": [
          {
            "coding": [
              {
                "system": "http://hl7.org/fhir/observation-category",
                "code": "laboratory"
              }
            ]
          }
        ],
        "code": {
          "coding": [
            {
              "system": "http://loinc.org",
              "code": "2069-3",
              "display": "Chloride"
            }
          ],
          "text": "Chloride"
        },
        "subject": {
          "reference": "urn:uuid:6daf5b52-8c60-4d48-81c0-f5d0551184d1"
        },
        "context": {
          "reference": "urn:uuid:bae7ce10-8090-45b0-ad0b-93217c989707"
        },
        "effectiveDateTime": "2012-04-19T08:54:07-04:00",
        "issued": "2012-04-19T08:54:07-04:00",
        "valueQuantity": {
          "value": 109,
          "unit": "mmol/L",
          "system": "http://unitsofmeasure.org/",
          "code": "mmol/L"
        },
        "resourceType": "Observation"
      }
    },
    {
      "fullUrl": "urn:uuid:c770c396-3905-4f4c-acbd-826a9aa34b1b",
      "resource": {
        "id": "c770c396-3905-4f4c-acbd-826a9aa34b1b",
        "meta": {
          "profile": [
            "http://standardhealthrecord.org/fhir/StructureDefinition/shr-observation-Observation"
          ]
        },
        "status": "final",
        "category": [
          {
            "coding": [
              {
                "system": "http://hl7.org/fhir/observation-category",
                "code": "laboratory"
              }
            ]
          }
        ],
        "code": {
          "coding": [
            {
              "system": "http://loinc.org",
              "code": "20565-8",
              "display": "Carbon Dioxide"
            }
          ],
          "text": "Carbon Dioxide"
        },
        "subject": {
          "reference": "urn:uuid:6daf5b52-8c60-4d48-81c0-f5d0551184d1"
        },
        "context": {
          "reference": "urn:uuid:bae7ce10-8090-45b0-ad0b-93217c989707"
        },
        "effectiveDateTime": "2012-04-19T08:54:07-04:00",
        "issued": "2012-04-19T08:54:07-04:00",
        "valueQuantity": {
          "value": 28,
          "unit": "mmol/L",
          "system": "http://unitsofmeasure.org/",
          "code": "mmol/L"
        },
        "resourceType": "Observation"
      }
    },
    {
      "fullUrl": "urn:uuid:7e9530d7-058d-4aec-9f34-f7d23d35abd9",
      "resource": {
        "id": "7e9530d7-058d-4aec-9f34-f7d23d35abd9",
        "meta": {
          "profile": [
            "http://standardhealthrecord.org/fhir/StructureDefinition/shr-observation-Panel"
          ]
        },
        "status": "final",
        "code": {
          "coding": [
            {
              "system": "http://loinc.org",
              "code": "51990-0",
              "display": "Basic Metabolic Panel"
            }
          ]
        },
        "subject": {
          "reference": "urn:uuid:6daf5b52-8c60-4d48-81c0-f5d0551184d1"
        },
        "context": {
          "reference": "urn:uuid:bae7ce10-8090-45b0-ad0b-93217c989707"
        },
        "effectiveDateTime": "2012-04-19T08:54:07-04:00",
        "issued": "2012-04-19T08:54:07-04:00",
        "result": [
          {
            "reference": "urn:uuid:32ab4f29-7f1d-4085-a19a-eeb07687ecef",
            "display": "Glucose"
          },
          {
            "reference": "urn:uuid:a157b5af-48d3-4497-b94a-4c92c6186bd1",
            "display": "Urea Nitrogen"
          },
          {
            "reference": "urn:uuid:eef6620e-4bc2-466a-92c6-da7d480a8655",
            "display": "Creatinine"
          },
          {
            "reference": "urn:uuid:52f37333-dcdc-4365-a3a3-6206d06317a4",
            "display": "Calcium"
          },
          {
            "reference": "urn:uuid:76dc89cf-50df-4a62-b826-00e2988a1a65",
            "display": "Sodium"
          },
          {
            "reference": "urn:uuid:25b15f41-8c60-4e53-9e74-6347a3a4b082",
            "display": "Potassium"
          },
          {
            "reference": "urn:uuid:c35c5618-01ec-404d-8263-968e9378d764",
            "display": "Chloride"
          },
          {
            "reference": "urn:uuid:c770c396-3905-4f4c-acbd-826a9aa34b1b",
            "display": "Carbon Dioxide"
          }
        ],
        "resourceType": "DiagnosticReport"
      }
    },
    {
      "fullUrl": "urn:uuid:734c7fde-704d-4abf-840d-0a829ed23d4f",
      "resource": {
        "id": "734c7fde-704d-4abf-840d-0a829ed23d4f",
        "meta": {
          "profile": [
            "http://standardhealthrecord.org/fhir/StructureDefinition/shr-observation-Observation"
          ]
        },
        "status": "final",
        "category": [
          {
            "coding": [
              {
                "system": "http://hl7.org/fhir/observation-category",
                "code": "laboratory"
              }
            ]
          }
        ],
        "code": {
          "coding": [
            {
              "system": "http://loinc.org",
              "code": "2093-3",
              "display": "Total Cholesterol"
            }
          ],
          "text": "Total Cholesterol"
        },
        "subject": {
          "reference": "urn:uuid:6daf5b52-8c60-4d48-81c0-f5d0551184d1"
        },
        "context": {
          "reference": "urn:uuid:bae7ce10-8090-45b0-ad0b-93217c989707"
        },
        "effectiveDateTime": "2012-04-19T08:54:07-04:00",
        "issued": "2012-04-19T08:54:07-04:00",
        "valueQuantity": {
          "value": 182,
          "unit": "mg/dL",
          "system": "http://unitsofmeasure.org/",
          "code": "mg/dL"
        },
        "resourceType": "Observation"
      }
    },
    {
      "fullUrl": "urn:uuid:62158645-3836-4ac7-8d98-49a8efdc6735",
      "resource": {
        "id": "62158645-3836-4ac7-8d98-49a8efdc6735",
        "meta": {
          "profile": [
            "http://standardhealthrecord.org/fhir/StructureDefinition/shr-observation-Observation"
          ]
        },
        "status": "final",
        "category": [
          {
            "coding": [
              {
                "system": "http://hl7.org/fhir/observation-category",
                "code": "laboratory"
              }
            ]
          }
        ],
        "code": {
          "coding": [
            {
              "system": "http://loinc.org",
              "code": "2571-8",
              "display": "Triglycerides"
            }
          ],
          "text": "Triglycerides"
        },
        "subject": {
          "reference": "urn:uuid:6daf5b52-8c60-4d48-81c0-f5d0551184d1"
        },
        "context": {
          "reference": "urn:uuid:bae7ce10-8090-45b0-ad0b-93217c989707"
        },
        "effectiveDateTime": "2012-04-19T08:54:07-04:00",
        "issued": "2012-04-19T08:54:07-04:00",
        "valueQuantity": {
          "value": 130,
          "unit": "mg/dL",
          "system": "http://unitsofmeasure.org/",
          "code": "mg/dL"
        },
        "resourceType": "Observation"
      }
    },
    {
      "fullUrl": "urn:uuid:5cb9ab08-c17a-4dd2-b298-755a5b4cdef0",
      "resource": {
        "id": "5cb9ab08-c17a-4dd2-b298-755a5b4cdef0",
        "meta": {
          "profile": [
            "http://standardhealthrecord.org/fhir/StructureDefinition/shr-observation-Observation"
          ]
        },
        "status": "final",
        "category": [
          {
            "coding": [
              {
                "system": "http://hl7.org/fhir/observation-category",
                "code": "laboratory"
              }
            ]
          }
        ],
        "code": {
          "coding": [
            {
              "system": "http://loinc.org",
              "code": "18262-6",
              "display": "Low Density Lipoprotein Cholesterol"
            }
          ],
          "text": "Low Density Lipoprotein Cholesterol"
        },
        "subject": {
          "reference": "urn:uuid:6daf5b52-8c60-4d48-81c0-f5d0551184d1"
        },
        "context": {
          "reference": "urn:uuid:bae7ce10-8090-45b0-ad0b-93217c989707"
        },
        "effectiveDateTime": "2012-04-19T08:54:07-04:00",
        "issued": "2012-04-19T08:54:07-04:00",
        "valueQuantity": {
          "value": 85,
          "unit": "mg/dL",
          "system": "http://unitsofmeasure.org/",
          "code": "mg/dL"
        },
        "resourceType": "Observation"
      }
    },
    {
      "fullUrl": "urn:uuid:2028609e-379c-49b9-92bd-5168cef3b57f",
      "resource": {
        "id": "2028609e-379c-49b9-92bd-5168cef3b57f",
        "meta": {
          "profile": [
            "http://standardhealthrecord.org/fhir/StructureDefinition/shr-observation-Observation"
          ]
        },
        "status": "final",
        "category": [
          {
            "coding": [
              {
                "system": "http://hl7.org/fhir/observation-category",
                "code": "laboratory"
              }
            ]
          }
        ],
        "code": {
          "coding": [
            {
              "system": "http://loinc.org",
              "code": "2085-9",
              "display": "High Density Lipoprotein Cholesterol"
            }
          ],
          "text": "High Density Lipoprotein Cholesterol"
        },
        "subject": {
          "reference": "urn:uuid:6daf5b52-8c60-4d48-81c0-f5d0551184d1"
        },
        "context": {
          "reference": "urn:uuid:bae7ce10-8090-45b0-ad0b-93217c989707"
        },
        "effectiveDateTime": "2012-04-19T08:54:07-04:00",
        "issued": "2012-04-19T08:54:07-04:00",
        "valueQuantity": {
          "value": 71,
          "unit": "mg/dL",
          "system": "http://unitsofmeasure.org/",
          "code": "mg/dL"
        },
        "resourceType": "Observation"
      }
    },
    {
      "fullUrl": "urn:uuid:2dd02511-f538-472f-a5e9-de33e1e56a2e",
      "resource": {
        "id": "2dd02511-f538-472f-a5e9-de33e1e56a2e",
        "meta": {
          "profile": [
            "http://standardhealthrecord.org/fhir/StructureDefinition/shr-observation-Panel"
          ]
        },
        "status": "final",
        "code": {
          "coding": [
            {
              "system": "http://loinc.org",
              "code": "57698-3",
              "display": "Lipid Panel"
            }
          ]
        },
        "subject": {
          "reference": "urn:uuid:6daf5b52-8c60-4d48-81c0-f5d0551184d1"
        },
        "context": {
          "reference": "urn:uuid:bae7ce10-8090-45b0-ad0b-93217c989707"
        },
        "effectiveDateTime": "2012-04-19T08:54:07-04:00",
        "issued": "2012-04-19T08:54:07-04:00",
        "result": [
          {
            "reference": "urn:uuid:734c7fde-704d-4abf-840d-0a829ed23d4f",
            "display": "Total Cholesterol"
          },
          {
            "reference": "urn:uuid:62158645-3836-4ac7-8d98-49a8efdc6735",
            "display": "Triglycerides"
          },
          {
            "reference": "urn:uuid:5cb9ab08-c17a-4dd2-b298-755a5b4cdef0",
            "display": "Low Density Lipoprotein Cholesterol"
          },
          {
            "reference": "urn:uuid:2028609e-379c-49b9-92bd-5168cef3b57f",
            "display": "High Density Lipoprotein Cholesterol"
          }
        ],
        "resourceType": "DiagnosticReport"
      }
    },
    {
      "resource": {
        "meta": {
          "profile": [
            "http://standardhealthrecord.org/fhir/StructureDefinition/shr-procedure-Procedure"
          ]
        },
        "extension": [
          {
            "url": "http://standardhealthrecord.org/fhir/StructureDefinition/shr-core-CodeableConcept-extension",
            "valueCodeableConcept": {
              "coding": [
                {
                  "system": "http://snomed.info/sct",
                  "code": "127783003",
                  "display": "Spirometry (procedure)"
                }
              ],
              "text": "Spirometry (procedure)"
            }
          }
        ],
        "status": "completed",
        "code": {
          "coding": [
            {
              "system": "http://snomed.info/sct",
              "code": "127783003",
              "display": "Spirometry (procedure)"
            }
          ],
          "text": "Spirometry (procedure)"
        },
        "subject": {
          "reference": "urn:uuid:6daf5b52-8c60-4d48-81c0-f5d0551184d1"
        },
        "context": {
          "reference": "urn:uuid:bae7ce10-8090-45b0-ad0b-93217c989707"
        },
        "performedDateTime": "2012-04-19T08:54:07-04:00",
        "reasonReference": {
          "reference": "urn:uuid:99355ec3-d80b-4835-b525-72ed68557b03",
          "display": "Chronic obstructive bronchitis (disorder)"
        },
        "resourceType": "Procedure"
      }
    },
    {
      "resource": {
        "meta": {
          "profile": [
            "http://standardhealthrecord.org/fhir/StructureDefinition/shr-procedure-Procedure"
          ]
        },
        "extension": [
          {
            "url": "http://standardhealthrecord.org/fhir/StructureDefinition/shr-core-CodeableConcept-extension",
            "valueCodeableConcept": {
              "coding": [
                {
                  "system": "http://snomed.info/sct",
                  "code": "428191000124101",
                  "display": "Documentation of current medications"
                }
              ],
              "text": "Documentation of current medications"
            }
          }
        ],
        "status": "completed",
        "code": {
          "coding": [
            {
              "system": "http://snomed.info/sct",
              "code": "428191000124101",
              "display": "Documentation of current medications"
            }
          ],
          "text": "Documentation of current medications"
        },
        "subject": {
          "reference": "urn:uuid:6daf5b52-8c60-4d48-81c0-f5d0551184d1"
        },
        "context": {
          "reference": "urn:uuid:bae7ce10-8090-45b0-ad0b-93217c989707"
        },
        "performedDateTime": "2012-04-19T08:54:07-04:00",
        "resourceType": "Procedure"
      }
    },
    {
      "resource": {
        "meta": {
          "profile": [
            "http://standardhealthrecord.org/fhir/StructureDefinition/shr-immunization-Immunization"
          ]
        },
        "status": "completed",
        "notGiven": false,
        "vaccineCode": {
          "coding": [
            {
              "system": "http://hl7.org/fhir/sid/cvx",
              "code": "140",
              "display": "Influenza, seasonal, injectable, preservative free"
            }
          ],
          "text": "Influenza, seasonal, injectable, preservative free"
        },
        "patient": {
          "reference": "urn:uuid:6daf5b52-8c60-4d48-81c0-f5d0551184d1"
        },
        "encounter": {
          "reference": "urn:uuid:bae7ce10-8090-45b0-ad0b-93217c989707"
        },
        "date": "2012-04-19T08:54:07-04:00",
        "primarySource": true,
        "resourceType": "Immunization"
      }
    },
    {
      "fullUrl": "urn:uuid:49e4ece6-0a1f-4541-8bbd-3785ceb34e24",
      "resource": {
        "id": "49e4ece6-0a1f-4541-8bbd-3785ceb34e24",
        "meta": {
          "profile": [
            "http://standardhealthrecord.org/fhir/StructureDefinition/shr-encounter-Encounter"
          ]
        },
        "status": "finished",
        "class": {
          "code": "ambulatory"
        },
        "type": [
          {
            "coding": [
              {
                "system": "http://snomed.info/sct",
                "code": "308646001"
              }
            ],
            "text": "Death Certification"
          }
        ],
        "subject": {
          "reference": "urn:uuid:6daf5b52-8c60-4d48-81c0-f5d0551184d1"
        },
        "period": {
          "start": "2012-04-19T08:54:07-04:00",
          "end": "2012-04-19T09:09:07-04:00"
        },
        "serviceProvider": {
          "reference": "urn:uuid:57af68d0-956d-440c-9d03-ecbdc402526e"
        },
        "resourceType": "Encounter"
      }
    }
  ],
  "resourceType": "Bundle"
}