{
  "type": "collection",
  "entry": [
    {
      "fullUrl": "urn:uuid:9206eea6-28a3-4d0a-b090-56f3826d5d23",
      "resource": {
        "id": "9206eea6-28a3-4d0a-b090-56f3826d5d23",
        "meta": {
          "profile": [
            "http://standardhealthrecord.org/fhir/StructureDefinition/shr-demographics-PersonOfRecord"
          ]
        },
        "text": {
          "status": "generated",
          "div": "<div>Generated by <a href=\"https://github.com/synthetichealth/synthea\">Synthea</a>. Version identifier: 4d02400401b9fab839e47bf5b2f1f6a8c683ab55</div>"
        },
        "extension": [
          {
            "url": "http://hl7.org/fhir/us/core/StructureDefinition/us-core-race",
            "valueCodeableConcept": {
              "coding": [
                {
                  "system": "http://hl7.org/fhir/v3/Race",
                  "code": "2054-5",
                  "display": "Black"
                }
              ],
              "text": "race"
            }
          },
          {
            "url": "http://hl7.org/fhir/us/core/StructureDefinition/us-core-ethnicity",
            "valueCodeableConcept": {
              "coding": [
                {
                  "system": "http://hl7.org/fhir/v3/Ethnicity",
                  "code": "2186-5",
                  "display": "Nonhispanic"
                }
              ],
              "text": "ethnicity"
            }
          },
          {
            "url": "http://hl7.org/fhir/StructureDefinition/birthPlace",
            "valueAddress": {
              "city": "Boston",
              "state": "MA",
              "country": "US"
            }
          },
          {
            "url": "http://hl7.org/fhir/StructureDefinition/patient-mothersMaidenName",
            "valueString": "Lisandro306 Mosciski376"
          },
          {
            "url": "http://hl7.org/fhir/us/core/StructureDefinition/us-core-birthsex",
            "valueCode": "F"
          },
          {
            "url": "http://hl7.org/fhir/StructureDefinition/patient-interpreterRequired",
            "valueBoolean": false
          },
          {
            "url": "http://standardhealthrecord.org/fhir/StructureDefinition/shr-actor-FictionalPerson-extension",
            "valueBoolean": true
          },
          {
            "url": "http://standardhealthrecord.org/fhir/StructureDefinition/shr-demographics-FathersName-extension",
            "valueHumanName": {
              "text": "Grayce871 Schinner398"
            }
          },
          {
            "url": "http://standardhealthrecord.org/fhir/StructureDefinition/shr-demographics-SocialSecurityNumber-extension",
            "valueString": "999-65-3189"
          }
        ],
        "identifier": [
          {
            "system": "https://github.com/synthetichealth/synthea",
            "value": "c6c2f1d4-c3d1-438b-8c3a-f1e689296b34"
          },
          {
            "type": {
              "coding": [
                {
                  "system": "http://hl7.org/fhir/identifier-type",
                  "code": "SB"
                }
              ]
            },
            "system": "http://hl7.org/fhir/sid/us-ssn",
            "value": "999653189"
          },
          {
            "type": {
              "coding": [
                {
                  "system": "http://hl7.org/fhir/v2/0203",
                  "code": "DL"
                }
              ]
            },
            "system": "urn:oid:2.16.840.1.113883.4.3.25",
            "value": "S99960858"
          },
          {
            "type": {
              "coding": [
                {
                  "system": "http://hl7.org/fhir/v2/0203",
                  "code": "PPN"
                }
              ]
            },
            "system": "http://standardhealthrecord.org/fhir/StructureDefinition/passportNumber",
            "value": "X76757132X"
          }
        ],
        "name": [
          {
            "use": "official",
            "family": "Abernathy959",
            "given": [
              "Adeline955"
            ],
            "prefix": [
              "Mrs."
            ]
          },
          {
            "use": "maiden",
            "family": "Schinner398",
            "given": [
              "Adeline955"
            ]
          }
        ],
        "telecom": [
          {
            "system": "phone",
            "value": "779-610-3436 x5151",
            "use": "home"
          }
        ],
        "gender": "female",
        "birthDate": "1973-07-14",
        "address": [
          {
            "extension": [
              {
                "extension": [
                  {
                    "url": "latitude",
                    "valueDecimal": 42.11314152145905
                  },
                  {
                    "url": "longitude",
                    "valueDecimal": -72.4971443851001
                  }
                ],
                "url": "http://hl7.org/fhir/StructureDefinition/geolocation"
              }
            ],
            "line": [
              "6701 Cordia Falls",
              "Apt. 193"
            ],
            "city": "Springfield",
            "state": "MA",
            "postalCode": "01199",
            "country": "US"
          }
        ],
        "maritalStatus": {
          "coding": [
            {
              "system": "http://hl7.org/fhir/v3/MaritalStatus",
              "code": "M"
            }
          ],
          "text": "M"
        },
        "multipleBirthBoolean": false,
        "communication": [
          {
            "language": {
              "coding": [
                {
                  "system": "http://hl7.org/fhir/ValueSet/languages",
                  "code": "es",
                  "display": "Spanish"
                }
              ]
            }
          }
        ],
        "resourceType": "Patient"
      }
    },
    {
      "fullUrl": "urn:uuid:48e9c02a-3367-4eed-a27e-9cc8aed865ee",
      "resource": {
        "id": "48e9c02a-3367-4eed-a27e-9cc8aed865ee",
        "meta": {
          "profile": [
            "http://standardhealthrecord.org/fhir/StructureDefinition/shr-actor-Organization"
          ]
        },
        "type": [
          {
            "coding": [
              {
                "system": "http://hl7.org/fhir/ValueSet/organization-type",
                "code": "prov",
                "display": "Healthcare Provider"
              }
            ],
            "text": "Healthcare Provider"
          }
        ],
        "name": "Synthetic Provider",
        "resourceType": "Organization"
      }
    },
    {
      "fullUrl": "urn:uuid:23d83de4-3772-4053-b71a-9db93352995c",
      "resource": {
        "id": "23d83de4-3772-4053-b71a-9db93352995c",
        "meta": {
          "profile": [
            "http://standardhealthrecord.org/fhir/StructureDefinition/shr-encounter-Encounter"
          ]
        },
        "status": "finished",
        "class": {
          "code": "ambulatory"
        },
        "type": [
          {
            "coding": [
              {
                "system": "http://snomed.info/sct",
                "code": "185345009"
              }
            ],
            "text": "Encounter for symptom"
          }
        ],
        "subject": {
          "reference": "urn:uuid:9206eea6-28a3-4d0a-b090-56f3826d5d23"
        },
        "period": {
          "start": "2010-06-20T19:26:37-04:00",
          "end": "2010-06-20T19:50:32-04:00"
        },
        "reason": {
          "coding": [
            {
              "system": "http://snomed.info/sct",
              "code": "10509002",
              "display": "Acute bronchitis (disorder)"
            }
          ]
        },
        "serviceProvider": {
          "reference": "urn:uuid:48e9c02a-3367-4eed-a27e-9cc8aed865ee"
        },
        "resourceType": "Encounter"
      }
    },
    {
      "fullUrl": "urn:uuid:be27bc0d-95d6-4671-9260-2f0c042b7b36",
      "resource": {
        "id": "be27bc0d-95d6-4671-9260-2f0c042b7b36",
        "meta": {
          "profile": [
            "http://standardhealthrecord.org/fhir/StructureDefinition/shr-problem-Problem"
          ]
        },
        "clinicalStatus": "active",
        "verificationStatus": "confirmed",
        "code": {
          "coding": [
            {
              "system": "http://snomed.info/sct",
              "code": "10509002",
              "display": "Acute bronchitis (disorder)"
            }
          ],
          "text": "Acute bronchitis (disorder)"
        },
        "subject": {
          "reference": "urn:uuid:9206eea6-28a3-4d0a-b090-56f3826d5d23"
        },
        "context": {
          "reference": "urn:uuid:23d83de4-3772-4053-b71a-9db93352995c"
        },
        "onsetDateTime": "2010-06-18T00:44:55-04:00",
        "abatementDateTime": "2010-07-08T10:03:09-04:00",
        "assertedDate": "2010-06-18",
        "resourceType": "Condition"
      }
    },
    {
      "resource": {
        "meta": {
          "profile": [
            "http://standardhealthrecord.org/fhir/StructureDefinition/shr-procedure-Procedure"
          ]
        },
        "extension": [
          {
            "url": "http://standardhealthrecord.org/fhir/StructureDefinition/shr-core-CodeableConcept-extension",
            "valueCodeableConcept": {
              "coding": [
                {
                  "system": "http://snomed.info/sct",
                  "code": "23426006",
                  "display": "Measurement of respiratory function (procedure)"
                }
              ],
              "text": "Measurement of respiratory function (procedure)"
            }
          }
        ],
        "status": "completed",
        "code": {
          "coding": [
            {
              "system": "http://snomed.info/sct",
              "code": "23426006",
              "display": "Measurement of respiratory function (procedure)"
            }
          ],
          "text": "Measurement of respiratory function (procedure)"
        },
        "subject": {
          "reference": "urn:uuid:9206eea6-28a3-4d0a-b090-56f3826d5d23"
        },
        "context": {
          "reference": "urn:uuid:23d83de4-3772-4053-b71a-9db93352995c"
        },
        "performedPeriod": {
          "start": "2010-06-20T19:26:37-04:00",
          "end": "2010-06-20T19:49:32-04:00"
        },
        "reasonReference": {
          "reference": "urn:uuid:be27bc0d-95d6-4671-9260-2f0c042b7b36",
          "display": "Acute bronchitis (disorder)"
        },
        "resourceType": "Procedure"
      }
    },
    {
      "resource": {
        "status": "completed",
        "category": [
          {
            "coding": [
              {
                "system": "http://snomed.info/sct",
                "code": "53950000",
                "display": "Respiratory therapy"
              }
            ]
          }
        ],
        "subject": {
          "reference": "urn:uuid:9206eea6-28a3-4d0a-b090-56f3826d5d23"
        },
        "context": {
          "reference": "urn:uuid:23d83de4-3772-4053-b71a-9db93352995c"
        },
        "period": {
          "start": "2010-06-20",
          "end": "2012-11-07"
        },
        "addresses": [
          {
            "reference": "urn:uuid:be27bc0d-95d6-4671-9260-2f0c042b7b36"
          }
        ],
        "activity": [
          {
            "detail": {
              "code": {
                "coding": [
                  {
                    "system": "http://snomed.info/sct",
                    "code": "304510005",
                    "display": "Recommendation to avoid exercise"
                  }
                ]
              },
              "status": "completed"
            }
          },
          {
            "detail": {
              "code": {
                "coding": [
                  {
                    "system": "http://snomed.info/sct",
                    "code": "371605008",
                    "display": "Deep breathing and coughing exercises"
                  }
                ]
              },
              "status": "completed"
            }
          }
        ],
        "resourceType": "CarePlan"
      }
    },
    {
      "resource": {
        "meta": {
          "profile": [
            "http://standardhealthrecord.org/fhir/StructureDefinition/shr-medication-Medication"
          ]
        },
        "code": {
          "coding": [
            {
              "system": "http://www.nlm.nih.gov/research/umls/rxnorm",
              "code": "608680",
              "display": "Acetaminophen 160 MG"
            }
          ],
          "text": "Acetaminophen 160 MG"
        },
        "resourceType": "Medication"
      }
    },
    {
      "resource": {
        "meta": {
          "profile": [
            "http://standardhealthrecord.org/fhir/StructureDefinition/shr-medication-MedicationPrescription"
          ]
        },
        "extension": [
          {
            "url": "http://standardhealthrecord.org/fhir/StructureDefinition/shr-base-ActionCode-extension",
            "valueCodeableConcept": {
              "coding": [
                {
                  "system": "http://snomed.info/sct",
                  "code": "33633005",
                  "display": "Prescription of drug (procedure)"
                }
              ],
              "text": "Prescription of drug (procedure)"
            }
          }
        ],
        "status": "stopped",
        "medicationReference": {
          "reference": ""
        },
        "subject": {
          "reference": "urn:uuid:9206eea6-28a3-4d0a-b090-56f3826d5d23"
        },
        "context": {
          "reference": "urn:uuid:23d83de4-3772-4053-b71a-9db93352995c"
        },
        "authoredOn": "2010-06-20",
        "reasonReference": [
          {
            "reference": "urn:uuid:be27bc0d-95d6-4671-9260-2f0c042b7b36"
          }
        ],
        "dosageInstruction": [
          {

          }
        ],
        "resourceType": "MedicationRequest"
      }
    },
    {
      "fullUrl": "urn:uuid:f7259688-84c1-4daf-9b40-7e48b2090e98",
      "resource": {
        "id": "f7259688-84c1-4daf-9b40-7e48b2090e98",
        "meta": {
          "profile": [
            "http://standardhealthrecord.org/fhir/StructureDefinition/shr-encounter-Encounter"
          ]
        },
        "status": "finished",
        "class": {
          "code": "ambulatory"
        },
        "type": [
          {
            "coding": [
              {
                "system": "http://snomed.info/sct",
                "code": "185345009"
              }
            ],
            "text": "Encounter for symptom"
          }
        ],
        "subject": {
          "reference": "urn:uuid:9206eea6-28a3-4d0a-b090-56f3826d5d23"
        },
        "period": {
          "start": "2012-01-26T08:12:25-05:00",
          "end": "2012-01-26T08:12:25-05:00"
        },
        "reason": {
          "coding": [
            {
              "system": "http://snomed.info/sct",
              "code": "195662009",
              "display": "Acute viral pharyngitis (disorder)"
            }
          ]
        },
        "serviceProvider": {
          "reference": "urn:uuid:48e9c02a-3367-4eed-a27e-9cc8aed865ee"
        },
        "resourceType": "Encounter"
      }
    },
    {
      "fullUrl": "urn:uuid:1a5ce8e6-0585-4ad5-863b-829e5b3645d9",
      "resource": {
        "id": "1a5ce8e6-0585-4ad5-863b-829e5b3645d9",
        "meta": {
          "profile": [
            "http://standardhealthrecord.org/fhir/StructureDefinition/shr-problem-Problem"
          ]
        },
        "clinicalStatus": "active",
        "verificationStatus": "confirmed",
        "code": {
          "coding": [
            {
              "system": "http://snomed.info/sct",
              "code": "195662009",
              "display": "Acute viral pharyngitis (disorder)"
            }
          ],
          "text": "Acute viral pharyngitis (disorder)"
        },
        "subject": {
          "reference": "urn:uuid:9206eea6-28a3-4d0a-b090-56f3826d5d23"
        },
        "context": {
          "reference": "urn:uuid:f7259688-84c1-4daf-9b40-7e48b2090e98"
        },
        "onsetDateTime": "2012-01-23T00:27:06-05:00",
        "abatementDateTime": "2012-02-09T00:11:53-05:00",
        "assertedDate": "2012-01-23",
        "resourceType": "Condition"
      }
    },
    {
      "fullUrl": "urn:uuid:e2e42ffe-cea0-4799-bc11-7497e4fa69f6",
      "resource": {
        "id": "e2e42ffe-cea0-4799-bc11-7497e4fa69f6",
        "meta": {
          "profile": [
            "http://standardhealthrecord.org/fhir/StructureDefinition/shr-observation-Observation",
            "http://standardhealthrecord.org/fhir/StructureDefinition/shr-vital-VitalSign"
          ]
        },
        "status": "final",
        "category": [
          {
            "coding": [
              {
                "system": "http://hl7.org/fhir/observation-category",
                "code": "vital-signs"
              }
            ]
          }
        ],
        "code": {
          "coding": [
            {
              "system": "http://loinc.org",
              "code": "8331-1",
              "display": "Oral temperature"
            }
          ],
          "text": "Oral temperature"
        },
        "subject": {
          "reference": "urn:uuid:9206eea6-28a3-4d0a-b090-56f3826d5d23"
        },
        "context": {
          "reference": "urn:uuid:f7259688-84c1-4daf-9b40-7e48b2090e98"
        },
        "effectiveDateTime": "2012-01-26T08:12:25-05:00",
        "issued": "2012-01-26T08:12:25-05:00",
        "valueQuantity": {
          "value": 37,
          "unit": "Cel",
          "system": "http://unitsofmeasure.org/",
          "code": "Cel"
        },
        "resourceType": "Observation"
      }
    },
    {
      "fullUrl": "urn:uuid:7e5b348d-442e-4775-aafa-ae497d7e268b",
      "resource": {
        "id": "7e5b348d-442e-4775-aafa-ae497d7e268b",
        "meta": {
          "profile": [
            "http://standardhealthrecord.org/fhir/StructureDefinition/shr-encounter-Encounter"
          ]
        },
        "status": "finished",
        "class": {
          "code": "emergency"
        },
        "type": [
          {
            "coding": [
              {
                "system": "http://snomed.info/sct",
                "code": "50849002"
              }
            ],
            "text": "Emergency room admission"
          }
        ],
        "subject": {
          "reference": "urn:uuid:9206eea6-28a3-4d0a-b090-56f3826d5d23"
        },
        "period": {
          "start": "2012-04-26T10:43:51-04:00",
          "end": "2012-04-26T10:57:33-04:00"
        },
        "serviceProvider": {
          "reference": "urn:uuid:48e9c02a-3367-4eed-a27e-9cc8aed865ee"
        },
        "resourceType": "Encounter"
      }
    },
    {
      "fullUrl": "urn:uuid:55bbee1e-29fd-4dad-81fa-544dc99fda7f",
      "resource": {
        "id": "55bbee1e-29fd-4dad-81fa-544dc99fda7f",
        "meta": {
          "profile": [
            "http://standardhealthrecord.org/fhir/StructureDefinition/shr-problem-Problem"
          ]
        },
        "clinicalStatus": "active",
        "verificationStatus": "confirmed",
        "code": {
          "coding": [
            {
              "system": "http://snomed.info/sct",
              "code": "284551006",
              "display": "Laceration of foot"
            }
          ],
          "text": "Laceration of foot"
        },
        "subject": {
          "reference": "urn:uuid:9206eea6-28a3-4d0a-b090-56f3826d5d23"
        },
        "context": {
          "reference": "urn:uuid:7e5b348d-442e-4775-aafa-ae497d7e268b"
        },
        "onsetDateTime": "2012-04-26T10:43:51-04:00",
        "abatementDateTime": "2012-05-18T10:23:44-04:00",
        "assertedDate": "2012-04-26",
        "resourceType": "Condition"
      }
    },
    {
      "resource": {
        "meta": {
          "profile": [
            "http://standardhealthrecord.org/fhir/StructureDefinition/shr-procedure-Procedure"
          ]
        },
        "extension": [
          {
            "url": "http://standardhealthrecord.org/fhir/StructureDefinition/shr-core-CodeableConcept-extension",
            "valueCodeableConcept": {
              "coding": [
                {
                  "system": "http://snomed.info/sct",
                  "code": "288086009",
                  "display": "Suture open wound"
                }
              ],
              "text": "Suture open wound"
            }
          }
        ],
        "status": "completed",
        "code": {
          "coding": [
            {
              "system": "http://snomed.info/sct",
              "code": "288086009",
              "display": "Suture open wound"
            }
          ],
          "text": "Suture open wound"
        },
        "subject": {
          "reference": "urn:uuid:9206eea6-28a3-4d0a-b090-56f3826d5d23"
        },
        "context": {
          "reference": "urn:uuid:7e5b348d-442e-4775-aafa-ae497d7e268b"
        },
        "performedPeriod": {
          "start": "2012-04-26T10:43:51-04:00",
          "end": "2012-04-26T11:04:03-04:00"
        },
        "reasonReference": {
          "reference": "urn:uuid:55bbee1e-29fd-4dad-81fa-544dc99fda7f",
          "display": "Laceration of foot"
        },
        "resourceType": "Procedure"
      }
    },
    {
      "resource": {
        "status": "completed",
        "category": [
          {
            "coding": [
              {
                "system": "http://snomed.info/sct",
                "code": "225358003",
                "display": "Wound care"
              }
            ]
          }
        ],
        "subject": {
          "reference": "urn:uuid:9206eea6-28a3-4d0a-b090-56f3826d5d23"
        },
        "context": {
          "reference": "urn:uuid:7e5b348d-442e-4775-aafa-ae497d7e268b"
        },
        "period": {
          "start": "2012-04-26",
          "end": "2012-05-18"
        },
        "addresses": [
          {
            "reference": "urn:uuid:55bbee1e-29fd-4dad-81fa-544dc99fda7f"
          }
        ],
        "activity": [
          {
            "detail": {
              "code": {
                "coding": [
                  {
                    "system": "http://snomed.info/sct",
                    "code": "385949008",
                    "display": "Dressing change management"
                  }
                ]
              },
              "status": "completed"
            }
          },
          {
            "detail": {
              "code": {
                "coding": [
                  {
                    "system": "http://snomed.info/sct",
                    "code": "439830001",
                    "display": "Behavior to prevent infection"
                  }
                ]
              },
              "status": "completed"
            }
          }
        ],
        "resourceType": "CarePlan"
      }
    },
    {
      "resource": {
        "meta": {
          "profile": [
            "http://standardhealthrecord.org/fhir/StructureDefinition/shr-medication-Medication"
          ]
        },
        "code": {
          "coding": [
            {
              "system": "http://www.nlm.nih.gov/research/umls/rxnorm",
              "code": "313782",
              "display": "Acetaminophen 325 MG Oral Tablet"
            }
          ],
          "text": "Acetaminophen 325 MG Oral Tablet"
        },
        "resourceType": "Medication"
      }
    },
    {
      "resource": {
        "meta": {
          "profile": [
            "http://standardhealthrecord.org/fhir/StructureDefinition/shr-medication-MedicationPrescription"
          ]
        },
        "extension": [
          {
            "url": "http://standardhealthrecord.org/fhir/StructureDefinition/shr-base-ActionCode-extension",
            "valueCodeableConcept": {
              "coding": [
                {
                  "system": "http://snomed.info/sct",
                  "code": "33633005",
                  "display": "Prescription of drug (procedure)"
                }
              ],
              "text": "Prescription of drug (procedure)"
            }
          }
        ],
        "status": "stopped",
        "medicationReference": {
          "reference": ""
        },
        "subject": {
          "reference": "urn:uuid:9206eea6-28a3-4d0a-b090-56f3826d5d23"
        },
        "context": {
          "reference": "urn:uuid:7e5b348d-442e-4775-aafa-ae497d7e268b"
        },
        "authoredOn": "2012-04-26",
        "dosageInstruction": [
          {
            "sequence": 1,
            "asNeededBoolean": true
          }
        ],
        "resourceType": "MedicationRequest"
      }
    },
    {
      "fullUrl": "urn:uuid:fae481e7-5d0f-4211-aa3e-d25758fc651e",
      "resource": {
        "id": "fae481e7-5d0f-4211-aa3e-d25758fc651e",
        "meta": {
          "profile": [
            "http://standardhealthrecord.org/fhir/StructureDefinition/shr-encounter-Encounter"
          ]
        },
        "status": "finished",
        "class": {
          "code": "outpatient"
        },
        "type": [
          {
            "coding": [
              {
                "system": "http://snomed.info/sct",
                "code": "185349003"
              }
            ],
            "text": "Outpatient Encounter"
          }
        ],
        "subject": {
          "reference": "urn:uuid:9206eea6-28a3-4d0a-b090-56f3826d5d23"
        },
        "period": {
          "start": "2012-11-07T17:29:21-05:00",
          "end": "2012-11-07T18:29:21-05:00"
        },
        "serviceProvider": {
          "reference": "urn:uuid:48e9c02a-3367-4eed-a27e-9cc8aed865ee"
        },
        "resourceType": "Encounter"
      }
    },
    {
      "fullUrl": "urn:uuid:f4a44a22-38f6-40a4-8fdc-9298ea131bf6",
      "resource": {
        "id": "f4a44a22-38f6-40a4-8fdc-9298ea131bf6",
        "meta": {
          "profile": [
            "http://standardhealthrecord.org/fhir/StructureDefinition/shr-observation-Observation",
            "http://standardhealthrecord.org/fhir/StructureDefinition/shr-vital-VitalSign",
            "http://standardhealthrecord.org/fhir/StructureDefinition/shr-vital-BodyHeight"
          ]
        },
        "status": "final",
        "category": [
          {
            "coding": [
              {
                "system": "http://hl7.org/fhir/observation-category",
                "code": "vital-signs"
              }
            ]
          }
        ],
        "code": {
          "coding": [
            {
              "system": "http://loinc.org",
              "code": "8302-2",
              "display": "Body Height"
            }
          ],
          "text": "Body Height"
        },
        "subject": {
          "reference": "urn:uuid:9206eea6-28a3-4d0a-b090-56f3826d5d23"
        },
        "context": {
          "reference": "urn:uuid:fae481e7-5d0f-4211-aa3e-d25758fc651e"
        },
        "effectiveDateTime": "2012-11-07T17:29:21-05:00",
        "issued": "2012-11-07T17:29:21-05:00",
        "valueQuantity": {
          "value": 158.73139004133597,
          "unit": "cm",
          "system": "http://unitsofmeasure.org/",
          "code": "cm"
        },
        "resourceType": "Observation"
      }
    },
    {
      "fullUrl": "urn:uuid:6c7af330-5cba-48f7-8af6-2571547cdf06",
      "resource": {
        "id": "6c7af330-5cba-48f7-8af6-2571547cdf06",
        "meta": {
          "profile": [
            "http://standardhealthrecord.org/fhir/StructureDefinition/shr-observation-Observation",
            "http://standardhealthrecord.org/fhir/StructureDefinition/shr-vital-VitalSign",
            "http://standardhealthrecord.org/fhir/StructureDefinition/shr-vital-BodyWeight"
          ]
        },
        "status": "final",
        "category": [
          {
            "coding": [
              {
                "system": "http://hl7.org/fhir/observation-category",
                "code": "vital-signs"
              }
            ]
          }
        ],
        "code": {
          "coding": [
            {
              "system": "http://loinc.org",
              "code": "29463-7",
              "display": "Body Weight"
            }
          ],
          "text": "Body Weight"
        },
        "subject": {
          "reference": "urn:uuid:9206eea6-28a3-4d0a-b090-56f3826d5d23"
        },
        "context": {
          "reference": "urn:uuid:fae481e7-5d0f-4211-aa3e-d25758fc651e"
        },
        "effectiveDateTime": "2012-11-07T17:29:21-05:00",
        "issued": "2012-11-07T17:29:21-05:00",
        "valueQuantity": {
          "value": 89.14083352583248,
          "unit": "kg",
          "system": "http://unitsofmeasure.org/",
          "code": "kg"
        },
        "resourceType": "Observation"
      }
    },
    {
      "fullUrl": "urn:uuid:0c4c8012-fbfa-4c6d-8fe5-770bb3c5166d",
      "resource": {
        "id": "0c4c8012-fbfa-4c6d-8fe5-770bb3c5166d",
        "meta": {
          "profile": [
            "http://standardhealthrecord.org/fhir/StructureDefinition/shr-observation-Observation",
            "http://standardhealthrecord.org/fhir/StructureDefinition/shr-vital-VitalSign",
            "http://standardhealthrecord.org/fhir/StructureDefinition/shr-vital-BodyMassIndex"
          ]
        },
        "status": "final",
        "category": [
          {
            "coding": [
              {
                "system": "http://hl7.org/fhir/observation-category",
                "code": "vital-signs"
              }
            ]
          }
        ],
        "code": {
          "coding": [
            {
              "system": "http://loinc.org",
              "code": "39156-5",
              "display": "Body Mass Index"
            }
          ],
          "text": "Body Mass Index"
        },
        "subject": {
          "reference": "urn:uuid:9206eea6-28a3-4d0a-b090-56f3826d5d23"
        },
        "context": {
          "reference": "urn:uuid:fae481e7-5d0f-4211-aa3e-d25758fc651e"
        },
        "effectiveDateTime": "2012-11-07T17:29:21-05:00",
        "issued": "2012-11-07T17:29:21-05:00",
        "valueQuantity": {
          "value": 35.37944792909199,
          "unit": "kg/m2",
          "system": "http://unitsofmeasure.org/",
          "code": "kg/m2"
        },
        "resourceType": "Observation"
      }
    },
    {
      "fullUrl": "urn:uuid:155f685d-d2de-4fde-8e00-40f6a6baf6fb",
      "resource": {
        "id": "155f685d-d2de-4fde-8e00-40f6a6baf6fb",
        "meta": {
          "profile": [
            "http://standardhealthrecord.org/fhir/StructureDefinition/shr-observation-Observation",
            "http://standardhealthrecord.org/fhir/StructureDefinition/shr-vital-BloodPressure"
          ]
        },
        "status": "final",
        "category": [
          {
            "coding": [
              {
                "system": "http://hl7.org/fhir/observation-category",
                "code": "vital-signs"
              }
            ]
          }
        ],
        "code": {
          "coding": [
            {
              "system": "http://loinc.org",
              "code": "55284-4",
              "display": "Blood Pressure"
            }
          ]
        },
        "subject": {
          "reference": "urn:uuid:9206eea6-28a3-4d0a-b090-56f3826d5d23"
        },
        "context": {
          "reference": "urn:uuid:fae481e7-5d0f-4211-aa3e-d25758fc651e"
        },
        "effectiveDateTime": "2012-11-07T17:29:21-05:00",
        "issued": "2012-11-07T17:29:21-05:00",
        "component": [
          {
            "code": {
              "coding": [
                {
                  "system": "http://loinc.org",
                  "code": "8480-6",
                  "display": "Systolic Blood Pressure"
                }
              ],
              "text": "Systolic Blood Pressure"
            },
            "valueQuantity": {
              "value": 132,
              "unit": "mmHg",
              "system": "http://unitsofmeasure.org/",
              "code": "mmHg"
            }
          },
          {
            "code": {
              "coding": [
                {
                  "system": "http://loinc.org",
                  "code": "8462-4",
                  "display": "Diastolic Blood Pressure"
                }
              ],
              "text": "Diastolic Blood Pressure"
            },
            "valueQuantity": {
              "value": 74,
              "unit": "mmHg",
              "system": "http://unitsofmeasure.org/",
              "code": "mmHg"
            }
          }
        ],
        "resourceType": "Observation"
      }
    },
    {
      "resource": {
        "meta": {
          "profile": [
            "http://standardhealthrecord.org/fhir/StructureDefinition/shr-immunization-Immunization"
          ]
        },
        "status": "completed",
        "notGiven": false,
        "vaccineCode": {
          "coding": [
            {
              "system": "http://hl7.org/fhir/sid/cvx",
              "code": "140",
              "display": "Influenza, seasonal, injectable, preservative free"
            }
          ],
          "text": "Influenza, seasonal, injectable, preservative free"
        },
        "patient": {
          "reference": "urn:uuid:9206eea6-28a3-4d0a-b090-56f3826d5d23"
        },
        "encounter": {
          "reference": "urn:uuid:fae481e7-5d0f-4211-aa3e-d25758fc651e"
        },
        "date": "2012-11-07T17:29:21-05:00",
        "primarySource": true,
        "resourceType": "Immunization"
      }
    },
    {
      "fullUrl": "urn:uuid:c4bcbd13-6589-4048-af9e-62baf3248bb6",
      "resource": {
        "id": "c4bcbd13-6589-4048-af9e-62baf3248bb6",
        "meta": {
          "profile": [
            "http://standardhealthrecord.org/fhir/StructureDefinition/shr-encounter-Encounter"
          ]
        },
        "status": "finished",
        "class": {
          "code": "ambulatory"
        },
        "type": [
          {
            "coding": [
              {
                "system": "http://snomed.info/sct",
                "code": "185345009"
              }
            ],
            "text": "Encounter for symptom"
          }
        ],
        "subject": {
          "reference": "urn:uuid:9206eea6-28a3-4d0a-b090-56f3826d5d23"
        },
        "period": {
          "start": "2012-11-13T21:39:46-05:00",
          "end": "2012-11-13T21:39:46-05:00"
        },
        "reason": {
          "coding": [
            {
              "system": "http://snomed.info/sct",
              "code": "195662009",
              "display": "Acute viral pharyngitis (disorder)"
            }
          ]
        },
        "serviceProvider": {
          "reference": "urn:uuid:48e9c02a-3367-4eed-a27e-9cc8aed865ee"
        },
        "resourceType": "Encounter"
      }
    },
    {
      "fullUrl": "urn:uuid:05725e4d-bfa3-4e25-bf33-57bc104ce19a",
      "resource": {
        "id": "05725e4d-bfa3-4e25-bf33-57bc104ce19a",
        "meta": {
          "profile": [
            "http://standardhealthrecord.org/fhir/StructureDefinition/shr-problem-Problem"
          ]
        },
        "clinicalStatus": "active",
        "verificationStatus": "confirmed",
        "code": {
          "coding": [
            {
              "system": "http://snomed.info/sct",
              "code": "195662009",
              "display": "Acute viral pharyngitis (disorder)"
            }
          ],
          "text": "Acute viral pharyngitis (disorder)"
        },
        "subject": {
          "reference": "urn:uuid:9206eea6-28a3-4d0a-b090-56f3826d5d23"
        },
        "context": {
          "reference": "urn:uuid:c4bcbd13-6589-4048-af9e-62baf3248bb6"
        },
        "onsetDateTime": "2012-11-09T00:11:53-05:00",
        "abatementDateTime": "2012-11-24T18:36:43-05:00",
        "assertedDate": "2012-11-09",
        "resourceType": "Condition"
      }
    },
    {
      "fullUrl": "urn:uuid:6af69abf-51a2-44bd-a1fb-f3d13d48b129",
      "resource": {
        "id": "6af69abf-51a2-44bd-a1fb-f3d13d48b129",
        "meta": {
          "profile": [
            "http://standardhealthrecord.org/fhir/StructureDefinition/shr-observation-Observation",
            "http://standardhealthrecord.org/fhir/StructureDefinition/shr-vital-VitalSign"
          ]
        },
        "status": "final",
        "category": [
          {
            "coding": [
              {
                "system": "http://hl7.org/fhir/observation-category",
                "code": "vital-signs"
              }
            ]
          }
        ],
        "code": {
          "coding": [
            {
              "system": "http://loinc.org",
              "code": "8331-1",
              "display": "Oral temperature"
            }
          ],
          "text": "Oral temperature"
        },
        "subject": {
          "reference": "urn:uuid:9206eea6-28a3-4d0a-b090-56f3826d5d23"
        },
        "context": {
          "reference": "urn:uuid:c4bcbd13-6589-4048-af9e-62baf3248bb6"
        },
        "effectiveDateTime": "2012-11-13T21:39:46-05:00",
        "issued": "2012-11-13T21:39:46-05:00",
        "valueQuantity": {
          "value": 37,
          "unit": "Cel",
          "system": "http://unitsofmeasure.org/",
          "code": "Cel"
        },
        "resourceType": "Observation"
      }
    },
    {
      "fullUrl": "urn:uuid:e52f98e5-a7d7-42ca-bfcd-d5aebab3cef5",
      "resource": {
        "id": "e52f98e5-a7d7-42ca-bfcd-d5aebab3cef5",
        "meta": {
          "profile": [
            "http://standardhealthrecord.org/fhir/StructureDefinition/shr-encounter-Encounter"
          ]
        },
        "status": "finished",
        "class": {
          "code": "ambulatory"
        },
        "type": [
          {
            "coding": [
              {
                "system": "http://snomed.info/sct",
                "code": "185345009"
              }
            ],
            "text": "Encounter for symptom"
          }
        ],
        "subject": {
          "reference": "urn:uuid:9206eea6-28a3-4d0a-b090-56f3826d5d23"
        },
        "period": {
          "start": "2014-04-20T23:09:30-04:00",
          "end": "2014-04-20T23:09:30-04:00"
        },
        "reason": {
          "coding": [
            {
              "system": "http://snomed.info/sct",
              "code": "444814009",
              "display": "Viral sinusitis (disorder)"
            }
          ]
        },
        "serviceProvider": {
          "reference": "urn:uuid:48e9c02a-3367-4eed-a27e-9cc8aed865ee"
        },
        "resourceType": "Encounter"
      }
    },
    {
      "fullUrl": "urn:uuid:e68d4548-4926-4fda-a601-a4e468275239",
      "resource": {
        "id": "e68d4548-4926-4fda-a601-a4e468275239",
        "meta": {
          "profile": [
            "http://standardhealthrecord.org/fhir/StructureDefinition/shr-problem-Problem"
          ]
        },
        "clinicalStatus": "active",
        "verificationStatus": "confirmed",
        "code": {
          "coding": [
            {
              "system": "http://snomed.info/sct",
              "code": "444814009",
              "display": "Viral sinusitis (disorder)"
            }
          ],
          "text": "Viral sinusitis (disorder)"
        },
        "subject": {
          "reference": "urn:uuid:9206eea6-28a3-4d0a-b090-56f3826d5d23"
        },
        "context": {
          "reference": "urn:uuid:e52f98e5-a7d7-42ca-bfcd-d5aebab3cef5"
        },
        "onsetDateTime": "2014-04-12T16:20:11-04:00",
        "abatementDateTime": "2014-05-07T02:08:51-04:00",
        "assertedDate": "2014-04-12",
        "resourceType": "Condition"
      }
    },
    {
      "fullUrl": "urn:uuid:5b101c6a-2d31-4265-bb53-c79a56a35d53",
      "resource": {
        "id": "5b101c6a-2d31-4265-bb53-c79a56a35d53",
        "meta": {
          "profile": [
            "http://standardhealthrecord.org/fhir/StructureDefinition/shr-encounter-Encounter"
          ]
        },
        "status": "finished",
        "class": {
          "code": "outpatient"
        },
        "type": [
          {
            "coding": [
              {
                "system": "http://snomed.info/sct",
                "code": "185349003"
              }
            ],
            "text": "Outpatient Encounter"
          }
        ],
        "subject": {
          "reference": "urn:uuid:9206eea6-28a3-4d0a-b090-56f3826d5d23"
        },
        "period": {
          "start": "2015-12-07T05:34:51-05:00",
          "end": "2015-12-07T06:34:51-05:00"
        },
        "serviceProvider": {
          "reference": "urn:uuid:48e9c02a-3367-4eed-a27e-9cc8aed865ee"
        },
        "resourceType": "Encounter"
      }
    },
    {
      "fullUrl": "urn:uuid:f756c0c4-c37b-4b02-aa8a-9c8f8ca186c9",
      "resource": {
        "id": "f756c0c4-c37b-4b02-aa8a-9c8f8ca186c9",
        "meta": {
          "profile": [
            "http://standardhealthrecord.org/fhir/StructureDefinition/shr-observation-Observation",
            "http://standardhealthrecord.org/fhir/StructureDefinition/shr-vital-VitalSign",
            "http://standardhealthrecord.org/fhir/StructureDefinition/shr-vital-BodyHeight"
          ]
        },
        "status": "final",
        "category": [
          {
            "coding": [
              {
                "system": "http://hl7.org/fhir/observation-category",
                "code": "vital-signs"
              }
            ]
          }
        ],
        "code": {
          "coding": [
            {
              "system": "http://loinc.org",
              "code": "8302-2",
              "display": "Body Height"
            }
          ],
          "text": "Body Height"
        },
        "subject": {
          "reference": "urn:uuid:9206eea6-28a3-4d0a-b090-56f3826d5d23"
        },
        "context": {
          "reference": "urn:uuid:5b101c6a-2d31-4265-bb53-c79a56a35d53"
        },
        "effectiveDateTime": "2015-12-07T05:34:51-05:00",
        "issued": "2015-12-07T05:34:51-05:00",
        "valueQuantity": {
          "value": 158.73139004133597,
          "unit": "cm",
          "system": "http://unitsofmeasure.org/",
          "code": "cm"
        },
        "resourceType": "Observation"
      }
    },
    {
      "fullUrl": "urn:uuid:9dd30bdb-fd6b-4af5-aaa9-1d35043859f1",
      "resource": {
        "id": "9dd30bdb-fd6b-4af5-aaa9-1d35043859f1",
        "meta": {
          "profile": [
            "http://standardhealthrecord.org/fhir/StructureDefinition/shr-observation-Observation",
            "http://standardhealthrecord.org/fhir/StructureDefinition/shr-vital-VitalSign",
            "http://standardhealthrecord.org/fhir/StructureDefinition/shr-vital-BodyWeight"
          ]
        },
        "status": "final",
        "category": [
          {
            "coding": [
              {
                "system": "http://hl7.org/fhir/observation-category",
                "code": "vital-signs"
              }
            ]
          }
        ],
        "code": {
          "coding": [
            {
              "system": "http://loinc.org",
              "code": "29463-7",
              "display": "Body Weight"
            }
          ],
          "text": "Body Weight"
        },
        "subject": {
          "reference": "urn:uuid:9206eea6-28a3-4d0a-b090-56f3826d5d23"
        },
        "context": {
          "reference": "urn:uuid:5b101c6a-2d31-4265-bb53-c79a56a35d53"
        },
        "effectiveDateTime": "2015-12-07T05:34:51-05:00",
        "issued": "2015-12-07T05:34:51-05:00",
        "valueQuantity": {
          "value": 93.53127096204335,
          "unit": "kg",
          "system": "http://unitsofmeasure.org/",
          "code": "kg"
        },
        "resourceType": "Observation"
      }
    },
    {
      "fullUrl": "urn:uuid:ee10a29e-8b6c-42dd-8270-75d113f7bdc9",
      "resource": {
        "id": "ee10a29e-8b6c-42dd-8270-75d113f7bdc9",
        "meta": {
          "profile": [
            "http://standardhealthrecord.org/fhir/StructureDefinition/shr-observation-Observation",
            "http://standardhealthrecord.org/fhir/StructureDefinition/shr-vital-VitalSign",
            "http://standardhealthrecord.org/fhir/StructureDefinition/shr-vital-BodyMassIndex"
          ]
        },
        "status": "final",
        "category": [
          {
            "coding": [
              {
                "system": "http://hl7.org/fhir/observation-category",
                "code": "vital-signs"
              }
            ]
          }
        ],
        "code": {
          "coding": [
            {
              "system": "http://loinc.org",
              "code": "39156-5",
              "display": "Body Mass Index"
            }
          ],
          "text": "Body Mass Index"
        },
        "subject": {
          "reference": "urn:uuid:9206eea6-28a3-4d0a-b090-56f3826d5d23"
        },
        "context": {
          "reference": "urn:uuid:5b101c6a-2d31-4265-bb53-c79a56a35d53"
        },
        "effectiveDateTime": "2015-12-07T05:34:51-05:00",
        "issued": "2015-12-07T05:34:51-05:00",
        "valueQuantity": {
          "value": 37.12198551278358,
          "unit": "kg/m2",
          "system": "http://unitsofmeasure.org/",
          "code": "kg/m2"
        },
        "resourceType": "Observation"
      }
    },
    {
      "fullUrl": "urn:uuid:0f604d76-965f-4f0e-9119-87eeb5e649f0",
      "resource": {
        "id": "0f604d76-965f-4f0e-9119-87eeb5e649f0",
        "meta": {
          "profile": [
            "http://standardhealthrecord.org/fhir/StructureDefinition/shr-observation-Observation",
            "http://standardhealthrecord.org/fhir/StructureDefinition/shr-vital-BloodPressure"
          ]
        },
        "status": "final",
        "category": [
          {
            "coding": [
              {
                "system": "http://hl7.org/fhir/observation-category",
                "code": "vital-signs"
              }
            ]
          }
        ],
        "code": {
          "coding": [
            {
              "system": "http://loinc.org",
              "code": "55284-4",
              "display": "Blood Pressure"
            }
          ]
        },
        "subject": {
          "reference": "urn:uuid:9206eea6-28a3-4d0a-b090-56f3826d5d23"
        },
        "context": {
          "reference": "urn:uuid:5b101c6a-2d31-4265-bb53-c79a56a35d53"
        },
        "effectiveDateTime": "2015-12-07T05:34:51-05:00",
        "issued": "2015-12-07T05:34:51-05:00",
        "component": [
          {
            "code": {
              "coding": [
                {
                  "system": "http://loinc.org",
                  "code": "8480-6",
                  "display": "Systolic Blood Pressure"
                }
              ],
              "text": "Systolic Blood Pressure"
            },
            "valueQuantity": {
              "value": 109,
              "unit": "mmHg",
              "system": "http://unitsofmeasure.org/",
              "code": "mmHg"
            }
          },
          {
            "code": {
              "coding": [
                {
                  "system": "http://loinc.org",
                  "code": "8462-4",
                  "display": "Diastolic Blood Pressure"
                }
              ],
              "text": "Diastolic Blood Pressure"
            },
            "valueQuantity": {
              "value": 81,
              "unit": "mmHg",
              "system": "http://unitsofmeasure.org/",
              "code": "mmHg"
            }
          }
        ],
        "resourceType": "Observation"
      }
    },
    {
      "fullUrl": "urn:uuid:7c2de24a-bf6e-42bb-95c2-13949d79e645",
      "resource": {
        "id": "7c2de24a-bf6e-42bb-95c2-13949d79e645",
        "meta": {
          "profile": [
            "http://standardhealthrecord.org/fhir/StructureDefinition/shr-observation-Observation"
          ]
        },
        "status": "final",
        "category": [
          {
            "coding": [
              {
                "system": "http://hl7.org/fhir/observation-category",
                "code": "laboratory"
              }
            ]
          }
        ],
        "code": {
          "coding": [
            {
              "system": "http://loinc.org",
              "code": "2093-3",
              "display": "Total Cholesterol"
            }
          ],
          "text": "Total Cholesterol"
        },
        "subject": {
          "reference": "urn:uuid:9206eea6-28a3-4d0a-b090-56f3826d5d23"
        },
        "context": {
          "reference": "urn:uuid:5b101c6a-2d31-4265-bb53-c79a56a35d53"
        },
        "effectiveDateTime": "2015-12-07T05:34:51-05:00",
        "issued": "2015-12-07T05:34:51-05:00",
        "valueQuantity": {
          "value": 183,
          "unit": "mg/dL",
          "system": "http://unitsofmeasure.org/",
          "code": "mg/dL"
        },
        "resourceType": "Observation"
      }
    },
    {
      "fullUrl": "urn:uuid:ea3a0ed2-9bbb-4685-b030-4d6375c4c1e4",
      "resource": {
        "id": "ea3a0ed2-9bbb-4685-b030-4d6375c4c1e4",
        "meta": {
          "profile": [
            "http://standardhealthrecord.org/fhir/StructureDefinition/shr-observation-Observation"
          ]
        },
        "status": "final",
        "category": [
          {
            "coding": [
              {
                "system": "http://hl7.org/fhir/observation-category",
                "code": "laboratory"
              }
            ]
          }
        ],
        "code": {
          "coding": [
            {
              "system": "http://loinc.org",
              "code": "2571-8",
              "display": "Triglycerides"
            }
          ],
          "text": "Triglycerides"
        },
        "subject": {
          "reference": "urn:uuid:9206eea6-28a3-4d0a-b090-56f3826d5d23"
        },
        "context": {
          "reference": "urn:uuid:5b101c6a-2d31-4265-bb53-c79a56a35d53"
        },
        "effectiveDateTime": "2015-12-07T05:34:51-05:00",
        "issued": "2015-12-07T05:34:51-05:00",
        "valueQuantity": {
          "value": 139,
          "unit": "mg/dL",
          "system": "http://unitsofmeasure.org/",
          "code": "mg/dL"
        },
        "resourceType": "Observation"
      }
    },
    {
      "fullUrl": "urn:uuid:c514b7dc-2aa5-40e2-9b88-4970b2555d5c",
      "resource": {
        "id": "c514b7dc-2aa5-40e2-9b88-4970b2555d5c",
        "meta": {
          "profile": [
            "http://standardhealthrecord.org/fhir/StructureDefinition/shr-observation-Observation"
          ]
        },
        "status": "final",
        "category": [
          {
            "coding": [
              {
                "system": "http://hl7.org/fhir/observation-category",
                "code": "laboratory"
              }
            ]
          }
        ],
        "code": {
          "coding": [
            {
              "system": "http://loinc.org",
              "code": "18262-6",
              "display": "Low Density Lipoprotein Cholesterol"
            }
          ],
          "text": "Low Density Lipoprotein Cholesterol"
        },
        "subject": {
          "reference": "urn:uuid:9206eea6-28a3-4d0a-b090-56f3826d5d23"
        },
        "context": {
          "reference": "urn:uuid:5b101c6a-2d31-4265-bb53-c79a56a35d53"
        },
        "effectiveDateTime": "2015-12-07T05:34:51-05:00",
        "issued": "2015-12-07T05:34:51-05:00",
        "valueQuantity": {
          "value": 77,
          "unit": "mg/dL",
          "system": "http://unitsofmeasure.org/",
          "code": "mg/dL"
        },
        "resourceType": "Observation"
      }
    },
    {
      "fullUrl": "urn:uuid:7ab5b7f2-f5a3-4437-970f-8e2c5e1e4a28",
      "resource": {
        "id": "7ab5b7f2-f5a3-4437-970f-8e2c5e1e4a28",
        "meta": {
          "profile": [
            "http://standardhealthrecord.org/fhir/StructureDefinition/shr-observation-Observation"
          ]
        },
        "status": "final",
        "category": [
          {
            "coding": [
              {
                "system": "http://hl7.org/fhir/observation-category",
                "code": "laboratory"
              }
            ]
          }
        ],
        "code": {
          "coding": [
            {
              "system": "http://loinc.org",
              "code": "2085-9",
              "display": "High Density Lipoprotein Cholesterol"
            }
          ],
          "text": "High Density Lipoprotein Cholesterol"
        },
        "subject": {
          "reference": "urn:uuid:9206eea6-28a3-4d0a-b090-56f3826d5d23"
        },
        "context": {
          "reference": "urn:uuid:5b101c6a-2d31-4265-bb53-c79a56a35d53"
        },
        "effectiveDateTime": "2015-12-07T05:34:51-05:00",
        "issued": "2015-12-07T05:34:51-05:00",
        "valueQuantity": {
          "value": 78,
          "unit": "mg/dL",
          "system": "http://unitsofmeasure.org/",
          "code": "mg/dL"
        },
        "resourceType": "Observation"
      }
    },
    {
      "fullUrl": "urn:uuid:27a8a125-4b3c-4cf0-96ac-d3618ebb2e5c",
      "resource": {
        "id": "27a8a125-4b3c-4cf0-96ac-d3618ebb2e5c",
        "meta": {
          "profile": [
            "http://standardhealthrecord.org/fhir/StructureDefinition/shr-observation-Panel"
          ]
        },
        "status": "final",
        "code": {
          "coding": [
            {
              "system": "http://loinc.org",
              "code": "57698-3",
              "display": "Lipid Panel"
            }
          ]
        },
        "subject": {
          "reference": "urn:uuid:9206eea6-28a3-4d0a-b090-56f3826d5d23"
        },
        "context": {
          "reference": "urn:uuid:5b101c6a-2d31-4265-bb53-c79a56a35d53"
        },
        "effectiveDateTime": "2015-12-07T05:34:51-05:00",
        "issued": "2015-12-07T05:34:51-05:00",
        "result": [
          {
            "reference": "urn:uuid:7c2de24a-bf6e-42bb-95c2-13949d79e645",
            "display": "Total Cholesterol"
          },
          {
            "reference": "urn:uuid:ea3a0ed2-9bbb-4685-b030-4d6375c4c1e4",
            "display": "Triglycerides"
          },
          {
            "reference": "urn:uuid:c514b7dc-2aa5-40e2-9b88-4970b2555d5c",
            "display": "Low Density Lipoprotein Cholesterol"
          },
          {
            "reference": "urn:uuid:7ab5b7f2-f5a3-4437-970f-8e2c5e1e4a28",
            "display": "High Density Lipoprotein Cholesterol"
          }
        ],
        "resourceType": "DiagnosticReport"
      }
    },
    {
      "resource": {
        "meta": {
          "profile": [
            "http://standardhealthrecord.org/fhir/StructureDefinition/shr-procedure-Procedure"
          ]
        },
        "extension": [
          {
            "url": "http://standardhealthrecord.org/fhir/StructureDefinition/shr-core-CodeableConcept-extension",
            "valueCodeableConcept": {
              "coding": [
                {
                  "system": "http://snomed.info/sct",
                  "code": "428191000124101",
                  "display": "Documentation of current medications"
                }
              ],
              "text": "Documentation of current medications"
            }
          }
        ],
        "status": "completed",
        "code": {
          "coding": [
            {
              "system": "http://snomed.info/sct",
              "code": "428191000124101",
              "display": "Documentation of current medications"
            }
          ],
          "text": "Documentation of current medications"
        },
        "subject": {
          "reference": "urn:uuid:9206eea6-28a3-4d0a-b090-56f3826d5d23"
        },
        "context": {
          "reference": "urn:uuid:5b101c6a-2d31-4265-bb53-c79a56a35d53"
        },
        "performedDateTime": "2015-12-07T05:34:51-05:00",
        "resourceType": "Procedure"
      }
    },
    {
      "resource": {
        "meta": {
          "profile": [
            "http://standardhealthrecord.org/fhir/StructureDefinition/shr-immunization-Immunization"
          ]
        },
        "status": "completed",
        "notGiven": false,
        "vaccineCode": {
          "coding": [
            {
              "system": "http://hl7.org/fhir/sid/cvx",
              "code": "140",
              "display": "Influenza, seasonal, injectable, preservative free"
            }
          ],
          "text": "Influenza, seasonal, injectable, preservative free"
        },
        "patient": {
          "reference": "urn:uuid:9206eea6-28a3-4d0a-b090-56f3826d5d23"
        },
        "encounter": {
          "reference": "urn:uuid:5b101c6a-2d31-4265-bb53-c79a56a35d53"
        },
        "date": "2015-12-07T05:34:51-05:00",
        "primarySource": true,
        "resourceType": "Immunization"
      }
    },
    {
      "resource": {
        "meta": {
          "profile": [
            "http://standardhealthrecord.org/fhir/StructureDefinition/shr-immunization-Immunization"
          ]
        },
        "status": "completed",
        "notGiven": false,
        "vaccineCode": {
          "coding": [
            {
              "system": "http://hl7.org/fhir/sid/cvx",
              "code": "113",
              "display": "Td (adult) preservative free"
            }
          ],
          "text": "Td (adult) preservative free"
        },
        "patient": {
          "reference": "urn:uuid:9206eea6-28a3-4d0a-b090-56f3826d5d23"
        },
        "encounter": {
          "reference": "urn:uuid:5b101c6a-2d31-4265-bb53-c79a56a35d53"
        },
        "date": "2015-12-07T05:34:51-05:00",
        "primarySource": true,
        "resourceType": "Immunization"
      }
    },
    {
      "fullUrl": "urn:uuid:0da23e54-9743-4b3f-8c25-5f99fbdb8165",
      "resource": {
        "id": "0da23e54-9743-4b3f-8c25-5f99fbdb8165",
        "meta": {
          "profile": [
            "http://standardhealthrecord.org/fhir/StructureDefinition/shr-encounter-Encounter"
          ]
        },
        "status": "finished",
        "class": {
          "code": "ambulatory"
        },
        "type": [
          {
            "coding": [
              {
                "system": "http://snomed.info/sct",
                "code": "185345009"
              }
            ],
            "text": "Encounter for symptom"
          }
        ],
        "subject": {
          "reference": "urn:uuid:9206eea6-28a3-4d0a-b090-56f3826d5d23"
        },
        "period": {
          "start": "2016-07-13T23:03:23-04:00",
          "end": "2016-07-13T23:03:23-04:00"
        },
        "reason": {
          "coding": [
            {
              "system": "http://snomed.info/sct",
              "code": "444814009",
              "display": "Viral sinusitis (disorder)"
            }
          ]
        },
        "serviceProvider": {
          "reference": "urn:uuid:48e9c02a-3367-4eed-a27e-9cc8aed865ee"
        },
        "resourceType": "Encounter"
      }
    },
    {
      "fullUrl": "urn:uuid:8c226817-f2a0-4c7f-811b-c9e3eb4570a2",
      "resource": {
        "id": "8c226817-f2a0-4c7f-811b-c9e3eb4570a2",
        "meta": {
          "profile": [
            "http://standardhealthrecord.org/fhir/StructureDefinition/shr-problem-Problem"
          ]
        },
        "clinicalStatus": "active",
        "verificationStatus": "confirmed",
        "code": {
          "coding": [
            {
              "system": "http://snomed.info/sct",
              "code": "444814009",
              "display": "Viral sinusitis (disorder)"
            }
          ],
          "text": "Viral sinusitis (disorder)"
        },
        "subject": {
          "reference": "urn:uuid:9206eea6-28a3-4d0a-b090-56f3826d5d23"
        },
        "context": {
          "reference": "urn:uuid:0da23e54-9743-4b3f-8c25-5f99fbdb8165"
        },
        "onsetDateTime": "2016-07-07T02:08:51-04:00",
        "abatementDateTime": "2016-07-26T02:27:51-04:00",
        "assertedDate": "2016-07-07",
        "resourceType": "Condition"
      }
    },
    {
      "fullUrl": "urn:uuid:9cd3967c-0df9-422e-8d2d-ec3c2527ed59",
      "resource": {
        "id": "9cd3967c-0df9-422e-8d2d-ec3c2527ed59",
        "meta": {
          "profile": [
            "http://standardhealthrecord.org/fhir/StructureDefinition/shr-encounter-Encounter"
          ]
        },
        "status": "finished",
        "class": {
          "code": "ambulatory"
        },
        "type": [
          {
            "coding": [
              {
                "system": "http://snomed.info/sct",
                "code": "185345009"
              }
            ],
            "text": "Encounter for symptom"
          }
        ],
        "subject": {
          "reference": "urn:uuid:9206eea6-28a3-4d0a-b090-56f3826d5d23"
        },
        "period": {
          "start": "2017-04-27T12:32:10-04:00",
          "end": "2017-04-27T12:32:10-04:00"
        },
        "reason": {
          "coding": [
            {
              "system": "http://snomed.info/sct",
              "code": "195662009",
              "display": "Acute viral pharyngitis (disorder)"
            }
          ]
        },
        "serviceProvider": {
          "reference": "urn:uuid:48e9c02a-3367-4eed-a27e-9cc8aed865ee"
        },
        "resourceType": "Encounter"
      }
    },
    {
      "fullUrl": "urn:uuid:928852e8-a006-4bd3-bdc0-9beeed65a057",
      "resource": {
        "id": "928852e8-a006-4bd3-bdc0-9beeed65a057",
        "meta": {
          "profile": [
            "http://standardhealthrecord.org/fhir/StructureDefinition/shr-problem-Problem"
          ]
        },
        "clinicalStatus": "active",
        "verificationStatus": "confirmed",
        "code": {
          "coding": [
            {
              "system": "http://snomed.info/sct",
              "code": "195662009",
              "display": "Acute viral pharyngitis (disorder)"
            }
          ],
          "text": "Acute viral pharyngitis (disorder)"
        },
        "subject": {
          "reference": "urn:uuid:9206eea6-28a3-4d0a-b090-56f3826d5d23"
        },
        "context": {
          "reference": "urn:uuid:9cd3967c-0df9-422e-8d2d-ec3c2527ed59"
        },
        "onsetDateTime": "2017-04-24T18:36:43-04:00",
        "abatementDateTime": "2017-05-04T14:22:18-04:00",
        "assertedDate": "2017-04-24",
        "resourceType": "Condition"
      }
    },
    {
      "fullUrl": "urn:uuid:0ff2fad7-40ce-4885-a821-85338c12271c",
      "resource": {
        "id": "0ff2fad7-40ce-4885-a821-85338c12271c",
        "meta": {
          "profile": [
            "http://standardhealthrecord.org/fhir/StructureDefinition/shr-observation-Observation",
            "http://standardhealthrecord.org/fhir/StructureDefinition/shr-vital-VitalSign"
          ]
        },
        "status": "final",
        "category": [
          {
            "coding": [
              {
                "system": "http://hl7.org/fhir/observation-category",
                "code": "vital-signs"
              }
            ]
          }
        ],
        "code": {
          "coding": [
            {
              "system": "http://loinc.org",
              "code": "8331-1",
              "display": "Oral temperature"
            }
          ],
          "text": "Oral temperature"
        },
        "subject": {
          "reference": "urn:uuid:9206eea6-28a3-4d0a-b090-56f3826d5d23"
        },
        "context": {
          "reference": "urn:uuid:9cd3967c-0df9-422e-8d2d-ec3c2527ed59"
        },
        "effectiveDateTime": "2017-04-27T12:32:10-04:00",
        "issued": "2017-04-27T12:32:10-04:00",
        "valueQuantity": {
          "value": 37,
          "unit": "Cel",
          "system": "http://unitsofmeasure.org/",
          "code": "Cel"
        },
        "resourceType": "Observation"
      }
    }
  ],
  "resourceType": "Bundle"
}