{
  "type": "collection",
  "entry": [
    {
      "fullUrl": "urn:uuid:891e2d7d-f37a-44ba-b70e-595a2ac4b454",
      "resource": {
        "id": "891e2d7d-f37a-44ba-b70e-595a2ac4b454",
        "meta": {
          "profile": [
            "http://standardhealthrecord.org/fhir/StructureDefinition/shr-demographics-PersonOfRecord"
          ]
        },
        "text": {
          "status": "generated",
          "div": "<div>Generated by <a href=\"https://github.com/synthetichealth/synthea\">Synthea</a>. Version identifier: 4d02400401b9fab839e47bf5b2f1f6a8c683ab55</div>"
        },
        "extension": [
          {
            "url": "http://hl7.org/fhir/us/core/StructureDefinition/us-core-race",
            "valueCodeableConcept": {
              "coding": [
                {
                  "system": "http://hl7.org/fhir/v3/Race",
                  "code": "2028-9",
                  "display": "Asian"
                }
              ],
              "text": "race"
            }
          },
          {
            "url": "http://hl7.org/fhir/us/core/StructureDefinition/us-core-ethnicity",
            "valueCodeableConcept": {
              "coding": [
                {
                  "system": "http://hl7.org/fhir/v3/Ethnicity",
                  "code": "2186-5",
                  "display": "Nonhispanic"
                }
              ],
              "text": "ethnicity"
            }
          },
          {
            "url": "http://hl7.org/fhir/StructureDefinition/birthPlace",
            "valueAddress": {
              "city": "Boston",
              "state": "MA",
              "country": "US"
            }
          },
          {
            "url": "http://hl7.org/fhir/StructureDefinition/patient-mothersMaidenName",
            "valueString": "Camylle905 Macejkovic819"
          },
          {
            "url": "http://hl7.org/fhir/us/core/StructureDefinition/us-core-birthsex",
            "valueCode": "F"
          },
          {
            "url": "http://hl7.org/fhir/StructureDefinition/patient-interpreterRequired",
            "valueBoolean": false
          },
          {
            "url": "http://standardhealthrecord.org/fhir/StructureDefinition/shr-actor-FictionalPerson-extension",
            "valueBoolean": true
          },
          {
            "url": "http://standardhealthrecord.org/fhir/StructureDefinition/shr-demographics-FathersName-extension",
            "valueHumanName": {
              "text": "Selina509 Hartmann736"
            }
          },
          {
            "url": "http://standardhealthrecord.org/fhir/StructureDefinition/shr-demographics-SocialSecurityNumber-extension",
            "valueString": "999-37-1208"
          }
        ],
        "identifier": [
          {
            "system": "https://github.com/synthetichealth/synthea",
            "value": "bb9cfd6b-ac7d-472b-9e20-206fb3771528"
          },
          {
            "type": {
              "coding": [
                {
                  "system": "http://hl7.org/fhir/identifier-type",
                  "code": "SB"
                }
              ]
            },
            "system": "http://hl7.org/fhir/sid/us-ssn",
            "value": "999371208"
          },
          {
            "type": {
              "coding": [
                {
                  "system": "http://hl7.org/fhir/v2/0203",
                  "code": "DL"
                }
              ]
            },
            "system": "urn:oid:2.16.840.1.113883.4.3.25",
            "value": "S99990875"
          },
          {
            "type": {
              "coding": [
                {
                  "system": "http://hl7.org/fhir/v2/0203",
                  "code": "PPN"
                }
              ]
            },
            "system": "http://standardhealthrecord.org/fhir/StructureDefinition/passportNumber",
            "value": "X34380943X"
          }
        ],
        "name": [
          {
            "use": "official",
            "family": "Abernathy959",
            "given": [
              "Ashlee33"
            ],
            "prefix": [
              "Mrs."
            ]
          },
          {
            "use": "maiden",
            "family": "Hartmann736",
            "given": [
              "Ashlee33"
            ]
          }
        ],
        "telecom": [
          {
            "system": "phone",
            "value": "1-560-487-9489 x378",
            "use": "home"
          }
        ],
        "gender": "female",
        "birthDate": "1979-10-10",
        "address": [
          {
            "extension": [
              {
                "extension": [
                  {
                    "url": "latitude",
                    "valueDecimal": 42.33105528838924
                  },
                  {
                    "url": "longitude",
                    "valueDecimal": -70.93085309327255
                  }
                ],
                "url": "http://hl7.org/fhir/StructureDefinition/geolocation"
              }
            ],
            "line": [
              "835 Daugherty Ports",
              "Apt. 238"
            ],
            "city": "Boston",
            "state": "MA",
            "postalCode": "02215",
            "country": "US"
          }
        ],
        "maritalStatus": {
          "coding": [
            {
              "system": "http://hl7.org/fhir/v3/MaritalStatus",
              "code": "M"
            }
          ],
          "text": "M"
        },
        "multipleBirthBoolean": false,
        "communication": [
          {
            "language": {
              "coding": [
                {
                  "system": "http://hl7.org/fhir/ValueSet/languages",
                  "code": "zh",
                  "display": "Chinese"
                }
              ]
            }
          }
        ],
        "resourceType": "Patient"
      }
    },
    {
      "fullUrl": "urn:uuid:e844ab3a-7566-4880-93ab-66e713e4d916",
      "resource": {
        "id": "e844ab3a-7566-4880-93ab-66e713e4d916",
        "meta": {
          "profile": [
            "http://standardhealthrecord.org/fhir/StructureDefinition/shr-actor-Organization"
          ]
        },
        "type": [
          {
            "coding": [
              {
                "system": "http://hl7.org/fhir/ValueSet/organization-type",
                "code": "prov",
                "display": "Healthcare Provider"
              }
            ],
            "text": "Healthcare Provider"
          }
        ],
        "name": "Synthetic Provider",
        "resourceType": "Organization"
      }
    },
    {
      "fullUrl": "urn:uuid:4424f86a-3c64-4443-8172-351c19585870",
      "resource": {
        "id": "4424f86a-3c64-4443-8172-351c19585870",
        "meta": {
          "profile": [
            "http://standardhealthrecord.org/fhir/StructureDefinition/shr-encounter-Encounter"
          ]
        },
        "status": "finished",
        "class": {
          "code": "emergency"
        },
        "type": [
          {
            "coding": [
              {
                "system": "http://snomed.info/sct",
                "code": "50849002"
              }
            ],
            "text": "Emergency room admission"
          }
        ],
        "subject": {
          "reference": "urn:uuid:891e2d7d-f37a-44ba-b70e-595a2ac4b454"
        },
        "period": {
          "start": "2012-09-13T02:00:04-04:00",
          "end": "2012-09-13T02:00:04-04:00"
        },
        "serviceProvider": {
          "reference": "urn:uuid:e844ab3a-7566-4880-93ab-66e713e4d916"
        },
        "resourceType": "Encounter"
      }
    },
    {
      "resource": {
        "meta": {
          "profile": [
            "http://standardhealthrecord.org/fhir/StructureDefinition/shr-allergy-AllergyIntolerance"
          ]
        },
        "modifierExtension": [
          {
            "extension": [
              {
                "url": "http://standardhealthrecord.org/fhir/StructureDefinition/primitive-boolean-extension",
                "valueBoolean": false
              }
            ],
            "url": "http://standardhealthrecord.org/fhir/StructureDefinition/shr-base-NonOccurrenceModifier-extension"
          }
        ],
        "clinicalStatus": "active",
        "verificationStatus": "confirmed",
        "type": "allergy",
        "category": [
          "food"
        ],
        "criticality": "low",
        "code": {
          "coding": [
            {
              "system": "http://snomed.info/sct",
              "code": "91935009",
              "display": "Allergy to peanuts"
            }
          ]
        },
        "patient": {
          "reference": "urn:uuid:891e2d7d-f37a-44ba-b70e-595a2ac4b454"
        },
        "assertedDate": "1980-08-05T04:08:02-04:00",
        "resourceType": "AllergyIntolerance"
      }
    },
    {
      "resource": {
        "meta": {
          "profile": [
            "http://standardhealthrecord.org/fhir/StructureDefinition/shr-allergy-AllergyIntolerance"
          ]
        },
        "modifierExtension": [
          {
            "extension": [
              {
                "url": "http://standardhealthrecord.org/fhir/StructureDefinition/primitive-boolean-extension",
                "valueBoolean": false
              }
            ],
            "url": "http://standardhealthrecord.org/fhir/StructureDefinition/shr-base-NonOccurrenceModifier-extension"
          }
        ],
        "clinicalStatus": "active",
        "verificationStatus": "confirmed",
        "type": "allergy",
        "category": [
          "food"
        ],
        "criticality": "high",
        "code": {
          "coding": [
            {
              "system": "http://snomed.info/sct",
              "code": "91934008",
              "display": "Allergy to nut"
            }
          ]
        },
        "patient": {
          "reference": "urn:uuid:891e2d7d-f37a-44ba-b70e-595a2ac4b454"
        },
        "assertedDate": "1980-08-05T04:08:02-04:00",
        "resourceType": "AllergyIntolerance"
      }
    },
    {
      "resource": {
        "meta": {
          "profile": [
            "http://standardhealthrecord.org/fhir/StructureDefinition/shr-allergy-AllergyIntolerance"
          ]
        },
        "modifierExtension": [
          {
            "extension": [
              {
                "url": "http://standardhealthrecord.org/fhir/StructureDefinition/primitive-boolean-extension",
                "valueBoolean": false
              }
            ],
            "url": "http://standardhealthrecord.org/fhir/StructureDefinition/shr-base-NonOccurrenceModifier-extension"
          }
        ],
        "clinicalStatus": "active",
        "verificationStatus": "confirmed",
        "type": "allergy",
        "category": [
          "food"
        ],
        "criticality": "low",
        "code": {
          "coding": [
            {
              "system": "http://snomed.info/sct",
              "code": "417532002",
              "display": "Allergy to fish"
            }
          ]
        },
        "patient": {
          "reference": "urn:uuid:891e2d7d-f37a-44ba-b70e-595a2ac4b454"
        },
        "assertedDate": "1980-08-05T04:08:02-04:00",
        "resourceType": "AllergyIntolerance"
      }
    },
    {
      "resource": {
        "meta": {
          "profile": [
            "http://standardhealthrecord.org/fhir/StructureDefinition/shr-allergy-AllergyIntolerance"
          ]
        },
        "modifierExtension": [
          {
            "extension": [
              {
                "url": "http://standardhealthrecord.org/fhir/StructureDefinition/primitive-boolean-extension",
                "valueBoolean": false
              }
            ],
            "url": "http://standardhealthrecord.org/fhir/StructureDefinition/shr-base-NonOccurrenceModifier-extension"
          }
        ],
        "clinicalStatus": "active",
        "verificationStatus": "confirmed",
        "type": "allergy",
        "category": [
          "food"
        ],
        "criticality": "high",
        "code": {
          "coding": [
            {
              "system": "http://snomed.info/sct",
              "code": "300913006",
              "display": "Shellfish allergy"
            }
          ]
        },
        "patient": {
          "reference": "urn:uuid:891e2d7d-f37a-44ba-b70e-595a2ac4b454"
        },
        "assertedDate": "1980-08-05T04:08:02-04:00",
        "resourceType": "AllergyIntolerance"
      }
    },
    {
      "fullUrl": "urn:uuid:8105f1ba-d755-4d01-8fcc-b6f805c29745",
      "resource": {
        "id": "8105f1ba-d755-4d01-8fcc-b6f805c29745",
        "meta": {
          "profile": [
            "http://standardhealthrecord.org/fhir/StructureDefinition/shr-problem-Problem"
          ]
        },
        "clinicalStatus": "active",
        "verificationStatus": "confirmed",
        "code": {
          "coding": [
            {
              "system": "http://snomed.info/sct",
              "code": "39848009",
              "display": "Whiplash injury to neck"
            }
          ],
          "text": "Whiplash injury to neck"
        },
        "subject": {
          "reference": "urn:uuid:891e2d7d-f37a-44ba-b70e-595a2ac4b454"
        },
        "context": {
          "reference": "urn:uuid:4424f86a-3c64-4443-8172-351c19585870"
        },
        "onsetDateTime": "2012-09-13T02:00:04-04:00",
        "abatementDateTime": "2012-10-20T03:16:51-04:00",
        "assertedDate": "2012-09-13",
        "resourceType": "Condition"
      }
    },
    {
      "resource": {
        "status": "active",
        "category": [
          {
            "coding": [
              {
                "system": "http://snomed.info/sct",
                "code": "326051000000105",
                "display": "Self care"
              }
            ]
          }
        ],
        "subject": {
          "reference": "urn:uuid:891e2d7d-f37a-44ba-b70e-595a2ac4b454"
        },
        "context": {
          "reference": "urn:uuid:4424f86a-3c64-4443-8172-351c19585870"
        },
        "period": {
          "start": "1980-07-16"
        },
        "activity": [
          {
            "detail": {
              "code": {
                "coding": [
                  {
                    "system": "http://snomed.info/sct",
                    "code": "409002",
                    "display": "Food allergy diet"
                  }
                ]
              },
              "status": "in-progress"
            }
          },
          {
            "detail": {
              "code": {
                "coding": [
                  {
                    "system": "http://snomed.info/sct",
                    "code": "58332002",
                    "display": "Allergy education"
                  }
                ]
              },
              "status": "in-progress"
            }
          }
        ],
        "resourceType": "CarePlan"
      }
    },
    {
      "resource": {
        "status": "active",
        "category": [
          {
            "coding": [
              {
                "system": "http://snomed.info/sct",
                "code": "326051000000105",
                "display": "Self care"
              }
            ]
          }
        ],
        "subject": {
          "reference": "urn:uuid:891e2d7d-f37a-44ba-b70e-595a2ac4b454"
        },
        "context": {
          "reference": "urn:uuid:4424f86a-3c64-4443-8172-351c19585870"
        },
        "period": {
          "start": "1980-08-05"
        },
        "activity": [
          {
            "detail": {
              "code": {
                "coding": [
                  {
                    "system": "http://snomed.info/sct",
                    "code": "58332002",
                    "display": "Allergy education"
                  }
                ]
              },
              "status": "in-progress"
            }
          }
        ],
        "resourceType": "CarePlan"
      }
    },
    {
      "resource": {
        "status": "completed",
        "category": [
          {
            "coding": [
              {
                "system": "http://snomed.info/sct",
                "code": "872781000000100",
                "display": "Musculoskeletal care"
              }
            ]
          }
        ],
        "subject": {
          "reference": "urn:uuid:891e2d7d-f37a-44ba-b70e-595a2ac4b454"
        },
        "context": {
          "reference": "urn:uuid:4424f86a-3c64-4443-8172-351c19585870"
        },
        "period": {
          "start": "2012-09-13",
          "end": "2012-10-20"
        },
        "addresses": [
          {
            "reference": "urn:uuid:8105f1ba-d755-4d01-8fcc-b6f805c29745"
          }
        ],
        "activity": [
          {
            "detail": {
              "code": {
                "coding": [
                  {
                    "system": "http://snomed.info/sct",
                    "code": "266694003",
                    "display": "Heat therapy"
                  }
                ]
              },
              "status": "completed"
            }
          },
          {
            "detail": {
              "code": {
                "coding": [
                  {
                    "system": "http://snomed.info/sct",
                    "code": "183051005",
                    "display": "Recommendation to rest"
                  }
                ]
              },
              "status": "completed"
            }
          }
        ],
        "resourceType": "CarePlan"
      }
    },
    {
      "resource": {
        "meta": {
          "profile": [
            "http://standardhealthrecord.org/fhir/StructureDefinition/shr-medication-Medication"
          ]
        },
        "code": {
          "coding": [
            {
              "system": "http://www.nlm.nih.gov/research/umls/rxnorm",
              "code": "1049630",
              "display": "diphenhydrAMINE Hydrochloride 25 MG Oral Tablet"
            }
          ],
          "text": "diphenhydrAMINE Hydrochloride 25 MG Oral Tablet"
        },
        "resourceType": "Medication"
      }
    },
    {
      "resource": {
        "meta": {
          "profile": [
            "http://standardhealthrecord.org/fhir/StructureDefinition/shr-medication-MedicationPrescription"
          ]
        },
        "extension": [
          {
            "url": "http://standardhealthrecord.org/fhir/StructureDefinition/shr-base-ActionCode-extension",
            "valueCodeableConcept": {
              "coding": [
                {
                  "system": "http://snomed.info/sct",
                  "code": "33633005",
                  "display": "Prescription of drug (procedure)"
                }
              ],
              "text": "Prescription of drug (procedure)"
            }
          }
        ],
        "status": "active",
        "medicationReference": {
          "reference": ""
        },
        "subject": {
          "reference": "urn:uuid:891e2d7d-f37a-44ba-b70e-595a2ac4b454"
        },
        "context": {
          "reference": "urn:uuid:4424f86a-3c64-4443-8172-351c19585870"
        },
        "authoredOn": "1980-08-05",
        "dosageInstruction": [
          {
            "sequence": 1,
            "asNeededBoolean": true
          }
        ],
        "resourceType": "MedicationRequest"
      }
    },
    {
      "resource": {
        "meta": {
          "profile": [
            "http://standardhealthrecord.org/fhir/StructureDefinition/shr-medication-Medication"
          ]
        },
        "code": {
          "coding": [
            {
              "system": "http://www.nlm.nih.gov/research/umls/rxnorm",
              "code": "757594",
              "display": "Jolivette 28 Day Pack"
            }
          ],
          "text": "Jolivette 28 Day Pack"
        },
        "resourceType": "Medication"
      }
    },
    {
      "resource": {
        "meta": {
          "profile": [
            "http://standardhealthrecord.org/fhir/StructureDefinition/shr-medication-MedicationPrescription"
          ]
        },
        "extension": [
          {
            "url": "http://standardhealthrecord.org/fhir/StructureDefinition/shr-base-ActionCode-extension",
            "valueCodeableConcept": {
              "coding": [
                {
                  "system": "http://snomed.info/sct",
                  "code": "33633005",
                  "display": "Prescription of drug (procedure)"
                }
              ],
              "text": "Prescription of drug (procedure)"
            }
          }
        ],
        "status": "stopped",
        "medicationReference": {
          "reference": ""
        },
        "subject": {
          "reference": "urn:uuid:891e2d7d-f37a-44ba-b70e-595a2ac4b454"
        },
        "context": {
          "reference": "urn:uuid:4424f86a-3c64-4443-8172-351c19585870"
        },
        "authoredOn": "2006-11-29",
        "dosageInstruction": [
          {

          }
        ],
        "resourceType": "MedicationRequest"
      }
    },
    {
      "resource": {
        "meta": {
          "profile": [
            "http://standardhealthrecord.org/fhir/StructureDefinition/shr-medication-Medication"
          ]
        },
        "code": {
          "coding": [
            {
              "system": "http://www.nlm.nih.gov/research/umls/rxnorm",
              "code": "313782",
              "display": "Acetaminophen 325 MG Oral Tablet"
            }
          ],
          "text": "Acetaminophen 325 MG Oral Tablet"
        },
        "resourceType": "Medication"
      }
    },
    {
      "resource": {
        "meta": {
          "profile": [
            "http://standardhealthrecord.org/fhir/StructureDefinition/shr-medication-MedicationPrescription"
          ]
        },
        "extension": [
          {
            "url": "http://standardhealthrecord.org/fhir/StructureDefinition/shr-base-ActionCode-extension",
            "valueCodeableConcept": {
              "coding": [
                {
                  "system": "http://snomed.info/sct",
                  "code": "33633005",
                  "display": "Prescription of drug (procedure)"
                }
              ],
              "text": "Prescription of drug (procedure)"
            }
          }
        ],
        "status": "stopped",
        "medicationReference": {
          "reference": ""
        },
        "subject": {
          "reference": "urn:uuid:891e2d7d-f37a-44ba-b70e-595a2ac4b454"
        },
        "context": {
          "reference": "urn:uuid:4424f86a-3c64-4443-8172-351c19585870"
        },
        "authoredOn": "2012-09-13",
        "dosageInstruction": [
          {
            "sequence": 1,
            "asNeededBoolean": true
          }
        ],
        "resourceType": "MedicationRequest"
      }
    },
    {
      "fullUrl": "urn:uuid:6c4a2edd-44d9-40bb-b74b-20782a0a6b7d",
      "resource": {
        "id": "6c4a2edd-44d9-40bb-b74b-20782a0a6b7d",
        "meta": {
          "profile": [
            "http://standardhealthrecord.org/fhir/StructureDefinition/shr-encounter-Encounter"
          ]
        },
        "status": "finished",
        "class": {
          "code": "outpatient"
        },
        "type": [
          {
            "coding": [
              {
                "system": "http://snomed.info/sct",
                "code": "185349003"
              }
            ],
            "text": "Outpatient Encounter"
          }
        ],
        "subject": {
          "reference": "urn:uuid:891e2d7d-f37a-44ba-b70e-595a2ac4b454"
        },
        "period": {
          "start": "2012-11-04T17:53:38-05:00",
          "end": "2012-11-04T18:53:38-05:00"
        },
        "serviceProvider": {
          "reference": "urn:uuid:e844ab3a-7566-4880-93ab-66e713e4d916"
        },
        "resourceType": "Encounter"
      }
    },
    {
      "fullUrl": "urn:uuid:f7733b14-bc8e-44ac-9fb7-c8ace58abc7e",
      "resource": {
        "id": "f7733b14-bc8e-44ac-9fb7-c8ace58abc7e",
        "meta": {
          "profile": [
            "http://standardhealthrecord.org/fhir/StructureDefinition/shr-observation-Observation",
            "http://standardhealthrecord.org/fhir/StructureDefinition/shr-vital-VitalSign",
            "http://standardhealthrecord.org/fhir/StructureDefinition/shr-vital-BodyHeight"
          ]
        },
        "status": "final",
        "category": [
          {
            "coding": [
              {
                "system": "http://hl7.org/fhir/observation-category",
                "code": "vital-signs"
              }
            ]
          }
        ],
        "code": {
          "coding": [
            {
              "system": "http://loinc.org",
              "code": "8302-2",
              "display": "Body Height"
            }
          ],
          "text": "Body Height"
        },
        "subject": {
          "reference": "urn:uuid:891e2d7d-f37a-44ba-b70e-595a2ac4b454"
        },
        "context": {
          "reference": "urn:uuid:6c4a2edd-44d9-40bb-b74b-20782a0a6b7d"
        },
        "effectiveDateTime": "2012-11-04T17:53:38-05:00",
        "issued": "2012-11-04T17:53:38-05:00",
        "valueQuantity": {
          "value": 166.3652738247465,
          "unit": "cm",
          "system": "http://unitsofmeasure.org/",
          "code": "cm"
        },
        "resourceType": "Observation"
      }
    },
    {
      "fullUrl": "urn:uuid:e75681b9-4197-4b24-8e11-797ba6aca46b",
      "resource": {
        "id": "e75681b9-4197-4b24-8e11-797ba6aca46b",
        "meta": {
          "profile": [
            "http://standardhealthrecord.org/fhir/StructureDefinition/shr-observation-Observation",
            "http://standardhealthrecord.org/fhir/StructureDefinition/shr-vital-VitalSign",
            "http://standardhealthrecord.org/fhir/StructureDefinition/shr-vital-BodyWeight"
          ]
        },
        "status": "final",
        "category": [
          {
            "coding": [
              {
                "system": "http://hl7.org/fhir/observation-category",
                "code": "vital-signs"
              }
            ]
          }
        ],
        "code": {
          "coding": [
            {
              "system": "http://loinc.org",
              "code": "29463-7",
              "display": "Body Weight"
            }
          ],
          "text": "Body Weight"
        },
        "subject": {
          "reference": "urn:uuid:891e2d7d-f37a-44ba-b70e-595a2ac4b454"
        },
        "context": {
          "reference": "urn:uuid:6c4a2edd-44d9-40bb-b74b-20782a0a6b7d"
        },
        "effectiveDateTime": "2012-11-04T17:53:38-05:00",
        "issued": "2012-11-04T17:53:38-05:00",
        "valueQuantity": {
          "value": 72.30958391842577,
          "unit": "kg",
          "system": "http://unitsofmeasure.org/",
          "code": "kg"
        },
        "resourceType": "Observation"
      }
    },
    {
      "fullUrl": "urn:uuid:1da0b489-666f-4d16-b33a-afb941a9bb71",
      "resource": {
        "id": "1da0b489-666f-4d16-b33a-afb941a9bb71",
        "meta": {
          "profile": [
            "http://standardhealthrecord.org/fhir/StructureDefinition/shr-observation-Observation",
            "http://standardhealthrecord.org/fhir/StructureDefinition/shr-vital-VitalSign",
            "http://standardhealthrecord.org/fhir/StructureDefinition/shr-vital-BodyMassIndex"
          ]
        },
        "status": "final",
        "category": [
          {
            "coding": [
              {
                "system": "http://hl7.org/fhir/observation-category",
                "code": "vital-signs"
              }
            ]
          }
        ],
        "code": {
          "coding": [
            {
              "system": "http://loinc.org",
              "code": "39156-5",
              "display": "Body Mass Index"
            }
          ],
          "text": "Body Mass Index"
        },
        "subject": {
          "reference": "urn:uuid:891e2d7d-f37a-44ba-b70e-595a2ac4b454"
        },
        "context": {
          "reference": "urn:uuid:6c4a2edd-44d9-40bb-b74b-20782a0a6b7d"
        },
        "effectiveDateTime": "2012-11-04T17:53:38-05:00",
        "issued": "2012-11-04T17:53:38-05:00",
        "valueQuantity": {
          "value": 26.125854521535643,
          "unit": "kg/m2",
          "system": "http://unitsofmeasure.org/",
          "code": "kg/m2"
        },
        "resourceType": "Observation"
      }
    },
    {
      "fullUrl": "urn:uuid:ec5c752c-f7bb-43ff-b593-9429a3d2ede1",
      "resource": {
        "id": "ec5c752c-f7bb-43ff-b593-9429a3d2ede1",
        "meta": {
          "profile": [
            "http://standardhealthrecord.org/fhir/StructureDefinition/shr-observation-Observation",
            "http://standardhealthrecord.org/fhir/StructureDefinition/shr-vital-BloodPressure"
          ]
        },
        "status": "final",
        "category": [
          {
            "coding": [
              {
                "system": "http://hl7.org/fhir/observation-category",
                "code": "vital-signs"
              }
            ]
          }
        ],
        "code": {
          "coding": [
            {
              "system": "http://loinc.org",
              "code": "55284-4",
              "display": "Blood Pressure"
            }
          ]
        },
        "subject": {
          "reference": "urn:uuid:891e2d7d-f37a-44ba-b70e-595a2ac4b454"
        },
        "context": {
          "reference": "urn:uuid:6c4a2edd-44d9-40bb-b74b-20782a0a6b7d"
        },
        "effectiveDateTime": "2012-11-04T17:53:38-05:00",
        "issued": "2012-11-04T17:53:38-05:00",
        "component": [
          {
            "code": {
              "coding": [
                {
                  "system": "http://loinc.org",
                  "code": "8480-6",
                  "display": "Systolic Blood Pressure"
                }
              ],
              "text": "Systolic Blood Pressure"
            },
            "valueQuantity": {
              "value": 120,
              "unit": "mmHg",
              "system": "http://unitsofmeasure.org/",
              "code": "mmHg"
            }
          },
          {
            "code": {
              "coding": [
                {
                  "system": "http://loinc.org",
                  "code": "8462-4",
                  "display": "Diastolic Blood Pressure"
                }
              ],
              "text": "Diastolic Blood Pressure"
            },
            "valueQuantity": {
              "value": 75,
              "unit": "mmHg",
              "system": "http://unitsofmeasure.org/",
              "code": "mmHg"
            }
          }
        ],
        "resourceType": "Observation"
      }
    },
    {
      "resource": {
        "meta": {
          "profile": [
            "http://standardhealthrecord.org/fhir/StructureDefinition/shr-immunization-Immunization"
          ]
        },
        "status": "completed",
        "notGiven": false,
        "vaccineCode": {
          "coding": [
            {
              "system": "http://hl7.org/fhir/sid/cvx",
              "code": "140",
              "display": "Influenza, seasonal, injectable, preservative free"
            }
          ],
          "text": "Influenza, seasonal, injectable, preservative free"
        },
        "patient": {
          "reference": "urn:uuid:891e2d7d-f37a-44ba-b70e-595a2ac4b454"
        },
        "encounter": {
          "reference": "urn:uuid:6c4a2edd-44d9-40bb-b74b-20782a0a6b7d"
        },
        "date": "2012-11-04T17:53:38-05:00",
        "primarySource": true,
        "resourceType": "Immunization"
      }
    },
    {
      "resource": {
        "meta": {
          "profile": [
            "http://standardhealthrecord.org/fhir/StructureDefinition/shr-immunization-Immunization"
          ]
        },
        "status": "completed",
        "notGiven": false,
        "vaccineCode": {
          "coding": [
            {
              "system": "http://hl7.org/fhir/sid/cvx",
              "code": "113",
              "display": "Td (adult) preservative free"
            }
          ],
          "text": "Td (adult) preservative free"
        },
        "patient": {
          "reference": "urn:uuid:891e2d7d-f37a-44ba-b70e-595a2ac4b454"
        },
        "encounter": {
          "reference": "urn:uuid:6c4a2edd-44d9-40bb-b74b-20782a0a6b7d"
        },
        "date": "2012-11-04T17:53:38-05:00",
        "primarySource": true,
        "resourceType": "Immunization"
      }
    },
    {
      "fullUrl": "urn:uuid:f6370372-cef0-41cf-86ee-8956620600c1",
      "resource": {
        "id": "f6370372-cef0-41cf-86ee-8956620600c1",
        "meta": {
          "profile": [
            "http://standardhealthrecord.org/fhir/StructureDefinition/shr-encounter-Encounter"
          ]
        },
        "status": "finished",
        "class": {
          "code": "ambulatory"
        },
        "type": [
          {
            "coding": [
              {
                "system": "http://snomed.info/sct",
                "code": "185345009"
              }
            ],
            "text": "Encounter for symptom"
          }
        ],
        "subject": {
          "reference": "urn:uuid:891e2d7d-f37a-44ba-b70e-595a2ac4b454"
        },
        "period": {
          "start": "2013-11-22T22:44:54-05:00",
          "end": "2013-11-22T22:44:54-05:00"
        },
        "reason": {
          "coding": [
            {
              "system": "http://snomed.info/sct",
              "code": "444814009",
              "display": "Viral sinusitis (disorder)"
            }
          ]
        },
        "serviceProvider": {
          "reference": "urn:uuid:e844ab3a-7566-4880-93ab-66e713e4d916"
        },
        "resourceType": "Encounter"
      }
    },
    {
      "fullUrl": "urn:uuid:3a4e9e6c-96f0-4889-94f1-3672d8956320",
      "resource": {
        "id": "3a4e9e6c-96f0-4889-94f1-3672d8956320",
        "meta": {
          "profile": [
            "http://standardhealthrecord.org/fhir/StructureDefinition/shr-problem-Problem"
          ]
        },
        "clinicalStatus": "active",
        "verificationStatus": "confirmed",
        "code": {
          "coding": [
            {
              "system": "http://snomed.info/sct",
              "code": "444814009",
              "display": "Viral sinusitis (disorder)"
            }
          ],
          "text": "Viral sinusitis (disorder)"
        },
        "subject": {
          "reference": "urn:uuid:891e2d7d-f37a-44ba-b70e-595a2ac4b454"
        },
        "context": {
          "reference": "urn:uuid:f6370372-cef0-41cf-86ee-8956620600c1"
        },
        "onsetDateTime": "2013-11-22T22:44:54-05:00",
        "abatementDateTime": "2013-12-16T09:17:27-05:00",
        "assertedDate": "2013-11-22",
        "resourceType": "Condition"
      }
    },
    {
      "resource": {
        "meta": {
          "profile": [
            "http://standardhealthrecord.org/fhir/StructureDefinition/shr-medication-Medication"
          ]
        },
        "code": {
          "coding": [
            {
              "system": "http://www.nlm.nih.gov/research/umls/rxnorm",
              "code": "824184",
              "display": " Amoxicillin 250 MG / Clavulanate 125 MG [Augmentin]"
            }
          ],
          "text": " Amoxicillin 250 MG / Clavulanate 125 MG [Augmentin]"
        },
        "resourceType": "Medication"
      }
    },
    {
      "resource": {
        "meta": {
          "profile": [
            "http://standardhealthrecord.org/fhir/StructureDefinition/shr-medication-MedicationPrescription"
          ]
        },
        "extension": [
          {
            "url": "http://standardhealthrecord.org/fhir/StructureDefinition/shr-base-ActionCode-extension",
            "valueCodeableConcept": {
              "coding": [
                {
                  "system": "http://snomed.info/sct",
                  "code": "33633005",
                  "display": "Prescription of drug (procedure)"
                }
              ],
              "text": "Prescription of drug (procedure)"
            }
          }
        ],
        "status": "stopped",
        "medicationReference": {
          "reference": ""
        },
        "subject": {
          "reference": "urn:uuid:891e2d7d-f37a-44ba-b70e-595a2ac4b454"
        },
        "context": {
          "reference": "urn:uuid:f6370372-cef0-41cf-86ee-8956620600c1"
        },
        "authoredOn": "2013-11-22",
        "reasonReference": [
          {
            "reference": "urn:uuid:3a4e9e6c-96f0-4889-94f1-3672d8956320"
          }
        ],
        "dosageInstruction": [
          {

          }
        ],
        "resourceType": "MedicationRequest"
      }
    },
    {
      "fullUrl": "urn:uuid:73d87d7f-84a3-4fec-b244-0457ef2d6882",
      "resource": {
        "id": "73d87d7f-84a3-4fec-b244-0457ef2d6882",
        "meta": {
          "profile": [
            "http://standardhealthrecord.org/fhir/StructureDefinition/shr-encounter-Encounter"
          ]
        },
        "status": "finished",
        "class": {
          "code": "outpatient"
        },
        "type": [
          {
            "coding": [
              {
                "system": "http://snomed.info/sct",
                "code": "698314001"
              }
            ],
            "text": "Consultation for treatment"
          }
        ],
        "subject": {
          "reference": "urn:uuid:891e2d7d-f37a-44ba-b70e-595a2ac4b454"
        },
        "period": {
          "start": "2014-10-15T06:02:58-04:00",
          "end": "2014-10-15T06:02:58-04:00"
        },
        "serviceProvider": {
          "reference": "urn:uuid:e844ab3a-7566-4880-93ab-66e713e4d916"
        },
        "resourceType": "Encounter"
      }
    },
    {
      "fullUrl": "urn:uuid:870c145d-563f-4df2-9cc8-89dcb349a1ee",
      "resource": {
        "id": "870c145d-563f-4df2-9cc8-89dcb349a1ee",
        "meta": {
          "profile": [
            "http://standardhealthrecord.org/fhir/StructureDefinition/shr-encounter-Encounter"
          ]
        },
        "status": "finished",
        "class": {
          "code": "inpatient"
        },
        "type": [
          {
            "coding": [
              {
                "system": "http://snomed.info/sct",
                "code": "305408004"
              }
            ],
            "text": "Admission to surgical department"
          }
        ],
        "subject": {
          "reference": "urn:uuid:891e2d7d-f37a-44ba-b70e-595a2ac4b454"
        },
        "period": {
          "start": "2014-11-01T17:34:54-04:00",
          "end": "2014-11-01T20:30:52-04:00"
        },
        "serviceProvider": {
          "reference": "urn:uuid:e844ab3a-7566-4880-93ab-66e713e4d916"
        },
        "resourceType": "Encounter"
      }
    },
    {
      "resource": {
        "meta": {
          "profile": [
            "http://standardhealthrecord.org/fhir/StructureDefinition/shr-procedure-Procedure"
          ]
        },
        "extension": [
          {
            "url": "http://standardhealthrecord.org/fhir/StructureDefinition/shr-core-CodeableConcept-extension",
            "valueCodeableConcept": {
              "coding": [
                {
                  "system": "http://snomed.info/sct",
                  "code": "287664005",
                  "display": "Bilateral tubal ligation"
                }
              ],
              "text": "Bilateral tubal ligation"
            }
          }
        ],
        "status": "completed",
        "code": {
          "coding": [
            {
              "system": "http://snomed.info/sct",
              "code": "287664005",
              "display": "Bilateral tubal ligation"
            }
          ],
          "text": "Bilateral tubal ligation"
        },
        "subject": {
          "reference": "urn:uuid:891e2d7d-f37a-44ba-b70e-595a2ac4b454"
        },
        "context": {
          "reference": "urn:uuid:870c145d-563f-4df2-9cc8-89dcb349a1ee"
        },
        "performedPeriod": {
          "start": "2014-11-01T17:34:54-04:00",
          "end": "2014-11-01T20:25:54-04:00"
        },
        "resourceType": "Procedure"
      }
    },
    {
      "resource": {
        "status": "completed",
        "category": [
          {
            "coding": [
              {
                "system": "http://snomed.info/sct",
                "code": "787301000000101",
                "display": "Surgery care management"
              }
            ]
          }
        ],
        "subject": {
          "reference": "urn:uuid:891e2d7d-f37a-44ba-b70e-595a2ac4b454"
        },
        "context": {
          "reference": "urn:uuid:870c145d-563f-4df2-9cc8-89dcb349a1ee"
        },
        "period": {
          "start": "2014-11-01",
          "end": "2014-11-21"
        },
        "activity": [
          {
            "detail": {
              "code": {
                "coding": [
                  {
                    "system": "http://snomed.info/sct",
                    "code": "183051005",
                    "display": "Recommendation to rest"
                  }
                ]
              },
              "status": "completed"
            }
          },
          {
            "detail": {
              "code": {
                "coding": [
                  {
                    "system": "http://snomed.info/sct",
                    "code": "243077000",
                    "display": "Recommendation to limit sexual activity"
                  }
                ]
              },
              "status": "completed"
            }
          }
        ],
        "resourceType": "CarePlan"
      }
    },
    {
      "fullUrl": "urn:uuid:be24755d-ce17-438a-a248-1de979ef4bf0",
      "resource": {
        "id": "be24755d-ce17-438a-a248-1de979ef4bf0",
        "meta": {
          "profile": [
            "http://standardhealthrecord.org/fhir/StructureDefinition/shr-encounter-Encounter"
          ]
        },
        "status": "finished",
        "class": {
          "code": "ambulatory"
        },
        "type": [
          {
            "coding": [
              {
                "system": "http://snomed.info/sct",
                "code": "185345009"
              }
            ],
            "text": "Encounter for symptom"
          }
        ],
        "subject": {
          "reference": "urn:uuid:891e2d7d-f37a-44ba-b70e-595a2ac4b454"
        },
        "period": {
          "start": "2015-03-05T20:12:01-05:00",
          "end": "2015-03-05T20:22:14-05:00"
        },
        "reason": {
          "coding": [
            {
              "system": "http://snomed.info/sct",
              "code": "10509002",
              "display": "Acute bronchitis (disorder)"
            }
          ]
        },
        "serviceProvider": {
          "reference": "urn:uuid:e844ab3a-7566-4880-93ab-66e713e4d916"
        },
        "resourceType": "Encounter"
      }
    },
    {
      "fullUrl": "urn:uuid:9e8cce69-f9fa-49af-ab65-c4bdfaa771af",
      "resource": {
        "id": "9e8cce69-f9fa-49af-ab65-c4bdfaa771af",
        "meta": {
          "profile": [
            "http://standardhealthrecord.org/fhir/StructureDefinition/shr-problem-Problem"
          ]
        },
        "clinicalStatus": "active",
        "verificationStatus": "confirmed",
        "code": {
          "coding": [
            {
              "system": "http://snomed.info/sct",
              "code": "10509002",
              "display": "Acute bronchitis (disorder)"
            }
          ],
          "text": "Acute bronchitis (disorder)"
        },
        "subject": {
          "reference": "urn:uuid:891e2d7d-f37a-44ba-b70e-595a2ac4b454"
        },
        "context": {
          "reference": "urn:uuid:be24755d-ce17-438a-a248-1de979ef4bf0"
        },
        "onsetDateTime": "2015-03-03T16:27:21-05:00",
        "abatementDateTime": "2015-03-26T09:52:10-04:00",
        "assertedDate": "2015-03-03",
        "resourceType": "Condition"
      }
    },
    {
      "resource": {
        "meta": {
          "profile": [
            "http://standardhealthrecord.org/fhir/StructureDefinition/shr-procedure-Procedure"
          ]
        },
        "extension": [
          {
            "url": "http://standardhealthrecord.org/fhir/StructureDefinition/shr-core-CodeableConcept-extension",
            "valueCodeableConcept": {
              "coding": [
                {
                  "system": "http://snomed.info/sct",
                  "code": "23426006",
                  "display": "Measurement of respiratory function (procedure)"
                }
              ],
              "text": "Measurement of respiratory function (procedure)"
            }
          }
        ],
        "status": "completed",
        "code": {
          "coding": [
            {
              "system": "http://snomed.info/sct",
              "code": "23426006",
              "display": "Measurement of respiratory function (procedure)"
            }
          ],
          "text": "Measurement of respiratory function (procedure)"
        },
        "subject": {
          "reference": "urn:uuid:891e2d7d-f37a-44ba-b70e-595a2ac4b454"
        },
        "context": {
          "reference": "urn:uuid:be24755d-ce17-438a-a248-1de979ef4bf0"
        },
        "performedPeriod": {
          "start": "2015-03-05T20:12:01-05:00",
          "end": "2015-03-05T20:32:23-05:00"
        },
        "reasonReference": {
          "reference": "urn:uuid:9e8cce69-f9fa-49af-ab65-c4bdfaa771af",
          "display": "Acute bronchitis (disorder)"
        },
        "resourceType": "Procedure"
      }
    },
    {
      "resource": {
        "status": "completed",
        "category": [
          {
            "coding": [
              {
                "system": "http://snomed.info/sct",
                "code": "53950000",
                "display": "Respiratory therapy"
              }
            ]
          }
        ],
        "subject": {
          "reference": "urn:uuid:891e2d7d-f37a-44ba-b70e-595a2ac4b454"
        },
        "context": {
          "reference": "urn:uuid:be24755d-ce17-438a-a248-1de979ef4bf0"
        },
        "period": {
          "start": "2015-03-05",
          "end": "2015-11-18"
        },
        "addresses": [
          {
            "reference": "urn:uuid:9e8cce69-f9fa-49af-ab65-c4bdfaa771af"
          }
        ],
        "activity": [
          {
            "detail": {
              "code": {
                "coding": [
                  {
                    "system": "http://snomed.info/sct",
                    "code": "304510005",
                    "display": "Recommendation to avoid exercise"
                  }
                ]
              },
              "status": "completed"
            }
          },
          {
            "detail": {
              "code": {
                "coding": [
                  {
                    "system": "http://snomed.info/sct",
                    "code": "371605008",
                    "display": "Deep breathing and coughing exercises"
                  }
                ]
              },
              "status": "completed"
            }
          }
        ],
        "resourceType": "CarePlan"
      }
    },
    {
      "resource": {
        "meta": {
          "profile": [
            "http://standardhealthrecord.org/fhir/StructureDefinition/shr-medication-Medication"
          ]
        },
        "code": {
          "coding": [
            {
              "system": "http://www.nlm.nih.gov/research/umls/rxnorm",
              "code": "1020137",
              "display": "Dextromethorphan Hydrobromide 1 MG/ML"
            }
          ],
          "text": "Dextromethorphan Hydrobromide 1 MG/ML"
        },
        "resourceType": "Medication"
      }
    },
    {
      "resource": {
        "meta": {
          "profile": [
            "http://standardhealthrecord.org/fhir/StructureDefinition/shr-medication-MedicationPrescription"
          ]
        },
        "extension": [
          {
            "url": "http://standardhealthrecord.org/fhir/StructureDefinition/shr-base-ActionCode-extension",
            "valueCodeableConcept": {
              "coding": [
                {
                  "system": "http://snomed.info/sct",
                  "code": "33633005",
                  "display": "Prescription of drug (procedure)"
                }
              ],
              "text": "Prescription of drug (procedure)"
            }
          }
        ],
        "status": "stopped",
        "medicationReference": {
          "reference": ""
        },
        "subject": {
          "reference": "urn:uuid:891e2d7d-f37a-44ba-b70e-595a2ac4b454"
        },
        "context": {
          "reference": "urn:uuid:be24755d-ce17-438a-a248-1de979ef4bf0"
        },
        "authoredOn": "2015-03-05",
        "reasonReference": [
          {
            "reference": "urn:uuid:9e8cce69-f9fa-49af-ab65-c4bdfaa771af"
          }
        ],
        "dosageInstruction": [
          {

          }
        ],
        "resourceType": "MedicationRequest"
      }
    },
    {
      "fullUrl": "urn:uuid:33d75d02-2b54-47da-8250-034e851c6dfa",
      "resource": {
        "id": "33d75d02-2b54-47da-8250-034e851c6dfa",
        "meta": {
          "profile": [
            "http://standardhealthrecord.org/fhir/StructureDefinition/shr-encounter-Encounter"
          ]
        },
        "status": "finished",
        "class": {
          "code": "emergency"
        },
        "type": [
          {
            "coding": [
              {
                "system": "http://snomed.info/sct",
                "code": "50849002"
              }
            ],
            "text": "Emergency Encounter"
          }
        ],
        "subject": {
          "reference": "urn:uuid:891e2d7d-f37a-44ba-b70e-595a2ac4b454"
        },
        "period": {
          "start": "2015-09-16T06:02:58-04:00",
          "end": "2015-09-20T06:02:58-04:00"
        },
        "serviceProvider": {
          "reference": "urn:uuid:e844ab3a-7566-4880-93ab-66e713e4d916"
        },
        "resourceType": "Encounter"
      }
    },
    {
      "fullUrl": "urn:uuid:8c7ab6d8-e0d1-47cf-867a-e6c74bab63c7",
      "resource": {
        "id": "8c7ab6d8-e0d1-47cf-867a-e6c74bab63c7",
        "meta": {
          "profile": [
            "http://standardhealthrecord.org/fhir/StructureDefinition/shr-problem-Problem"
          ]
        },
        "clinicalStatus": "active",
        "verificationStatus": "confirmed",
        "code": {
          "coding": [
            {
              "system": "http://snomed.info/sct",
              "code": "410429000",
              "display": "Cardiac Arrest"
            }
          ],
          "text": "Cardiac Arrest"
        },
        "subject": {
          "reference": "urn:uuid:891e2d7d-f37a-44ba-b70e-595a2ac4b454"
        },
        "context": {
          "reference": "urn:uuid:33d75d02-2b54-47da-8250-034e851c6dfa"
        },
        "onsetDateTime": "2015-09-16T06:02:58-04:00",
        "assertedDate": "2015-09-16",
        "resourceType": "Condition"
      }
    },
    {
      "fullUrl": "urn:uuid:397b6d70-f70d-45bd-a00b-dd3df9921b4f",
      "resource": {
        "id": "397b6d70-f70d-45bd-a00b-dd3df9921b4f",
        "meta": {
          "profile": [
            "http://standardhealthrecord.org/fhir/StructureDefinition/shr-problem-Problem"
          ]
        },
        "clinicalStatus": "active",
        "verificationStatus": "confirmed",
        "code": {
          "coding": [
            {
              "system": "http://snomed.info/sct",
              "code": "429007001",
              "display": "History of cardiac arrest (situation)"
            }
          ],
          "text": "History of cardiac arrest (situation)"
        },
        "subject": {
          "reference": "urn:uuid:891e2d7d-f37a-44ba-b70e-595a2ac4b454"
        },
        "context": {
          "reference": "urn:uuid:33d75d02-2b54-47da-8250-034e851c6dfa"
        },
        "onsetDateTime": "2015-09-16T06:02:58-04:00",
        "assertedDate": "2015-09-16",
        "resourceType": "Condition"
      }
    },
    {
      "resource": {
        "meta": {
          "profile": [
            "http://standardhealthrecord.org/fhir/StructureDefinition/shr-procedure-Procedure"
          ]
        },
        "extension": [
          {
            "url": "http://standardhealthrecord.org/fhir/StructureDefinition/shr-core-CodeableConcept-extension",
            "valueCodeableConcept": {
              "coding": [
                {
                  "system": "http://snomed.info/sct",
                  "code": "447365002",
                  "display": "Insertion of biventricular implantable cardioverter defibrillator"
                }
              ],
              "text": "Insertion of biventricular implantable cardioverter defibrillator"
            }
          }
        ],
        "status": "completed",
        "code": {
          "coding": [
            {
              "system": "http://snomed.info/sct",
              "code": "447365002",
              "display": "Insertion of biventricular implantable cardioverter defibrillator"
            }
          ],
          "text": "Insertion of biventricular implantable cardioverter defibrillator"
        },
        "subject": {
          "reference": "urn:uuid:891e2d7d-f37a-44ba-b70e-595a2ac4b454"
        },
        "context": {
          "reference": "urn:uuid:33d75d02-2b54-47da-8250-034e851c6dfa"
        },
        "performedDateTime": "2015-09-16T06:02:58-04:00",
        "resourceType": "Procedure"
      }
    },
    {
      "resource": {
        "meta": {
          "profile": [
            "http://standardhealthrecord.org/fhir/StructureDefinition/shr-procedure-Procedure"
          ]
        },
        "extension": [
          {
            "url": "http://standardhealthrecord.org/fhir/StructureDefinition/shr-core-CodeableConcept-extension",
            "valueCodeableConcept": {
              "coding": [
                {
                  "system": "http://snomed.info/sct",
                  "code": "18286008",
                  "display": "Catheter ablation of tissue of heart"
                }
              ],
              "text": "Catheter ablation of tissue of heart"
            }
          }
        ],
        "status": "completed",
        "code": {
          "coding": [
            {
              "system": "http://snomed.info/sct",
              "code": "18286008",
              "display": "Catheter ablation of tissue of heart"
            }
          ],
          "text": "Catheter ablation of tissue of heart"
        },
        "subject": {
          "reference": "urn:uuid:891e2d7d-f37a-44ba-b70e-595a2ac4b454"
        },
        "context": {
          "reference": "urn:uuid:33d75d02-2b54-47da-8250-034e851c6dfa"
        },
        "performedDateTime": "2015-09-16T06:02:58-04:00",
        "resourceType": "Procedure"
      }
    },
    {
      "resource": {
        "meta": {
          "profile": [
            "http://standardhealthrecord.org/fhir/StructureDefinition/shr-medication-Medication"
          ]
        },
        "code": {
          "coding": [
            {
              "system": "http://www.nlm.nih.gov/research/umls/rxnorm",
              "code": "727374",
              "display": "1 ML Epinephrine 1 MG/ML Prefilled Syringe"
            }
          ],
          "text": "1 ML Epinephrine 1 MG/ML Prefilled Syringe"
        },
        "resourceType": "Medication"
      }
    },
    {
      "resource": {
        "meta": {
          "profile": [
            "http://standardhealthrecord.org/fhir/StructureDefinition/shr-medication-MedicationPrescription"
          ]
        },
        "extension": [
          {
            "url": "http://standardhealthrecord.org/fhir/StructureDefinition/shr-base-ActionCode-extension",
            "valueCodeableConcept": {
              "coding": [
                {
                  "system": "http://snomed.info/sct",
                  "code": "33633005",
                  "display": "Prescription of drug (procedure)"
                }
              ],
              "text": "Prescription of drug (procedure)"
            }
          }
        ],
        "status": "stopped",
        "medicationReference": {
          "reference": ""
        },
        "subject": {
          "reference": "urn:uuid:891e2d7d-f37a-44ba-b70e-595a2ac4b454"
        },
        "context": {
          "reference": "urn:uuid:33d75d02-2b54-47da-8250-034e851c6dfa"
        },
        "authoredOn": "2015-09-16",
        "reasonReference": [
          {
            "reference": "urn:uuid:8c7ab6d8-e0d1-47cf-867a-e6c74bab63c7"
          }
        ],
        "dosageInstruction": [
          {

          }
        ],
        "resourceType": "MedicationRequest"
      }
    },
    {
      "resource": {
        "meta": {
          "profile": [
            "http://standardhealthrecord.org/fhir/StructureDefinition/shr-medication-Medication"
          ]
        },
        "code": {
          "coding": [
            {
              "system": "http://www.nlm.nih.gov/research/umls/rxnorm",
              "code": "834357",
              "display": "3 ML Amiodarone hydrocholoride 50 MG/ML Prefilled Syringe"
            }
          ],
          "text": "3 ML Amiodarone hydrocholoride 50 MG/ML Prefilled Syringe"
        },
        "resourceType": "Medication"
      }
    },
    {
      "resource": {
        "meta": {
          "profile": [
            "http://standardhealthrecord.org/fhir/StructureDefinition/shr-medication-MedicationPrescription"
          ]
        },
        "extension": [
          {
            "url": "http://standardhealthrecord.org/fhir/StructureDefinition/shr-base-ActionCode-extension",
            "valueCodeableConcept": {
              "coding": [
                {
                  "system": "http://snomed.info/sct",
                  "code": "33633005",
                  "display": "Prescription of drug (procedure)"
                }
              ],
              "text": "Prescription of drug (procedure)"
            }
          }
        ],
        "status": "stopped",
        "medicationReference": {
          "reference": ""
        },
        "subject": {
          "reference": "urn:uuid:891e2d7d-f37a-44ba-b70e-595a2ac4b454"
        },
        "context": {
          "reference": "urn:uuid:33d75d02-2b54-47da-8250-034e851c6dfa"
        },
        "authoredOn": "2015-09-16",
        "reasonReference": [
          {
            "reference": "urn:uuid:8c7ab6d8-e0d1-47cf-867a-e6c74bab63c7"
          }
        ],
        "dosageInstruction": [
          {

          }
        ],
        "resourceType": "MedicationRequest"
      }
    },
    {
      "resource": {
        "meta": {
          "profile": [
            "http://standardhealthrecord.org/fhir/StructureDefinition/shr-medication-Medication"
          ]
        },
        "code": {
          "coding": [
            {
              "system": "http://www.nlm.nih.gov/research/umls/rxnorm",
              "code": "1190795",
              "display": "Atropine Sulfate 1 MG/ML Injectable Solution"
            }
          ],
          "text": "Atropine Sulfate 1 MG/ML Injectable Solution"
        },
        "resourceType": "Medication"
      }
    },
    {
      "resource": {
        "meta": {
          "profile": [
            "http://standardhealthrecord.org/fhir/StructureDefinition/shr-medication-MedicationPrescription"
          ]
        },
        "extension": [
          {
            "url": "http://standardhealthrecord.org/fhir/StructureDefinition/shr-base-ActionCode-extension",
            "valueCodeableConcept": {
              "coding": [
                {
                  "system": "http://snomed.info/sct",
                  "code": "33633005",
                  "display": "Prescription of drug (procedure)"
                }
              ],
              "text": "Prescription of drug (procedure)"
            }
          }
        ],
        "status": "stopped",
        "medicationReference": {
          "reference": ""
        },
        "subject": {
          "reference": "urn:uuid:891e2d7d-f37a-44ba-b70e-595a2ac4b454"
        },
        "context": {
          "reference": "urn:uuid:33d75d02-2b54-47da-8250-034e851c6dfa"
        },
        "authoredOn": "2015-09-16",
        "reasonReference": [
          {
            "reference": "urn:uuid:8c7ab6d8-e0d1-47cf-867a-e6c74bab63c7"
          }
        ],
        "dosageInstruction": [
          {

          }
        ],
        "resourceType": "MedicationRequest"
      }
    },
    {
      "fullUrl": "urn:uuid:d5fa67d7-cd36-4981-92a2-48c13b4a725c",
      "resource": {
        "id": "d5fa67d7-cd36-4981-92a2-48c13b4a725c",
        "meta": {
          "profile": [
            "http://standardhealthrecord.org/fhir/StructureDefinition/shr-encounter-Encounter"
          ]
        },
        "status": "finished",
        "class": {
          "code": "outpatient"
        },
        "type": [
          {
            "coding": [
              {
                "system": "http://snomed.info/sct",
                "code": "185349003"
              }
            ],
            "text": "Outpatient Encounter"
          }
        ],
        "subject": {
          "reference": "urn:uuid:891e2d7d-f37a-44ba-b70e-595a2ac4b454"
        },
        "period": {
          "start": "2015-11-18T09:44:08-05:00",
          "end": "2015-11-18T10:44:08-05:00"
        },
        "serviceProvider": {
          "reference": "urn:uuid:e844ab3a-7566-4880-93ab-66e713e4d916"
        },
        "resourceType": "Encounter"
      }
    },
    {
      "fullUrl": "urn:uuid:f0bbaebe-f778-478d-a187-4c2e4c0a8a4b",
      "resource": {
        "id": "f0bbaebe-f778-478d-a187-4c2e4c0a8a4b",
        "meta": {
          "profile": [
            "http://standardhealthrecord.org/fhir/StructureDefinition/shr-observation-Observation",
            "http://standardhealthrecord.org/fhir/StructureDefinition/shr-vital-VitalSign",
            "http://standardhealthrecord.org/fhir/StructureDefinition/shr-vital-BodyHeight"
          ]
        },
        "status": "final",
        "category": [
          {
            "coding": [
              {
                "system": "http://hl7.org/fhir/observation-category",
                "code": "vital-signs"
              }
            ]
          }
        ],
        "code": {
          "coding": [
            {
              "system": "http://loinc.org",
              "code": "8302-2",
              "display": "Body Height"
            }
          ],
          "text": "Body Height"
        },
        "subject": {
          "reference": "urn:uuid:891e2d7d-f37a-44ba-b70e-595a2ac4b454"
        },
        "context": {
          "reference": "urn:uuid:d5fa67d7-cd36-4981-92a2-48c13b4a725c"
        },
        "effectiveDateTime": "2015-11-18T09:44:08-05:00",
        "issued": "2015-11-18T09:44:08-05:00",
        "valueQuantity": {
          "value": 166.3652738247465,
          "unit": "cm",
          "system": "http://unitsofmeasure.org/",
          "code": "cm"
        },
        "resourceType": "Observation"
      }
    },
    {
      "fullUrl": "urn:uuid:83a1931f-94b1-49ed-813c-d3ac8c0c41de",
      "resource": {
        "id": "83a1931f-94b1-49ed-813c-d3ac8c0c41de",
        "meta": {
          "profile": [
            "http://standardhealthrecord.org/fhir/StructureDefinition/shr-observation-Observation",
            "http://standardhealthrecord.org/fhir/StructureDefinition/shr-vital-VitalSign",
            "http://standardhealthrecord.org/fhir/StructureDefinition/shr-vital-BodyWeight"
          ]
        },
        "status": "final",
        "category": [
          {
            "coding": [
              {
                "system": "http://hl7.org/fhir/observation-category",
                "code": "vital-signs"
              }
            ]
          }
        ],
        "code": {
          "coding": [
            {
              "system": "http://loinc.org",
              "code": "29463-7",
              "display": "Body Weight"
            }
          ],
          "text": "Body Weight"
        },
        "subject": {
          "reference": "urn:uuid:891e2d7d-f37a-44ba-b70e-595a2ac4b454"
        },
        "context": {
          "reference": "urn:uuid:d5fa67d7-cd36-4981-92a2-48c13b4a725c"
        },
        "effectiveDateTime": "2015-11-18T09:44:08-05:00",
        "issued": "2015-11-18T09:44:08-05:00",
        "valueQuantity": {
          "value": 76.1680433555346,
          "unit": "kg",
          "system": "http://unitsofmeasure.org/",
          "code": "kg"
        },
        "resourceType": "Observation"
      }
    },
    {
      "fullUrl": "urn:uuid:96913b15-f145-42f5-8e51-acf5fc89b8c4",
      "resource": {
        "id": "96913b15-f145-42f5-8e51-acf5fc89b8c4",
        "meta": {
          "profile": [
            "http://standardhealthrecord.org/fhir/StructureDefinition/shr-observation-Observation",
            "http://standardhealthrecord.org/fhir/StructureDefinition/shr-vital-VitalSign",
            "http://standardhealthrecord.org/fhir/StructureDefinition/shr-vital-BodyMassIndex"
          ]
        },
        "status": "final",
        "category": [
          {
            "coding": [
              {
                "system": "http://hl7.org/fhir/observation-category",
                "code": "vital-signs"
              }
            ]
          }
        ],
        "code": {
          "coding": [
            {
              "system": "http://loinc.org",
              "code": "39156-5",
              "display": "Body Mass Index"
            }
          ],
          "text": "Body Mass Index"
        },
        "subject": {
          "reference": "urn:uuid:891e2d7d-f37a-44ba-b70e-595a2ac4b454"
        },
        "context": {
          "reference": "urn:uuid:d5fa67d7-cd36-4981-92a2-48c13b4a725c"
        },
        "effectiveDateTime": "2015-11-18T09:44:08-05:00",
        "issued": "2015-11-18T09:44:08-05:00",
        "valueQuantity": {
          "value": 27.519937359086928,
          "unit": "kg/m2",
          "system": "http://unitsofmeasure.org/",
          "code": "kg/m2"
        },
        "resourceType": "Observation"
      }
    },
    {
      "fullUrl": "urn:uuid:27660427-f3d3-43fa-b822-d20c51b2bca6",
      "resource": {
        "id": "27660427-f3d3-43fa-b822-d20c51b2bca6",
        "meta": {
          "profile": [
            "http://standardhealthrecord.org/fhir/StructureDefinition/shr-observation-Observation",
            "http://standardhealthrecord.org/fhir/StructureDefinition/shr-vital-BloodPressure"
          ]
        },
        "status": "final",
        "category": [
          {
            "coding": [
              {
                "system": "http://hl7.org/fhir/observation-category",
                "code": "vital-signs"
              }
            ]
          }
        ],
        "code": {
          "coding": [
            {
              "system": "http://loinc.org",
              "code": "55284-4",
              "display": "Blood Pressure"
            }
          ]
        },
        "subject": {
          "reference": "urn:uuid:891e2d7d-f37a-44ba-b70e-595a2ac4b454"
        },
        "context": {
          "reference": "urn:uuid:d5fa67d7-cd36-4981-92a2-48c13b4a725c"
        },
        "effectiveDateTime": "2015-11-18T09:44:08-05:00",
        "issued": "2015-11-18T09:44:08-05:00",
        "component": [
          {
            "code": {
              "coding": [
                {
                  "system": "http://loinc.org",
                  "code": "8480-6",
                  "display": "Systolic Blood Pressure"
                }
              ],
              "text": "Systolic Blood Pressure"
            },
            "valueQuantity": {
              "value": 130,
              "unit": "mmHg",
              "system": "http://unitsofmeasure.org/",
              "code": "mmHg"
            }
          },
          {
            "code": {
              "coding": [
                {
                  "system": "http://loinc.org",
                  "code": "8462-4",
                  "display": "Diastolic Blood Pressure"
                }
              ],
              "text": "Diastolic Blood Pressure"
            },
            "valueQuantity": {
              "value": 81,
              "unit": "mmHg",
              "system": "http://unitsofmeasure.org/",
              "code": "mmHg"
            }
          }
        ],
        "resourceType": "Observation"
      }
    },
    {
      "fullUrl": "urn:uuid:4e818a9c-be6f-435e-8159-3f71b1765536",
      "resource": {
        "id": "4e818a9c-be6f-435e-8159-3f71b1765536",
        "meta": {
          "profile": [
            "http://standardhealthrecord.org/fhir/StructureDefinition/shr-observation-Observation"
          ]
        },
        "status": "final",
        "category": [
          {
            "coding": [
              {
                "system": "http://hl7.org/fhir/observation-category",
                "code": "laboratory"
              }
            ]
          }
        ],
        "code": {
          "coding": [
            {
              "system": "http://loinc.org",
              "code": "2093-3",
              "display": "Total Cholesterol"
            }
          ],
          "text": "Total Cholesterol"
        },
        "subject": {
          "reference": "urn:uuid:891e2d7d-f37a-44ba-b70e-595a2ac4b454"
        },
        "context": {
          "reference": "urn:uuid:d5fa67d7-cd36-4981-92a2-48c13b4a725c"
        },
        "effectiveDateTime": "2015-11-18T09:44:08-05:00",
        "issued": "2015-11-18T09:44:08-05:00",
        "valueQuantity": {
          "value": 198,
          "unit": "mg/dL",
          "system": "http://unitsofmeasure.org/",
          "code": "mg/dL"
        },
        "resourceType": "Observation"
      }
    },
    {
      "fullUrl": "urn:uuid:333c0200-2960-4f00-8c5d-9efcdcdcb1e6",
      "resource": {
        "id": "333c0200-2960-4f00-8c5d-9efcdcdcb1e6",
        "meta": {
          "profile": [
            "http://standardhealthrecord.org/fhir/StructureDefinition/shr-observation-Observation"
          ]
        },
        "status": "final",
        "category": [
          {
            "coding": [
              {
                "system": "http://hl7.org/fhir/observation-category",
                "code": "laboratory"
              }
            ]
          }
        ],
        "code": {
          "coding": [
            {
              "system": "http://loinc.org",
              "code": "2571-8",
              "display": "Triglycerides"
            }
          ],
          "text": "Triglycerides"
        },
        "subject": {
          "reference": "urn:uuid:891e2d7d-f37a-44ba-b70e-595a2ac4b454"
        },
        "context": {
          "reference": "urn:uuid:d5fa67d7-cd36-4981-92a2-48c13b4a725c"
        },
        "effectiveDateTime": "2015-11-18T09:44:08-05:00",
        "issued": "2015-11-18T09:44:08-05:00",
        "valueQuantity": {
          "value": 109,
          "unit": "mg/dL",
          "system": "http://unitsofmeasure.org/",
          "code": "mg/dL"
        },
        "resourceType": "Observation"
      }
    },
    {
      "fullUrl": "urn:uuid:1d68f3ef-ec0c-4d48-8c22-a3e6d56dcba2",
      "resource": {
        "id": "1d68f3ef-ec0c-4d48-8c22-a3e6d56dcba2",
        "meta": {
          "profile": [
            "http://standardhealthrecord.org/fhir/StructureDefinition/shr-observation-Observation"
          ]
        },
        "status": "final",
        "category": [
          {
            "coding": [
              {
                "system": "http://hl7.org/fhir/observation-category",
                "code": "laboratory"
              }
            ]
          }
        ],
        "code": {
          "coding": [
            {
              "system": "http://loinc.org",
              "code": "18262-6",
              "display": "Low Density Lipoprotein Cholesterol"
            }
          ],
          "text": "Low Density Lipoprotein Cholesterol"
        },
        "subject": {
          "reference": "urn:uuid:891e2d7d-f37a-44ba-b70e-595a2ac4b454"
        },
        "context": {
          "reference": "urn:uuid:d5fa67d7-cd36-4981-92a2-48c13b4a725c"
        },
        "effectiveDateTime": "2015-11-18T09:44:08-05:00",
        "issued": "2015-11-18T09:44:08-05:00",
        "valueQuantity": {
          "value": 103,
          "unit": "mg/dL",
          "system": "http://unitsofmeasure.org/",
          "code": "mg/dL"
        },
        "resourceType": "Observation"
      }
    },
    {
      "fullUrl": "urn:uuid:d79ef64c-3af4-45bf-8f10-e81d7fb95aa3",
      "resource": {
        "id": "d79ef64c-3af4-45bf-8f10-e81d7fb95aa3",
        "meta": {
          "profile": [
            "http://standardhealthrecord.org/fhir/StructureDefinition/shr-observation-Observation"
          ]
        },
        "status": "final",
        "category": [
          {
            "coding": [
              {
                "system": "http://hl7.org/fhir/observation-category",
                "code": "laboratory"
              }
            ]
          }
        ],
        "code": {
          "coding": [
            {
              "system": "http://loinc.org",
              "code": "2085-9",
              "display": "High Density Lipoprotein Cholesterol"
            }
          ],
          "text": "High Density Lipoprotein Cholesterol"
        },
        "subject": {
          "reference": "urn:uuid:891e2d7d-f37a-44ba-b70e-595a2ac4b454"
        },
        "context": {
          "reference": "urn:uuid:d5fa67d7-cd36-4981-92a2-48c13b4a725c"
        },
        "effectiveDateTime": "2015-11-18T09:44:08-05:00",
        "issued": "2015-11-18T09:44:08-05:00",
        "valueQuantity": {
          "value": 73,
          "unit": "mg/dL",
          "system": "http://unitsofmeasure.org/",
          "code": "mg/dL"
        },
        "resourceType": "Observation"
      }
    },
    {
      "fullUrl": "urn:uuid:36d21113-241b-4131-9367-34f81e58067f",
      "resource": {
        "id": "36d21113-241b-4131-9367-34f81e58067f",
        "meta": {
          "profile": [
            "http://standardhealthrecord.org/fhir/StructureDefinition/shr-observation-Panel"
          ]
        },
        "status": "final",
        "code": {
          "coding": [
            {
              "system": "http://loinc.org",
              "code": "57698-3",
              "display": "Lipid Panel"
            }
          ]
        },
        "subject": {
          "reference": "urn:uuid:891e2d7d-f37a-44ba-b70e-595a2ac4b454"
        },
        "context": {
          "reference": "urn:uuid:d5fa67d7-cd36-4981-92a2-48c13b4a725c"
        },
        "effectiveDateTime": "2015-11-18T09:44:08-05:00",
        "issued": "2015-11-18T09:44:08-05:00",
        "result": [
          {
            "reference": "urn:uuid:4e818a9c-be6f-435e-8159-3f71b1765536",
            "display": "Total Cholesterol"
          },
          {
            "reference": "urn:uuid:333c0200-2960-4f00-8c5d-9efcdcdcb1e6",
            "display": "Triglycerides"
          },
          {
            "reference": "urn:uuid:1d68f3ef-ec0c-4d48-8c22-a3e6d56dcba2",
            "display": "Low Density Lipoprotein Cholesterol"
          },
          {
            "reference": "urn:uuid:d79ef64c-3af4-45bf-8f10-e81d7fb95aa3",
            "display": "High Density Lipoprotein Cholesterol"
          }
        ],
        "resourceType": "DiagnosticReport"
      }
    },
    {
      "resource": {
        "meta": {
          "profile": [
            "http://standardhealthrecord.org/fhir/StructureDefinition/shr-procedure-Procedure"
          ]
        },
        "extension": [
          {
            "url": "http://standardhealthrecord.org/fhir/StructureDefinition/shr-core-CodeableConcept-extension",
            "valueCodeableConcept": {
              "coding": [
                {
                  "system": "http://snomed.info/sct",
                  "code": "428191000124101",
                  "display": "Documentation of current medications"
                }
              ],
              "text": "Documentation of current medications"
            }
          }
        ],
        "status": "completed",
        "code": {
          "coding": [
            {
              "system": "http://snomed.info/sct",
              "code": "428191000124101",
              "display": "Documentation of current medications"
            }
          ],
          "text": "Documentation of current medications"
        },
        "subject": {
          "reference": "urn:uuid:891e2d7d-f37a-44ba-b70e-595a2ac4b454"
        },
        "context": {
          "reference": "urn:uuid:d5fa67d7-cd36-4981-92a2-48c13b4a725c"
        },
        "performedDateTime": "2015-11-18T09:44:08-05:00",
        "resourceType": "Procedure"
      }
    },
    {
      "resource": {
        "meta": {
          "profile": [
            "http://standardhealthrecord.org/fhir/StructureDefinition/shr-immunization-Immunization"
          ]
        },
        "status": "completed",
        "notGiven": false,
        "vaccineCode": {
          "coding": [
            {
              "system": "http://hl7.org/fhir/sid/cvx",
              "code": "140",
              "display": "Influenza, seasonal, injectable, preservative free"
            }
          ],
          "text": "Influenza, seasonal, injectable, preservative free"
        },
        "patient": {
          "reference": "urn:uuid:891e2d7d-f37a-44ba-b70e-595a2ac4b454"
        },
        "encounter": {
          "reference": "urn:uuid:d5fa67d7-cd36-4981-92a2-48c13b4a725c"
        },
        "date": "2015-11-18T09:44:08-05:00",
        "primarySource": true,
        "resourceType": "Immunization"
      }
    },
    {
      "resource": {
        "status": "active",
        "category": [
          {
            "coding": [
              {
                "system": "http://snomed.info/sct",
                "code": "698358001",
                "display": "Angina self management plan"
              }
            ]
          }
        ],
        "subject": {
          "reference": "urn:uuid:891e2d7d-f37a-44ba-b70e-595a2ac4b454"
        },
        "context": {
          "reference": "urn:uuid:d5fa67d7-cd36-4981-92a2-48c13b4a725c"
        },
        "period": {
          "start": "2015-11-18"
        },
        "addresses": [
          {
            "reference": "urn:uuid:8c7ab6d8-e0d1-47cf-867a-e6c74bab63c7"
          }
        ],
        "activity": [
          {
            "detail": {
              "code": {
                "coding": [
                  {
                    "system": "http://snomed.info/sct",
                    "code": "229065009",
                    "display": "Exercise therapy"
                  }
                ]
              },
              "status": "in-progress"
            }
          },
          {
            "detail": {
              "code": {
                "coding": [
                  {
                    "system": "http://snomed.info/sct",
                    "code": "226060000",
                    "display": "Stress management"
                  }
                ]
              },
              "status": "in-progress"
            }
          },
          {
            "detail": {
              "code": {
                "coding": [
                  {
                    "system": "http://snomed.info/sct",
                    "code": "710081004",
                    "display": "Smoking cessation therapy"
                  }
                ]
              },
              "status": "in-progress"
            }
          },
          {
            "detail": {
              "code": {
                "coding": [
                  {
                    "system": "http://snomed.info/sct",
                    "code": "226234005",
                    "display": "Healthy diet"
                  }
                ]
              },
              "status": "in-progress"
            }
          }
        ],
        "resourceType": "CarePlan"
      }
    }
  ],
  "resourceType": "Bundle"
}