{
  "type": "collection",
  "entry": [
    {
      "fullUrl": "urn:uuid:f37ebff7-20be-45e0-a0db-2438e3fc7eef",
      "resource": {
        "id": "f37ebff7-20be-45e0-a0db-2438e3fc7eef",
        "meta": {
          "profile": [
            "http://standardhealthrecord.org/fhir/StructureDefinition/shr-demographics-PersonOfRecord"
          ]
        },
        "text": {
          "status": "generated",
          "div": "<div>Generated by <a href=\"https://github.com/synthetichealth/synthea\">Synthea</a>. Version identifier: 4d02400401b9fab839e47bf5b2f1f6a8c683ab55</div>"
        },
        "extension": [
          {
            "url": "http://hl7.org/fhir/us/core/StructureDefinition/us-core-race",
            "valueCodeableConcept": {
              "coding": [
                {
                  "system": "http://hl7.org/fhir/v3/Race",
                  "code": "2106-3",
                  "display": "White"
                }
              ],
              "text": "race"
            }
          },
          {
            "url": "http://hl7.org/fhir/us/core/StructureDefinition/us-core-ethnicity",
            "valueCodeableConcept": {
              "coding": [
                {
                  "system": "http://hl7.org/fhir/v3/Ethnicity",
                  "code": "2186-5",
                  "display": "Nonhispanic"
                }
              ],
              "text": "ethnicity"
            }
          },
          {
            "url": "http://hl7.org/fhir/StructureDefinition/birthPlace",
            "valueAddress": {
              "city": "Lawrence",
              "state": "MA",
              "country": "US"
            }
          },
          {
            "url": "http://hl7.org/fhir/StructureDefinition/patient-mothersMaidenName",
            "valueString": "Greg318 Bahringer190"
          },
          {
            "url": "http://hl7.org/fhir/us/core/StructureDefinition/us-core-birthsex",
            "valueCode": "F"
          },
          {
            "url": "http://hl7.org/fhir/StructureDefinition/patient-interpreterRequired",
            "valueBoolean": false
          },
          {
            "url": "http://standardhealthrecord.org/fhir/StructureDefinition/shr-actor-FictionalPerson-extension",
            "valueBoolean": true
          },
          {
            "url": "http://standardhealthrecord.org/fhir/StructureDefinition/shr-demographics-FathersName-extension",
            "valueHumanName": {
              "text": "Braden832 Huels132"
            }
          },
          {
            "url": "http://standardhealthrecord.org/fhir/StructureDefinition/shr-demographics-SocialSecurityNumber-extension",
            "valueString": "999-24-2609"
          }
        ],
        "identifier": [
          {
            "system": "https://github.com/synthetichealth/synthea",
            "value": "5aee5390-bedb-467e-905a-4fcf64f5f20b"
          },
          {
            "type": {
              "coding": [
                {
                  "system": "http://hl7.org/fhir/identifier-type",
                  "code": "SB"
                }
              ]
            },
            "system": "http://hl7.org/fhir/sid/us-ssn",
            "value": "999242609"
          },
          {
            "type": {
              "coding": [
                {
                  "system": "http://hl7.org/fhir/v2/0203",
                  "code": "DL"
                }
              ]
            },
            "system": "urn:oid:2.16.840.1.113883.4.3.25",
            "value": "S99976906"
          }
        ],
        "name": [
          {
            "use": "official",
            "family": "Abernathy959",
            "given": [
              "Carlos472"
            ],
            "prefix": [
              "Mrs."
            ]
          },
          {
            "use": "maiden",
            "family": "Huels132",
            "given": [
              "Carlos472"
            ]
          }
        ],
        "telecom": [
          {
            "system": "phone",
            "value": "(378) 755-6373",
            "use": "home"
          }
        ],
        "gender": "female",
        "birthDate": "1934-08-31",
        "deceasedDateTime": "2011-12-09T03:04:20-05:00",
        "address": [
          {
            "extension": [
              {
                "extension": [
                  {
                    "url": "latitude",
                    "valueDecimal": 42.46864213152474
                  },
                  {
                    "url": "longitude",
                    "valueDecimal": -70.95208290167946
                  }
                ],
                "url": "http://hl7.org/fhir/StructureDefinition/geolocation"
              }
            ],
            "line": [
              "39464 Jonas Stream",
              "Suite 681"
            ],
            "city": "Lynn",
            "state": "MA",
            "postalCode": "01904",
            "country": "US"
          }
        ],
        "maritalStatus": {
          "coding": [
            {
              "system": "http://hl7.org/fhir/v3/MaritalStatus",
              "code": "M"
            }
          ],
          "text": "M"
        },
        "multipleBirthBoolean": false,
        "communication": [
          {
            "language": {
              "coding": [
                {
                  "system": "http://hl7.org/fhir/ValueSet/languages",
                  "code": "en-US",
                  "display": "English (United States)"
                }
              ]
            }
          }
        ],
        "resourceType": "Patient"
      }
    },
    {
      "fullUrl": "urn:uuid:4bcab363-ff60-4d77-9577-0ebd02f2c1eb",
      "resource": {
        "id": "4bcab363-ff60-4d77-9577-0ebd02f2c1eb",
        "meta": {
          "profile": [
            "http://standardhealthrecord.org/fhir/StructureDefinition/shr-actor-Organization"
          ]
        },
        "type": [
          {
            "coding": [
              {
                "system": "http://hl7.org/fhir/ValueSet/organization-type",
                "code": "prov",
                "display": "Healthcare Provider"
              }
            ],
            "text": "Healthcare Provider"
          }
        ],
        "name": "Synthetic Provider",
        "resourceType": "Organization"
      }
    },
    {
      "fullUrl": "urn:uuid:c6567048-87f9-4645-90b3-1e9c7711195e",
      "resource": {
        "id": "c6567048-87f9-4645-90b3-1e9c7711195e",
        "meta": {
          "profile": [
            "http://standardhealthrecord.org/fhir/StructureDefinition/shr-encounter-Encounter"
          ]
        },
        "status": "finished",
        "class": {
          "code": "outpatient"
        },
        "type": [
          {
            "coding": [
              {
                "system": "http://snomed.info/sct",
                "code": "185349003"
              }
            ],
            "text": "Outpatient Encounter"
          }
        ],
        "subject": {
          "reference": "urn:uuid:f37ebff7-20be-45e0-a0db-2438e3fc7eef"
        },
        "period": {
          "start": "2011-03-18T14:24:01-04:00",
          "end": "2011-03-18T15:24:01-04:00"
        },
        "serviceProvider": {
          "reference": "urn:uuid:4bcab363-ff60-4d77-9577-0ebd02f2c1eb"
        },
        "resourceType": "Encounter"
      }
    },
    {
      "fullUrl": "urn:uuid:7b162efa-41b9-4839-8f1b-2cd6b81448af",
      "resource": {
        "id": "7b162efa-41b9-4839-8f1b-2cd6b81448af",
        "meta": {
          "profile": [
            "http://standardhealthrecord.org/fhir/StructureDefinition/shr-problem-Problem"
          ]
        },
        "clinicalStatus": "active",
        "verificationStatus": "confirmed",
        "code": {
          "coding": [
            {
              "system": "http://snomed.info/sct",
              "code": "15777000",
              "display": "Prediabetes"
            }
          ],
          "text": "Prediabetes"
        },
        "subject": {
          "reference": "urn:uuid:f37ebff7-20be-45e0-a0db-2438e3fc7eef"
        },
        "context": {
          "reference": "urn:uuid:c6567048-87f9-4645-90b3-1e9c7711195e"
        },
        "onsetDateTime": "1972-09-28T09:56:15-04:00",
        "assertedDate": "1972-09-28",
        "resourceType": "Condition"
      }
    },
    {
      "fullUrl": "urn:uuid:8ee68679-a3f9-461a-96a6-3767dadd0b1b",
      "resource": {
        "id": "8ee68679-a3f9-461a-96a6-3767dadd0b1b",
        "meta": {
          "profile": [
            "http://standardhealthrecord.org/fhir/StructureDefinition/shr-problem-Problem"
          ]
        },
        "clinicalStatus": "active",
        "verificationStatus": "confirmed",
        "code": {
          "coding": [
            {
              "system": "http://snomed.info/sct",
              "code": "230690007",
              "display": "Stroke"
            }
          ],
          "text": "Stroke"
        },
        "subject": {
          "reference": "urn:uuid:f37ebff7-20be-45e0-a0db-2438e3fc7eef"
        },
        "context": {
          "reference": "urn:uuid:c6567048-87f9-4645-90b3-1e9c7711195e"
        },
        "onsetDateTime": "1976-02-06T03:04:20-05:00",
        "assertedDate": "1976-02-06",
        "resourceType": "Condition"
      }
    },
    {
      "fullUrl": "urn:uuid:ce6af171-6a96-4793-a889-55f7d59665fc",
      "resource": {
        "id": "ce6af171-6a96-4793-a889-55f7d59665fc",
        "meta": {
          "profile": [
            "http://standardhealthrecord.org/fhir/StructureDefinition/shr-problem-Problem"
          ]
        },
        "clinicalStatus": "active",
        "verificationStatus": "confirmed",
        "code": {
          "coding": [
            {
              "system": "http://snomed.info/sct",
              "code": "68496003",
              "display": "Polyp of colon"
            }
          ],
          "text": "Polyp of colon"
        },
        "subject": {
          "reference": "urn:uuid:f37ebff7-20be-45e0-a0db-2438e3fc7eef"
        },
        "context": {
          "reference": "urn:uuid:c6567048-87f9-4645-90b3-1e9c7711195e"
        },
        "onsetDateTime": "1989-08-31T04:11:49-04:00",
        "abatementDateTime": "1990-09-12T21:20:35-04:00",
        "assertedDate": "1989-08-31",
        "resourceType": "Condition"
      }
    },
    {
      "fullUrl": "urn:uuid:3bf065fe-e068-4dbe-96d6-bb7ac3db81f4",
      "resource": {
        "id": "3bf065fe-e068-4dbe-96d6-bb7ac3db81f4",
        "meta": {
          "profile": [
            "http://standardhealthrecord.org/fhir/StructureDefinition/shr-problem-Problem"
          ]
        },
        "clinicalStatus": "active",
        "verificationStatus": "confirmed",
        "code": {
          "coding": [
            {
              "system": "http://snomed.info/sct",
              "code": "68496003",
              "display": "Polyp of colon"
            }
          ],
          "text": "Polyp of colon"
        },
        "subject": {
          "reference": "urn:uuid:f37ebff7-20be-45e0-a0db-2438e3fc7eef"
        },
        "context": {
          "reference": "urn:uuid:c6567048-87f9-4645-90b3-1e9c7711195e"
        },
        "onsetDateTime": "2000-09-12T22:30:37-04:00",
        "assertedDate": "2000-09-12",
        "resourceType": "Condition"
      }
    },
    {
      "fullUrl": "urn:uuid:124e6410-0b56-45a0-8f42-bace5215a3e0",
      "resource": {
        "id": "124e6410-0b56-45a0-8f42-bace5215a3e0",
        "meta": {
          "profile": [
            "http://standardhealthrecord.org/fhir/StructureDefinition/shr-problem-Problem"
          ]
        },
        "clinicalStatus": "active",
        "verificationStatus": "confirmed",
        "code": {
          "coding": [
            {
              "system": "http://snomed.info/sct",
              "code": "64859006",
              "display": "Osteoporosis (disorder)"
            }
          ],
          "text": "Osteoporosis (disorder)"
        },
        "subject": {
          "reference": "urn:uuid:f37ebff7-20be-45e0-a0db-2438e3fc7eef"
        },
        "context": {
          "reference": "urn:uuid:c6567048-87f9-4645-90b3-1e9c7711195e"
        },
        "onsetDateTime": "2005-03-25T09:01:46-05:00",
        "assertedDate": "2005-03-25",
        "resourceType": "Condition"
      }
    },
    {
      "fullUrl": "urn:uuid:ea1dbfeb-4d4d-40be-9c68-d9a875b0d7fa",
      "resource": {
        "id": "ea1dbfeb-4d4d-40be-9c68-d9a875b0d7fa",
        "meta": {
          "profile": [
            "http://standardhealthrecord.org/fhir/StructureDefinition/shr-problem-Problem"
          ]
        },
        "clinicalStatus": "active",
        "verificationStatus": "confirmed",
        "code": {
          "coding": [
            {
              "system": "http://snomed.info/sct",
              "code": "26929004",
              "display": "Alzheimer's disease (disorder)"
            }
          ],
          "text": "Alzheimer's disease (disorder)"
        },
        "subject": {
          "reference": "urn:uuid:f37ebff7-20be-45e0-a0db-2438e3fc7eef"
        },
        "context": {
          "reference": "urn:uuid:c6567048-87f9-4645-90b3-1e9c7711195e"
        },
        "onsetDateTime": "2007-02-25T09:31:25-05:00",
        "assertedDate": "2007-02-25",
        "resourceType": "Condition"
      }
    },
    {
      "fullUrl": "urn:uuid:e2148bb9-12d6-4162-9829-396fa58bfc0d",
      "resource": {
        "id": "e2148bb9-12d6-4162-9829-396fa58bfc0d",
        "meta": {
          "profile": [
            "http://standardhealthrecord.org/fhir/StructureDefinition/shr-observation-Observation"
          ]
        },
        "status": "final",
        "category": [
          {
            "coding": [
              {
                "system": "http://hl7.org/fhir/observation-category",
                "code": "laboratory"
              }
            ]
          }
        ],
        "code": {
          "coding": [
            {
              "system": "http://loinc.org",
              "code": "4548-4",
              "display": "Hemoglobin A1c/Hemoglobin.total in Blood"
            }
          ],
          "text": "Hemoglobin A1c/Hemoglobin.total in Blood"
        },
        "subject": {
          "reference": "urn:uuid:f37ebff7-20be-45e0-a0db-2438e3fc7eef"
        },
        "context": {
          "reference": "urn:uuid:c6567048-87f9-4645-90b3-1e9c7711195e"
        },
        "effectiveDateTime": "2011-03-18T14:24:01-04:00",
        "issued": "2011-03-18T14:24:01-04:00",
        "valueQuantity": {
          "value": 6.0,
          "unit": "%",
          "system": "http://unitsofmeasure.org/",
          "code": "%"
        },
        "resourceType": "Observation"
      }
    },
    {
      "fullUrl": "urn:uuid:71974177-b6a7-4184-82c8-c1492a138ffe",
      "resource": {
        "id": "71974177-b6a7-4184-82c8-c1492a138ffe",
        "meta": {
          "profile": [
            "http://standardhealthrecord.org/fhir/StructureDefinition/shr-observation-Observation",
            "http://standardhealthrecord.org/fhir/StructureDefinition/shr-vital-VitalSign",
            "http://standardhealthrecord.org/fhir/StructureDefinition/shr-vital-BodyHeight"
          ]
        },
        "status": "final",
        "category": [
          {
            "coding": [
              {
                "system": "http://hl7.org/fhir/observation-category",
                "code": "vital-signs"
              }
            ]
          }
        ],
        "code": {
          "coding": [
            {
              "system": "http://loinc.org",
              "code": "8302-2",
              "display": "Body Height"
            }
          ],
          "text": "Body Height"
        },
        "subject": {
          "reference": "urn:uuid:f37ebff7-20be-45e0-a0db-2438e3fc7eef"
        },
        "context": {
          "reference": "urn:uuid:c6567048-87f9-4645-90b3-1e9c7711195e"
        },
        "effectiveDateTime": "2011-03-18T14:24:01-04:00",
        "issued": "2011-03-18T14:24:01-04:00",
        "valueQuantity": {
          "value": 165.7898871108584,
          "unit": "cm",
          "system": "http://unitsofmeasure.org/",
          "code": "cm"
        },
        "resourceType": "Observation"
      }
    },
    {
      "fullUrl": "urn:uuid:36ba20f4-b342-43bd-9d1c-7353a2d236bc",
      "resource": {
        "id": "36ba20f4-b342-43bd-9d1c-7353a2d236bc",
        "meta": {
          "profile": [
            "http://standardhealthrecord.org/fhir/StructureDefinition/shr-observation-Observation",
            "http://standardhealthrecord.org/fhir/StructureDefinition/shr-vital-VitalSign",
            "http://standardhealthrecord.org/fhir/StructureDefinition/shr-vital-BodyWeight"
          ]
        },
        "status": "final",
        "category": [
          {
            "coding": [
              {
                "system": "http://hl7.org/fhir/observation-category",
                "code": "vital-signs"
              }
            ]
          }
        ],
        "code": {
          "coding": [
            {
              "system": "http://loinc.org",
              "code": "29463-7",
              "display": "Body Weight"
            }
          ],
          "text": "Body Weight"
        },
        "subject": {
          "reference": "urn:uuid:f37ebff7-20be-45e0-a0db-2438e3fc7eef"
        },
        "context": {
          "reference": "urn:uuid:c6567048-87f9-4645-90b3-1e9c7711195e"
        },
        "effectiveDateTime": "2011-03-18T14:24:01-04:00",
        "issued": "2011-03-18T14:24:01-04:00",
        "valueQuantity": {
          "value": 80.60428537045082,
          "unit": "kg",
          "system": "http://unitsofmeasure.org/",
          "code": "kg"
        },
        "resourceType": "Observation"
      }
    },
    {
      "fullUrl": "urn:uuid:34766590-0400-44eb-a8ff-4dcf3db42519",
      "resource": {
        "id": "34766590-0400-44eb-a8ff-4dcf3db42519",
        "meta": {
          "profile": [
            "http://standardhealthrecord.org/fhir/StructureDefinition/shr-observation-Observation",
            "http://standardhealthrecord.org/fhir/StructureDefinition/shr-vital-VitalSign",
            "http://standardhealthrecord.org/fhir/StructureDefinition/shr-vital-BodyMassIndex"
          ]
        },
        "status": "final",
        "category": [
          {
            "coding": [
              {
                "system": "http://hl7.org/fhir/observation-category",
                "code": "vital-signs"
              }
            ]
          }
        ],
        "code": {
          "coding": [
            {
              "system": "http://loinc.org",
              "code": "39156-5",
              "display": "Body Mass Index"
            }
          ],
          "text": "Body Mass Index"
        },
        "subject": {
          "reference": "urn:uuid:f37ebff7-20be-45e0-a0db-2438e3fc7eef"
        },
        "context": {
          "reference": "urn:uuid:c6567048-87f9-4645-90b3-1e9c7711195e"
        },
        "effectiveDateTime": "2011-03-18T14:24:01-04:00",
        "issued": "2011-03-18T14:24:01-04:00",
        "valueQuantity": {
          "value": 29.325272759966442,
          "unit": "kg/m2",
          "system": "http://unitsofmeasure.org/",
          "code": "kg/m2"
        },
        "resourceType": "Observation"
      }
    },
    {
      "fullUrl": "urn:uuid:736bc6fa-9853-4afd-b8c8-832d38f257ba",
      "resource": {
        "id": "736bc6fa-9853-4afd-b8c8-832d38f257ba",
        "meta": {
          "profile": [
            "http://standardhealthrecord.org/fhir/StructureDefinition/shr-observation-Observation",
            "http://standardhealthrecord.org/fhir/StructureDefinition/shr-vital-BloodPressure"
          ]
        },
        "status": "final",
        "category": [
          {
            "coding": [
              {
                "system": "http://hl7.org/fhir/observation-category",
                "code": "vital-signs"
              }
            ]
          }
        ],
        "code": {
          "coding": [
            {
              "system": "http://loinc.org",
              "code": "55284-4",
              "display": "Blood Pressure"
            }
          ]
        },
        "subject": {
          "reference": "urn:uuid:f37ebff7-20be-45e0-a0db-2438e3fc7eef"
        },
        "context": {
          "reference": "urn:uuid:c6567048-87f9-4645-90b3-1e9c7711195e"
        },
        "effectiveDateTime": "2011-03-18T14:24:01-04:00",
        "issued": "2011-03-18T14:24:01-04:00",
        "component": [
          {
            "code": {
              "coding": [
                {
                  "system": "http://loinc.org",
                  "code": "8480-6",
                  "display": "Systolic Blood Pressure"
                }
              ],
              "text": "Systolic Blood Pressure"
            },
            "valueQuantity": {
              "value": 117,
              "unit": "mmHg",
              "system": "http://unitsofmeasure.org/",
              "code": "mmHg"
            }
          },
          {
            "code": {
              "coding": [
                {
                  "system": "http://loinc.org",
                  "code": "8462-4",
                  "display": "Diastolic Blood Pressure"
                }
              ],
              "text": "Diastolic Blood Pressure"
            },
            "valueQuantity": {
              "value": 84,
              "unit": "mmHg",
              "system": "http://unitsofmeasure.org/",
              "code": "mmHg"
            }
          }
        ],
        "resourceType": "Observation"
      }
    },
    {
      "fullUrl": "urn:uuid:c79ddc04-e620-42fd-9620-062a899942bb",
      "resource": {
        "id": "c79ddc04-e620-42fd-9620-062a899942bb",
        "meta": {
          "profile": [
            "http://standardhealthrecord.org/fhir/StructureDefinition/shr-observation-Observation"
          ]
        },
        "status": "final",
        "category": [
          {
            "coding": [
              {
                "system": "http://hl7.org/fhir/observation-category",
                "code": "laboratory"
              }
            ]
          }
        ],
        "code": {
          "coding": [
            {
              "system": "http://loinc.org",
              "code": "4548-4",
              "display": "Hemoglobin A1c/Hemoglobin.total in Blood"
            }
          ],
          "text": "Hemoglobin A1c/Hemoglobin.total in Blood"
        },
        "subject": {
          "reference": "urn:uuid:f37ebff7-20be-45e0-a0db-2438e3fc7eef"
        },
        "context": {
          "reference": "urn:uuid:c6567048-87f9-4645-90b3-1e9c7711195e"
        },
        "effectiveDateTime": "2011-03-18T14:24:01-04:00",
        "issued": "2011-03-18T14:24:01-04:00",
        "valueQuantity": {
          "value": 6.0,
          "unit": "%",
          "system": "http://unitsofmeasure.org/",
          "code": "%"
        },
        "resourceType": "Observation"
      }
    },
    {
      "fullUrl": "urn:uuid:b972723f-6098-4899-8f73-747d9e54efe4",
      "resource": {
        "id": "b972723f-6098-4899-8f73-747d9e54efe4",
        "meta": {
          "profile": [
            "http://standardhealthrecord.org/fhir/StructureDefinition/shr-observation-Observation"
          ]
        },
        "status": "final",
        "category": [
          {
            "coding": [
              {
                "system": "http://hl7.org/fhir/observation-category",
                "code": "laboratory"
              }
            ]
          }
        ],
        "code": {
          "coding": [
            {
              "system": "http://loinc.org",
              "code": "2339-0",
              "display": "Glucose"
            }
          ],
          "text": "Glucose"
        },
        "subject": {
          "reference": "urn:uuid:f37ebff7-20be-45e0-a0db-2438e3fc7eef"
        },
        "context": {
          "reference": "urn:uuid:c6567048-87f9-4645-90b3-1e9c7711195e"
        },
        "effectiveDateTime": "2011-03-18T14:24:01-04:00",
        "issued": "2011-03-18T14:24:01-04:00",
        "valueQuantity": {
          "value": 77,
          "unit": "mg/dL",
          "system": "http://unitsofmeasure.org/",
          "code": "mg/dL"
        },
        "resourceType": "Observation"
      }
    },
    {
      "fullUrl": "urn:uuid:c5fa455b-f7e0-4637-a4c4-d5fd4842bb28",
      "resource": {
        "id": "c5fa455b-f7e0-4637-a4c4-d5fd4842bb28",
        "meta": {
          "profile": [
            "http://standardhealthrecord.org/fhir/StructureDefinition/shr-observation-Observation"
          ]
        },
        "status": "final",
        "category": [
          {
            "coding": [
              {
                "system": "http://hl7.org/fhir/observation-category",
                "code": "laboratory"
              }
            ]
          }
        ],
        "code": {
          "coding": [
            {
              "system": "http://loinc.org",
              "code": "6299-2",
              "display": "Urea Nitrogen"
            }
          ],
          "text": "Urea Nitrogen"
        },
        "subject": {
          "reference": "urn:uuid:f37ebff7-20be-45e0-a0db-2438e3fc7eef"
        },
        "context": {
          "reference": "urn:uuid:c6567048-87f9-4645-90b3-1e9c7711195e"
        },
        "effectiveDateTime": "2011-03-18T14:24:01-04:00",
        "issued": "2011-03-18T14:24:01-04:00",
        "valueQuantity": {
          "value": 10,
          "unit": "mg/dL",
          "system": "http://unitsofmeasure.org/",
          "code": "mg/dL"
        },
        "resourceType": "Observation"
      }
    },
    {
      "fullUrl": "urn:uuid:a4090ae6-b3e2-4312-a904-cb4d99963f2e",
      "resource": {
        "id": "a4090ae6-b3e2-4312-a904-cb4d99963f2e",
        "meta": {
          "profile": [
            "http://standardhealthrecord.org/fhir/StructureDefinition/shr-observation-Observation"
          ]
        },
        "status": "final",
        "category": [
          {
            "coding": [
              {
                "system": "http://hl7.org/fhir/observation-category",
                "code": "laboratory"
              }
            ]
          }
        ],
        "code": {
          "coding": [
            {
              "system": "http://loinc.org",
              "code": "38483-4",
              "display": "Creatinine"
            }
          ],
          "text": "Creatinine"
        },
        "subject": {
          "reference": "urn:uuid:f37ebff7-20be-45e0-a0db-2438e3fc7eef"
        },
        "context": {
          "reference": "urn:uuid:c6567048-87f9-4645-90b3-1e9c7711195e"
        },
        "effectiveDateTime": "2011-03-18T14:24:01-04:00",
        "issued": "2011-03-18T14:24:01-04:00",
        "valueQuantity": {
          "value": 1.0,
          "unit": "mg/dL",
          "system": "http://unitsofmeasure.org/",
          "code": "mg/dL"
        },
        "resourceType": "Observation"
      }
    },
    {
      "fullUrl": "urn:uuid:151517fa-f214-4d73-a476-61ea3b109b4b",
      "resource": {
        "id": "151517fa-f214-4d73-a476-61ea3b109b4b",
        "meta": {
          "profile": [
            "http://standardhealthrecord.org/fhir/StructureDefinition/shr-observation-Observation"
          ]
        },
        "status": "final",
        "category": [
          {
            "coding": [
              {
                "system": "http://hl7.org/fhir/observation-category",
                "code": "laboratory"
              }
            ]
          }
        ],
        "code": {
          "coding": [
            {
              "system": "http://loinc.org",
              "code": "49765-1",
              "display": "Calcium"
            }
          ],
          "text": "Calcium"
        },
        "subject": {
          "reference": "urn:uuid:f37ebff7-20be-45e0-a0db-2438e3fc7eef"
        },
        "context": {
          "reference": "urn:uuid:c6567048-87f9-4645-90b3-1e9c7711195e"
        },
        "effectiveDateTime": "2011-03-18T14:24:01-04:00",
        "issued": "2011-03-18T14:24:01-04:00",
        "valueQuantity": {
          "value": 8.957995219641457,
          "unit": "mg/dL",
          "system": "http://unitsofmeasure.org/",
          "code": "mg/dL"
        },
        "resourceType": "Observation"
      }
    },
    {
      "fullUrl": "urn:uuid:8f663a05-6074-4565-8cfd-6ca42d4440b3",
      "resource": {
        "id": "8f663a05-6074-4565-8cfd-6ca42d4440b3",
        "meta": {
          "profile": [
            "http://standardhealthrecord.org/fhir/StructureDefinition/shr-observation-Observation"
          ]
        },
        "status": "final",
        "category": [
          {
            "coding": [
              {
                "system": "http://hl7.org/fhir/observation-category",
                "code": "laboratory"
              }
            ]
          }
        ],
        "code": {
          "coding": [
            {
              "system": "http://loinc.org",
              "code": "2947-0",
              "display": "Sodium"
            }
          ],
          "text": "Sodium"
        },
        "subject": {
          "reference": "urn:uuid:f37ebff7-20be-45e0-a0db-2438e3fc7eef"
        },
        "context": {
          "reference": "urn:uuid:c6567048-87f9-4645-90b3-1e9c7711195e"
        },
        "effectiveDateTime": "2011-03-18T14:24:01-04:00",
        "issued": "2011-03-18T14:24:01-04:00",
        "valueQuantity": {
          "value": 139,
          "unit": "mmol/L",
          "system": "http://unitsofmeasure.org/",
          "code": "mmol/L"
        },
        "resourceType": "Observation"
      }
    },
    {
      "fullUrl": "urn:uuid:b9d89676-7d7c-4321-a55d-05b9ba60c42a",
      "resource": {
        "id": "b9d89676-7d7c-4321-a55d-05b9ba60c42a",
        "meta": {
          "profile": [
            "http://standardhealthrecord.org/fhir/StructureDefinition/shr-observation-Observation"
          ]
        },
        "status": "final",
        "category": [
          {
            "coding": [
              {
                "system": "http://hl7.org/fhir/observation-category",
                "code": "laboratory"
              }
            ]
          }
        ],
        "code": {
          "coding": [
            {
              "system": "http://loinc.org",
              "code": "6298-4",
              "display": "Potassium"
            }
          ],
          "text": "Potassium"
        },
        "subject": {
          "reference": "urn:uuid:f37ebff7-20be-45e0-a0db-2438e3fc7eef"
        },
        "context": {
          "reference": "urn:uuid:c6567048-87f9-4645-90b3-1e9c7711195e"
        },
        "effectiveDateTime": "2011-03-18T14:24:01-04:00",
        "issued": "2011-03-18T14:24:01-04:00",
        "valueQuantity": {
          "value": 4.112044415153397,
          "unit": "mmol/L",
          "system": "http://unitsofmeasure.org/",
          "code": "mmol/L"
        },
        "resourceType": "Observation"
      }
    },
    {
      "fullUrl": "urn:uuid:481ad298-f5a9-4b0c-8446-f7e65104e680",
      "resource": {
        "id": "481ad298-f5a9-4b0c-8446-f7e65104e680",
        "meta": {
          "profile": [
            "http://standardhealthrecord.org/fhir/StructureDefinition/shr-observation-Observation"
          ]
        },
        "status": "final",
        "category": [
          {
            "coding": [
              {
                "system": "http://hl7.org/fhir/observation-category",
                "code": "laboratory"
              }
            ]
          }
        ],
        "code": {
          "coding": [
            {
              "system": "http://loinc.org",
              "code": "2069-3",
              "display": "Chloride"
            }
          ],
          "text": "Chloride"
        },
        "subject": {
          "reference": "urn:uuid:f37ebff7-20be-45e0-a0db-2438e3fc7eef"
        },
        "context": {
          "reference": "urn:uuid:c6567048-87f9-4645-90b3-1e9c7711195e"
        },
        "effectiveDateTime": "2011-03-18T14:24:01-04:00",
        "issued": "2011-03-18T14:24:01-04:00",
        "valueQuantity": {
          "value": 101,
          "unit": "mmol/L",
          "system": "http://unitsofmeasure.org/",
          "code": "mmol/L"
        },
        "resourceType": "Observation"
      }
    },
    {
      "fullUrl": "urn:uuid:84a52019-2a20-437c-910b-0b23fcbab560",
      "resource": {
        "id": "84a52019-2a20-437c-910b-0b23fcbab560",
        "meta": {
          "profile": [
            "http://standardhealthrecord.org/fhir/StructureDefinition/shr-observation-Observation"
          ]
        },
        "status": "final",
        "category": [
          {
            "coding": [
              {
                "system": "http://hl7.org/fhir/observation-category",
                "code": "laboratory"
              }
            ]
          }
        ],
        "code": {
          "coding": [
            {
              "system": "http://loinc.org",
              "code": "20565-8",
              "display": "Carbon Dioxide"
            }
          ],
          "text": "Carbon Dioxide"
        },
        "subject": {
          "reference": "urn:uuid:f37ebff7-20be-45e0-a0db-2438e3fc7eef"
        },
        "context": {
          "reference": "urn:uuid:c6567048-87f9-4645-90b3-1e9c7711195e"
        },
        "effectiveDateTime": "2011-03-18T14:24:01-04:00",
        "issued": "2011-03-18T14:24:01-04:00",
        "valueQuantity": {
          "value": 28,
          "unit": "mmol/L",
          "system": "http://unitsofmeasure.org/",
          "code": "mmol/L"
        },
        "resourceType": "Observation"
      }
    },
    {
      "fullUrl": "urn:uuid:1a1003f6-40db-48a4-95f3-2ab6cdd77de1",
      "resource": {
        "id": "1a1003f6-40db-48a4-95f3-2ab6cdd77de1",
        "meta": {
          "profile": [
            "http://standardhealthrecord.org/fhir/StructureDefinition/shr-observation-Panel"
          ]
        },
        "status": "final",
        "code": {
          "coding": [
            {
              "system": "http://loinc.org",
              "code": "51990-0",
              "display": "Basic Metabolic Panel"
            }
          ]
        },
        "subject": {
          "reference": "urn:uuid:f37ebff7-20be-45e0-a0db-2438e3fc7eef"
        },
        "context": {
          "reference": "urn:uuid:c6567048-87f9-4645-90b3-1e9c7711195e"
        },
        "effectiveDateTime": "2011-03-18T14:24:01-04:00",
        "issued": "2011-03-18T14:24:01-04:00",
        "result": [
          {
            "reference": "urn:uuid:b972723f-6098-4899-8f73-747d9e54efe4",
            "display": "Glucose"
          },
          {
            "reference": "urn:uuid:c5fa455b-f7e0-4637-a4c4-d5fd4842bb28",
            "display": "Urea Nitrogen"
          },
          {
            "reference": "urn:uuid:a4090ae6-b3e2-4312-a904-cb4d99963f2e",
            "display": "Creatinine"
          },
          {
            "reference": "urn:uuid:151517fa-f214-4d73-a476-61ea3b109b4b",
            "display": "Calcium"
          },
          {
            "reference": "urn:uuid:8f663a05-6074-4565-8cfd-6ca42d4440b3",
            "display": "Sodium"
          },
          {
            "reference": "urn:uuid:b9d89676-7d7c-4321-a55d-05b9ba60c42a",
            "display": "Potassium"
          },
          {
            "reference": "urn:uuid:481ad298-f5a9-4b0c-8446-f7e65104e680",
            "display": "Chloride"
          },
          {
            "reference": "urn:uuid:84a52019-2a20-437c-910b-0b23fcbab560",
            "display": "Carbon Dioxide"
          }
        ],
        "resourceType": "DiagnosticReport"
      }
    },
    {
      "resource": {
        "meta": {
          "profile": [
            "http://standardhealthrecord.org/fhir/StructureDefinition/shr-immunization-Immunization"
          ]
        },
        "status": "completed",
        "notGiven": false,
        "vaccineCode": {
          "coding": [
            {
              "system": "http://hl7.org/fhir/sid/cvx",
              "code": "140",
              "display": "Influenza, seasonal, injectable, preservative free"
            }
          ],
          "text": "Influenza, seasonal, injectable, preservative free"
        },
        "patient": {
          "reference": "urn:uuid:f37ebff7-20be-45e0-a0db-2438e3fc7eef"
        },
        "encounter": {
          "reference": "urn:uuid:c6567048-87f9-4645-90b3-1e9c7711195e"
        },
        "date": "2011-03-18T14:24:01-04:00",
        "primarySource": true,
        "resourceType": "Immunization"
      }
    },
    {
      "resource": {
        "status": "in-progress",
        "description": {
          "text": "Hemoglobin A1c total in Blood < 7.0"
        },
        "addresses": [
          {
            "reference": "urn:uuid:7b162efa-41b9-4839-8f1b-2cd6b81448af"
          }
        ],
        "resourceType": "Goal"
      }
    },
    {
      "resource": {
        "status": "in-progress",
        "description": {
          "text": "Glucose [Mass/volume] in Blood < 108"
        },
        "addresses": [
          {
            "reference": "urn:uuid:7b162efa-41b9-4839-8f1b-2cd6b81448af"
          }
        ],
        "resourceType": "Goal"
      }
    },
    {
      "resource": {
        "status": "in-progress",
        "description": {
          "text": "Maintain blood pressure below 140/90 mmHg"
        },
        "addresses": [
          {
            "reference": "urn:uuid:7b162efa-41b9-4839-8f1b-2cd6b81448af"
          }
        ],
        "resourceType": "Goal"
      }
    },
    {
      "resource": {
        "status": "in-progress",
        "description": {
          "text": "Improve and maintenance of optimal foot health: aim at early detection of peripheral vascular problems and neuropathy presumed due to diabetes; and prevention of diabetic foot ulcer, gangrene"
        },
        "addresses": [
          {
            "reference": "urn:uuid:7b162efa-41b9-4839-8f1b-2cd6b81448af"
          }
        ],
        "resourceType": "Goal"
      }
    },
    {
      "resource": {
        "status": "in-progress",
        "description": {
          "text": "Address patient knowledge deficit on diabetic self-care"
        },
        "addresses": [
          {
            "reference": "urn:uuid:7b162efa-41b9-4839-8f1b-2cd6b81448af"
          }
        ],
        "resourceType": "Goal"
      }
    },
    {
      "resource": {
        "status": "active",
        "category": [
          {
            "coding": [
              {
                "system": "http://snomed.info/sct",
                "code": "698360004",
                "display": "Diabetes self management plan"
              }
            ]
          }
        ],
        "subject": {
          "reference": "urn:uuid:f37ebff7-20be-45e0-a0db-2438e3fc7eef"
        },
        "context": {
          "reference": "urn:uuid:c6567048-87f9-4645-90b3-1e9c7711195e"
        },
        "period": {
          "start": "1972-09-28"
        },
        "addresses": [
          {
            "reference": "urn:uuid:7b162efa-41b9-4839-8f1b-2cd6b81448af"
          }
        ],
        "goal": [
          {
            "reference": ""
          },
          {
            "reference": ""
          },
          {
            "reference": ""
          },
          {
            "reference": ""
          },
          {
            "reference": ""
          }
        ],
        "activity": [
          {
            "detail": {
              "code": {
                "coding": [
                  {
                    "system": "http://snomed.info/sct",
                    "code": "160670007",
                    "display": "Diabetic diet"
                  }
                ]
              },
              "status": "in-progress"
            }
          },
          {
            "detail": {
              "code": {
                "coding": [
                  {
                    "system": "http://snomed.info/sct",
                    "code": "229065009",
                    "display": "Exercise therapy"
                  }
                ]
              },
              "status": "in-progress"
            }
          }
        ],
        "resourceType": "CarePlan"
      }
    },
    {
      "resource": {
        "status": "active",
        "category": [
          {
            "coding": [
              {
                "system": "http://snomed.info/sct",
                "code": "698358001",
                "display": "Angina self management plan"
              }
            ]
          }
        ],
        "subject": {
          "reference": "urn:uuid:f37ebff7-20be-45e0-a0db-2438e3fc7eef"
        },
        "context": {
          "reference": "urn:uuid:c6567048-87f9-4645-90b3-1e9c7711195e"
        },
        "period": {
          "start": "1977-02-23"
        },
        "addresses": [
          {
            "reference": "urn:uuid:8ee68679-a3f9-461a-96a6-3767dadd0b1b"
          }
        ],
        "activity": [
          {
            "detail": {
              "code": {
                "coding": [
                  {
                    "system": "http://snomed.info/sct",
                    "code": "229065009",
                    "display": "Exercise therapy"
                  }
                ]
              },
              "status": "in-progress"
            }
          },
          {
            "detail": {
              "code": {
                "coding": [
                  {
                    "system": "http://snomed.info/sct",
                    "code": "226060000",
                    "display": "Stress management"
                  }
                ]
              },
              "status": "in-progress"
            }
          },
          {
            "detail": {
              "code": {
                "coding": [
                  {
                    "system": "http://snomed.info/sct",
                    "code": "710081004",
                    "display": "Smoking cessation therapy"
                  }
                ]
              },
              "status": "in-progress"
            }
          },
          {
            "detail": {
              "code": {
                "coding": [
                  {
                    "system": "http://snomed.info/sct",
                    "code": "226234005",
                    "display": "Healthy diet"
                  }
                ]
              },
              "status": "in-progress"
            }
          }
        ],
        "resourceType": "CarePlan"
      }
    },
    {
      "resource": {
        "status": "active",
        "category": [
          {
            "coding": [
              {
                "system": "http://snomed.info/sct",
                "code": "386257007",
                "display": "Demential management"
              }
            ]
          }
        ],
        "subject": {
          "reference": "urn:uuid:f37ebff7-20be-45e0-a0db-2438e3fc7eef"
        },
        "context": {
          "reference": "urn:uuid:c6567048-87f9-4645-90b3-1e9c7711195e"
        },
        "period": {
          "start": "2007-02-25"
        },
        "addresses": [
          {
            "reference": "urn:uuid:ea1dbfeb-4d4d-40be-9c68-d9a875b0d7fa"
          }
        ],
        "activity": [
          {
            "detail": {
              "code": {
                "coding": [
                  {
                    "system": "http://snomed.info/sct",
                    "code": "850261000000100",
                    "display": "Education about dementia"
                  }
                ]
              },
              "status": "in-progress"
            }
          },
          {
            "detail": {
              "code": {
                "coding": [
                  {
                    "system": "http://snomed.info/sct",
                    "code": "710125008",
                    "display": "Promotion of use of memory skills"
                  }
                ]
              },
              "status": "in-progress"
            }
          },
          {
            "detail": {
              "code": {
                "coding": [
                  {
                    "system": "http://snomed.info/sct",
                    "code": "315043002",
                    "display": "Long term social support"
                  }
                ]
              },
              "status": "in-progress"
            }
          }
        ],
        "resourceType": "CarePlan"
      }
    },
    {
      "resource": {
        "meta": {
          "profile": [
            "http://standardhealthrecord.org/fhir/StructureDefinition/shr-medication-Medication"
          ]
        },
        "code": {
          "coding": [
            {
              "system": "http://www.nlm.nih.gov/research/umls/rxnorm",
              "code": "834060",
              "display": "Penicillin V Potassium 250 MG"
            }
          ],
          "text": "Penicillin V Potassium 250 MG"
        },
        "resourceType": "Medication"
      }
    },
    {
      "resource": {
        "meta": {
          "profile": [
            "http://standardhealthrecord.org/fhir/StructureDefinition/shr-medication-MedicationPrescription"
          ]
        },
        "extension": [
          {
            "url": "http://standardhealthrecord.org/fhir/StructureDefinition/shr-base-ActionCode-extension",
            "valueCodeableConcept": {
              "coding": [
                {
                  "system": "http://snomed.info/sct",
                  "code": "33633005",
                  "display": "Prescription of drug (procedure)"
                }
              ],
              "text": "Prescription of drug (procedure)"
            }
          }
        ],
        "status": "active",
        "medicationReference": {
          "reference": ""
        },
        "subject": {
          "reference": "urn:uuid:f37ebff7-20be-45e0-a0db-2438e3fc7eef"
        },
        "context": {
          "reference": "urn:uuid:c6567048-87f9-4645-90b3-1e9c7711195e"
        },
        "authoredOn": "1937-02-08",
        "dosageInstruction": [
          {

          }
        ],
        "resourceType": "MedicationRequest"
      }
    },
    {
      "resource": {
        "meta": {
          "profile": [
            "http://standardhealthrecord.org/fhir/StructureDefinition/shr-medication-Medication"
          ]
        },
        "code": {
          "coding": [
            {
              "system": "http://www.nlm.nih.gov/research/umls/rxnorm",
              "code": "1803932",
              "display": "Leucovorin 100 MG Injection"
            }
          ],
          "text": "Leucovorin 100 MG Injection"
        },
        "resourceType": "Medication"
      }
    },
    {
      "resource": {
        "meta": {
          "profile": [
            "http://standardhealthrecord.org/fhir/StructureDefinition/shr-medication-MedicationPrescription"
          ]
        },
        "extension": [
          {
            "url": "http://standardhealthrecord.org/fhir/StructureDefinition/shr-base-ActionCode-extension",
            "valueCodeableConcept": {
              "coding": [
                {
                  "system": "http://snomed.info/sct",
                  "code": "33633005",
                  "display": "Prescription of drug (procedure)"
                }
              ],
              "text": "Prescription of drug (procedure)"
            }
          }
        ],
        "status": "active",
        "medicationReference": {
          "reference": ""
        },
        "subject": {
          "reference": "urn:uuid:f37ebff7-20be-45e0-a0db-2438e3fc7eef"
        },
        "context": {
          "reference": "urn:uuid:c6567048-87f9-4645-90b3-1e9c7711195e"
        },
        "authoredOn": "2000-11-05",
        "dosageInstruction": [
          {

          }
        ],
        "resourceType": "MedicationRequest"
      }
    },
    {
      "resource": {
        "meta": {
          "profile": [
            "http://standardhealthrecord.org/fhir/StructureDefinition/shr-medication-Medication"
          ]
        },
        "code": {
          "coding": [
            {
              "system": "http://www.nlm.nih.gov/research/umls/rxnorm",
              "code": "575971",
              "display": "oxaliplatin 5 MG/ML [Eloxatin]"
            }
          ],
          "text": "oxaliplatin 5 MG/ML [Eloxatin]"
        },
        "resourceType": "Medication"
      }
    },
    {
      "resource": {
        "meta": {
          "profile": [
            "http://standardhealthrecord.org/fhir/StructureDefinition/shr-medication-MedicationPrescription"
          ]
        },
        "extension": [
          {
            "url": "http://standardhealthrecord.org/fhir/StructureDefinition/shr-base-ActionCode-extension",
            "valueCodeableConcept": {
              "coding": [
                {
                  "system": "http://snomed.info/sct",
                  "code": "33633005",
                  "display": "Prescription of drug (procedure)"
                }
              ],
              "text": "Prescription of drug (procedure)"
            }
          }
        ],
        "status": "active",
        "medicationReference": {
          "reference": ""
        },
        "subject": {
          "reference": "urn:uuid:f37ebff7-20be-45e0-a0db-2438e3fc7eef"
        },
        "context": {
          "reference": "urn:uuid:c6567048-87f9-4645-90b3-1e9c7711195e"
        },
        "authoredOn": "2000-11-05",
        "dosageInstruction": [
          {

          }
        ],
        "resourceType": "MedicationRequest"
      }
    },
    {
      "resource": {
        "meta": {
          "profile": [
            "http://standardhealthrecord.org/fhir/StructureDefinition/shr-medication-MedicationPrescription"
          ]
        },
        "extension": [
          {
            "url": "http://standardhealthrecord.org/fhir/StructureDefinition/shr-base-ActionCode-extension",
            "valueCodeableConcept": {
              "coding": [
                {
                  "system": "http://snomed.info/sct",
                  "code": "33633005",
                  "display": "Prescription of drug (procedure)"
                }
              ],
              "text": "Prescription of drug (procedure)"
            }
          }
        ],
        "status": "active",
        "medicationReference": {
          "reference": ""
        },
        "subject": {
          "reference": "urn:uuid:f37ebff7-20be-45e0-a0db-2438e3fc7eef"
        },
        "context": {
          "reference": "urn:uuid:c6567048-87f9-4645-90b3-1e9c7711195e"
        },
        "authoredOn": "2000-12-08",
        "dosageInstruction": [
          {

          }
        ],
        "resourceType": "MedicationRequest"
      }
    },
    {
      "resource": {
        "meta": {
          "profile": [
            "http://standardhealthrecord.org/fhir/StructureDefinition/shr-medication-MedicationPrescription"
          ]
        },
        "extension": [
          {
            "url": "http://standardhealthrecord.org/fhir/StructureDefinition/shr-base-ActionCode-extension",
            "valueCodeableConcept": {
              "coding": [
                {
                  "system": "http://snomed.info/sct",
                  "code": "33633005",
                  "display": "Prescription of drug (procedure)"
                }
              ],
              "text": "Prescription of drug (procedure)"
            }
          }
        ],
        "status": "active",
        "medicationReference": {
          "reference": ""
        },
        "subject": {
          "reference": "urn:uuid:f37ebff7-20be-45e0-a0db-2438e3fc7eef"
        },
        "context": {
          "reference": "urn:uuid:c6567048-87f9-4645-90b3-1e9c7711195e"
        },
        "authoredOn": "2000-12-08",
        "dosageInstruction": [
          {

          }
        ],
        "resourceType": "MedicationRequest"
      }
    },
    {
      "resource": {
        "meta": {
          "profile": [
            "http://standardhealthrecord.org/fhir/StructureDefinition/shr-medication-MedicationPrescription"
          ]
        },
        "extension": [
          {
            "url": "http://standardhealthrecord.org/fhir/StructureDefinition/shr-base-ActionCode-extension",
            "valueCodeableConcept": {
              "coding": [
                {
                  "system": "http://snomed.info/sct",
                  "code": "33633005",
                  "display": "Prescription of drug (procedure)"
                }
              ],
              "text": "Prescription of drug (procedure)"
            }
          }
        ],
        "status": "active",
        "medicationReference": {
          "reference": ""
        },
        "subject": {
          "reference": "urn:uuid:f37ebff7-20be-45e0-a0db-2438e3fc7eef"
        },
        "context": {
          "reference": "urn:uuid:c6567048-87f9-4645-90b3-1e9c7711195e"
        },
        "authoredOn": "2001-01-06",
        "dosageInstruction": [
          {

          }
        ],
        "resourceType": "MedicationRequest"
      }
    },
    {
      "resource": {
        "meta": {
          "profile": [
            "http://standardhealthrecord.org/fhir/StructureDefinition/shr-medication-MedicationPrescription"
          ]
        },
        "extension": [
          {
            "url": "http://standardhealthrecord.org/fhir/StructureDefinition/shr-base-ActionCode-extension",
            "valueCodeableConcept": {
              "coding": [
                {
                  "system": "http://snomed.info/sct",
                  "code": "33633005",
                  "display": "Prescription of drug (procedure)"
                }
              ],
              "text": "Prescription of drug (procedure)"
            }
          }
        ],
        "status": "active",
        "medicationReference": {
          "reference": ""
        },
        "subject": {
          "reference": "urn:uuid:f37ebff7-20be-45e0-a0db-2438e3fc7eef"
        },
        "context": {
          "reference": "urn:uuid:c6567048-87f9-4645-90b3-1e9c7711195e"
        },
        "authoredOn": "2001-01-06",
        "dosageInstruction": [
          {

          }
        ],
        "resourceType": "MedicationRequest"
      }
    },
    {
      "resource": {
        "meta": {
          "profile": [
            "http://standardhealthrecord.org/fhir/StructureDefinition/shr-medication-MedicationPrescription"
          ]
        },
        "extension": [
          {
            "url": "http://standardhealthrecord.org/fhir/StructureDefinition/shr-base-ActionCode-extension",
            "valueCodeableConcept": {
              "coding": [
                {
                  "system": "http://snomed.info/sct",
                  "code": "33633005",
                  "display": "Prescription of drug (procedure)"
                }
              ],
              "text": "Prescription of drug (procedure)"
            }
          }
        ],
        "status": "active",
        "medicationReference": {
          "reference": ""
        },
        "subject": {
          "reference": "urn:uuid:f37ebff7-20be-45e0-a0db-2438e3fc7eef"
        },
        "context": {
          "reference": "urn:uuid:c6567048-87f9-4645-90b3-1e9c7711195e"
        },
        "authoredOn": "2001-02-04",
        "dosageInstruction": [
          {

          }
        ],
        "resourceType": "MedicationRequest"
      }
    },
    {
      "resource": {
        "meta": {
          "profile": [
            "http://standardhealthrecord.org/fhir/StructureDefinition/shr-medication-MedicationPrescription"
          ]
        },
        "extension": [
          {
            "url": "http://standardhealthrecord.org/fhir/StructureDefinition/shr-base-ActionCode-extension",
            "valueCodeableConcept": {
              "coding": [
                {
                  "system": "http://snomed.info/sct",
                  "code": "33633005",
                  "display": "Prescription of drug (procedure)"
                }
              ],
              "text": "Prescription of drug (procedure)"
            }
          }
        ],
        "status": "active",
        "medicationReference": {
          "reference": ""
        },
        "subject": {
          "reference": "urn:uuid:f37ebff7-20be-45e0-a0db-2438e3fc7eef"
        },
        "context": {
          "reference": "urn:uuid:c6567048-87f9-4645-90b3-1e9c7711195e"
        },
        "authoredOn": "2001-02-04",
        "dosageInstruction": [
          {

          }
        ],
        "resourceType": "MedicationRequest"
      }
    },
    {
      "resource": {
        "meta": {
          "profile": [
            "http://standardhealthrecord.org/fhir/StructureDefinition/shr-medication-MedicationPrescription"
          ]
        },
        "extension": [
          {
            "url": "http://standardhealthrecord.org/fhir/StructureDefinition/shr-base-ActionCode-extension",
            "valueCodeableConcept": {
              "coding": [
                {
                  "system": "http://snomed.info/sct",
                  "code": "33633005",
                  "display": "Prescription of drug (procedure)"
                }
              ],
              "text": "Prescription of drug (procedure)"
            }
          }
        ],
        "status": "active",
        "medicationReference": {
          "reference": ""
        },
        "subject": {
          "reference": "urn:uuid:f37ebff7-20be-45e0-a0db-2438e3fc7eef"
        },
        "context": {
          "reference": "urn:uuid:c6567048-87f9-4645-90b3-1e9c7711195e"
        },
        "authoredOn": "2001-03-09",
        "dosageInstruction": [
          {

          }
        ],
        "resourceType": "MedicationRequest"
      }
    },
    {
      "resource": {
        "meta": {
          "profile": [
            "http://standardhealthrecord.org/fhir/StructureDefinition/shr-medication-MedicationPrescription"
          ]
        },
        "extension": [
          {
            "url": "http://standardhealthrecord.org/fhir/StructureDefinition/shr-base-ActionCode-extension",
            "valueCodeableConcept": {
              "coding": [
                {
                  "system": "http://snomed.info/sct",
                  "code": "33633005",
                  "display": "Prescription of drug (procedure)"
                }
              ],
              "text": "Prescription of drug (procedure)"
            }
          }
        ],
        "status": "active",
        "medicationReference": {
          "reference": ""
        },
        "subject": {
          "reference": "urn:uuid:f37ebff7-20be-45e0-a0db-2438e3fc7eef"
        },
        "context": {
          "reference": "urn:uuid:c6567048-87f9-4645-90b3-1e9c7711195e"
        },
        "authoredOn": "2001-03-09",
        "dosageInstruction": [
          {

          }
        ],
        "resourceType": "MedicationRequest"
      }
    },
    {
      "resource": {
        "meta": {
          "profile": [
            "http://standardhealthrecord.org/fhir/StructureDefinition/shr-medication-MedicationPrescription"
          ]
        },
        "extension": [
          {
            "url": "http://standardhealthrecord.org/fhir/StructureDefinition/shr-base-ActionCode-extension",
            "valueCodeableConcept": {
              "coding": [
                {
                  "system": "http://snomed.info/sct",
                  "code": "33633005",
                  "display": "Prescription of drug (procedure)"
                }
              ],
              "text": "Prescription of drug (procedure)"
            }
          }
        ],
        "status": "active",
        "medicationReference": {
          "reference": ""
        },
        "subject": {
          "reference": "urn:uuid:f37ebff7-20be-45e0-a0db-2438e3fc7eef"
        },
        "context": {
          "reference": "urn:uuid:c6567048-87f9-4645-90b3-1e9c7711195e"
        },
        "authoredOn": "2001-04-10",
        "dosageInstruction": [
          {

          }
        ],
        "resourceType": "MedicationRequest"
      }
    },
    {
      "resource": {
        "meta": {
          "profile": [
            "http://standardhealthrecord.org/fhir/StructureDefinition/shr-medication-MedicationPrescription"
          ]
        },
        "extension": [
          {
            "url": "http://standardhealthrecord.org/fhir/StructureDefinition/shr-base-ActionCode-extension",
            "valueCodeableConcept": {
              "coding": [
                {
                  "system": "http://snomed.info/sct",
                  "code": "33633005",
                  "display": "Prescription of drug (procedure)"
                }
              ],
              "text": "Prescription of drug (procedure)"
            }
          }
        ],
        "status": "active",
        "medicationReference": {
          "reference": ""
        },
        "subject": {
          "reference": "urn:uuid:f37ebff7-20be-45e0-a0db-2438e3fc7eef"
        },
        "context": {
          "reference": "urn:uuid:c6567048-87f9-4645-90b3-1e9c7711195e"
        },
        "authoredOn": "2001-04-10",
        "dosageInstruction": [
          {

          }
        ],
        "resourceType": "MedicationRequest"
      }
    },
    {
      "resource": {
        "meta": {
          "profile": [
            "http://standardhealthrecord.org/fhir/StructureDefinition/shr-medication-Medication"
          ]
        },
        "code": {
          "coding": [
            {
              "system": "http://www.nlm.nih.gov/research/umls/rxnorm",
              "code": "904420",
              "display": "Alendronic acid 10 MG [Fosamax]"
            }
          ],
          "text": "Alendronic acid 10 MG [Fosamax]"
        },
        "resourceType": "Medication"
      }
    },
    {
      "resource": {
        "meta": {
          "profile": [
            "http://standardhealthrecord.org/fhir/StructureDefinition/shr-medication-MedicationPrescription"
          ]
        },
        "extension": [
          {
            "url": "http://standardhealthrecord.org/fhir/StructureDefinition/shr-base-ActionCode-extension",
            "valueCodeableConcept": {
              "coding": [
                {
                  "system": "http://snomed.info/sct",
                  "code": "33633005",
                  "display": "Prescription of drug (procedure)"
                }
              ],
              "text": "Prescription of drug (procedure)"
            }
          }
        ],
        "status": "active",
        "medicationReference": {
          "reference": ""
        },
        "subject": {
          "reference": "urn:uuid:f37ebff7-20be-45e0-a0db-2438e3fc7eef"
        },
        "context": {
          "reference": "urn:uuid:c6567048-87f9-4645-90b3-1e9c7711195e"
        },
        "authoredOn": "2005-03-25",
        "dosageInstruction": [
          {

          }
        ],
        "resourceType": "MedicationRequest"
      }
    },
    {
      "resource": {
        "meta": {
          "profile": [
            "http://standardhealthrecord.org/fhir/StructureDefinition/shr-medication-Medication"
          ]
        },
        "code": {
          "coding": [
            {
              "system": "http://www.nlm.nih.gov/research/umls/rxnorm",
              "code": "602735",
              "display": "Galantamine 4 MG [Razadyne]"
            }
          ],
          "text": "Galantamine 4 MG [Razadyne]"
        },
        "resourceType": "Medication"
      }
    },
    {
      "resource": {
        "meta": {
          "profile": [
            "http://standardhealthrecord.org/fhir/StructureDefinition/shr-medication-MedicationPrescription"
          ]
        },
        "extension": [
          {
            "url": "http://standardhealthrecord.org/fhir/StructureDefinition/shr-base-ActionCode-extension",
            "valueCodeableConcept": {
              "coding": [
                {
                  "system": "http://snomed.info/sct",
                  "code": "33633005",
                  "display": "Prescription of drug (procedure)"
                }
              ],
              "text": "Prescription of drug (procedure)"
            }
          }
        ],
        "status": "active",
        "medicationReference": {
          "reference": ""
        },
        "subject": {
          "reference": "urn:uuid:f37ebff7-20be-45e0-a0db-2438e3fc7eef"
        },
        "context": {
          "reference": "urn:uuid:c6567048-87f9-4645-90b3-1e9c7711195e"
        },
        "authoredOn": "2007-02-25",
        "reasonReference": [
          {
            "reference": "urn:uuid:ea1dbfeb-4d4d-40be-9c68-d9a875b0d7fa"
          }
        ],
        "dosageInstruction": [
          {

          }
        ],
        "resourceType": "MedicationRequest"
      }
    }
  ],
  "resourceType": "Bundle"
}