{
  "type": "collection",
  "entry": [
    {
      "fullUrl": "urn:uuid:690c2761-df35-4270-8edc-e99c036e31f1",
      "resource": {
        "id": "690c2761-df35-4270-8edc-e99c036e31f1",
        "meta": {
          "profile": [
            "http://standardhealthrecord.org/fhir/StructureDefinition/shr-demographics-PersonOfRecord"
          ]
        },
        "text": {
          "status": "generated",
          "div": "<div>Generated by <a href=\"https://github.com/synthetichealth/synthea\">Synthea</a>. Version identifier: 4d02400401b9fab839e47bf5b2f1f6a8c683ab55</div>"
        },
        "extension": [
          {
            "url": "http://hl7.org/fhir/us/core/StructureDefinition/us-core-race",
            "valueCodeableConcept": {
              "coding": [
                {
                  "system": "http://hl7.org/fhir/v3/Race",
                  "code": "2131-1",
                  "display": "Other"
                }
              ],
              "text": "race"
            }
          },
          {
            "url": "http://hl7.org/fhir/us/core/StructureDefinition/us-core-ethnicity",
            "valueCodeableConcept": {
              "coding": [
                {
                  "system": "http://hl7.org/fhir/v3/Ethnicity",
                  "code": "2180-8",
                  "display": "Puerto_rican"
                }
              ],
              "text": "ethnicity"
            }
          },
          {
            "url": "http://hl7.org/fhir/StructureDefinition/birthPlace",
            "valueAddress": {
              "city": "Boston",
              "state": "MA",
              "country": "US"
            }
          },
          {
            "url": "http://hl7.org/fhir/StructureDefinition/patient-mothersMaidenName",
            "valueString": "Mikel258 Fay295"
          },
          {
            "url": "http://hl7.org/fhir/us/core/StructureDefinition/us-core-birthsex",
            "valueCode": "F"
          },
          {
            "url": "http://hl7.org/fhir/StructureDefinition/patient-interpreterRequired",
            "valueBoolean": false
          },
          {
            "url": "http://standardhealthrecord.org/fhir/StructureDefinition/shr-actor-FictionalPerson-extension",
            "valueBoolean": true
          },
          {
            "url": "http://standardhealthrecord.org/fhir/StructureDefinition/shr-demographics-FathersName-extension",
            "valueHumanName": {
              "text": "Eliza57 Abernathy959"
            }
          },
          {
            "url": "http://standardhealthrecord.org/fhir/StructureDefinition/shr-demographics-SocialSecurityNumber-extension",
            "valueString": "999-46-4936"
          }
        ],
        "identifier": [
          {
            "system": "https://github.com/synthetichealth/synthea",
            "value": "a4f8f59e-2f95-4c30-9a58-32b303b1432b"
          },
          {
            "type": {
              "coding": [
                {
                  "system": "http://hl7.org/fhir/identifier-type",
                  "code": "SB"
                }
              ]
            },
            "system": "http://hl7.org/fhir/sid/us-ssn",
            "value": "999464936"
          },
          {
            "type": {
              "coding": [
                {
                  "system": "http://hl7.org/fhir/v2/0203",
                  "code": "DL"
                }
              ]
            },
            "system": "urn:oid:2.16.840.1.113883.4.3.25",
            "value": "S99950117"
          }
        ],
        "name": [
          {
            "use": "official",
            "family": "Abernathy959",
            "given": [
              "Adonis293"
            ],
            "prefix": [
              "Ms."
            ]
          }
        ],
        "telecom": [
          {
            "system": "phone",
            "value": "890.350.1707 x019",
            "use": "home"
          }
        ],
        "gender": "female",
        "birthDate": "1991-10-04",
        "address": [
          {
            "extension": [
              {
                "extension": [
                  {
                    "url": "latitude",
                    "valueDecimal": 42.80642190185996
                  },
                  {
                    "url": "longitude",
                    "valueDecimal": -71.03310718964852
                  }
                ],
                "url": "http://hl7.org/fhir/StructureDefinition/geolocation"
              }
            ],
            "line": [
              "147 Rolfson Landing",
              "Suite 674"
            ],
            "city": "Haverhill",
            "state": "MA",
            "postalCode": "01833",
            "country": "US"
          }
        ],
        "maritalStatus": {
          "coding": [
            {
              "system": "http://hl7.org/fhir/v3/MaritalStatus",
              "code": "S"
            }
          ],
          "text": "Never Married"
        },
        "multipleBirthBoolean": false,
        "communication": [
          {
            "language": {
              "coding": [
                {
                  "system": "http://hl7.org/fhir/ValueSet/languages",
                  "code": "es",
                  "display": "Spanish"
                }
              ]
            }
          }
        ],
        "resourceType": "Patient"
      }
    },
    {
      "fullUrl": "urn:uuid:e539d34d-2636-41db-a4e7-de7c72d03e8b",
      "resource": {
        "id": "e539d34d-2636-41db-a4e7-de7c72d03e8b",
        "meta": {
          "profile": [
            "http://standardhealthrecord.org/fhir/StructureDefinition/shr-actor-Organization"
          ]
        },
        "type": [
          {
            "coding": [
              {
                "system": "http://hl7.org/fhir/ValueSet/organization-type",
                "code": "prov",
                "display": "Healthcare Provider"
              }
            ],
            "text": "Healthcare Provider"
          }
        ],
        "name": "Synthetic Provider",
        "resourceType": "Organization"
      }
    },
    {
      "fullUrl": "urn:uuid:c93a3a71-915f-4470-ac43-4f1472980569",
      "resource": {
        "id": "c93a3a71-915f-4470-ac43-4f1472980569",
        "meta": {
          "profile": [
            "http://standardhealthrecord.org/fhir/StructureDefinition/shr-encounter-Encounter"
          ]
        },
        "status": "finished",
        "class": {
          "code": "ambulatory"
        },
        "type": [
          {
            "coding": [
              {
                "system": "http://snomed.info/sct",
                "code": "424441002"
              }
            ],
            "text": "Prenatal initial visit"
          }
        ],
        "subject": {
          "reference": "urn:uuid:690c2761-df35-4270-8edc-e99c036e31f1"
        },
        "period": {
          "start": "2010-06-11T23:12:51-04:00",
          "end": "2010-06-11T23:12:51-04:00"
        },
        "reason": {
          "coding": [
            {
              "system": "http://snomed.info/sct",
              "code": "72892002",
              "display": "Normal pregnancy"
            }
          ]
        },
        "serviceProvider": {
          "reference": "urn:uuid:e539d34d-2636-41db-a4e7-de7c72d03e8b"
        },
        "resourceType": "Encounter"
      }
    },
    {
      "fullUrl": "urn:uuid:fd42f95a-c117-491f-8375-3a2709809de2",
      "resource": {
        "id": "fd42f95a-c117-491f-8375-3a2709809de2",
        "meta": {
          "profile": [
            "http://standardhealthrecord.org/fhir/StructureDefinition/shr-problem-Problem"
          ]
        },
        "clinicalStatus": "active",
        "verificationStatus": "confirmed",
        "code": {
          "coding": [
            {
              "system": "http://snomed.info/sct",
              "code": "72892002",
              "display": "Normal pregnancy"
            }
          ],
          "text": "Normal pregnancy"
        },
        "subject": {
          "reference": "urn:uuid:690c2761-df35-4270-8edc-e99c036e31f1"
        },
        "context": {
          "reference": "urn:uuid:c93a3a71-915f-4470-ac43-4f1472980569"
        },
        "onsetDateTime": "2010-06-11T23:12:51-04:00",
        "abatementDateTime": "2010-06-20T00:46:41-04:00",
        "assertedDate": "2010-06-11",
        "resourceType": "Condition"
      }
    },
    {
      "fullUrl": "urn:uuid:dbd1134b-8ee8-450d-98c6-3809703ed5ac",
      "resource": {
        "id": "dbd1134b-8ee8-450d-98c6-3809703ed5ac",
        "meta": {
          "profile": [
            "http://standardhealthrecord.org/fhir/StructureDefinition/shr-problem-Problem"
          ]
        },
        "clinicalStatus": "active",
        "verificationStatus": "confirmed",
        "code": {
          "coding": [
            {
              "system": "http://snomed.info/sct",
              "code": "19169002",
              "display": "Miscarriage in first trimester"
            }
          ],
          "text": "Miscarriage in first trimester"
        },
        "subject": {
          "reference": "urn:uuid:690c2761-df35-4270-8edc-e99c036e31f1"
        },
        "context": {
          "reference": "urn:uuid:c93a3a71-915f-4470-ac43-4f1472980569"
        },
        "onsetDateTime": "2010-06-11T23:12:51-04:00",
        "abatementDateTime": "2010-06-20T00:46:41-04:00",
        "assertedDate": "2010-06-11",
        "resourceType": "Condition"
      }
    },
    {
      "fullUrl": "urn:uuid:e54cfba6-36e0-40d4-a680-f40c8af090ad",
      "resource": {
        "id": "e54cfba6-36e0-40d4-a680-f40c8af090ad",
        "meta": {
          "profile": [
            "http://standardhealthrecord.org/fhir/StructureDefinition/shr-problem-Problem"
          ]
        },
        "clinicalStatus": "active",
        "verificationStatus": "confirmed",
        "code": {
          "coding": [
            {
              "system": "http://snomed.info/sct",
              "code": "35999006",
              "display": "Blighted ovum"
            }
          ],
          "text": "Blighted ovum"
        },
        "subject": {
          "reference": "urn:uuid:690c2761-df35-4270-8edc-e99c036e31f1"
        },
        "context": {
          "reference": "urn:uuid:c93a3a71-915f-4470-ac43-4f1472980569"
        },
        "onsetDateTime": "2010-06-11T23:12:51-04:00",
        "abatementDateTime": "2010-06-20T00:46:41-04:00",
        "assertedDate": "2010-06-11",
        "resourceType": "Condition"
      }
    },
    {
      "resource": {
        "meta": {
          "profile": [
            "http://standardhealthrecord.org/fhir/StructureDefinition/shr-procedure-Procedure"
          ]
        },
        "extension": [
          {
            "url": "http://standardhealthrecord.org/fhir/StructureDefinition/shr-core-CodeableConcept-extension",
            "valueCodeableConcept": {
              "coding": [
                {
                  "system": "http://snomed.info/sct",
                  "code": "252160004",
                  "display": "Standard pregnancy test"
                }
              ],
              "text": "Standard pregnancy test"
            }
          }
        ],
        "status": "completed",
        "code": {
          "coding": [
            {
              "system": "http://snomed.info/sct",
              "code": "252160004",
              "display": "Standard pregnancy test"
            }
          ],
          "text": "Standard pregnancy test"
        },
        "subject": {
          "reference": "urn:uuid:690c2761-df35-4270-8edc-e99c036e31f1"
        },
        "context": {
          "reference": "urn:uuid:c93a3a71-915f-4470-ac43-4f1472980569"
        },
        "performedDateTime": "2010-06-11T23:12:51-04:00",
        "reasonReference": {
          "reference": "urn:uuid:fd42f95a-c117-491f-8375-3a2709809de2",
          "display": "Normal pregnancy"
        },
        "resourceType": "Procedure"
      }
    },
    {
      "fullUrl": "urn:uuid:a0689e17-873a-4762-920e-b37ecc76bd41",
      "resource": {
        "id": "a0689e17-873a-4762-920e-b37ecc76bd41",
        "meta": {
          "profile": [
            "http://standardhealthrecord.org/fhir/StructureDefinition/shr-encounter-Encounter"
          ]
        },
        "status": "finished",
        "class": {
          "code": "ambulatory"
        },
        "type": [
          {
            "coding": [
              {
                "system": "http://snomed.info/sct",
                "code": "424619006"
              }
            ],
            "text": "Prenatal visit"
          }
        ],
        "subject": {
          "reference": "urn:uuid:690c2761-df35-4270-8edc-e99c036e31f1"
        },
        "period": {
          "start": "2010-06-20T00:46:41-04:00",
          "end": "2010-06-20T00:46:41-04:00"
        },
        "reason": {
          "coding": [
            {
              "system": "http://snomed.info/sct",
              "code": "35999006",
              "display": "Blighted ovum"
            }
          ]
        },
        "serviceProvider": {
          "reference": "urn:uuid:e539d34d-2636-41db-a4e7-de7c72d03e8b"
        },
        "resourceType": "Encounter"
      }
    },
    {
      "fullUrl": "urn:uuid:658f19d5-87fb-495a-a790-08a6a11a3267",
      "resource": {
        "id": "658f19d5-87fb-495a-a790-08a6a11a3267",
        "meta": {
          "profile": [
            "http://standardhealthrecord.org/fhir/StructureDefinition/shr-encounter-Encounter"
          ]
        },
        "status": "finished",
        "class": {
          "code": "ambulatory"
        },
        "type": [
          {
            "coding": [
              {
                "system": "http://snomed.info/sct",
                "code": "424441002"
              }
            ],
            "text": "Prenatal initial visit"
          }
        ],
        "subject": {
          "reference": "urn:uuid:690c2761-df35-4270-8edc-e99c036e31f1"
        },
        "period": {
          "start": "2010-12-10T23:12:51-05:00",
          "end": "2010-12-10T23:12:51-05:00"
        },
        "reason": {
          "coding": [
            {
              "system": "http://snomed.info/sct",
              "code": "72892002",
              "display": "Normal pregnancy"
            }
          ]
        },
        "serviceProvider": {
          "reference": "urn:uuid:e539d34d-2636-41db-a4e7-de7c72d03e8b"
        },
        "resourceType": "Encounter"
      }
    },
    {
      "fullUrl": "urn:uuid:42f5a5b0-222e-4ee6-b7f0-073ca3fd7639",
      "resource": {
        "id": "42f5a5b0-222e-4ee6-b7f0-073ca3fd7639",
        "meta": {
          "profile": [
            "http://standardhealthrecord.org/fhir/StructureDefinition/shr-problem-Problem"
          ]
        },
        "clinicalStatus": "active",
        "verificationStatus": "confirmed",
        "code": {
          "coding": [
            {
              "system": "http://snomed.info/sct",
              "code": "72892002",
              "display": "Normal pregnancy"
            }
          ],
          "text": "Normal pregnancy"
        },
        "subject": {
          "reference": "urn:uuid:690c2761-df35-4270-8edc-e99c036e31f1"
        },
        "context": {
          "reference": "urn:uuid:658f19d5-87fb-495a-a790-08a6a11a3267"
        },
        "onsetDateTime": "2010-10-01T23:12:51-04:00",
        "abatementDateTime": "2011-07-15T23:12:51-04:00",
        "assertedDate": "2010-10-01",
        "resourceType": "Condition"
      }
    },
    {
      "resource": {
        "meta": {
          "profile": [
            "http://standardhealthrecord.org/fhir/StructureDefinition/shr-procedure-Procedure"
          ]
        },
        "extension": [
          {
            "url": "http://standardhealthrecord.org/fhir/StructureDefinition/shr-core-CodeableConcept-extension",
            "valueCodeableConcept": {
              "coding": [
                {
                  "system": "http://snomed.info/sct",
                  "code": "252160004",
                  "display": "Standard pregnancy test"
                }
              ],
              "text": "Standard pregnancy test"
            }
          }
        ],
        "status": "completed",
        "code": {
          "coding": [
            {
              "system": "http://snomed.info/sct",
              "code": "252160004",
              "display": "Standard pregnancy test"
            }
          ],
          "text": "Standard pregnancy test"
        },
        "subject": {
          "reference": "urn:uuid:690c2761-df35-4270-8edc-e99c036e31f1"
        },
        "context": {
          "reference": "urn:uuid:658f19d5-87fb-495a-a790-08a6a11a3267"
        },
        "performedDateTime": "2010-12-10T23:12:51-05:00",
        "reasonReference": {
          "reference": "urn:uuid:fd42f95a-c117-491f-8375-3a2709809de2",
          "display": "Normal pregnancy"
        },
        "resourceType": "Procedure"
      }
    },
    {
      "resource": {
        "status": "completed",
        "category": [
          {
            "coding": [
              {
                "system": "http://snomed.info/sct",
                "code": "134435003",
                "display": "Routine antenatal care"
              }
            ]
          }
        ],
        "subject": {
          "reference": "urn:uuid:690c2761-df35-4270-8edc-e99c036e31f1"
        },
        "context": {
          "reference": "urn:uuid:658f19d5-87fb-495a-a790-08a6a11a3267"
        },
        "period": {
          "start": "2010-12-10",
          "end": "2011-07-15"
        },
        "addresses": [
          {
            "reference": "urn:uuid:fd42f95a-c117-491f-8375-3a2709809de2"
          }
        ],
        "activity": [
          {
            "detail": {
              "code": {
                "coding": [
                  {
                    "system": "http://snomed.info/sct",
                    "code": "135892000",
                    "display": "Antenatal education"
                  }
                ]
              },
              "status": "completed"
            }
          },
          {
            "detail": {
              "code": {
                "coding": [
                  {
                    "system": "http://snomed.info/sct",
                    "code": "226060000",
                    "display": "Stress management"
                  }
                ]
              },
              "status": "completed"
            }
          },
          {
            "detail": {
              "code": {
                "coding": [
                  {
                    "system": "http://snomed.info/sct",
                    "code": "171054004",
                    "display": "Pregnancy diet education"
                  }
                ]
              },
              "status": "completed"
            }
          }
        ],
        "resourceType": "CarePlan"
      }
    },
    {
      "fullUrl": "urn:uuid:8a3d34d1-87c6-4883-b104-ab38bf05140e",
      "resource": {
        "id": "8a3d34d1-87c6-4883-b104-ab38bf05140e",
        "meta": {
          "profile": [
            "http://standardhealthrecord.org/fhir/StructureDefinition/shr-encounter-Encounter"
          ]
        },
        "status": "finished",
        "class": {
          "code": "ambulatory"
        },
        "type": [
          {
            "coding": [
              {
                "system": "http://snomed.info/sct",
                "code": "424619006"
              }
            ],
            "text": "Prenatal visit"
          }
        ],
        "subject": {
          "reference": "urn:uuid:690c2761-df35-4270-8edc-e99c036e31f1"
        },
        "period": {
          "start": "2011-01-14T23:12:51-05:00",
          "end": "2011-01-14T23:12:51-05:00"
        },
        "reason": {
          "coding": [
            {
              "system": "http://snomed.info/sct",
              "code": "72892002",
              "display": "Normal pregnancy"
            }
          ]
        },
        "serviceProvider": {
          "reference": "urn:uuid:e539d34d-2636-41db-a4e7-de7c72d03e8b"
        },
        "resourceType": "Encounter"
      }
    },
    {
      "fullUrl": "urn:uuid:84368dc1-8eee-4844-9cbb-8dc728527a95",
      "resource": {
        "id": "84368dc1-8eee-4844-9cbb-8dc728527a95",
        "meta": {
          "profile": [
            "http://standardhealthrecord.org/fhir/StructureDefinition/shr-encounter-Encounter"
          ]
        },
        "status": "finished",
        "class": {
          "code": "outpatient"
        },
        "type": [
          {
            "coding": [
              {
                "system": "http://snomed.info/sct",
                "code": "185349003"
              }
            ],
            "text": "Outpatient Encounter"
          }
        ],
        "subject": {
          "reference": "urn:uuid:690c2761-df35-4270-8edc-e99c036e31f1"
        },
        "period": {
          "start": "2011-02-08T10:50:50-05:00",
          "end": "2011-02-08T11:50:50-05:00"
        },
        "serviceProvider": {
          "reference": "urn:uuid:e539d34d-2636-41db-a4e7-de7c72d03e8b"
        },
        "resourceType": "Encounter"
      }
    },
    {
      "fullUrl": "urn:uuid:558818a5-1790-47bb-a0ea-af8a011c3932",
      "resource": {
        "id": "558818a5-1790-47bb-a0ea-af8a011c3932",
        "meta": {
          "profile": [
            "http://standardhealthrecord.org/fhir/StructureDefinition/shr-observation-Observation",
            "http://standardhealthrecord.org/fhir/StructureDefinition/shr-vital-VitalSign",
            "http://standardhealthrecord.org/fhir/StructureDefinition/shr-vital-BodyHeight"
          ]
        },
        "status": "final",
        "category": [
          {
            "coding": [
              {
                "system": "http://hl7.org/fhir/observation-category",
                "code": "vital-signs"
              }
            ]
          }
        ],
        "code": {
          "coding": [
            {
              "system": "http://loinc.org",
              "code": "8302-2",
              "display": "Body Height"
            }
          ],
          "text": "Body Height"
        },
        "subject": {
          "reference": "urn:uuid:690c2761-df35-4270-8edc-e99c036e31f1"
        },
        "context": {
          "reference": "urn:uuid:84368dc1-8eee-4844-9cbb-8dc728527a95"
        },
        "effectiveDateTime": "2011-02-08T10:50:50-05:00",
        "issued": "2011-02-08T10:50:50-05:00",
        "valueQuantity": {
          "value": 169.3972996154586,
          "unit": "cm",
          "system": "http://unitsofmeasure.org/",
          "code": "cm"
        },
        "resourceType": "Observation"
      }
    },
    {
      "fullUrl": "urn:uuid:365122d5-c62e-4b91-9fa5-94cbf637e6f6",
      "resource": {
        "id": "365122d5-c62e-4b91-9fa5-94cbf637e6f6",
        "meta": {
          "profile": [
            "http://standardhealthrecord.org/fhir/StructureDefinition/shr-observation-Observation",
            "http://standardhealthrecord.org/fhir/StructureDefinition/shr-vital-VitalSign",
            "http://standardhealthrecord.org/fhir/StructureDefinition/shr-vital-BodyWeight"
          ]
        },
        "status": "final",
        "category": [
          {
            "coding": [
              {
                "system": "http://hl7.org/fhir/observation-category",
                "code": "vital-signs"
              }
            ]
          }
        ],
        "code": {
          "coding": [
            {
              "system": "http://loinc.org",
              "code": "29463-7",
              "display": "Body Weight"
            }
          ],
          "text": "Body Weight"
        },
        "subject": {
          "reference": "urn:uuid:690c2761-df35-4270-8edc-e99c036e31f1"
        },
        "context": {
          "reference": "urn:uuid:84368dc1-8eee-4844-9cbb-8dc728527a95"
        },
        "effectiveDateTime": "2011-02-08T10:50:50-05:00",
        "issued": "2011-02-08T10:50:50-05:00",
        "valueQuantity": {
          "value": 61.41158008524612,
          "unit": "kg",
          "system": "http://unitsofmeasure.org/",
          "code": "kg"
        },
        "resourceType": "Observation"
      }
    },
    {
      "fullUrl": "urn:uuid:e9dc07da-9517-45d5-9874-e12166fc2fd7",
      "resource": {
        "id": "e9dc07da-9517-45d5-9874-e12166fc2fd7",
        "meta": {
          "profile": [
            "http://standardhealthrecord.org/fhir/StructureDefinition/shr-observation-Observation",
            "http://standardhealthrecord.org/fhir/StructureDefinition/shr-vital-VitalSign",
            "http://standardhealthrecord.org/fhir/StructureDefinition/shr-vital-BodyMassIndex"
          ]
        },
        "status": "final",
        "category": [
          {
            "coding": [
              {
                "system": "http://hl7.org/fhir/observation-category",
                "code": "vital-signs"
              }
            ]
          }
        ],
        "code": {
          "coding": [
            {
              "system": "http://loinc.org",
              "code": "39156-5",
              "display": "Body Mass Index"
            }
          ],
          "text": "Body Mass Index"
        },
        "subject": {
          "reference": "urn:uuid:690c2761-df35-4270-8edc-e99c036e31f1"
        },
        "context": {
          "reference": "urn:uuid:84368dc1-8eee-4844-9cbb-8dc728527a95"
        },
        "effectiveDateTime": "2011-02-08T10:50:50-05:00",
        "issued": "2011-02-08T10:50:50-05:00",
        "valueQuantity": {
          "value": 21.401159603843862,
          "unit": "kg/m2",
          "system": "http://unitsofmeasure.org/",
          "code": "kg/m2"
        },
        "resourceType": "Observation"
      }
    },
    {
      "fullUrl": "urn:uuid:8c1805f1-02d2-490d-8a1a-11c33fae6c12",
      "resource": {
        "id": "8c1805f1-02d2-490d-8a1a-11c33fae6c12",
        "meta": {
          "profile": [
            "http://standardhealthrecord.org/fhir/StructureDefinition/shr-observation-Observation",
            "http://standardhealthrecord.org/fhir/StructureDefinition/shr-vital-BloodPressure"
          ]
        },
        "status": "final",
        "category": [
          {
            "coding": [
              {
                "system": "http://hl7.org/fhir/observation-category",
                "code": "vital-signs"
              }
            ]
          }
        ],
        "code": {
          "coding": [
            {
              "system": "http://loinc.org",
              "code": "55284-4",
              "display": "Blood Pressure"
            }
          ]
        },
        "subject": {
          "reference": "urn:uuid:690c2761-df35-4270-8edc-e99c036e31f1"
        },
        "context": {
          "reference": "urn:uuid:84368dc1-8eee-4844-9cbb-8dc728527a95"
        },
        "effectiveDateTime": "2011-02-08T10:50:50-05:00",
        "issued": "2011-02-08T10:50:50-05:00",
        "component": [
          {
            "code": {
              "coding": [
                {
                  "system": "http://loinc.org",
                  "code": "8480-6",
                  "display": "Systolic Blood Pressure"
                }
              ],
              "text": "Systolic Blood Pressure"
            },
            "valueQuantity": {
              "value": 103,
              "unit": "mmHg",
              "system": "http://unitsofmeasure.org/",
              "code": "mmHg"
            }
          },
          {
            "code": {
              "coding": [
                {
                  "system": "http://loinc.org",
                  "code": "8462-4",
                  "display": "Diastolic Blood Pressure"
                }
              ],
              "text": "Diastolic Blood Pressure"
            },
            "valueQuantity": {
              "value": 71,
              "unit": "mmHg",
              "system": "http://unitsofmeasure.org/",
              "code": "mmHg"
            }
          }
        ],
        "resourceType": "Observation"
      }
    },
    {
      "resource": {
        "meta": {
          "profile": [
            "http://standardhealthrecord.org/fhir/StructureDefinition/shr-immunization-Immunization"
          ]
        },
        "status": "completed",
        "notGiven": false,
        "vaccineCode": {
          "coding": [
            {
              "system": "http://hl7.org/fhir/sid/cvx",
              "code": "140",
              "display": "Influenza, seasonal, injectable, preservative free"
            }
          ],
          "text": "Influenza, seasonal, injectable, preservative free"
        },
        "patient": {
          "reference": "urn:uuid:690c2761-df35-4270-8edc-e99c036e31f1"
        },
        "encounter": {
          "reference": "urn:uuid:84368dc1-8eee-4844-9cbb-8dc728527a95"
        },
        "date": "2011-02-08T10:50:50-05:00",
        "primarySource": true,
        "resourceType": "Immunization"
      }
    },
    {
      "fullUrl": "urn:uuid:581e407f-a32c-48fc-9794-1b196c5a66d4",
      "resource": {
        "id": "581e407f-a32c-48fc-9794-1b196c5a66d4",
        "meta": {
          "profile": [
            "http://standardhealthrecord.org/fhir/StructureDefinition/shr-encounter-Encounter"
          ]
        },
        "status": "finished",
        "class": {
          "code": "ambulatory"
        },
        "type": [
          {
            "coding": [
              {
                "system": "http://snomed.info/sct",
                "code": "185345009"
              }
            ],
            "text": "Encounter for symptom"
          }
        ],
        "subject": {
          "reference": "urn:uuid:690c2761-df35-4270-8edc-e99c036e31f1"
        },
        "period": {
          "start": "2011-03-10T22:55:37-05:00",
          "end": "2011-03-10T22:55:37-05:00"
        },
        "reason": {
          "coding": [
            {
              "system": "http://snomed.info/sct",
              "code": "444814009",
              "display": "Viral sinusitis (disorder)"
            }
          ]
        },
        "serviceProvider": {
          "reference": "urn:uuid:e539d34d-2636-41db-a4e7-de7c72d03e8b"
        },
        "resourceType": "Encounter"
      }
    },
    {
      "fullUrl": "urn:uuid:6eddc692-881f-4a16-af9b-021aceca10f3",
      "resource": {
        "id": "6eddc692-881f-4a16-af9b-021aceca10f3",
        "meta": {
          "profile": [
            "http://standardhealthrecord.org/fhir/StructureDefinition/shr-problem-Problem"
          ]
        },
        "clinicalStatus": "active",
        "verificationStatus": "confirmed",
        "code": {
          "coding": [
            {
              "system": "http://snomed.info/sct",
              "code": "444814009",
              "display": "Viral sinusitis (disorder)"
            }
          ],
          "text": "Viral sinusitis (disorder)"
        },
        "subject": {
          "reference": "urn:uuid:690c2761-df35-4270-8edc-e99c036e31f1"
        },
        "context": {
          "reference": "urn:uuid:581e407f-a32c-48fc-9794-1b196c5a66d4"
        },
        "onsetDateTime": "2011-03-03T12:18:09-05:00",
        "abatementDateTime": "2011-03-23T15:07:40-04:00",
        "assertedDate": "2011-03-03",
        "resourceType": "Condition"
      }
    },
    {
      "resource": {
        "meta": {
          "profile": [
            "http://standardhealthrecord.org/fhir/StructureDefinition/shr-medication-Medication"
          ]
        },
        "code": {
          "coding": [
            {
              "system": "http://www.nlm.nih.gov/research/umls/rxnorm",
              "code": "824184",
              "display": " Amoxicillin 250 MG / Clavulanate 125 MG [Augmentin]"
            }
          ],
          "text": " Amoxicillin 250 MG / Clavulanate 125 MG [Augmentin]"
        },
        "resourceType": "Medication"
      }
    },
    {
      "resource": {
        "meta": {
          "profile": [
            "http://standardhealthrecord.org/fhir/StructureDefinition/shr-medication-MedicationPrescription"
          ]
        },
        "extension": [
          {
            "url": "http://standardhealthrecord.org/fhir/StructureDefinition/shr-base-ActionCode-extension",
            "valueCodeableConcept": {
              "coding": [
                {
                  "system": "http://snomed.info/sct",
                  "code": "33633005",
                  "display": "Prescription of drug (procedure)"
                }
              ],
              "text": "Prescription of drug (procedure)"
            }
          }
        ],
        "status": "stopped",
        "medicationReference": {
          "reference": ""
        },
        "subject": {
          "reference": "urn:uuid:690c2761-df35-4270-8edc-e99c036e31f1"
        },
        "context": {
          "reference": "urn:uuid:581e407f-a32c-48fc-9794-1b196c5a66d4"
        },
        "authoredOn": "2011-03-10",
        "reasonReference": [
          {
            "reference": "urn:uuid:6eddc692-881f-4a16-af9b-021aceca10f3"
          }
        ],
        "dosageInstruction": [
          {

          }
        ],
        "resourceType": "MedicationRequest"
      }
    },
    {
      "fullUrl": "urn:uuid:e7df2b7c-88fe-472a-a4c4-268f73d20767",
      "resource": {
        "id": "e7df2b7c-88fe-472a-a4c4-268f73d20767",
        "meta": {
          "profile": [
            "http://standardhealthrecord.org/fhir/StructureDefinition/shr-encounter-Encounter"
          ]
        },
        "status": "finished",
        "class": {
          "code": "ambulatory"
        },
        "type": [
          {
            "coding": [
              {
                "system": "http://snomed.info/sct",
                "code": "424619006"
              }
            ],
            "text": "Prenatal visit"
          }
        ],
        "subject": {
          "reference": "urn:uuid:690c2761-df35-4270-8edc-e99c036e31f1"
        },
        "period": {
          "start": "2011-04-01T23:12:51-04:00",
          "end": "2011-04-01T23:12:51-04:00"
        },
        "reason": {
          "coding": [
            {
              "system": "http://snomed.info/sct",
              "code": "72892002",
              "display": "Normal pregnancy"
            }
          ]
        },
        "serviceProvider": {
          "reference": "urn:uuid:e539d34d-2636-41db-a4e7-de7c72d03e8b"
        },
        "resourceType": "Encounter"
      }
    },
    {
      "fullUrl": "urn:uuid:83c2fbb3-c121-4d75-af1a-2b117dd6a92a",
      "resource": {
        "id": "83c2fbb3-c121-4d75-af1a-2b117dd6a92a",
        "meta": {
          "profile": [
            "http://standardhealthrecord.org/fhir/StructureDefinition/shr-encounter-Encounter"
          ]
        },
        "status": "finished",
        "class": {
          "code": "ambulatory"
        },
        "type": [
          {
            "coding": [
              {
                "system": "http://snomed.info/sct",
                "code": "424619006"
              }
            ],
            "text": "Prenatal visit"
          }
        ],
        "subject": {
          "reference": "urn:uuid:690c2761-df35-4270-8edc-e99c036e31f1"
        },
        "period": {
          "start": "2011-05-13T23:12:51-04:00",
          "end": "2011-05-13T23:12:51-04:00"
        },
        "reason": {
          "coding": [
            {
              "system": "http://snomed.info/sct",
              "code": "72892002",
              "display": "Normal pregnancy"
            }
          ]
        },
        "serviceProvider": {
          "reference": "urn:uuid:e539d34d-2636-41db-a4e7-de7c72d03e8b"
        },
        "resourceType": "Encounter"
      }
    },
    {
      "fullUrl": "urn:uuid:1213e50d-de0b-4625-a1e8-4caad6e25e3d",
      "resource": {
        "id": "1213e50d-de0b-4625-a1e8-4caad6e25e3d",
        "meta": {
          "profile": [
            "http://standardhealthrecord.org/fhir/StructureDefinition/shr-encounter-Encounter"
          ]
        },
        "status": "finished",
        "class": {
          "code": "ambulatory"
        },
        "type": [
          {
            "coding": [
              {
                "system": "http://snomed.info/sct",
                "code": "424619006"
              }
            ],
            "text": "Prenatal visit"
          }
        ],
        "subject": {
          "reference": "urn:uuid:690c2761-df35-4270-8edc-e99c036e31f1"
        },
        "period": {
          "start": "2011-06-10T23:12:51-04:00",
          "end": "2011-06-10T23:12:51-04:00"
        },
        "reason": {
          "coding": [
            {
              "system": "http://snomed.info/sct",
              "code": "72892002",
              "display": "Normal pregnancy"
            }
          ]
        },
        "serviceProvider": {
          "reference": "urn:uuid:e539d34d-2636-41db-a4e7-de7c72d03e8b"
        },
        "resourceType": "Encounter"
      }
    },
    {
      "fullUrl": "urn:uuid:8527e6db-093b-4805-8f45-eaa8c7d0a1ac",
      "resource": {
        "id": "8527e6db-093b-4805-8f45-eaa8c7d0a1ac",
        "meta": {
          "profile": [
            "http://standardhealthrecord.org/fhir/StructureDefinition/shr-encounter-Encounter"
          ]
        },
        "status": "finished",
        "class": {
          "code": "ambulatory"
        },
        "type": [
          {
            "coding": [
              {
                "system": "http://snomed.info/sct",
                "code": "424619006"
              }
            ],
            "text": "Prenatal visit"
          }
        ],
        "subject": {
          "reference": "urn:uuid:690c2761-df35-4270-8edc-e99c036e31f1"
        },
        "period": {
          "start": "2011-06-24T23:12:51-04:00",
          "end": "2011-06-24T23:12:51-04:00"
        },
        "reason": {
          "coding": [
            {
              "system": "http://snomed.info/sct",
              "code": "72892002",
              "display": "Normal pregnancy"
            }
          ]
        },
        "serviceProvider": {
          "reference": "urn:uuid:e539d34d-2636-41db-a4e7-de7c72d03e8b"
        },
        "resourceType": "Encounter"
      }
    },
    {
      "fullUrl": "urn:uuid:6655fe61-5576-40d9-94f3-142131bb13a5",
      "resource": {
        "id": "6655fe61-5576-40d9-94f3-142131bb13a5",
        "meta": {
          "profile": [
            "http://standardhealthrecord.org/fhir/StructureDefinition/shr-encounter-Encounter"
          ]
        },
        "status": "finished",
        "class": {
          "code": "ambulatory"
        },
        "type": [
          {
            "coding": [
              {
                "system": "http://snomed.info/sct",
                "code": "424619006"
              }
            ],
            "text": "Prenatal visit"
          }
        ],
        "subject": {
          "reference": "urn:uuid:690c2761-df35-4270-8edc-e99c036e31f1"
        },
        "period": {
          "start": "2011-07-01T23:12:51-04:00",
          "end": "2011-07-01T23:12:51-04:00"
        },
        "reason": {
          "coding": [
            {
              "system": "http://snomed.info/sct",
              "code": "72892002",
              "display": "Normal pregnancy"
            }
          ]
        },
        "serviceProvider": {
          "reference": "urn:uuid:e539d34d-2636-41db-a4e7-de7c72d03e8b"
        },
        "resourceType": "Encounter"
      }
    },
    {
      "fullUrl": "urn:uuid:aa62d534-80b6-4404-bf32-96dfa1bdde84",
      "resource": {
        "id": "aa62d534-80b6-4404-bf32-96dfa1bdde84",
        "meta": {
          "profile": [
            "http://standardhealthrecord.org/fhir/StructureDefinition/shr-encounter-Encounter"
          ]
        },
        "status": "finished",
        "class": {
          "code": "ambulatory"
        },
        "type": [
          {
            "coding": [
              {
                "system": "http://snomed.info/sct",
                "code": "424619006"
              }
            ],
            "text": "Prenatal visit"
          }
        ],
        "subject": {
          "reference": "urn:uuid:690c2761-df35-4270-8edc-e99c036e31f1"
        },
        "period": {
          "start": "2011-07-08T23:12:51-04:00",
          "end": "2011-07-08T23:12:51-04:00"
        },
        "reason": {
          "coding": [
            {
              "system": "http://snomed.info/sct",
              "code": "72892002",
              "display": "Normal pregnancy"
            }
          ]
        },
        "serviceProvider": {
          "reference": "urn:uuid:e539d34d-2636-41db-a4e7-de7c72d03e8b"
        },
        "resourceType": "Encounter"
      }
    },
    {
      "fullUrl": "urn:uuid:2b2827ee-323a-411d-82e5-933983fdc7a3",
      "resource": {
        "id": "2b2827ee-323a-411d-82e5-933983fdc7a3",
        "meta": {
          "profile": [
            "http://standardhealthrecord.org/fhir/StructureDefinition/shr-encounter-Encounter"
          ]
        },
        "status": "finished",
        "class": {
          "code": "emergency"
        },
        "type": [
          {
            "coding": [
              {
                "system": "http://snomed.info/sct",
                "code": "183460006"
              }
            ],
            "text": "Obstetric emergency hospital admission"
          }
        ],
        "subject": {
          "reference": "urn:uuid:690c2761-df35-4270-8edc-e99c036e31f1"
        },
        "period": {
          "start": "2011-07-15T23:12:51-04:00",
          "end": "2011-07-15T23:12:51-04:00"
        },
        "reason": {
          "coding": [
            {
              "system": "http://snomed.info/sct",
              "code": "72892002",
              "display": "Normal pregnancy"
            }
          ]
        },
        "serviceProvider": {
          "reference": "urn:uuid:e539d34d-2636-41db-a4e7-de7c72d03e8b"
        },
        "resourceType": "Encounter"
      }
    },
    {
      "resource": {
        "meta": {
          "profile": [
            "http://standardhealthrecord.org/fhir/StructureDefinition/shr-procedure-Procedure"
          ]
        },
        "extension": [
          {
            "url": "http://standardhealthrecord.org/fhir/StructureDefinition/shr-core-CodeableConcept-extension",
            "valueCodeableConcept": {
              "coding": [
                {
                  "system": "http://snomed.info/sct",
                  "code": "85548006",
                  "display": "Episiotomy"
                }
              ],
              "text": "Episiotomy"
            }
          }
        ],
        "status": "completed",
        "code": {
          "coding": [
            {
              "system": "http://snomed.info/sct",
              "code": "85548006",
              "display": "Episiotomy"
            }
          ],
          "text": "Episiotomy"
        },
        "subject": {
          "reference": "urn:uuid:690c2761-df35-4270-8edc-e99c036e31f1"
        },
        "context": {
          "reference": "urn:uuid:2b2827ee-323a-411d-82e5-933983fdc7a3"
        },
        "performedDateTime": "2011-07-15T23:12:51-04:00",
        "reasonReference": {
          "reference": "urn:uuid:fd42f95a-c117-491f-8375-3a2709809de2",
          "display": "Normal pregnancy"
        },
        "resourceType": "Procedure"
      }
    },
    {
      "resource": {
        "meta": {
          "profile": [
            "http://standardhealthrecord.org/fhir/StructureDefinition/shr-procedure-Procedure"
          ]
        },
        "extension": [
          {
            "url": "http://standardhealthrecord.org/fhir/StructureDefinition/shr-core-CodeableConcept-extension",
            "valueCodeableConcept": {
              "coding": [
                {
                  "system": "http://snomed.info/sct",
                  "code": "66348005",
                  "display": "Childbirth"
                }
              ],
              "text": "Childbirth"
            }
          }
        ],
        "status": "completed",
        "code": {
          "coding": [
            {
              "system": "http://snomed.info/sct",
              "code": "66348005",
              "display": "Childbirth"
            }
          ],
          "text": "Childbirth"
        },
        "subject": {
          "reference": "urn:uuid:690c2761-df35-4270-8edc-e99c036e31f1"
        },
        "context": {
          "reference": "urn:uuid:2b2827ee-323a-411d-82e5-933983fdc7a3"
        },
        "performedDateTime": "2011-07-15T23:12:51-04:00",
        "reasonReference": {
          "reference": "urn:uuid:fd42f95a-c117-491f-8375-3a2709809de2",
          "display": "Normal pregnancy"
        },
        "resourceType": "Procedure"
      }
    },
    {
      "fullUrl": "urn:uuid:0d1ccb17-301f-4ded-a7de-a327fc5ab851",
      "resource": {
        "id": "0d1ccb17-301f-4ded-a7de-a327fc5ab851",
        "meta": {
          "profile": [
            "http://standardhealthrecord.org/fhir/StructureDefinition/shr-encounter-Encounter"
          ]
        },
        "status": "finished",
        "class": {
          "code": "outpatient"
        },
        "type": [
          {
            "coding": [
              {
                "system": "http://snomed.info/sct",
                "code": "185349003"
              }
            ],
            "text": "Outpatient Encounter"
          }
        ],
        "subject": {
          "reference": "urn:uuid:690c2761-df35-4270-8edc-e99c036e31f1"
        },
        "period": {
          "start": "2012-02-23T15:37:08-05:00",
          "end": "2012-02-23T16:37:08-05:00"
        },
        "serviceProvider": {
          "reference": "urn:uuid:e539d34d-2636-41db-a4e7-de7c72d03e8b"
        },
        "resourceType": "Encounter"
      }
    },
    {
      "fullUrl": "urn:uuid:648c5de7-55c3-419e-b235-9b17ba39e244",
      "resource": {
        "id": "648c5de7-55c3-419e-b235-9b17ba39e244",
        "meta": {
          "profile": [
            "http://standardhealthrecord.org/fhir/StructureDefinition/shr-problem-Problem"
          ]
        },
        "clinicalStatus": "active",
        "verificationStatus": "confirmed",
        "code": {
          "coding": [
            {
              "system": "http://snomed.info/sct",
              "code": "72892002",
              "display": "Normal pregnancy"
            }
          ],
          "text": "Normal pregnancy"
        },
        "subject": {
          "reference": "urn:uuid:690c2761-df35-4270-8edc-e99c036e31f1"
        },
        "context": {
          "reference": "urn:uuid:0d1ccb17-301f-4ded-a7de-a327fc5ab851"
        },
        "onsetDateTime": "2011-12-16T23:12:51-05:00",
        "abatementDateTime": "2012-03-08T10:32:17-05:00",
        "assertedDate": "2011-12-16",
        "resourceType": "Condition"
      }
    },
    {
      "fullUrl": "urn:uuid:94b39e7d-a300-44a3-80fa-fd8d29bdb9f0",
      "resource": {
        "id": "94b39e7d-a300-44a3-80fa-fd8d29bdb9f0",
        "meta": {
          "profile": [
            "http://standardhealthrecord.org/fhir/StructureDefinition/shr-observation-Observation",
            "http://standardhealthrecord.org/fhir/StructureDefinition/shr-vital-VitalSign",
            "http://standardhealthrecord.org/fhir/StructureDefinition/shr-vital-BodyHeight"
          ]
        },
        "status": "final",
        "category": [
          {
            "coding": [
              {
                "system": "http://hl7.org/fhir/observation-category",
                "code": "vital-signs"
              }
            ]
          }
        ],
        "code": {
          "coding": [
            {
              "system": "http://loinc.org",
              "code": "8302-2",
              "display": "Body Height"
            }
          ],
          "text": "Body Height"
        },
        "subject": {
          "reference": "urn:uuid:690c2761-df35-4270-8edc-e99c036e31f1"
        },
        "context": {
          "reference": "urn:uuid:0d1ccb17-301f-4ded-a7de-a327fc5ab851"
        },
        "effectiveDateTime": "2012-02-23T15:37:08-05:00",
        "issued": "2012-02-23T15:37:08-05:00",
        "valueQuantity": {
          "value": 169.44054002297378,
          "unit": "cm",
          "system": "http://unitsofmeasure.org/",
          "code": "cm"
        },
        "resourceType": "Observation"
      }
    },
    {
      "fullUrl": "urn:uuid:2871ede2-55a8-4c82-814a-e88b3cdf117f",
      "resource": {
        "id": "2871ede2-55a8-4c82-814a-e88b3cdf117f",
        "meta": {
          "profile": [
            "http://standardhealthrecord.org/fhir/StructureDefinition/shr-observation-Observation",
            "http://standardhealthrecord.org/fhir/StructureDefinition/shr-vital-VitalSign",
            "http://standardhealthrecord.org/fhir/StructureDefinition/shr-vital-BodyWeight"
          ]
        },
        "status": "final",
        "category": [
          {
            "coding": [
              {
                "system": "http://hl7.org/fhir/observation-category",
                "code": "vital-signs"
              }
            ]
          }
        ],
        "code": {
          "coding": [
            {
              "system": "http://loinc.org",
              "code": "29463-7",
              "display": "Body Weight"
            }
          ],
          "text": "Body Weight"
        },
        "subject": {
          "reference": "urn:uuid:690c2761-df35-4270-8edc-e99c036e31f1"
        },
        "context": {
          "reference": "urn:uuid:0d1ccb17-301f-4ded-a7de-a327fc5ab851"
        },
        "effectiveDateTime": "2012-02-23T15:37:08-05:00",
        "issued": "2012-02-23T15:37:08-05:00",
        "valueQuantity": {
          "value": 63.572470024145915,
          "unit": "kg",
          "system": "http://unitsofmeasure.org/",
          "code": "kg"
        },
        "resourceType": "Observation"
      }
    },
    {
      "fullUrl": "urn:uuid:976b7370-3eb0-4577-af1e-4ba203b7c734",
      "resource": {
        "id": "976b7370-3eb0-4577-af1e-4ba203b7c734",
        "meta": {
          "profile": [
            "http://standardhealthrecord.org/fhir/StructureDefinition/shr-observation-Observation",
            "http://standardhealthrecord.org/fhir/StructureDefinition/shr-vital-VitalSign",
            "http://standardhealthrecord.org/fhir/StructureDefinition/shr-vital-BodyMassIndex"
          ]
        },
        "status": "final",
        "category": [
          {
            "coding": [
              {
                "system": "http://hl7.org/fhir/observation-category",
                "code": "vital-signs"
              }
            ]
          }
        ],
        "code": {
          "coding": [
            {
              "system": "http://loinc.org",
              "code": "39156-5",
              "display": "Body Mass Index"
            }
          ],
          "text": "Body Mass Index"
        },
        "subject": {
          "reference": "urn:uuid:690c2761-df35-4270-8edc-e99c036e31f1"
        },
        "context": {
          "reference": "urn:uuid:0d1ccb17-301f-4ded-a7de-a327fc5ab851"
        },
        "effectiveDateTime": "2012-02-23T15:37:08-05:00",
        "issued": "2012-02-23T15:37:08-05:00",
        "valueQuantity": {
          "value": 22.14289659230535,
          "unit": "kg/m2",
          "system": "http://unitsofmeasure.org/",
          "code": "kg/m2"
        },
        "resourceType": "Observation"
      }
    },
    {
      "fullUrl": "urn:uuid:d2601ef1-d13f-4947-b1ae-01ac30f72775",
      "resource": {
        "id": "d2601ef1-d13f-4947-b1ae-01ac30f72775",
        "meta": {
          "profile": [
            "http://standardhealthrecord.org/fhir/StructureDefinition/shr-observation-Observation",
            "http://standardhealthrecord.org/fhir/StructureDefinition/shr-vital-BloodPressure"
          ]
        },
        "status": "final",
        "category": [
          {
            "coding": [
              {
                "system": "http://hl7.org/fhir/observation-category",
                "code": "vital-signs"
              }
            ]
          }
        ],
        "code": {
          "coding": [
            {
              "system": "http://loinc.org",
              "code": "55284-4",
              "display": "Blood Pressure"
            }
          ]
        },
        "subject": {
          "reference": "urn:uuid:690c2761-df35-4270-8edc-e99c036e31f1"
        },
        "context": {
          "reference": "urn:uuid:0d1ccb17-301f-4ded-a7de-a327fc5ab851"
        },
        "effectiveDateTime": "2012-02-23T15:37:08-05:00",
        "issued": "2012-02-23T15:37:08-05:00",
        "component": [
          {
            "code": {
              "coding": [
                {
                  "system": "http://loinc.org",
                  "code": "8480-6",
                  "display": "Systolic Blood Pressure"
                }
              ],
              "text": "Systolic Blood Pressure"
            },
            "valueQuantity": {
              "value": 102,
              "unit": "mmHg",
              "system": "http://unitsofmeasure.org/",
              "code": "mmHg"
            }
          },
          {
            "code": {
              "coding": [
                {
                  "system": "http://loinc.org",
                  "code": "8462-4",
                  "display": "Diastolic Blood Pressure"
                }
              ],
              "text": "Diastolic Blood Pressure"
            },
            "valueQuantity": {
              "value": 85,
              "unit": "mmHg",
              "system": "http://unitsofmeasure.org/",
              "code": "mmHg"
            }
          }
        ],
        "resourceType": "Observation"
      }
    },
    {
      "resource": {
        "meta": {
          "profile": [
            "http://standardhealthrecord.org/fhir/StructureDefinition/shr-immunization-Immunization"
          ]
        },
        "status": "completed",
        "notGiven": false,
        "vaccineCode": {
          "coding": [
            {
              "system": "http://hl7.org/fhir/sid/cvx",
              "code": "140",
              "display": "Influenza, seasonal, injectable, preservative free"
            }
          ],
          "text": "Influenza, seasonal, injectable, preservative free"
        },
        "patient": {
          "reference": "urn:uuid:690c2761-df35-4270-8edc-e99c036e31f1"
        },
        "encounter": {
          "reference": "urn:uuid:0d1ccb17-301f-4ded-a7de-a327fc5ab851"
        },
        "date": "2012-02-23T15:37:08-05:00",
        "primarySource": true,
        "resourceType": "Immunization"
      }
    },
    {
      "fullUrl": "urn:uuid:3932abbf-7d06-4711-a918-ac196496dd8a",
      "resource": {
        "id": "3932abbf-7d06-4711-a918-ac196496dd8a",
        "meta": {
          "profile": [
            "http://standardhealthrecord.org/fhir/StructureDefinition/shr-encounter-Encounter"
          ]
        },
        "status": "finished",
        "class": {
          "code": "ambulatory"
        },
        "type": [
          {
            "coding": [
              {
                "system": "http://snomed.info/sct",
                "code": "424441002"
              }
            ],
            "text": "Prenatal initial visit"
          }
        ],
        "subject": {
          "reference": "urn:uuid:690c2761-df35-4270-8edc-e99c036e31f1"
        },
        "period": {
          "start": "2012-02-24T23:12:51-05:00",
          "end": "2012-02-24T23:12:51-05:00"
        },
        "reason": {
          "coding": [
            {
              "system": "http://snomed.info/sct",
              "code": "72892002",
              "display": "Normal pregnancy"
            }
          ]
        },
        "serviceProvider": {
          "reference": "urn:uuid:e539d34d-2636-41db-a4e7-de7c72d03e8b"
        },
        "resourceType": "Encounter"
      }
    },
    {
      "resource": {
        "meta": {
          "profile": [
            "http://standardhealthrecord.org/fhir/StructureDefinition/shr-procedure-Procedure"
          ]
        },
        "extension": [
          {
            "url": "http://standardhealthrecord.org/fhir/StructureDefinition/shr-core-CodeableConcept-extension",
            "valueCodeableConcept": {
              "coding": [
                {
                  "system": "http://snomed.info/sct",
                  "code": "252160004",
                  "display": "Standard pregnancy test"
                }
              ],
              "text": "Standard pregnancy test"
            }
          }
        ],
        "status": "completed",
        "code": {
          "coding": [
            {
              "system": "http://snomed.info/sct",
              "code": "252160004",
              "display": "Standard pregnancy test"
            }
          ],
          "text": "Standard pregnancy test"
        },
        "subject": {
          "reference": "urn:uuid:690c2761-df35-4270-8edc-e99c036e31f1"
        },
        "context": {
          "reference": "urn:uuid:3932abbf-7d06-4711-a918-ac196496dd8a"
        },
        "performedDateTime": "2012-02-24T23:12:51-05:00",
        "reasonReference": {
          "reference": "urn:uuid:fd42f95a-c117-491f-8375-3a2709809de2",
          "display": "Normal pregnancy"
        },
        "resourceType": "Procedure"
      }
    },
    {
      "fullUrl": "urn:uuid:c9a81228-fd06-4121-9d9a-ab53da6d054b",
      "resource": {
        "id": "c9a81228-fd06-4121-9d9a-ab53da6d054b",
        "meta": {
          "profile": [
            "http://standardhealthrecord.org/fhir/StructureDefinition/shr-encounter-Encounter"
          ]
        },
        "status": "finished",
        "class": {
          "code": "ambulatory"
        },
        "type": [
          {
            "coding": [
              {
                "system": "http://snomed.info/sct",
                "code": "270427003"
              }
            ],
            "text": "Patient-initiated encounter"
          }
        ],
        "subject": {
          "reference": "urn:uuid:690c2761-df35-4270-8edc-e99c036e31f1"
        },
        "period": {
          "start": "2012-03-08T10:32:17-05:00",
          "end": "2012-03-08T10:32:17-05:00"
        },
        "reason": {
          "coding": [
            {
              "system": "http://snomed.info/sct",
              "code": "72892002",
              "display": "Normal pregnancy"
            }
          ]
        },
        "serviceProvider": {
          "reference": "urn:uuid:e539d34d-2636-41db-a4e7-de7c72d03e8b"
        },
        "resourceType": "Encounter"
      }
    },
    {
      "resource": {
        "meta": {
          "profile": [
            "http://standardhealthrecord.org/fhir/StructureDefinition/shr-procedure-Procedure"
          ]
        },
        "extension": [
          {
            "url": "http://standardhealthrecord.org/fhir/StructureDefinition/shr-core-CodeableConcept-extension",
            "valueCodeableConcept": {
              "coding": [
                {
                  "system": "http://snomed.info/sct",
                  "code": "714812005",
                  "display": "Induced termination of pregnancy"
                }
              ],
              "text": "Induced termination of pregnancy"
            }
          }
        ],
        "status": "completed",
        "code": {
          "coding": [
            {
              "system": "http://snomed.info/sct",
              "code": "714812005",
              "display": "Induced termination of pregnancy"
            }
          ],
          "text": "Induced termination of pregnancy"
        },
        "subject": {
          "reference": "urn:uuid:690c2761-df35-4270-8edc-e99c036e31f1"
        },
        "context": {
          "reference": "urn:uuid:c9a81228-fd06-4121-9d9a-ab53da6d054b"
        },
        "performedDateTime": "2012-03-08T10:32:17-05:00",
        "reasonReference": {
          "reference": "urn:uuid:fd42f95a-c117-491f-8375-3a2709809de2",
          "display": "Normal pregnancy"
        },
        "resourceType": "Procedure"
      }
    },
    {
      "fullUrl": "urn:uuid:ce7f8255-4b15-463b-acad-4550596aacf4",
      "resource": {
        "id": "ce7f8255-4b15-463b-acad-4550596aacf4",
        "meta": {
          "profile": [
            "http://standardhealthrecord.org/fhir/StructureDefinition/shr-encounter-Encounter"
          ]
        },
        "status": "finished",
        "class": {
          "code": "outpatient"
        },
        "type": [
          {
            "coding": [
              {
                "system": "http://snomed.info/sct",
                "code": "185349003"
              }
            ],
            "text": "Outpatient Encounter"
          }
        ],
        "subject": {
          "reference": "urn:uuid:690c2761-df35-4270-8edc-e99c036e31f1"
        },
        "period": {
          "start": "2014-12-09T17:19:25-05:00",
          "end": "2014-12-09T18:19:25-05:00"
        },
        "serviceProvider": {
          "reference": "urn:uuid:e539d34d-2636-41db-a4e7-de7c72d03e8b"
        },
        "resourceType": "Encounter"
      }
    },
    {
      "fullUrl": "urn:uuid:70f631ff-dff3-4088-bf48-4b4ba6135e82",
      "resource": {
        "id": "70f631ff-dff3-4088-bf48-4b4ba6135e82",
        "meta": {
          "profile": [
            "http://standardhealthrecord.org/fhir/StructureDefinition/shr-observation-Observation",
            "http://standardhealthrecord.org/fhir/StructureDefinition/shr-vital-VitalSign",
            "http://standardhealthrecord.org/fhir/StructureDefinition/shr-vital-BodyHeight"
          ]
        },
        "status": "final",
        "category": [
          {
            "coding": [
              {
                "system": "http://hl7.org/fhir/observation-category",
                "code": "vital-signs"
              }
            ]
          }
        ],
        "code": {
          "coding": [
            {
              "system": "http://loinc.org",
              "code": "8302-2",
              "display": "Body Height"
            }
          ],
          "text": "Body Height"
        },
        "subject": {
          "reference": "urn:uuid:690c2761-df35-4270-8edc-e99c036e31f1"
        },
        "context": {
          "reference": "urn:uuid:ce7f8255-4b15-463b-acad-4550596aacf4"
        },
        "effectiveDateTime": "2014-12-09T17:19:25-05:00",
        "issued": "2014-12-09T17:19:25-05:00",
        "valueQuantity": {
          "value": 169.44054002297378,
          "unit": "cm",
          "system": "http://unitsofmeasure.org/",
          "code": "cm"
        },
        "resourceType": "Observation"
      }
    },
    {
      "fullUrl": "urn:uuid:c0aabd80-4299-45be-9fed-af15a7fddc1e",
      "resource": {
        "id": "c0aabd80-4299-45be-9fed-af15a7fddc1e",
        "meta": {
          "profile": [
            "http://standardhealthrecord.org/fhir/StructureDefinition/shr-observation-Observation",
            "http://standardhealthrecord.org/fhir/StructureDefinition/shr-vital-VitalSign",
            "http://standardhealthrecord.org/fhir/StructureDefinition/shr-vital-BodyWeight"
          ]
        },
        "status": "final",
        "category": [
          {
            "coding": [
              {
                "system": "http://hl7.org/fhir/observation-category",
                "code": "vital-signs"
              }
            ]
          }
        ],
        "code": {
          "coding": [
            {
              "system": "http://loinc.org",
              "code": "29463-7",
              "display": "Body Weight"
            }
          ],
          "text": "Body Weight"
        },
        "subject": {
          "reference": "urn:uuid:690c2761-df35-4270-8edc-e99c036e31f1"
        },
        "context": {
          "reference": "urn:uuid:ce7f8255-4b15-463b-acad-4550596aacf4"
        },
        "effectiveDateTime": "2014-12-09T17:19:25-05:00",
        "issued": "2014-12-09T17:19:25-05:00",
        "valueQuantity": {
          "value": 68.59602577587523,
          "unit": "kg",
          "system": "http://unitsofmeasure.org/",
          "code": "kg"
        },
        "resourceType": "Observation"
      }
    },
    {
      "fullUrl": "urn:uuid:9ff0d315-010d-4fc2-afb0-b363a7eefcbc",
      "resource": {
        "id": "9ff0d315-010d-4fc2-afb0-b363a7eefcbc",
        "meta": {
          "profile": [
            "http://standardhealthrecord.org/fhir/StructureDefinition/shr-observation-Observation",
            "http://standardhealthrecord.org/fhir/StructureDefinition/shr-vital-VitalSign",
            "http://standardhealthrecord.org/fhir/StructureDefinition/shr-vital-BodyMassIndex"
          ]
        },
        "status": "final",
        "category": [
          {
            "coding": [
              {
                "system": "http://hl7.org/fhir/observation-category",
                "code": "vital-signs"
              }
            ]
          }
        ],
        "code": {
          "coding": [
            {
              "system": "http://loinc.org",
              "code": "39156-5",
              "display": "Body Mass Index"
            }
          ],
          "text": "Body Mass Index"
        },
        "subject": {
          "reference": "urn:uuid:690c2761-df35-4270-8edc-e99c036e31f1"
        },
        "context": {
          "reference": "urn:uuid:ce7f8255-4b15-463b-acad-4550596aacf4"
        },
        "effectiveDateTime": "2014-12-09T17:19:25-05:00",
        "issued": "2014-12-09T17:19:25-05:00",
        "valueQuantity": {
          "value": 23.892648890650428,
          "unit": "kg/m2",
          "system": "http://unitsofmeasure.org/",
          "code": "kg/m2"
        },
        "resourceType": "Observation"
      }
    },
    {
      "fullUrl": "urn:uuid:0146eb13-6f94-4a35-ac7c-99f42f5a81b7",
      "resource": {
        "id": "0146eb13-6f94-4a35-ac7c-99f42f5a81b7",
        "meta": {
          "profile": [
            "http://standardhealthrecord.org/fhir/StructureDefinition/shr-observation-Observation",
            "http://standardhealthrecord.org/fhir/StructureDefinition/shr-vital-BloodPressure"
          ]
        },
        "status": "final",
        "category": [
          {
            "coding": [
              {
                "system": "http://hl7.org/fhir/observation-category",
                "code": "vital-signs"
              }
            ]
          }
        ],
        "code": {
          "coding": [
            {
              "system": "http://loinc.org",
              "code": "55284-4",
              "display": "Blood Pressure"
            }
          ]
        },
        "subject": {
          "reference": "urn:uuid:690c2761-df35-4270-8edc-e99c036e31f1"
        },
        "context": {
          "reference": "urn:uuid:ce7f8255-4b15-463b-acad-4550596aacf4"
        },
        "effectiveDateTime": "2014-12-09T17:19:25-05:00",
        "issued": "2014-12-09T17:19:25-05:00",
        "component": [
          {
            "code": {
              "coding": [
                {
                  "system": "http://loinc.org",
                  "code": "8480-6",
                  "display": "Systolic Blood Pressure"
                }
              ],
              "text": "Systolic Blood Pressure"
            },
            "valueQuantity": {
              "value": 131,
              "unit": "mmHg",
              "system": "http://unitsofmeasure.org/",
              "code": "mmHg"
            }
          },
          {
            "code": {
              "coding": [
                {
                  "system": "http://loinc.org",
                  "code": "8462-4",
                  "display": "Diastolic Blood Pressure"
                }
              ],
              "text": "Diastolic Blood Pressure"
            },
            "valueQuantity": {
              "value": 87,
              "unit": "mmHg",
              "system": "http://unitsofmeasure.org/",
              "code": "mmHg"
            }
          }
        ],
        "resourceType": "Observation"
      }
    },
    {
      "resource": {
        "meta": {
          "profile": [
            "http://standardhealthrecord.org/fhir/StructureDefinition/shr-procedure-Procedure"
          ]
        },
        "extension": [
          {
            "url": "http://standardhealthrecord.org/fhir/StructureDefinition/shr-core-CodeableConcept-extension",
            "valueCodeableConcept": {
              "coding": [
                {
                  "system": "http://snomed.info/sct",
                  "code": "428191000124101",
                  "display": "Documentation of current medications"
                }
              ],
              "text": "Documentation of current medications"
            }
          }
        ],
        "status": "completed",
        "code": {
          "coding": [
            {
              "system": "http://snomed.info/sct",
              "code": "428191000124101",
              "display": "Documentation of current medications"
            }
          ],
          "text": "Documentation of current medications"
        },
        "subject": {
          "reference": "urn:uuid:690c2761-df35-4270-8edc-e99c036e31f1"
        },
        "context": {
          "reference": "urn:uuid:ce7f8255-4b15-463b-acad-4550596aacf4"
        },
        "performedDateTime": "2014-12-09T17:19:25-05:00",
        "resourceType": "Procedure"
      }
    },
    {
      "resource": {
        "meta": {
          "profile": [
            "http://standardhealthrecord.org/fhir/StructureDefinition/shr-immunization-Immunization"
          ]
        },
        "status": "completed",
        "notGiven": false,
        "vaccineCode": {
          "coding": [
            {
              "system": "http://hl7.org/fhir/sid/cvx",
              "code": "140",
              "display": "Influenza, seasonal, injectable, preservative free"
            }
          ],
          "text": "Influenza, seasonal, injectable, preservative free"
        },
        "patient": {
          "reference": "urn:uuid:690c2761-df35-4270-8edc-e99c036e31f1"
        },
        "encounter": {
          "reference": "urn:uuid:ce7f8255-4b15-463b-acad-4550596aacf4"
        },
        "date": "2014-12-09T17:19:25-05:00",
        "primarySource": true,
        "resourceType": "Immunization"
      }
    },
    {
      "resource": {
        "meta": {
          "profile": [
            "http://standardhealthrecord.org/fhir/StructureDefinition/shr-immunization-Immunization"
          ]
        },
        "status": "completed",
        "notGiven": false,
        "vaccineCode": {
          "coding": [
            {
              "system": "http://hl7.org/fhir/sid/cvx",
              "code": "113",
              "display": "Td (adult) preservative free"
            }
          ],
          "text": "Td (adult) preservative free"
        },
        "patient": {
          "reference": "urn:uuid:690c2761-df35-4270-8edc-e99c036e31f1"
        },
        "encounter": {
          "reference": "urn:uuid:ce7f8255-4b15-463b-acad-4550596aacf4"
        },
        "date": "2014-12-09T17:19:25-05:00",
        "primarySource": true,
        "resourceType": "Immunization"
      }
    },
    {
      "fullUrl": "urn:uuid:1134c92a-cf41-4e53-b1c4-5d04804d9c11",
      "resource": {
        "id": "1134c92a-cf41-4e53-b1c4-5d04804d9c11",
        "meta": {
          "profile": [
            "http://standardhealthrecord.org/fhir/StructureDefinition/shr-encounter-Encounter"
          ]
        },
        "status": "finished",
        "class": {
          "code": "outpatient"
        },
        "type": [
          {
            "coding": [
              {
                "system": "http://snomed.info/sct",
                "code": "698314001"
              }
            ],
            "text": "Consultation for treatment"
          }
        ],
        "subject": {
          "reference": "urn:uuid:690c2761-df35-4270-8edc-e99c036e31f1"
        },
        "period": {
          "start": "2016-10-07T23:12:51-04:00",
          "end": "2016-10-07T23:12:51-04:00"
        },
        "serviceProvider": {
          "reference": "urn:uuid:e539d34d-2636-41db-a4e7-de7c72d03e8b"
        },
        "resourceType": "Encounter"
      }
    },
    {
      "resource": {
        "meta": {
          "profile": [
            "http://standardhealthrecord.org/fhir/StructureDefinition/shr-medication-Medication"
          ]
        },
        "code": {
          "coding": [
            {
              "system": "http://www.nlm.nih.gov/research/umls/rxnorm",
              "code": "748962",
              "display": "Camila 28 Day Pack"
            }
          ],
          "text": "Camila 28 Day Pack"
        },
        "resourceType": "Medication"
      }
    },
    {
      "resource": {
        "meta": {
          "profile": [
            "http://standardhealthrecord.org/fhir/StructureDefinition/shr-medication-MedicationPrescription"
          ]
        },
        "extension": [
          {
            "url": "http://standardhealthrecord.org/fhir/StructureDefinition/shr-base-ActionCode-extension",
            "valueCodeableConcept": {
              "coding": [
                {
                  "system": "http://snomed.info/sct",
                  "code": "33633005",
                  "display": "Prescription of drug (procedure)"
                }
              ],
              "text": "Prescription of drug (procedure)"
            }
          }
        ],
        "status": "active",
        "medicationReference": {
          "reference": ""
        },
        "subject": {
          "reference": "urn:uuid:690c2761-df35-4270-8edc-e99c036e31f1"
        },
        "context": {
          "reference": "urn:uuid:1134c92a-cf41-4e53-b1c4-5d04804d9c11"
        },
        "authoredOn": "2016-10-07",
        "dosageInstruction": [
          {

          }
        ],
        "resourceType": "MedicationRequest"
      }
    }
  ],
  "resourceType": "Bundle"
}