{
  "type": "collection",
  "entry": [
    {
      "fullUrl": "urn:uuid:f38ddff3-8b45-4824-8e9d-57621d232125",
      "resource": {
        "id": "f38ddff3-8b45-4824-8e9d-57621d232125",
        "meta": {
          "profile": [
            "http://standardhealthrecord.org/fhir/StructureDefinition/shr-demographics-PersonOfRecord"
          ]
        },
        "text": {
          "status": "generated",
          "div": "<div>Generated by <a href=\"https://github.com/synthetichealth/synthea\">Synthea</a>. Version identifier: 4d02400401b9fab839e47bf5b2f1f6a8c683ab55</div>"
        },
        "extension": [
          {
            "url": "http://hl7.org/fhir/us/core/StructureDefinition/us-core-race",
            "valueCodeableConcept": {
              "coding": [
                {
                  "system": "http://hl7.org/fhir/v3/Race",
                  "code": "2106-3",
                  "display": "White"
                }
              ],
              "text": "race"
            }
          },
          {
            "url": "http://hl7.org/fhir/us/core/StructureDefinition/us-core-ethnicity",
            "valueCodeableConcept": {
              "coding": [
                {
                  "system": "http://hl7.org/fhir/v3/Ethnicity",
                  "code": "2186-5",
                  "display": "Nonhispanic"
                }
              ],
              "text": "ethnicity"
            }
          },
          {
            "url": "http://hl7.org/fhir/StructureDefinition/birthPlace",
            "valueAddress": {
              "city": "Clinton",
              "state": "MA",
              "country": "US"
            }
          },
          {
            "url": "http://hl7.org/fhir/StructureDefinition/patient-mothersMaidenName",
            "valueString": "Coy500 Howell278"
          },
          {
            "url": "http://hl7.org/fhir/us/core/StructureDefinition/us-core-birthsex",
            "valueCode": "F"
          },
          {
            "url": "http://hl7.org/fhir/StructureDefinition/patient-interpreterRequired",
            "valueBoolean": false
          },
          {
            "url": "http://standardhealthrecord.org/fhir/StructureDefinition/shr-actor-FictionalPerson-extension",
            "valueBoolean": true
          },
          {
            "url": "http://standardhealthrecord.org/fhir/StructureDefinition/shr-demographics-FathersName-extension",
            "valueHumanName": {
              "text": "Kellen207 Abernathy959"
            }
          },
          {
            "url": "http://standardhealthrecord.org/fhir/StructureDefinition/shr-demographics-SocialSecurityNumber-extension",
            "valueString": "999-22-6837"
          }
        ],
        "identifier": [
          {
            "system": "https://github.com/synthetichealth/synthea",
            "value": "38fd3b2b-c7b0-4e0c-a972-3fbd866544fd"
          },
          {
            "type": {
              "coding": [
                {
                  "system": "http://hl7.org/fhir/identifier-type",
                  "code": "SB"
                }
              ]
            },
            "system": "http://hl7.org/fhir/sid/us-ssn",
            "value": "999226837"
          },
          {
            "type": {
              "coding": [
                {
                  "system": "http://hl7.org/fhir/v2/0203",
                  "code": "DL"
                }
              ]
            },
            "system": "urn:oid:2.16.840.1.113883.4.3.25",
            "value": "S99942028"
          }
        ],
        "name": [
          {
            "use": "official",
            "family": "Abernathy959",
            "given": [
              "Amari70"
            ],
            "prefix": [
              "Ms."
            ]
          }
        ],
        "telecom": [
          {
            "system": "phone",
            "value": "766-910-9116",
            "use": "home"
          }
        ],
        "gender": "female",
        "birthDate": "1988-03-13",
        "address": [
          {
            "extension": [
              {
                "extension": [
                  {
                    "url": "latitude",
                    "valueDecimal": 42.406798580776616
                  },
                  {
                    "url": "longitude",
                    "valueDecimal": -71.07398869770111
                  }
                ],
                "url": "http://hl7.org/fhir/StructureDefinition/geolocation"
              }
            ],
            "line": [
              "91084 Eleanora Camp"
            ],
            "city": "Medford",
            "state": "MA",
            "postalCode": "02156",
            "country": "US"
          }
        ],
        "maritalStatus": {
          "coding": [
            {
              "system": "http://hl7.org/fhir/v3/MaritalStatus",
              "code": "S"
            }
          ],
          "text": "S"
        },
        "multipleBirthBoolean": false,
        "communication": [
          {
            "language": {
              "coding": [
                {
                  "system": "http://hl7.org/fhir/ValueSet/languages",
                  "code": "pt",
                  "display": "Portuguese"
                }
              ]
            }
          }
        ],
        "resourceType": "Patient"
      }
    },
    {
      "fullUrl": "urn:uuid:c75bfb21-c0e4-4416-87ff-a4f61178e075",
      "resource": {
        "id": "c75bfb21-c0e4-4416-87ff-a4f61178e075",
        "meta": {
          "profile": [
            "http://standardhealthrecord.org/fhir/StructureDefinition/shr-actor-Organization"
          ]
        },
        "type": [
          {
            "coding": [
              {
                "system": "http://hl7.org/fhir/ValueSet/organization-type",
                "code": "prov",
                "display": "Healthcare Provider"
              }
            ],
            "text": "Healthcare Provider"
          }
        ],
        "name": "Synthetic Provider",
        "resourceType": "Organization"
      }
    },
    {
      "fullUrl": "urn:uuid:c949c46b-2a45-498c-9d37-5931b1420179",
      "resource": {
        "id": "c949c46b-2a45-498c-9d37-5931b1420179",
        "meta": {
          "profile": [
            "http://standardhealthrecord.org/fhir/StructureDefinition/shr-encounter-Encounter"
          ]
        },
        "status": "finished",
        "class": {
          "code": "outpatient"
        },
        "type": [
          {
            "coding": [
              {
                "system": "http://snomed.info/sct",
                "code": "185349003"
              }
            ],
            "text": "Outpatient Encounter"
          }
        ],
        "subject": {
          "reference": "urn:uuid:f38ddff3-8b45-4824-8e9d-57621d232125"
        },
        "period": {
          "start": "2012-01-27T03:30:51-05:00",
          "end": "2012-01-27T04:30:51-05:00"
        },
        "serviceProvider": {
          "reference": "urn:uuid:c75bfb21-c0e4-4416-87ff-a4f61178e075"
        },
        "resourceType": "Encounter"
      }
    },
    {
      "fullUrl": "urn:uuid:9399028e-a389-44d1-a4ed-0b291e8e7c23",
      "resource": {
        "id": "9399028e-a389-44d1-a4ed-0b291e8e7c23",
        "meta": {
          "profile": [
            "http://standardhealthrecord.org/fhir/StructureDefinition/shr-observation-Observation",
            "http://standardhealthrecord.org/fhir/StructureDefinition/shr-vital-VitalSign",
            "http://standardhealthrecord.org/fhir/StructureDefinition/shr-vital-BodyHeight"
          ]
        },
        "status": "final",
        "category": [
          {
            "coding": [
              {
                "system": "http://hl7.org/fhir/observation-category",
                "code": "vital-signs"
              }
            ]
          }
        ],
        "code": {
          "coding": [
            {
              "system": "http://loinc.org",
              "code": "8302-2",
              "display": "Body Height"
            }
          ],
          "text": "Body Height"
        },
        "subject": {
          "reference": "urn:uuid:f38ddff3-8b45-4824-8e9d-57621d232125"
        },
        "context": {
          "reference": "urn:uuid:c949c46b-2a45-498c-9d37-5931b1420179"
        },
        "effectiveDateTime": "2012-01-27T03:30:51-05:00",
        "issued": "2012-01-27T03:30:51-05:00",
        "valueQuantity": {
          "value": 158.2282607827002,
          "unit": "cm",
          "system": "http://unitsofmeasure.org/",
          "code": "cm"
        },
        "resourceType": "Observation"
      }
    },
    {
      "fullUrl": "urn:uuid:6e91cbd3-f547-427e-8d3b-018fd0e076d3",
      "resource": {
        "id": "6e91cbd3-f547-427e-8d3b-018fd0e076d3",
        "meta": {
          "profile": [
            "http://standardhealthrecord.org/fhir/StructureDefinition/shr-observation-Observation",
            "http://standardhealthrecord.org/fhir/StructureDefinition/shr-vital-VitalSign",
            "http://standardhealthrecord.org/fhir/StructureDefinition/shr-vital-BodyWeight"
          ]
        },
        "status": "final",
        "category": [
          {
            "coding": [
              {
                "system": "http://hl7.org/fhir/observation-category",
                "code": "vital-signs"
              }
            ]
          }
        ],
        "code": {
          "coding": [
            {
              "system": "http://loinc.org",
              "code": "29463-7",
              "display": "Body Weight"
            }
          ],
          "text": "Body Weight"
        },
        "subject": {
          "reference": "urn:uuid:f38ddff3-8b45-4824-8e9d-57621d232125"
        },
        "context": {
          "reference": "urn:uuid:c949c46b-2a45-498c-9d37-5931b1420179"
        },
        "effectiveDateTime": "2012-01-27T03:30:51-05:00",
        "issued": "2012-01-27T03:30:51-05:00",
        "valueQuantity": {
          "value": 56.92706431000331,
          "unit": "kg",
          "system": "http://unitsofmeasure.org/",
          "code": "kg"
        },
        "resourceType": "Observation"
      }
    },
    {
      "fullUrl": "urn:uuid:f0ae87f4-3f65-4617-87c6-aad7ffbda872",
      "resource": {
        "id": "f0ae87f4-3f65-4617-87c6-aad7ffbda872",
        "meta": {
          "profile": [
            "http://standardhealthrecord.org/fhir/StructureDefinition/shr-observation-Observation",
            "http://standardhealthrecord.org/fhir/StructureDefinition/shr-vital-VitalSign",
            "http://standardhealthrecord.org/fhir/StructureDefinition/shr-vital-BodyMassIndex"
          ]
        },
        "status": "final",
        "category": [
          {
            "coding": [
              {
                "system": "http://hl7.org/fhir/observation-category",
                "code": "vital-signs"
              }
            ]
          }
        ],
        "code": {
          "coding": [
            {
              "system": "http://loinc.org",
              "code": "39156-5",
              "display": "Body Mass Index"
            }
          ],
          "text": "Body Mass Index"
        },
        "subject": {
          "reference": "urn:uuid:f38ddff3-8b45-4824-8e9d-57621d232125"
        },
        "context": {
          "reference": "urn:uuid:c949c46b-2a45-498c-9d37-5931b1420179"
        },
        "effectiveDateTime": "2012-01-27T03:30:51-05:00",
        "issued": "2012-01-27T03:30:51-05:00",
        "valueQuantity": {
          "value": 22.737917127158628,
          "unit": "kg/m2",
          "system": "http://unitsofmeasure.org/",
          "code": "kg/m2"
        },
        "resourceType": "Observation"
      }
    },
    {
      "fullUrl": "urn:uuid:6d1f14b4-ad1e-4881-ae0e-a62f75e4463c",
      "resource": {
        "id": "6d1f14b4-ad1e-4881-ae0e-a62f75e4463c",
        "meta": {
          "profile": [
            "http://standardhealthrecord.org/fhir/StructureDefinition/shr-observation-Observation",
            "http://standardhealthrecord.org/fhir/StructureDefinition/shr-vital-BloodPressure"
          ]
        },
        "status": "final",
        "category": [
          {
            "coding": [
              {
                "system": "http://hl7.org/fhir/observation-category",
                "code": "vital-signs"
              }
            ]
          }
        ],
        "code": {
          "coding": [
            {
              "system": "http://loinc.org",
              "code": "55284-4",
              "display": "Blood Pressure"
            }
          ]
        },
        "subject": {
          "reference": "urn:uuid:f38ddff3-8b45-4824-8e9d-57621d232125"
        },
        "context": {
          "reference": "urn:uuid:c949c46b-2a45-498c-9d37-5931b1420179"
        },
        "effectiveDateTime": "2012-01-27T03:30:51-05:00",
        "issued": "2012-01-27T03:30:51-05:00",
        "component": [
          {
            "code": {
              "coding": [
                {
                  "system": "http://loinc.org",
                  "code": "8480-6",
                  "display": "Systolic Blood Pressure"
                }
              ],
              "text": "Systolic Blood Pressure"
            },
            "valueQuantity": {
              "value": 139,
              "unit": "mmHg",
              "system": "http://unitsofmeasure.org/",
              "code": "mmHg"
            }
          },
          {
            "code": {
              "coding": [
                {
                  "system": "http://loinc.org",
                  "code": "8462-4",
                  "display": "Diastolic Blood Pressure"
                }
              ],
              "text": "Diastolic Blood Pressure"
            },
            "valueQuantity": {
              "value": 70,
              "unit": "mmHg",
              "system": "http://unitsofmeasure.org/",
              "code": "mmHg"
            }
          }
        ],
        "resourceType": "Observation"
      }
    },
    {
      "resource": {
        "meta": {
          "profile": [
            "http://standardhealthrecord.org/fhir/StructureDefinition/shr-immunization-Immunization"
          ]
        },
        "status": "completed",
        "notGiven": false,
        "vaccineCode": {
          "coding": [
            {
              "system": "http://hl7.org/fhir/sid/cvx",
              "code": "140",
              "display": "Influenza, seasonal, injectable, preservative free"
            }
          ],
          "text": "Influenza, seasonal, injectable, preservative free"
        },
        "patient": {
          "reference": "urn:uuid:f38ddff3-8b45-4824-8e9d-57621d232125"
        },
        "encounter": {
          "reference": "urn:uuid:c949c46b-2a45-498c-9d37-5931b1420179"
        },
        "date": "2012-01-27T03:30:51-05:00",
        "primarySource": true,
        "resourceType": "Immunization"
      }
    },
    {
      "resource": {
        "meta": {
          "profile": [
            "http://standardhealthrecord.org/fhir/StructureDefinition/shr-immunization-Immunization"
          ]
        },
        "status": "completed",
        "notGiven": false,
        "vaccineCode": {
          "coding": [
            {
              "system": "http://hl7.org/fhir/sid/cvx",
              "code": "113",
              "display": "Td (adult) preservative free"
            }
          ],
          "text": "Td (adult) preservative free"
        },
        "patient": {
          "reference": "urn:uuid:f38ddff3-8b45-4824-8e9d-57621d232125"
        },
        "encounter": {
          "reference": "urn:uuid:c949c46b-2a45-498c-9d37-5931b1420179"
        },
        "date": "2012-01-27T03:30:51-05:00",
        "primarySource": true,
        "resourceType": "Immunization"
      }
    },
    {
      "resource": {
        "meta": {
          "profile": [
            "http://standardhealthrecord.org/fhir/StructureDefinition/shr-medication-Medication"
          ]
        },
        "code": {
          "coding": [
            {
              "system": "http://www.nlm.nih.gov/research/umls/rxnorm",
              "code": "834060",
              "display": "Penicillin V Potassium 250 MG"
            }
          ],
          "text": "Penicillin V Potassium 250 MG"
        },
        "resourceType": "Medication"
      }
    },
    {
      "resource": {
        "meta": {
          "profile": [
            "http://standardhealthrecord.org/fhir/StructureDefinition/shr-medication-MedicationPrescription"
          ]
        },
        "extension": [
          {
            "url": "http://standardhealthrecord.org/fhir/StructureDefinition/shr-base-ActionCode-extension",
            "valueCodeableConcept": {
              "coding": [
                {
                  "system": "http://snomed.info/sct",
                  "code": "33633005",
                  "display": "Prescription of drug (procedure)"
                }
              ],
              "text": "Prescription of drug (procedure)"
            }
          }
        ],
        "status": "active",
        "medicationReference": {
          "reference": ""
        },
        "subject": {
          "reference": "urn:uuid:f38ddff3-8b45-4824-8e9d-57621d232125"
        },
        "context": {
          "reference": "urn:uuid:c949c46b-2a45-498c-9d37-5931b1420179"
        },
        "authoredOn": "1991-05-23",
        "dosageInstruction": [
          {

          }
        ],
        "resourceType": "MedicationRequest"
      }
    },
    {
      "resource": {
        "meta": {
          "profile": [
            "http://standardhealthrecord.org/fhir/StructureDefinition/shr-medication-Medication"
          ]
        },
        "code": {
          "coding": [
            {
              "system": "http://www.nlm.nih.gov/research/umls/rxnorm",
              "code": "831533",
              "display": "Errin 28 Day Pack"
            }
          ],
          "text": "Errin 28 Day Pack"
        },
        "resourceType": "Medication"
      }
    },
    {
      "resource": {
        "meta": {
          "profile": [
            "http://standardhealthrecord.org/fhir/StructureDefinition/shr-medication-MedicationPrescription"
          ]
        },
        "extension": [
          {
            "url": "http://standardhealthrecord.org/fhir/StructureDefinition/shr-base-ActionCode-extension",
            "valueCodeableConcept": {
              "coding": [
                {
                  "system": "http://snomed.info/sct",
                  "code": "33633005",
                  "display": "Prescription of drug (procedure)"
                }
              ],
              "text": "Prescription of drug (procedure)"
            }
          }
        ],
        "status": "stopped",
        "medicationReference": {
          "reference": ""
        },
        "subject": {
          "reference": "urn:uuid:f38ddff3-8b45-4824-8e9d-57621d232125"
        },
        "context": {
          "reference": "urn:uuid:c949c46b-2a45-498c-9d37-5931b1420179"
        },
        "authoredOn": "2005-10-09",
        "dosageInstruction": [
          {

          }
        ],
        "resourceType": "MedicationRequest"
      }
    },
    {
      "fullUrl": "urn:uuid:a2dffdc5-b5c0-4733-a19b-57173848692d",
      "resource": {
        "id": "a2dffdc5-b5c0-4733-a19b-57173848692d",
        "meta": {
          "profile": [
            "http://standardhealthrecord.org/fhir/StructureDefinition/shr-encounter-Encounter"
          ]
        },
        "status": "finished",
        "class": {
          "code": "emergency"
        },
        "type": [
          {
            "coding": [
              {
                "system": "http://snomed.info/sct",
                "code": "50849002"
              }
            ],
            "text": "Emergency room admission"
          }
        ],
        "subject": {
          "reference": "urn:uuid:f38ddff3-8b45-4824-8e9d-57621d232125"
        },
        "period": {
          "start": "2012-05-02T16:32:19-04:00",
          "end": "2012-05-02T16:32:19-04:00"
        },
        "serviceProvider": {
          "reference": "urn:uuid:c75bfb21-c0e4-4416-87ff-a4f61178e075"
        },
        "resourceType": "Encounter"
      }
    },
    {
      "fullUrl": "urn:uuid:4eec3b87-ecd5-4b96-bc27-710d9d3aea9d",
      "resource": {
        "id": "4eec3b87-ecd5-4b96-bc27-710d9d3aea9d",
        "meta": {
          "profile": [
            "http://standardhealthrecord.org/fhir/StructureDefinition/shr-problem-Problem"
          ]
        },
        "clinicalStatus": "active",
        "verificationStatus": "confirmed",
        "code": {
          "coding": [
            {
              "system": "http://snomed.info/sct",
              "code": "70704007",
              "display": "Sprain of wrist"
            }
          ],
          "text": "Sprain of wrist"
        },
        "subject": {
          "reference": "urn:uuid:f38ddff3-8b45-4824-8e9d-57621d232125"
        },
        "context": {
          "reference": "urn:uuid:a2dffdc5-b5c0-4733-a19b-57173848692d"
        },
        "onsetDateTime": "2012-05-02T16:32:19-04:00",
        "abatementDateTime": "2012-05-25T08:44:24-04:00",
        "assertedDate": "2012-05-02",
        "resourceType": "Condition"
      }
    },
    {
      "resource": {
        "status": "completed",
        "category": [
          {
            "coding": [
              {
                "system": "http://snomed.info/sct",
                "code": "91251008",
                "display": "Physical therapy procedure"
              }
            ]
          }
        ],
        "subject": {
          "reference": "urn:uuid:f38ddff3-8b45-4824-8e9d-57621d232125"
        },
        "context": {
          "reference": "urn:uuid:a2dffdc5-b5c0-4733-a19b-57173848692d"
        },
        "period": {
          "start": "2012-05-02",
          "end": "2012-05-25"
        },
        "addresses": [
          {
            "reference": "urn:uuid:4eec3b87-ecd5-4b96-bc27-710d9d3aea9d"
          }
        ],
        "activity": [
          {
            "detail": {
              "code": {
                "coding": [
                  {
                    "system": "http://snomed.info/sct",
                    "code": "229586001",
                    "display": "Rest, ice, compression and elevation treatment programme"
                  }
                ]
              },
              "status": "completed"
            }
          },
          {
            "detail": {
              "code": {
                "coding": [
                  {
                    "system": "http://snomed.info/sct",
                    "code": "229070002",
                    "display": "Stretching exercises"
                  }
                ]
              },
              "status": "completed"
            }
          }
        ],
        "resourceType": "CarePlan"
      }
    },
    {
      "resource": {
        "meta": {
          "profile": [
            "http://standardhealthrecord.org/fhir/StructureDefinition/shr-medication-Medication"
          ]
        },
        "code": {
          "coding": [
            {
              "system": "http://www.nlm.nih.gov/research/umls/rxnorm",
              "code": "310965",
              "display": "Ibuprofen 200 MG Oral Tablet"
            }
          ],
          "text": "Ibuprofen 200 MG Oral Tablet"
        },
        "resourceType": "Medication"
      }
    },
    {
      "resource": {
        "meta": {
          "profile": [
            "http://standardhealthrecord.org/fhir/StructureDefinition/shr-medication-MedicationPrescription"
          ]
        },
        "extension": [
          {
            "url": "http://standardhealthrecord.org/fhir/StructureDefinition/shr-base-ActionCode-extension",
            "valueCodeableConcept": {
              "coding": [
                {
                  "system": "http://snomed.info/sct",
                  "code": "33633005",
                  "display": "Prescription of drug (procedure)"
                }
              ],
              "text": "Prescription of drug (procedure)"
            }
          }
        ],
        "status": "stopped",
        "medicationReference": {
          "reference": ""
        },
        "subject": {
          "reference": "urn:uuid:f38ddff3-8b45-4824-8e9d-57621d232125"
        },
        "context": {
          "reference": "urn:uuid:a2dffdc5-b5c0-4733-a19b-57173848692d"
        },
        "authoredOn": "2012-05-02",
        "dosageInstruction": [
          {
            "sequence": 1,
            "asNeededBoolean": true
          }
        ],
        "resourceType": "MedicationRequest"
      }
    },
    {
      "fullUrl": "urn:uuid:b5fd5027-4ed9-45fd-8ab2-07091b702b6b",
      "resource": {
        "id": "b5fd5027-4ed9-45fd-8ab2-07091b702b6b",
        "meta": {
          "profile": [
            "http://standardhealthrecord.org/fhir/StructureDefinition/shr-encounter-Encounter"
          ]
        },
        "status": "finished",
        "class": {
          "code": "ambulatory"
        },
        "type": [
          {
            "coding": [
              {
                "system": "http://snomed.info/sct",
                "code": "424441002"
              }
            ],
            "text": "Prenatal initial visit"
          }
        ],
        "subject": {
          "reference": "urn:uuid:f38ddff3-8b45-4824-8e9d-57621d232125"
        },
        "period": {
          "start": "2013-07-07T01:44:47-04:00",
          "end": "2013-07-07T01:44:47-04:00"
        },
        "reason": {
          "coding": [
            {
              "system": "http://snomed.info/sct",
              "code": "72892002",
              "display": "Normal pregnancy"
            }
          ]
        },
        "serviceProvider": {
          "reference": "urn:uuid:c75bfb21-c0e4-4416-87ff-a4f61178e075"
        },
        "resourceType": "Encounter"
      }
    },
    {
      "fullUrl": "urn:uuid:143b5cb3-69a5-45f1-bc8a-ba7b35f7d244",
      "resource": {
        "id": "143b5cb3-69a5-45f1-bc8a-ba7b35f7d244",
        "meta": {
          "profile": [
            "http://standardhealthrecord.org/fhir/StructureDefinition/shr-problem-Problem"
          ]
        },
        "clinicalStatus": "active",
        "verificationStatus": "confirmed",
        "code": {
          "coding": [
            {
              "system": "http://snomed.info/sct",
              "code": "72892002",
              "display": "Normal pregnancy"
            }
          ],
          "text": "Normal pregnancy"
        },
        "subject": {
          "reference": "urn:uuid:f38ddff3-8b45-4824-8e9d-57621d232125"
        },
        "context": {
          "reference": "urn:uuid:b5fd5027-4ed9-45fd-8ab2-07091b702b6b"
        },
        "onsetDateTime": "2013-04-28T01:44:47-04:00",
        "abatementDateTime": "2013-07-17T20:54:28-04:00",
        "assertedDate": "2013-04-28",
        "resourceType": "Condition"
      }
    },
    {
      "resource": {
        "meta": {
          "profile": [
            "http://standardhealthrecord.org/fhir/StructureDefinition/shr-procedure-Procedure"
          ]
        },
        "extension": [
          {
            "url": "http://standardhealthrecord.org/fhir/StructureDefinition/shr-core-CodeableConcept-extension",
            "valueCodeableConcept": {
              "coding": [
                {
                  "system": "http://snomed.info/sct",
                  "code": "252160004",
                  "display": "Standard pregnancy test"
                }
              ],
              "text": "Standard pregnancy test"
            }
          }
        ],
        "status": "completed",
        "code": {
          "coding": [
            {
              "system": "http://snomed.info/sct",
              "code": "252160004",
              "display": "Standard pregnancy test"
            }
          ],
          "text": "Standard pregnancy test"
        },
        "subject": {
          "reference": "urn:uuid:f38ddff3-8b45-4824-8e9d-57621d232125"
        },
        "context": {
          "reference": "urn:uuid:b5fd5027-4ed9-45fd-8ab2-07091b702b6b"
        },
        "performedDateTime": "2013-07-07T01:44:47-04:00",
        "reasonReference": {
          "reference": "urn:uuid:143b5cb3-69a5-45f1-bc8a-ba7b35f7d244",
          "display": "Normal pregnancy"
        },
        "resourceType": "Procedure"
      }
    },
    {
      "fullUrl": "urn:uuid:013e7e98-5ef0-4875-982c-53510333e147",
      "resource": {
        "id": "013e7e98-5ef0-4875-982c-53510333e147",
        "meta": {
          "profile": [
            "http://standardhealthrecord.org/fhir/StructureDefinition/shr-encounter-Encounter"
          ]
        },
        "status": "finished",
        "class": {
          "code": "ambulatory"
        },
        "type": [
          {
            "coding": [
              {
                "system": "http://snomed.info/sct",
                "code": "270427003"
              }
            ],
            "text": "Patient-initiated encounter"
          }
        ],
        "subject": {
          "reference": "urn:uuid:f38ddff3-8b45-4824-8e9d-57621d232125"
        },
        "period": {
          "start": "2013-07-17T20:54:28-04:00",
          "end": "2013-07-17T20:54:28-04:00"
        },
        "reason": {
          "coding": [
            {
              "system": "http://snomed.info/sct",
              "code": "72892002",
              "display": "Normal pregnancy"
            }
          ]
        },
        "serviceProvider": {
          "reference": "urn:uuid:c75bfb21-c0e4-4416-87ff-a4f61178e075"
        },
        "resourceType": "Encounter"
      }
    },
    {
      "resource": {
        "meta": {
          "profile": [
            "http://standardhealthrecord.org/fhir/StructureDefinition/shr-procedure-Procedure"
          ]
        },
        "extension": [
          {
            "url": "http://standardhealthrecord.org/fhir/StructureDefinition/shr-core-CodeableConcept-extension",
            "valueCodeableConcept": {
              "coding": [
                {
                  "system": "http://snomed.info/sct",
                  "code": "714812005",
                  "display": "Induced termination of pregnancy"
                }
              ],
              "text": "Induced termination of pregnancy"
            }
          }
        ],
        "status": "completed",
        "code": {
          "coding": [
            {
              "system": "http://snomed.info/sct",
              "code": "714812005",
              "display": "Induced termination of pregnancy"
            }
          ],
          "text": "Induced termination of pregnancy"
        },
        "subject": {
          "reference": "urn:uuid:f38ddff3-8b45-4824-8e9d-57621d232125"
        },
        "context": {
          "reference": "urn:uuid:013e7e98-5ef0-4875-982c-53510333e147"
        },
        "performedDateTime": "2013-07-17T20:54:28-04:00",
        "reasonReference": {
          "reference": "urn:uuid:143b5cb3-69a5-45f1-bc8a-ba7b35f7d244",
          "display": "Normal pregnancy"
        },
        "resourceType": "Procedure"
      }
    },
    {
      "fullUrl": "urn:uuid:411123d6-371f-4c71-9541-318a85fd6fa5",
      "resource": {
        "id": "411123d6-371f-4c71-9541-318a85fd6fa5",
        "meta": {
          "profile": [
            "http://standardhealthrecord.org/fhir/StructureDefinition/shr-encounter-Encounter"
          ]
        },
        "status": "finished",
        "class": {
          "code": "outpatient"
        },
        "type": [
          {
            "coding": [
              {
                "system": "http://snomed.info/sct",
                "code": "698314001"
              }
            ],
            "text": "Consultation for treatment"
          }
        ],
        "subject": {
          "reference": "urn:uuid:f38ddff3-8b45-4824-8e9d-57621d232125"
        },
        "period": {
          "start": "2013-07-28T01:44:47-04:00",
          "end": "2013-07-28T01:44:47-04:00"
        },
        "serviceProvider": {
          "reference": "urn:uuid:c75bfb21-c0e4-4416-87ff-a4f61178e075"
        },
        "resourceType": "Encounter"
      }
    },
    {
      "resource": {
        "meta": {
          "profile": [
            "http://standardhealthrecord.org/fhir/StructureDefinition/shr-medication-Medication"
          ]
        },
        "code": {
          "coding": [
            {
              "system": "http://www.nlm.nih.gov/research/umls/rxnorm",
              "code": "978950",
              "display": "Natazia 28 Day Pack"
            }
          ],
          "text": "Natazia 28 Day Pack"
        },
        "resourceType": "Medication"
      }
    },
    {
      "resource": {
        "meta": {
          "profile": [
            "http://standardhealthrecord.org/fhir/StructureDefinition/shr-medication-MedicationPrescription"
          ]
        },
        "extension": [
          {
            "url": "http://standardhealthrecord.org/fhir/StructureDefinition/shr-base-ActionCode-extension",
            "valueCodeableConcept": {
              "coding": [
                {
                  "system": "http://snomed.info/sct",
                  "code": "33633005",
                  "display": "Prescription of drug (procedure)"
                }
              ],
              "text": "Prescription of drug (procedure)"
            }
          }
        ],
        "status": "active",
        "medicationReference": {
          "reference": ""
        },
        "subject": {
          "reference": "urn:uuid:f38ddff3-8b45-4824-8e9d-57621d232125"
        },
        "context": {
          "reference": "urn:uuid:411123d6-371f-4c71-9541-318a85fd6fa5"
        },
        "authoredOn": "2013-07-28",
        "dosageInstruction": [
          {

          }
        ],
        "resourceType": "MedicationRequest"
      }
    },
    {
      "fullUrl": "urn:uuid:d1ea176c-57c7-493d-8394-ce67078d41e9",
      "resource": {
        "id": "d1ea176c-57c7-493d-8394-ce67078d41e9",
        "meta": {
          "profile": [
            "http://standardhealthrecord.org/fhir/StructureDefinition/shr-encounter-Encounter"
          ]
        },
        "status": "finished",
        "class": {
          "code": "emergency"
        },
        "type": [
          {
            "coding": [
              {
                "system": "http://snomed.info/sct",
                "code": "50849002"
              }
            ],
            "text": "Emergency Encounter"
          }
        ],
        "subject": {
          "reference": "urn:uuid:f38ddff3-8b45-4824-8e9d-57621d232125"
        },
        "period": {
          "start": "2015-01-04T01:44:47-05:00",
          "end": "2015-01-08T01:44:47-05:00"
        },
        "serviceProvider": {
          "reference": "urn:uuid:c75bfb21-c0e4-4416-87ff-a4f61178e075"
        },
        "resourceType": "Encounter"
      }
    },
    {
      "fullUrl": "urn:uuid:6218bff6-5358-43fc-908d-27e9bdcd8423",
      "resource": {
        "id": "6218bff6-5358-43fc-908d-27e9bdcd8423",
        "meta": {
          "profile": [
            "http://standardhealthrecord.org/fhir/StructureDefinition/shr-problem-Problem"
          ]
        },
        "clinicalStatus": "active",
        "verificationStatus": "confirmed",
        "code": {
          "coding": [
            {
              "system": "http://snomed.info/sct",
              "code": "410429000",
              "display": "Cardiac Arrest"
            }
          ],
          "text": "Cardiac Arrest"
        },
        "subject": {
          "reference": "urn:uuid:f38ddff3-8b45-4824-8e9d-57621d232125"
        },
        "context": {
          "reference": "urn:uuid:d1ea176c-57c7-493d-8394-ce67078d41e9"
        },
        "onsetDateTime": "2015-01-04T01:44:47-05:00",
        "assertedDate": "2015-01-04",
        "resourceType": "Condition"
      }
    },
    {
      "fullUrl": "urn:uuid:7d16a281-6347-457c-b70b-f0f8864cc191",
      "resource": {
        "id": "7d16a281-6347-457c-b70b-f0f8864cc191",
        "meta": {
          "profile": [
            "http://standardhealthrecord.org/fhir/StructureDefinition/shr-problem-Problem"
          ]
        },
        "clinicalStatus": "active",
        "verificationStatus": "confirmed",
        "code": {
          "coding": [
            {
              "system": "http://snomed.info/sct",
              "code": "429007001",
              "display": "History of cardiac arrest (situation)"
            }
          ],
          "text": "History of cardiac arrest (situation)"
        },
        "subject": {
          "reference": "urn:uuid:f38ddff3-8b45-4824-8e9d-57621d232125"
        },
        "context": {
          "reference": "urn:uuid:d1ea176c-57c7-493d-8394-ce67078d41e9"
        },
        "onsetDateTime": "2015-01-04T01:44:47-05:00",
        "assertedDate": "2015-01-04",
        "resourceType": "Condition"
      }
    },
    {
      "resource": {
        "meta": {
          "profile": [
            "http://standardhealthrecord.org/fhir/StructureDefinition/shr-procedure-Procedure"
          ]
        },
        "extension": [
          {
            "url": "http://standardhealthrecord.org/fhir/StructureDefinition/shr-core-CodeableConcept-extension",
            "valueCodeableConcept": {
              "coding": [
                {
                  "system": "http://snomed.info/sct",
                  "code": "447365002",
                  "display": "Insertion of biventricular implantable cardioverter defibrillator"
                }
              ],
              "text": "Insertion of biventricular implantable cardioverter defibrillator"
            }
          }
        ],
        "status": "completed",
        "code": {
          "coding": [
            {
              "system": "http://snomed.info/sct",
              "code": "447365002",
              "display": "Insertion of biventricular implantable cardioverter defibrillator"
            }
          ],
          "text": "Insertion of biventricular implantable cardioverter defibrillator"
        },
        "subject": {
          "reference": "urn:uuid:f38ddff3-8b45-4824-8e9d-57621d232125"
        },
        "context": {
          "reference": "urn:uuid:d1ea176c-57c7-493d-8394-ce67078d41e9"
        },
        "performedDateTime": "2015-01-04T01:44:47-05:00",
        "resourceType": "Procedure"
      }
    },
    {
      "resource": {
        "meta": {
          "profile": [
            "http://standardhealthrecord.org/fhir/StructureDefinition/shr-procedure-Procedure"
          ]
        },
        "extension": [
          {
            "url": "http://standardhealthrecord.org/fhir/StructureDefinition/shr-core-CodeableConcept-extension",
            "valueCodeableConcept": {
              "coding": [
                {
                  "system": "http://snomed.info/sct",
                  "code": "18286008",
                  "display": "Catheter ablation of tissue of heart"
                }
              ],
              "text": "Catheter ablation of tissue of heart"
            }
          }
        ],
        "status": "completed",
        "code": {
          "coding": [
            {
              "system": "http://snomed.info/sct",
              "code": "18286008",
              "display": "Catheter ablation of tissue of heart"
            }
          ],
          "text": "Catheter ablation of tissue of heart"
        },
        "subject": {
          "reference": "urn:uuid:f38ddff3-8b45-4824-8e9d-57621d232125"
        },
        "context": {
          "reference": "urn:uuid:d1ea176c-57c7-493d-8394-ce67078d41e9"
        },
        "performedDateTime": "2015-01-04T01:44:47-05:00",
        "resourceType": "Procedure"
      }
    },
    {
      "resource": {
        "meta": {
          "profile": [
            "http://standardhealthrecord.org/fhir/StructureDefinition/shr-medication-Medication"
          ]
        },
        "code": {
          "coding": [
            {
              "system": "http://www.nlm.nih.gov/research/umls/rxnorm",
              "code": "727374",
              "display": "1 ML Epinephrine 1 MG/ML Prefilled Syringe"
            }
          ],
          "text": "1 ML Epinephrine 1 MG/ML Prefilled Syringe"
        },
        "resourceType": "Medication"
      }
    },
    {
      "resource": {
        "meta": {
          "profile": [
            "http://standardhealthrecord.org/fhir/StructureDefinition/shr-medication-MedicationPrescription"
          ]
        },
        "extension": [
          {
            "url": "http://standardhealthrecord.org/fhir/StructureDefinition/shr-base-ActionCode-extension",
            "valueCodeableConcept": {
              "coding": [
                {
                  "system": "http://snomed.info/sct",
                  "code": "33633005",
                  "display": "Prescription of drug (procedure)"
                }
              ],
              "text": "Prescription of drug (procedure)"
            }
          }
        ],
        "status": "stopped",
        "medicationReference": {
          "reference": ""
        },
        "subject": {
          "reference": "urn:uuid:f38ddff3-8b45-4824-8e9d-57621d232125"
        },
        "context": {
          "reference": "urn:uuid:d1ea176c-57c7-493d-8394-ce67078d41e9"
        },
        "authoredOn": "2015-01-04",
        "reasonReference": [
          {
            "reference": "urn:uuid:6218bff6-5358-43fc-908d-27e9bdcd8423"
          }
        ],
        "dosageInstruction": [
          {

          }
        ],
        "resourceType": "MedicationRequest"
      }
    },
    {
      "resource": {
        "meta": {
          "profile": [
            "http://standardhealthrecord.org/fhir/StructureDefinition/shr-medication-Medication"
          ]
        },
        "code": {
          "coding": [
            {
              "system": "http://www.nlm.nih.gov/research/umls/rxnorm",
              "code": "834357",
              "display": "3 ML Amiodarone hydrocholoride 50 MG/ML Prefilled Syringe"
            }
          ],
          "text": "3 ML Amiodarone hydrocholoride 50 MG/ML Prefilled Syringe"
        },
        "resourceType": "Medication"
      }
    },
    {
      "resource": {
        "meta": {
          "profile": [
            "http://standardhealthrecord.org/fhir/StructureDefinition/shr-medication-MedicationPrescription"
          ]
        },
        "extension": [
          {
            "url": "http://standardhealthrecord.org/fhir/StructureDefinition/shr-base-ActionCode-extension",
            "valueCodeableConcept": {
              "coding": [
                {
                  "system": "http://snomed.info/sct",
                  "code": "33633005",
                  "display": "Prescription of drug (procedure)"
                }
              ],
              "text": "Prescription of drug (procedure)"
            }
          }
        ],
        "status": "stopped",
        "medicationReference": {
          "reference": ""
        },
        "subject": {
          "reference": "urn:uuid:f38ddff3-8b45-4824-8e9d-57621d232125"
        },
        "context": {
          "reference": "urn:uuid:d1ea176c-57c7-493d-8394-ce67078d41e9"
        },
        "authoredOn": "2015-01-04",
        "reasonReference": [
          {
            "reference": "urn:uuid:6218bff6-5358-43fc-908d-27e9bdcd8423"
          }
        ],
        "dosageInstruction": [
          {

          }
        ],
        "resourceType": "MedicationRequest"
      }
    },
    {
      "resource": {
        "meta": {
          "profile": [
            "http://standardhealthrecord.org/fhir/StructureDefinition/shr-medication-Medication"
          ]
        },
        "code": {
          "coding": [
            {
              "system": "http://www.nlm.nih.gov/research/umls/rxnorm",
              "code": "1190795",
              "display": "Atropine Sulfate 1 MG/ML Injectable Solution"
            }
          ],
          "text": "Atropine Sulfate 1 MG/ML Injectable Solution"
        },
        "resourceType": "Medication"
      }
    },
    {
      "resource": {
        "meta": {
          "profile": [
            "http://standardhealthrecord.org/fhir/StructureDefinition/shr-medication-MedicationPrescription"
          ]
        },
        "extension": [
          {
            "url": "http://standardhealthrecord.org/fhir/StructureDefinition/shr-base-ActionCode-extension",
            "valueCodeableConcept": {
              "coding": [
                {
                  "system": "http://snomed.info/sct",
                  "code": "33633005",
                  "display": "Prescription of drug (procedure)"
                }
              ],
              "text": "Prescription of drug (procedure)"
            }
          }
        ],
        "status": "stopped",
        "medicationReference": {
          "reference": ""
        },
        "subject": {
          "reference": "urn:uuid:f38ddff3-8b45-4824-8e9d-57621d232125"
        },
        "context": {
          "reference": "urn:uuid:d1ea176c-57c7-493d-8394-ce67078d41e9"
        },
        "authoredOn": "2015-01-04",
        "reasonReference": [
          {
            "reference": "urn:uuid:6218bff6-5358-43fc-908d-27e9bdcd8423"
          }
        ],
        "dosageInstruction": [
          {

          }
        ],
        "resourceType": "MedicationRequest"
      }
    },
    {
      "fullUrl": "urn:uuid:0008d9be-76e1-49f3-8231-7b437076143e",
      "resource": {
        "id": "0008d9be-76e1-49f3-8231-7b437076143e",
        "meta": {
          "profile": [
            "http://standardhealthrecord.org/fhir/StructureDefinition/shr-encounter-Encounter"
          ]
        },
        "status": "finished",
        "class": {
          "code": "emergency"
        },
        "type": [
          {
            "coding": [
              {
                "system": "http://snomed.info/sct",
                "code": "50849002"
              }
            ],
            "text": "Emergency room admission"
          }
        ],
        "subject": {
          "reference": "urn:uuid:f38ddff3-8b45-4824-8e9d-57621d232125"
        },
        "period": {
          "start": "2015-04-12T12:58:39-04:00",
          "end": "2015-04-12T13:21:28-04:00"
        },
        "serviceProvider": {
          "reference": "urn:uuid:c75bfb21-c0e4-4416-87ff-a4f61178e075"
        },
        "resourceType": "Encounter"
      }
    },
    {
      "fullUrl": "urn:uuid:34fc2a55-3db6-4547-857b-872d5c86a619",
      "resource": {
        "id": "34fc2a55-3db6-4547-857b-872d5c86a619",
        "meta": {
          "profile": [
            "http://standardhealthrecord.org/fhir/StructureDefinition/shr-problem-Problem"
          ]
        },
        "clinicalStatus": "active",
        "verificationStatus": "confirmed",
        "code": {
          "coding": [
            {
              "system": "http://snomed.info/sct",
              "code": "283385000",
              "display": "Laceration of thigh"
            }
          ],
          "text": "Laceration of thigh"
        },
        "subject": {
          "reference": "urn:uuid:f38ddff3-8b45-4824-8e9d-57621d232125"
        },
        "context": {
          "reference": "urn:uuid:0008d9be-76e1-49f3-8231-7b437076143e"
        },
        "onsetDateTime": "2015-04-12T12:58:39-04:00",
        "abatementDateTime": "2015-05-03T05:07:40-04:00",
        "assertedDate": "2015-04-12",
        "resourceType": "Condition"
      }
    },
    {
      "resource": {
        "meta": {
          "profile": [
            "http://standardhealthrecord.org/fhir/StructureDefinition/shr-procedure-Procedure"
          ]
        },
        "extension": [
          {
            "url": "http://standardhealthrecord.org/fhir/StructureDefinition/shr-core-CodeableConcept-extension",
            "valueCodeableConcept": {
              "coding": [
                {
                  "system": "http://snomed.info/sct",
                  "code": "288086009",
                  "display": "Suture open wound"
                }
              ],
              "text": "Suture open wound"
            }
          }
        ],
        "status": "completed",
        "code": {
          "coding": [
            {
              "system": "http://snomed.info/sct",
              "code": "288086009",
              "display": "Suture open wound"
            }
          ],
          "text": "Suture open wound"
        },
        "subject": {
          "reference": "urn:uuid:f38ddff3-8b45-4824-8e9d-57621d232125"
        },
        "context": {
          "reference": "urn:uuid:0008d9be-76e1-49f3-8231-7b437076143e"
        },
        "performedPeriod": {
          "start": "2015-04-12T12:58:39-04:00",
          "end": "2015-04-12T13:25:53-04:00"
        },
        "reasonReference": {
          "reference": "urn:uuid:34fc2a55-3db6-4547-857b-872d5c86a619",
          "display": "Laceration of thigh"
        },
        "resourceType": "Procedure"
      }
    },
    {
      "resource": {
        "status": "completed",
        "category": [
          {
            "coding": [
              {
                "system": "http://snomed.info/sct",
                "code": "225358003",
                "display": "Wound care"
              }
            ]
          }
        ],
        "subject": {
          "reference": "urn:uuid:f38ddff3-8b45-4824-8e9d-57621d232125"
        },
        "context": {
          "reference": "urn:uuid:0008d9be-76e1-49f3-8231-7b437076143e"
        },
        "period": {
          "start": "2015-04-12",
          "end": "2015-05-03"
        },
        "addresses": [
          {
            "reference": "urn:uuid:34fc2a55-3db6-4547-857b-872d5c86a619"
          }
        ],
        "activity": [
          {
            "detail": {
              "code": {
                "coding": [
                  {
                    "system": "http://snomed.info/sct",
                    "code": "385949008",
                    "display": "Dressing change management"
                  }
                ]
              },
              "status": "completed"
            }
          },
          {
            "detail": {
              "code": {
                "coding": [
                  {
                    "system": "http://snomed.info/sct",
                    "code": "439830001",
                    "display": "Behavior to prevent infection"
                  }
                ]
              },
              "status": "completed"
            }
          }
        ],
        "resourceType": "CarePlan"
      }
    },
    {
      "resource": {
        "meta": {
          "profile": [
            "http://standardhealthrecord.org/fhir/StructureDefinition/shr-medication-Medication"
          ]
        },
        "code": {
          "coding": [
            {
              "system": "http://www.nlm.nih.gov/research/umls/rxnorm",
              "code": "313782",
              "display": "Acetaminophen 325 MG Oral Tablet"
            }
          ],
          "text": "Acetaminophen 325 MG Oral Tablet"
        },
        "resourceType": "Medication"
      }
    },
    {
      "resource": {
        "meta": {
          "profile": [
            "http://standardhealthrecord.org/fhir/StructureDefinition/shr-medication-MedicationPrescription"
          ]
        },
        "extension": [
          {
            "url": "http://standardhealthrecord.org/fhir/StructureDefinition/shr-base-ActionCode-extension",
            "valueCodeableConcept": {
              "coding": [
                {
                  "system": "http://snomed.info/sct",
                  "code": "33633005",
                  "display": "Prescription of drug (procedure)"
                }
              ],
              "text": "Prescription of drug (procedure)"
            }
          }
        ],
        "status": "stopped",
        "medicationReference": {
          "reference": ""
        },
        "subject": {
          "reference": "urn:uuid:f38ddff3-8b45-4824-8e9d-57621d232125"
        },
        "context": {
          "reference": "urn:uuid:0008d9be-76e1-49f3-8231-7b437076143e"
        },
        "authoredOn": "2015-04-12",
        "dosageInstruction": [
          {
            "sequence": 1,
            "asNeededBoolean": true
          }
        ],
        "resourceType": "MedicationRequest"
      }
    },
    {
      "fullUrl": "urn:uuid:762236ab-64bb-49ba-af63-19c7d3e6daa1",
      "resource": {
        "id": "762236ab-64bb-49ba-af63-19c7d3e6daa1",
        "meta": {
          "profile": [
            "http://standardhealthrecord.org/fhir/StructureDefinition/shr-encounter-Encounter"
          ]
        },
        "status": "finished",
        "class": {
          "code": "outpatient"
        },
        "type": [
          {
            "coding": [
              {
                "system": "http://snomed.info/sct",
                "code": "185349003"
              }
            ],
            "text": "Outpatient Encounter"
          }
        ],
        "subject": {
          "reference": "urn:uuid:f38ddff3-8b45-4824-8e9d-57621d232125"
        },
        "period": {
          "start": "2015-04-27T14:20:38-04:00",
          "end": "2015-04-27T15:20:38-04:00"
        },
        "serviceProvider": {
          "reference": "urn:uuid:c75bfb21-c0e4-4416-87ff-a4f61178e075"
        },
        "resourceType": "Encounter"
      }
    },
    {
      "fullUrl": "urn:uuid:4a988203-fadc-46cd-9c79-5f740da92f40",
      "resource": {
        "id": "4a988203-fadc-46cd-9c79-5f740da92f40",
        "meta": {
          "profile": [
            "http://standardhealthrecord.org/fhir/StructureDefinition/shr-observation-Observation",
            "http://standardhealthrecord.org/fhir/StructureDefinition/shr-vital-VitalSign",
            "http://standardhealthrecord.org/fhir/StructureDefinition/shr-vital-BodyHeight"
          ]
        },
        "status": "final",
        "category": [
          {
            "coding": [
              {
                "system": "http://hl7.org/fhir/observation-category",
                "code": "vital-signs"
              }
            ]
          }
        ],
        "code": {
          "coding": [
            {
              "system": "http://loinc.org",
              "code": "8302-2",
              "display": "Body Height"
            }
          ],
          "text": "Body Height"
        },
        "subject": {
          "reference": "urn:uuid:f38ddff3-8b45-4824-8e9d-57621d232125"
        },
        "context": {
          "reference": "urn:uuid:762236ab-64bb-49ba-af63-19c7d3e6daa1"
        },
        "effectiveDateTime": "2015-04-27T14:20:38-04:00",
        "issued": "2015-04-27T14:20:38-04:00",
        "valueQuantity": {
          "value": 158.2282607827002,
          "unit": "cm",
          "system": "http://unitsofmeasure.org/",
          "code": "cm"
        },
        "resourceType": "Observation"
      }
    },
    {
      "fullUrl": "urn:uuid:c8a8aece-25fb-43a1-b682-ac0923ae06ce",
      "resource": {
        "id": "c8a8aece-25fb-43a1-b682-ac0923ae06ce",
        "meta": {
          "profile": [
            "http://standardhealthrecord.org/fhir/StructureDefinition/shr-observation-Observation",
            "http://standardhealthrecord.org/fhir/StructureDefinition/shr-vital-VitalSign",
            "http://standardhealthrecord.org/fhir/StructureDefinition/shr-vital-BodyWeight"
          ]
        },
        "status": "final",
        "category": [
          {
            "coding": [
              {
                "system": "http://hl7.org/fhir/observation-category",
                "code": "vital-signs"
              }
            ]
          }
        ],
        "code": {
          "coding": [
            {
              "system": "http://loinc.org",
              "code": "29463-7",
              "display": "Body Weight"
            }
          ],
          "text": "Body Weight"
        },
        "subject": {
          "reference": "urn:uuid:f38ddff3-8b45-4824-8e9d-57621d232125"
        },
        "context": {
          "reference": "urn:uuid:762236ab-64bb-49ba-af63-19c7d3e6daa1"
        },
        "effectiveDateTime": "2015-04-27T14:20:38-04:00",
        "issued": "2015-04-27T14:20:38-04:00",
        "valueQuantity": {
          "value": 62.82858394496617,
          "unit": "kg",
          "system": "http://unitsofmeasure.org/",
          "code": "kg"
        },
        "resourceType": "Observation"
      }
    },
    {
      "fullUrl": "urn:uuid:a50b9172-00ae-44e9-a91c-6fc60d80c7c4",
      "resource": {
        "id": "a50b9172-00ae-44e9-a91c-6fc60d80c7c4",
        "meta": {
          "profile": [
            "http://standardhealthrecord.org/fhir/StructureDefinition/shr-observation-Observation",
            "http://standardhealthrecord.org/fhir/StructureDefinition/shr-vital-VitalSign",
            "http://standardhealthrecord.org/fhir/StructureDefinition/shr-vital-BodyMassIndex"
          ]
        },
        "status": "final",
        "category": [
          {
            "coding": [
              {
                "system": "http://hl7.org/fhir/observation-category",
                "code": "vital-signs"
              }
            ]
          }
        ],
        "code": {
          "coding": [
            {
              "system": "http://loinc.org",
              "code": "39156-5",
              "display": "Body Mass Index"
            }
          ],
          "text": "Body Mass Index"
        },
        "subject": {
          "reference": "urn:uuid:f38ddff3-8b45-4824-8e9d-57621d232125"
        },
        "context": {
          "reference": "urn:uuid:762236ab-64bb-49ba-af63-19c7d3e6daa1"
        },
        "effectiveDateTime": "2015-04-27T14:20:38-04:00",
        "issued": "2015-04-27T14:20:38-04:00",
        "valueQuantity": {
          "value": 25.09511340999075,
          "unit": "kg/m2",
          "system": "http://unitsofmeasure.org/",
          "code": "kg/m2"
        },
        "resourceType": "Observation"
      }
    },
    {
      "fullUrl": "urn:uuid:67eba5ef-780a-4b29-8916-daffc430200c",
      "resource": {
        "id": "67eba5ef-780a-4b29-8916-daffc430200c",
        "meta": {
          "profile": [
            "http://standardhealthrecord.org/fhir/StructureDefinition/shr-observation-Observation",
            "http://standardhealthrecord.org/fhir/StructureDefinition/shr-vital-BloodPressure"
          ]
        },
        "status": "final",
        "category": [
          {
            "coding": [
              {
                "system": "http://hl7.org/fhir/observation-category",
                "code": "vital-signs"
              }
            ]
          }
        ],
        "code": {
          "coding": [
            {
              "system": "http://loinc.org",
              "code": "55284-4",
              "display": "Blood Pressure"
            }
          ]
        },
        "subject": {
          "reference": "urn:uuid:f38ddff3-8b45-4824-8e9d-57621d232125"
        },
        "context": {
          "reference": "urn:uuid:762236ab-64bb-49ba-af63-19c7d3e6daa1"
        },
        "effectiveDateTime": "2015-04-27T14:20:38-04:00",
        "issued": "2015-04-27T14:20:38-04:00",
        "component": [
          {
            "code": {
              "coding": [
                {
                  "system": "http://loinc.org",
                  "code": "8480-6",
                  "display": "Systolic Blood Pressure"
                }
              ],
              "text": "Systolic Blood Pressure"
            },
            "valueQuantity": {
              "value": 132,
              "unit": "mmHg",
              "system": "http://unitsofmeasure.org/",
              "code": "mmHg"
            }
          },
          {
            "code": {
              "coding": [
                {
                  "system": "http://loinc.org",
                  "code": "8462-4",
                  "display": "Diastolic Blood Pressure"
                }
              ],
              "text": "Diastolic Blood Pressure"
            },
            "valueQuantity": {
              "value": 76,
              "unit": "mmHg",
              "system": "http://unitsofmeasure.org/",
              "code": "mmHg"
            }
          }
        ],
        "resourceType": "Observation"
      }
    },
    {
      "resource": {
        "meta": {
          "profile": [
            "http://standardhealthrecord.org/fhir/StructureDefinition/shr-procedure-Procedure"
          ]
        },
        "extension": [
          {
            "url": "http://standardhealthrecord.org/fhir/StructureDefinition/shr-core-CodeableConcept-extension",
            "valueCodeableConcept": {
              "coding": [
                {
                  "system": "http://snomed.info/sct",
                  "code": "428191000124101",
                  "display": "Documentation of current medications"
                }
              ],
              "text": "Documentation of current medications"
            }
          }
        ],
        "status": "completed",
        "code": {
          "coding": [
            {
              "system": "http://snomed.info/sct",
              "code": "428191000124101",
              "display": "Documentation of current medications"
            }
          ],
          "text": "Documentation of current medications"
        },
        "subject": {
          "reference": "urn:uuid:f38ddff3-8b45-4824-8e9d-57621d232125"
        },
        "context": {
          "reference": "urn:uuid:762236ab-64bb-49ba-af63-19c7d3e6daa1"
        },
        "performedDateTime": "2015-04-27T14:20:38-04:00",
        "resourceType": "Procedure"
      }
    },
    {
      "resource": {
        "meta": {
          "profile": [
            "http://standardhealthrecord.org/fhir/StructureDefinition/shr-immunization-Immunization"
          ]
        },
        "status": "completed",
        "notGiven": false,
        "vaccineCode": {
          "coding": [
            {
              "system": "http://hl7.org/fhir/sid/cvx",
              "code": "140",
              "display": "Influenza, seasonal, injectable, preservative free"
            }
          ],
          "text": "Influenza, seasonal, injectable, preservative free"
        },
        "patient": {
          "reference": "urn:uuid:f38ddff3-8b45-4824-8e9d-57621d232125"
        },
        "encounter": {
          "reference": "urn:uuid:762236ab-64bb-49ba-af63-19c7d3e6daa1"
        },
        "date": "2015-04-27T14:20:38-04:00",
        "primarySource": true,
        "resourceType": "Immunization"
      }
    },
    {
      "resource": {
        "status": "active",
        "category": [
          {
            "coding": [
              {
                "system": "http://snomed.info/sct",
                "code": "698358001",
                "display": "Angina self management plan"
              }
            ]
          }
        ],
        "subject": {
          "reference": "urn:uuid:f38ddff3-8b45-4824-8e9d-57621d232125"
        },
        "context": {
          "reference": "urn:uuid:762236ab-64bb-49ba-af63-19c7d3e6daa1"
        },
        "period": {
          "start": "2015-04-27"
        },
        "addresses": [
          {
            "reference": "urn:uuid:6218bff6-5358-43fc-908d-27e9bdcd8423"
          }
        ],
        "activity": [
          {
            "detail": {
              "code": {
                "coding": [
                  {
                    "system": "http://snomed.info/sct",
                    "code": "229065009",
                    "display": "Exercise therapy"
                  }
                ]
              },
              "status": "in-progress"
            }
          },
          {
            "detail": {
              "code": {
                "coding": [
                  {
                    "system": "http://snomed.info/sct",
                    "code": "226060000",
                    "display": "Stress management"
                  }
                ]
              },
              "status": "in-progress"
            }
          },
          {
            "detail": {
              "code": {
                "coding": [
                  {
                    "system": "http://snomed.info/sct",
                    "code": "710081004",
                    "display": "Smoking cessation therapy"
                  }
                ]
              },
              "status": "in-progress"
            }
          },
          {
            "detail": {
              "code": {
                "coding": [
                  {
                    "system": "http://snomed.info/sct",
                    "code": "226234005",
                    "display": "Healthy diet"
                  }
                ]
              },
              "status": "in-progress"
            }
          }
        ],
        "resourceType": "CarePlan"
      }
    },
    {
      "fullUrl": "urn:uuid:206c2d62-4ec1-49ff-b417-291da3d0e716",
      "resource": {
        "id": "206c2d62-4ec1-49ff-b417-291da3d0e716",
        "meta": {
          "profile": [
            "http://standardhealthrecord.org/fhir/StructureDefinition/shr-encounter-Encounter"
          ]
        },
        "status": "finished",
        "class": {
          "code": "ambulatory"
        },
        "type": [
          {
            "coding": [
              {
                "system": "http://snomed.info/sct",
                "code": "185345009"
              }
            ],
            "text": "Encounter for symptom"
          }
        ],
        "subject": {
          "reference": "urn:uuid:f38ddff3-8b45-4824-8e9d-57621d232125"
        },
        "period": {
          "start": "2016-04-21T10:58:19-04:00",
          "end": "2016-04-21T10:58:19-04:00"
        },
        "reason": {
          "coding": [
            {
              "system": "http://snomed.info/sct",
              "code": "444814009",
              "display": "Viral sinusitis (disorder)"
            }
          ]
        },
        "serviceProvider": {
          "reference": "urn:uuid:c75bfb21-c0e4-4416-87ff-a4f61178e075"
        },
        "resourceType": "Encounter"
      }
    },
    {
      "fullUrl": "urn:uuid:7cf27d5b-b286-45f5-872e-d731659a1fb1",
      "resource": {
        "id": "7cf27d5b-b286-45f5-872e-d731659a1fb1",
        "meta": {
          "profile": [
            "http://standardhealthrecord.org/fhir/StructureDefinition/shr-problem-Problem"
          ]
        },
        "clinicalStatus": "active",
        "verificationStatus": "confirmed",
        "code": {
          "coding": [
            {
              "system": "http://snomed.info/sct",
              "code": "444814009",
              "display": "Viral sinusitis (disorder)"
            }
          ],
          "text": "Viral sinusitis (disorder)"
        },
        "subject": {
          "reference": "urn:uuid:f38ddff3-8b45-4824-8e9d-57621d232125"
        },
        "context": {
          "reference": "urn:uuid:206c2d62-4ec1-49ff-b417-291da3d0e716"
        },
        "onsetDateTime": "2016-04-15T15:53:23-04:00",
        "abatementDateTime": "2016-05-17T18:32:10-04:00",
        "assertedDate": "2016-04-15",
        "resourceType": "Condition"
      }
    }
  ],
  "resourceType": "Bundle"
}