{
  "type": "collection",
  "entry": [
    {
      "fullUrl": "urn:uuid:70f77536-bc1c-4d79-9390-12f40a814b34",
      "resource": {
        "id": "70f77536-bc1c-4d79-9390-12f40a814b34",
        "meta": {
          "profile": [
            "http://standardhealthrecord.org/fhir/StructureDefinition/shr-demographics-PersonOfRecord"
          ]
        },
        "text": {
          "status": "generated",
          "div": "<div>Generated by <a href=\"https://github.com/synthetichealth/synthea\">Synthea</a>. Version identifier: 4d02400401b9fab839e47bf5b2f1f6a8c683ab55</div>"
        },
        "extension": [
          {
            "url": "http://hl7.org/fhir/us/core/StructureDefinition/us-core-race",
            "valueCodeableConcept": {
              "coding": [
                {
                  "system": "http://hl7.org/fhir/v3/Race",
                  "code": "2106-3",
                  "display": "White"
                }
              ],
              "text": "race"
            }
          },
          {
            "url": "http://hl7.org/fhir/us/core/StructureDefinition/us-core-ethnicity",
            "valueCodeableConcept": {
              "coding": [
                {
                  "system": "http://hl7.org/fhir/v3/Ethnicity",
                  "code": "2186-5",
                  "display": "Nonhispanic"
                }
              ],
              "text": "ethnicity"
            }
          },
          {
            "url": "http://hl7.org/fhir/StructureDefinition/birthPlace",
            "valueAddress": {
              "city": "New Bedford",
              "state": "MA",
              "country": "US"
            }
          },
          {
            "url": "http://hl7.org/fhir/StructureDefinition/patient-mothersMaidenName",
            "valueString": "Marques471 Mayert708"
          },
          {
            "url": "http://hl7.org/fhir/us/core/StructureDefinition/us-core-birthsex",
            "valueCode": "M"
          },
          {
            "url": "http://hl7.org/fhir/StructureDefinition/patient-interpreterRequired",
            "valueBoolean": false
          },
          {
            "url": "http://standardhealthrecord.org/fhir/StructureDefinition/shr-actor-FictionalPerson-extension",
            "valueBoolean": true
          },
          {
            "url": "http://standardhealthrecord.org/fhir/StructureDefinition/shr-demographics-FathersName-extension",
            "valueHumanName": {
              "text": "Buddy863 Abernathy959"
            }
          },
          {
            "url": "http://standardhealthrecord.org/fhir/StructureDefinition/shr-demographics-SocialSecurityNumber-extension",
            "valueString": "999-67-3670"
          }
        ],
        "identifier": [
          {
            "system": "https://github.com/synthetichealth/synthea",
            "value": "c8ca59a8-b24f-44c4-ad59-d5d2f7515404"
          },
          {
            "type": {
              "coding": [
                {
                  "system": "http://hl7.org/fhir/identifier-type",
                  "code": "SB"
                }
              ]
            },
            "system": "http://hl7.org/fhir/sid/us-ssn",
            "value": "999673670"
          },
          {
            "type": {
              "coding": [
                {
                  "system": "http://hl7.org/fhir/v2/0203",
                  "code": "DL"
                }
              ]
            },
            "system": "urn:oid:2.16.840.1.113883.4.3.25",
            "value": "S99935050"
          },
          {
            "type": {
              "coding": [
                {
                  "system": "http://hl7.org/fhir/v2/0203",
                  "code": "PPN"
                }
              ]
            },
            "system": "http://standardhealthrecord.org/fhir/StructureDefinition/passportNumber",
            "value": "X49932207X"
          }
        ],
        "name": [
          {
            "use": "official",
            "family": "Abernathy959",
            "given": [
              "Camren281"
            ],
            "prefix": [
              "Mr."
            ]
          }
        ],
        "telecom": [
          {
            "system": "phone",
            "value": "1-588-285-2575 x975",
            "use": "home"
          }
        ],
        "gender": "male",
        "birthDate": "1917-07-07",
        "deceasedDateTime": "2001-08-18T00:46:38-04:00",
        "address": [
          {
            "extension": [
              {
                "extension": [
                  {
                    "url": "latitude",
                    "valueDecimal": 42.289412522013684
                  },
                  {
                    "url": "longitude",
                    "valueDecimal": -71.84722112923725
                  }
                ],
                "url": "http://hl7.org/fhir/StructureDefinition/geolocation"
              }
            ],
            "line": [
              "837 Braun Lock",
              "Suite 849"
            ],
            "city": "Worcester",
            "state": "MA",
            "postalCode": "01605",
            "country": "US"
          }
        ],
        "maritalStatus": {
          "coding": [
            {
              "system": "http://hl7.org/fhir/v3/MaritalStatus",
              "code": "M"
            }
          ],
          "text": "M"
        },
        "multipleBirthBoolean": false,
        "communication": [
          {
            "language": {
              "coding": [
                {
                  "system": "http://hl7.org/fhir/ValueSet/languages",
                  "code": "en-US",
                  "display": "English (United States)"
                }
              ]
            }
          }
        ],
        "resourceType": "Patient"
      }
    },
    {
      "fullUrl": "urn:uuid:11195a5f-38ef-41d0-976b-c7d392e8c275",
      "resource": {
        "id": "11195a5f-38ef-41d0-976b-c7d392e8c275",
        "meta": {
          "profile": [
            "http://standardhealthrecord.org/fhir/StructureDefinition/shr-actor-Organization"
          ]
        },
        "type": [
          {
            "coding": [
              {
                "system": "http://hl7.org/fhir/ValueSet/organization-type",
                "code": "prov",
                "display": "Healthcare Provider"
              }
            ],
            "text": "Healthcare Provider"
          }
        ],
        "name": "Synthetic Provider",
        "resourceType": "Organization"
      }
    },
    {
      "fullUrl": "urn:uuid:2fe4d266-6195-4683-ae11-694ef5b80e07",
      "resource": {
        "id": "2fe4d266-6195-4683-ae11-694ef5b80e07",
        "meta": {
          "profile": [
            "http://standardhealthrecord.org/fhir/StructureDefinition/shr-encounter-Encounter"
          ]
        },
        "status": "finished",
        "class": {
          "code": "ambulatory"
        },
        "type": [
          {
            "coding": [
              {
                "system": "http://snomed.info/sct",
                "code": "308646001"
              }
            ],
            "text": "Death Certification"
          }
        ],
        "subject": {
          "reference": "urn:uuid:70f77536-bc1c-4d79-9390-12f40a814b34"
        },
        "period": {
          "start": "2001-08-18T00:46:38-04:00",
          "end": "2001-08-18T01:01:38-04:00"
        },
        "serviceProvider": {
          "reference": "urn:uuid:11195a5f-38ef-41d0-976b-c7d392e8c275"
        },
        "resourceType": "Encounter"
      }
    },
    {
      "fullUrl": "urn:uuid:a55de7cf-fc3f-43e0-97c1-1b98c592591a",
      "resource": {
        "id": "a55de7cf-fc3f-43e0-97c1-1b98c592591a",
        "meta": {
          "profile": [
            "http://standardhealthrecord.org/fhir/StructureDefinition/shr-problem-Problem"
          ]
        },
        "clinicalStatus": "active",
        "verificationStatus": "confirmed",
        "code": {
          "coding": [
            {
              "system": "http://snomed.info/sct",
              "code": "15777000",
              "display": "Prediabetes"
            }
          ],
          "text": "Prediabetes"
        },
        "subject": {
          "reference": "urn:uuid:70f77536-bc1c-4d79-9390-12f40a814b34"
        },
        "context": {
          "reference": "urn:uuid:2fe4d266-6195-4683-ae11-694ef5b80e07"
        },
        "onsetDateTime": "1959-09-29T20:05:10-04:00",
        "assertedDate": "1959-09-29",
        "resourceType": "Condition"
      }
    },
    {
      "fullUrl": "urn:uuid:e22b5740-60fb-4dda-9ce6-d2b438773d87",
      "resource": {
        "id": "e22b5740-60fb-4dda-9ce6-d2b438773d87",
        "meta": {
          "profile": [
            "http://standardhealthrecord.org/fhir/StructureDefinition/shr-problem-Problem"
          ]
        },
        "clinicalStatus": "active",
        "verificationStatus": "confirmed",
        "code": {
          "coding": [
            {
              "system": "http://snomed.info/sct",
              "code": "64859006",
              "display": "Osteoporosis (disorder)"
            }
          ],
          "text": "Osteoporosis (disorder)"
        },
        "subject": {
          "reference": "urn:uuid:70f77536-bc1c-4d79-9390-12f40a814b34"
        },
        "context": {
          "reference": "urn:uuid:2fe4d266-6195-4683-ae11-694ef5b80e07"
        },
        "onsetDateTime": "1978-04-25T05:42:17-05:00",
        "assertedDate": "1978-04-25",
        "resourceType": "Condition"
      }
    },
    {
      "fullUrl": "urn:uuid:7a3462ca-2b42-4e0d-9a92-3636f31e815d",
      "resource": {
        "id": "7a3462ca-2b42-4e0d-9a92-3636f31e815d",
        "meta": {
          "profile": [
            "http://standardhealthrecord.org/fhir/StructureDefinition/shr-problem-Problem"
          ]
        },
        "clinicalStatus": "active",
        "verificationStatus": "confirmed",
        "code": {
          "coding": [
            {
              "system": "http://snomed.info/sct",
              "code": "230690007",
              "display": "Stroke"
            }
          ],
          "text": "Stroke"
        },
        "subject": {
          "reference": "urn:uuid:70f77536-bc1c-4d79-9390-12f40a814b34"
        },
        "context": {
          "reference": "urn:uuid:2fe4d266-6195-4683-ae11-694ef5b80e07"
        },
        "onsetDateTime": "2001-08-18T00:46:38-04:00",
        "assertedDate": "2001-08-18",
        "resourceType": "Condition"
      }
    },
    {
      "fullUrl": "urn:uuid:f7286b58-60a6-46f3-8b5e-6004f48bbe27",
      "resource": {
        "id": "f7286b58-60a6-46f3-8b5e-6004f48bbe27",
        "meta": {
          "profile": [
            "http://standardhealthrecord.org/fhir/StructureDefinition/shr-observation-Observation"
          ]
        },
        "status": "final",
        "category": [
          {
            "coding": [
              {
                "system": "http://hl7.org/fhir/observation-category"
              }
            ]
          }
        ],
        "code": {
          "coding": [
            {
              "system": "http://loinc.org",
              "code": "69453-9",
              "display": "Cause of Death [US Standard Certificate of Death]"
            }
          ],
          "text": "Cause of Death [US Standard Certificate of Death]"
        },
        "subject": {
          "reference": "urn:uuid:70f77536-bc1c-4d79-9390-12f40a814b34"
        },
        "context": {
          "reference": "urn:uuid:2fe4d266-6195-4683-ae11-694ef5b80e07"
        },
        "effectiveDateTime": "2001-08-18T00:46:38-04:00",
        "issued": "2001-08-18T00:46:38-04:00",
        "valueCodeableConcept": {
          "coding": [
            {
              "system": "http://snomed.info/sct",
              "code": "230690007",
              "display": "Stroke"
            }
          ],
          "text": "Stroke"
        },
        "resourceType": "Observation"
      }
    },
    {
      "fullUrl": "urn:uuid:fde60cdf-47dc-4e17-b71e-ace30c37c042",
      "resource": {
        "id": "fde60cdf-47dc-4e17-b71e-ace30c37c042",
        "meta": {
          "profile": [
            "http://standardhealthrecord.org/fhir/StructureDefinition/shr-observation-Panel"
          ]
        },
        "status": "final",
        "code": {
          "coding": [
            {
              "system": "http://loinc.org",
              "code": "69409-1",
              "display": "U.S. standard certificate of death - 2003 revision"
            }
          ]
        },
        "subject": {
          "reference": "urn:uuid:70f77536-bc1c-4d79-9390-12f40a814b34"
        },
        "context": {
          "reference": "urn:uuid:2fe4d266-6195-4683-ae11-694ef5b80e07"
        },
        "effectiveDateTime": "2001-08-18T00:46:38-04:00",
        "issued": "2001-08-18T00:46:38-04:00",
        "result": [
          {
            "reference": "urn:uuid:f7286b58-60a6-46f3-8b5e-6004f48bbe27",
            "display": "Cause of Death [US Standard Certificate of Death]"
          }
        ],
        "resourceType": "DiagnosticReport"
      }
    },
    {
      "resource": {
        "status": "in-progress",
        "description": {
          "text": "Hemoglobin A1c total in Blood < 7.0"
        },
        "addresses": [
          {
            "reference": "urn:uuid:a55de7cf-fc3f-43e0-97c1-1b98c592591a"
          }
        ],
        "resourceType": "Goal"
      }
    },
    {
      "resource": {
        "status": "in-progress",
        "description": {
          "text": "Glucose [Mass/volume] in Blood < 108"
        },
        "addresses": [
          {
            "reference": "urn:uuid:a55de7cf-fc3f-43e0-97c1-1b98c592591a"
          }
        ],
        "resourceType": "Goal"
      }
    },
    {
      "resource": {
        "status": "in-progress",
        "description": {
          "text": "Maintain blood pressure below 140/90 mmHg"
        },
        "addresses": [
          {
            "reference": "urn:uuid:a55de7cf-fc3f-43e0-97c1-1b98c592591a"
          }
        ],
        "resourceType": "Goal"
      }
    },
    {
      "resource": {
        "status": "in-progress",
        "description": {
          "text": "Improve and maintenance of optimal foot health: aim at early detection of peripheral vascular problems and neuropathy presumed due to diabetes; and prevention of diabetic foot ulcer, gangrene"
        },
        "addresses": [
          {
            "reference": "urn:uuid:a55de7cf-fc3f-43e0-97c1-1b98c592591a"
          }
        ],
        "resourceType": "Goal"
      }
    },
    {
      "resource": {
        "status": "in-progress",
        "description": {
          "text": "Address patient knowledge deficit on diabetic self-care"
        },
        "addresses": [
          {
            "reference": "urn:uuid:a55de7cf-fc3f-43e0-97c1-1b98c592591a"
          }
        ],
        "resourceType": "Goal"
      }
    },
    {
      "resource": {
        "status": "active",
        "category": [
          {
            "coding": [
              {
                "system": "http://snomed.info/sct",
                "code": "698360004",
                "display": "Diabetes self management plan"
              }
            ]
          }
        ],
        "subject": {
          "reference": "urn:uuid:70f77536-bc1c-4d79-9390-12f40a814b34"
        },
        "context": {
          "reference": "urn:uuid:2fe4d266-6195-4683-ae11-694ef5b80e07"
        },
        "period": {
          "start": "1959-09-29"
        },
        "addresses": [
          {
            "reference": "urn:uuid:a55de7cf-fc3f-43e0-97c1-1b98c592591a"
          }
        ],
        "goal": [
          {
            "reference": ""
          },
          {
            "reference": ""
          },
          {
            "reference": ""
          },
          {
            "reference": ""
          },
          {
            "reference": ""
          }
        ],
        "activity": [
          {
            "detail": {
              "code": {
                "coding": [
                  {
                    "system": "http://snomed.info/sct",
                    "code": "160670007",
                    "display": "Diabetic diet"
                  }
                ]
              },
              "status": "in-progress"
            }
          },
          {
            "detail": {
              "code": {
                "coding": [
                  {
                    "system": "http://snomed.info/sct",
                    "code": "229065009",
                    "display": "Exercise therapy"
                  }
                ]
              },
              "status": "in-progress"
            }
          }
        ],
        "resourceType": "CarePlan"
      }
    },
    {
      "resource": {
        "meta": {
          "profile": [
            "http://standardhealthrecord.org/fhir/StructureDefinition/shr-medication-Medication"
          ]
        },
        "code": {
          "coding": [
            {
              "system": "http://www.nlm.nih.gov/research/umls/rxnorm",
              "code": "834101",
              "display": "Penicillin V Potassium 500 MG"
            }
          ],
          "text": "Penicillin V Potassium 500 MG"
        },
        "resourceType": "Medication"
      }
    },
    {
      "resource": {
        "meta": {
          "profile": [
            "http://standardhealthrecord.org/fhir/StructureDefinition/shr-medication-MedicationPrescription"
          ]
        },
        "extension": [
          {
            "url": "http://standardhealthrecord.org/fhir/StructureDefinition/shr-base-ActionCode-extension",
            "valueCodeableConcept": {
              "coding": [
                {
                  "system": "http://snomed.info/sct",
                  "code": "33633005",
                  "display": "Prescription of drug (procedure)"
                }
              ],
              "text": "Prescription of drug (procedure)"
            }
          }
        ],
        "status": "active",
        "medicationReference": {
          "reference": ""
        },
        "subject": {
          "reference": "urn:uuid:70f77536-bc1c-4d79-9390-12f40a814b34"
        },
        "context": {
          "reference": "urn:uuid:2fe4d266-6195-4683-ae11-694ef5b80e07"
        },
        "authoredOn": "1969-09-08",
        "dosageInstruction": [
          {

          }
        ],
        "resourceType": "MedicationRequest"
      }
    }
  ],
  "resourceType": "Bundle"
}