{
  "type": "collection",
  "entry": [
    {
      "fullUrl": "urn:uuid:c018310a-b266-480c-bd55-3a3b0a0e5757",
      "resource": {
        "id": "c018310a-b266-480c-bd55-3a3b0a0e5757",
        "meta": {
          "profile": [
            "http://standardhealthrecord.org/fhir/StructureDefinition/shr-demographics-PersonOfRecord"
          ]
        },
        "text": {
          "status": "generated",
          "div": "<div>Generated by <a href=\"https://github.com/synthetichealth/synthea\">Synthea</a>. Version identifier: 4d02400401b9fab839e47bf5b2f1f6a8c683ab55</div>"
        },
        "extension": [
          {
            "url": "http://hl7.org/fhir/us/core/StructureDefinition/us-core-race",
            "valueCodeableConcept": {
              "coding": [
                {
                  "system": "http://hl7.org/fhir/v3/Race",
                  "code": "2131-1",
                  "display": "Other"
                }
              ],
              "text": "race"
            }
          },
          {
            "url": "http://hl7.org/fhir/us/core/StructureDefinition/us-core-ethnicity",
            "valueCodeableConcept": {
              "coding": [
                {
                  "system": "http://hl7.org/fhir/v3/Ethnicity",
                  "code": "2180-8",
                  "display": "Puerto_rican"
                }
              ],
              "text": "ethnicity"
            }
          },
          {
            "url": "http://hl7.org/fhir/StructureDefinition/birthPlace",
            "valueAddress": {
              "city": "Holden",
              "state": "MA",
              "country": "US"
            }
          },
          {
            "url": "http://hl7.org/fhir/StructureDefinition/patient-mothersMaidenName",
            "valueString": "Meghan543 Ward511"
          },
          {
            "url": "http://hl7.org/fhir/us/core/StructureDefinition/us-core-birthsex",
            "valueCode": "F"
          },
          {
            "url": "http://hl7.org/fhir/StructureDefinition/patient-interpreterRequired",
            "valueBoolean": false
          },
          {
            "url": "http://standardhealthrecord.org/fhir/StructureDefinition/shr-actor-FictionalPerson-extension",
            "valueBoolean": true
          },
          {
            "url": "http://standardhealthrecord.org/fhir/StructureDefinition/shr-demographics-FathersName-extension",
            "valueHumanName": {
              "text": "Tamara628 Abernathy959"
            }
          },
          {
            "url": "http://standardhealthrecord.org/fhir/StructureDefinition/shr-demographics-SocialSecurityNumber-extension",
            "valueString": "999-18-1796"
          }
        ],
        "identifier": [
          {
            "system": "https://github.com/synthetichealth/synthea",
            "value": "68e6f4e2-86a9-45cd-b970-9fe53b4eddc4"
          },
          {
            "type": {
              "coding": [
                {
                  "system": "http://hl7.org/fhir/identifier-type",
                  "code": "SB"
                }
              ]
            },
            "system": "http://hl7.org/fhir/sid/us-ssn",
            "value": "999181796"
          }
        ],
        "name": [
          {
            "use": "official",
            "family": "Abernathy959",
            "given": [
              "Ambrose728"
            ]
          }
        ],
        "telecom": [
          {
            "system": "phone",
            "value": "(703) 992-7770",
            "use": "home"
          }
        ],
        "gender": "female",
        "birthDate": "2001-06-05",
        "address": [
          {
            "extension": [
              {
                "extension": [
                  {
                    "url": "latitude",
                    "valueDecimal": 42.46619473825762
                  },
                  {
                    "url": "longitude",
                    "valueDecimal": -71.02881340568928
                  }
                ],
                "url": "http://hl7.org/fhir/StructureDefinition/geolocation"
              }
            ],
            "line": [
              "8920 Kailyn Road",
              "Suite 937"
            ],
            "city": "Saugus",
            "state": "MA",
            "postalCode": "01906",
            "country": "US"
          }
        ],
        "maritalStatus": {
          "coding": [
            {
              "system": "http://hl7.org/fhir/v3/MaritalStatus",
              "code": "S"
            }
          ],
          "text": "Never Married"
        },
        "multipleBirthBoolean": false,
        "communication": [
          {
            "language": {
              "coding": [
                {
                  "system": "http://hl7.org/fhir/ValueSet/languages",
                  "code": "es",
                  "display": "Spanish"
                }
              ]
            }
          }
        ],
        "resourceType": "Patient"
      }
    },
    {
      "fullUrl": "urn:uuid:3163d1c5-ee85-4b50-b6de-3b59273ee509",
      "resource": {
        "id": "3163d1c5-ee85-4b50-b6de-3b59273ee509",
        "meta": {
          "profile": [
            "http://standardhealthrecord.org/fhir/StructureDefinition/shr-actor-Organization"
          ]
        },
        "type": [
          {
            "coding": [
              {
                "system": "http://hl7.org/fhir/ValueSet/organization-type",
                "code": "prov",
                "display": "Healthcare Provider"
              }
            ],
            "text": "Healthcare Provider"
          }
        ],
        "name": "Synthetic Provider",
        "resourceType": "Organization"
      }
    },
    {
      "fullUrl": "urn:uuid:6774c8d7-6106-45a9-be76-ecbb0c2458ed",
      "resource": {
        "id": "6774c8d7-6106-45a9-be76-ecbb0c2458ed",
        "meta": {
          "profile": [
            "http://standardhealthrecord.org/fhir/StructureDefinition/shr-encounter-Encounter"
          ]
        },
        "status": "finished",
        "class": {
          "code": "outpatient"
        },
        "type": [
          {
            "coding": [
              {
                "system": "http://snomed.info/sct",
                "code": "170258001"
              }
            ],
            "text": "Outpatient Encounter"
          }
        ],
        "subject": {
          "reference": "urn:uuid:c018310a-b266-480c-bd55-3a3b0a0e5757"
        },
        "period": {
          "start": "2011-03-30T10:47:32-04:00",
          "end": "2011-03-30T11:47:32-04:00"
        },
        "serviceProvider": {
          "reference": "urn:uuid:3163d1c5-ee85-4b50-b6de-3b59273ee509"
        },
        "resourceType": "Encounter"
      }
    },
    {
      "fullUrl": "urn:uuid:2f4b0bfc-8a4f-4aaf-a44a-9e1301a3e70e",
      "resource": {
        "id": "2f4b0bfc-8a4f-4aaf-a44a-9e1301a3e70e",
        "meta": {
          "profile": [
            "http://standardhealthrecord.org/fhir/StructureDefinition/shr-observation-Observation",
            "http://standardhealthrecord.org/fhir/StructureDefinition/shr-vital-VitalSign",
            "http://standardhealthrecord.org/fhir/StructureDefinition/shr-vital-BodyHeight"
          ]
        },
        "status": "final",
        "category": [
          {
            "coding": [
              {
                "system": "http://hl7.org/fhir/observation-category",
                "code": "vital-signs"
              }
            ]
          }
        ],
        "code": {
          "coding": [
            {
              "system": "http://loinc.org",
              "code": "8302-2",
              "display": "Body Height"
            }
          ],
          "text": "Body Height"
        },
        "subject": {
          "reference": "urn:uuid:c018310a-b266-480c-bd55-3a3b0a0e5757"
        },
        "context": {
          "reference": "urn:uuid:6774c8d7-6106-45a9-be76-ecbb0c2458ed"
        },
        "effectiveDateTime": "2011-03-30T10:47:32-04:00",
        "issued": "2011-03-30T10:47:32-04:00",
        "valueQuantity": {
          "value": 137.8745838899231,
          "unit": "cm",
          "system": "http://unitsofmeasure.org/",
          "code": "cm"
        },
        "resourceType": "Observation"
      }
    },
    {
      "fullUrl": "urn:uuid:cbad3644-fe8b-4404-a687-86238879a0af",
      "resource": {
        "id": "cbad3644-fe8b-4404-a687-86238879a0af",
        "meta": {
          "profile": [
            "http://standardhealthrecord.org/fhir/StructureDefinition/shr-observation-Observation",
            "http://standardhealthrecord.org/fhir/StructureDefinition/shr-vital-VitalSign",
            "http://standardhealthrecord.org/fhir/StructureDefinition/shr-vital-BodyWeight"
          ]
        },
        "status": "final",
        "category": [
          {
            "coding": [
              {
                "system": "http://hl7.org/fhir/observation-category",
                "code": "vital-signs"
              }
            ]
          }
        ],
        "code": {
          "coding": [
            {
              "system": "http://loinc.org",
              "code": "29463-7",
              "display": "Body Weight"
            }
          ],
          "text": "Body Weight"
        },
        "subject": {
          "reference": "urn:uuid:c018310a-b266-480c-bd55-3a3b0a0e5757"
        },
        "context": {
          "reference": "urn:uuid:6774c8d7-6106-45a9-be76-ecbb0c2458ed"
        },
        "effectiveDateTime": "2011-03-30T10:47:32-04:00",
        "issued": "2011-03-30T10:47:32-04:00",
        "valueQuantity": {
          "value": 36.95165272488305,
          "unit": "kg",
          "system": "http://unitsofmeasure.org/",
          "code": "kg"
        },
        "resourceType": "Observation"
      }
    },
    {
      "fullUrl": "urn:uuid:5bff6c5e-cc88-45f9-9e28-7aa2b58eabc9",
      "resource": {
        "id": "5bff6c5e-cc88-45f9-9e28-7aa2b58eabc9",
        "meta": {
          "profile": [
            "http://standardhealthrecord.org/fhir/StructureDefinition/shr-observation-Observation",
            "http://standardhealthrecord.org/fhir/StructureDefinition/shr-vital-VitalSign",
            "http://standardhealthrecord.org/fhir/StructureDefinition/shr-vital-BodyMassIndex"
          ]
        },
        "status": "final",
        "category": [
          {
            "coding": [
              {
                "system": "http://hl7.org/fhir/observation-category",
                "code": "vital-signs"
              }
            ]
          }
        ],
        "code": {
          "coding": [
            {
              "system": "http://loinc.org",
              "code": "39156-5",
              "display": "Body Mass Index"
            }
          ],
          "text": "Body Mass Index"
        },
        "subject": {
          "reference": "urn:uuid:c018310a-b266-480c-bd55-3a3b0a0e5757"
        },
        "context": {
          "reference": "urn:uuid:6774c8d7-6106-45a9-be76-ecbb0c2458ed"
        },
        "effectiveDateTime": "2011-03-30T10:47:32-04:00",
        "issued": "2011-03-30T10:47:32-04:00",
        "valueQuantity": {
          "value": 19.43862037139723,
          "unit": "kg/m2",
          "system": "http://unitsofmeasure.org/",
          "code": "kg/m2"
        },
        "resourceType": "Observation"
      }
    },
    {
      "fullUrl": "urn:uuid:c93cbff3-6f75-43c6-b0f4-171feed3530c",
      "resource": {
        "id": "c93cbff3-6f75-43c6-b0f4-171feed3530c",
        "meta": {
          "profile": [
            "http://standardhealthrecord.org/fhir/StructureDefinition/shr-observation-Observation",
            "http://standardhealthrecord.org/fhir/StructureDefinition/shr-vital-BloodPressure"
          ]
        },
        "status": "final",
        "category": [
          {
            "coding": [
              {
                "system": "http://hl7.org/fhir/observation-category",
                "code": "vital-signs"
              }
            ]
          }
        ],
        "code": {
          "coding": [
            {
              "system": "http://loinc.org",
              "code": "55284-4",
              "display": "Blood Pressure"
            }
          ]
        },
        "subject": {
          "reference": "urn:uuid:c018310a-b266-480c-bd55-3a3b0a0e5757"
        },
        "context": {
          "reference": "urn:uuid:6774c8d7-6106-45a9-be76-ecbb0c2458ed"
        },
        "effectiveDateTime": "2011-03-30T10:47:32-04:00",
        "issued": "2011-03-30T10:47:32-04:00",
        "component": [
          {
            "code": {
              "coding": [
                {
                  "system": "http://loinc.org",
                  "code": "8480-6",
                  "display": "Systolic Blood Pressure"
                }
              ],
              "text": "Systolic Blood Pressure"
            },
            "valueQuantity": {
              "value": 125,
              "unit": "mmHg",
              "system": "http://unitsofmeasure.org/",
              "code": "mmHg"
            }
          },
          {
            "code": {
              "coding": [
                {
                  "system": "http://loinc.org",
                  "code": "8462-4",
                  "display": "Diastolic Blood Pressure"
                }
              ],
              "text": "Diastolic Blood Pressure"
            },
            "valueQuantity": {
              "value": 73,
              "unit": "mmHg",
              "system": "http://unitsofmeasure.org/",
              "code": "mmHg"
            }
          }
        ],
        "resourceType": "Observation"
      }
    },
    {
      "resource": {
        "meta": {
          "profile": [
            "http://standardhealthrecord.org/fhir/StructureDefinition/shr-immunization-Immunization"
          ]
        },
        "status": "completed",
        "notGiven": false,
        "vaccineCode": {
          "coding": [
            {
              "system": "http://hl7.org/fhir/sid/cvx",
              "code": "140",
              "display": "Influenza, seasonal, injectable, preservative free"
            }
          ],
          "text": "Influenza, seasonal, injectable, preservative free"
        },
        "patient": {
          "reference": "urn:uuid:c018310a-b266-480c-bd55-3a3b0a0e5757"
        },
        "encounter": {
          "reference": "urn:uuid:6774c8d7-6106-45a9-be76-ecbb0c2458ed"
        },
        "date": "2011-03-30T10:47:32-04:00",
        "primarySource": true,
        "resourceType": "Immunization"
      }
    },
    {
      "fullUrl": "urn:uuid:36681cb9-e5d5-4748-92b6-6e4a5eafc082",
      "resource": {
        "id": "36681cb9-e5d5-4748-92b6-6e4a5eafc082",
        "meta": {
          "profile": [
            "http://standardhealthrecord.org/fhir/StructureDefinition/shr-encounter-Encounter"
          ]
        },
        "status": "finished",
        "class": {
          "code": "outpatient"
        },
        "type": [
          {
            "coding": [
              {
                "system": "http://snomed.info/sct",
                "code": "170258001"
              }
            ],
            "text": "Outpatient Encounter"
          }
        ],
        "subject": {
          "reference": "urn:uuid:c018310a-b266-480c-bd55-3a3b0a0e5757"
        },
        "period": {
          "start": "2012-04-13T20:54:53-04:00",
          "end": "2012-04-13T21:54:53-04:00"
        },
        "serviceProvider": {
          "reference": "urn:uuid:3163d1c5-ee85-4b50-b6de-3b59273ee509"
        },
        "resourceType": "Encounter"
      }
    },
    {
      "fullUrl": "urn:uuid:b98ca618-77dc-4cbd-a350-c6f3350c5f92",
      "resource": {
        "id": "b98ca618-77dc-4cbd-a350-c6f3350c5f92",
        "meta": {
          "profile": [
            "http://standardhealthrecord.org/fhir/StructureDefinition/shr-observation-Observation",
            "http://standardhealthrecord.org/fhir/StructureDefinition/shr-vital-VitalSign",
            "http://standardhealthrecord.org/fhir/StructureDefinition/shr-vital-BodyHeight"
          ]
        },
        "status": "final",
        "category": [
          {
            "coding": [
              {
                "system": "http://hl7.org/fhir/observation-category",
                "code": "vital-signs"
              }
            ]
          }
        ],
        "code": {
          "coding": [
            {
              "system": "http://loinc.org",
              "code": "8302-2",
              "display": "Body Height"
            }
          ],
          "text": "Body Height"
        },
        "subject": {
          "reference": "urn:uuid:c018310a-b266-480c-bd55-3a3b0a0e5757"
        },
        "context": {
          "reference": "urn:uuid:36681cb9-e5d5-4748-92b6-6e4a5eafc082"
        },
        "effectiveDateTime": "2012-04-13T20:54:53-04:00",
        "issued": "2012-04-13T20:54:53-04:00",
        "valueQuantity": {
          "value": 144.20158679846324,
          "unit": "cm",
          "system": "http://unitsofmeasure.org/",
          "code": "cm"
        },
        "resourceType": "Observation"
      }
    },
    {
      "fullUrl": "urn:uuid:9814eb2e-08a0-4a68-bdbb-90d995873574",
      "resource": {
        "id": "9814eb2e-08a0-4a68-bdbb-90d995873574",
        "meta": {
          "profile": [
            "http://standardhealthrecord.org/fhir/StructureDefinition/shr-observation-Observation",
            "http://standardhealthrecord.org/fhir/StructureDefinition/shr-vital-VitalSign",
            "http://standardhealthrecord.org/fhir/StructureDefinition/shr-vital-BodyWeight"
          ]
        },
        "status": "final",
        "category": [
          {
            "coding": [
              {
                "system": "http://hl7.org/fhir/observation-category",
                "code": "vital-signs"
              }
            ]
          }
        ],
        "code": {
          "coding": [
            {
              "system": "http://loinc.org",
              "code": "29463-7",
              "display": "Body Weight"
            }
          ],
          "text": "Body Weight"
        },
        "subject": {
          "reference": "urn:uuid:c018310a-b266-480c-bd55-3a3b0a0e5757"
        },
        "context": {
          "reference": "urn:uuid:36681cb9-e5d5-4748-92b6-6e4a5eafc082"
        },
        "effectiveDateTime": "2012-04-13T20:54:53-04:00",
        "issued": "2012-04-13T20:54:53-04:00",
        "valueQuantity": {
          "value": 42.49294969286611,
          "unit": "kg",
          "system": "http://unitsofmeasure.org/",
          "code": "kg"
        },
        "resourceType": "Observation"
      }
    },
    {
      "fullUrl": "urn:uuid:2a9c212c-f969-4a45-a892-18f7577b81ef",
      "resource": {
        "id": "2a9c212c-f969-4a45-a892-18f7577b81ef",
        "meta": {
          "profile": [
            "http://standardhealthrecord.org/fhir/StructureDefinition/shr-observation-Observation",
            "http://standardhealthrecord.org/fhir/StructureDefinition/shr-vital-VitalSign",
            "http://standardhealthrecord.org/fhir/StructureDefinition/shr-vital-BodyMassIndex"
          ]
        },
        "status": "final",
        "category": [
          {
            "coding": [
              {
                "system": "http://hl7.org/fhir/observation-category",
                "code": "vital-signs"
              }
            ]
          }
        ],
        "code": {
          "coding": [
            {
              "system": "http://loinc.org",
              "code": "39156-5",
              "display": "Body Mass Index"
            }
          ],
          "text": "Body Mass Index"
        },
        "subject": {
          "reference": "urn:uuid:c018310a-b266-480c-bd55-3a3b0a0e5757"
        },
        "context": {
          "reference": "urn:uuid:36681cb9-e5d5-4748-92b6-6e4a5eafc082"
        },
        "effectiveDateTime": "2012-04-13T20:54:53-04:00",
        "issued": "2012-04-13T20:54:53-04:00",
        "valueQuantity": {
          "value": 20.435101555426634,
          "unit": "kg/m2",
          "system": "http://unitsofmeasure.org/",
          "code": "kg/m2"
        },
        "resourceType": "Observation"
      }
    },
    {
      "fullUrl": "urn:uuid:f6048bfe-5f9f-4841-8197-61dfb1cab931",
      "resource": {
        "id": "f6048bfe-5f9f-4841-8197-61dfb1cab931",
        "meta": {
          "profile": [
            "http://standardhealthrecord.org/fhir/StructureDefinition/shr-observation-Observation",
            "http://standardhealthrecord.org/fhir/StructureDefinition/shr-vital-BloodPressure"
          ]
        },
        "status": "final",
        "category": [
          {
            "coding": [
              {
                "system": "http://hl7.org/fhir/observation-category",
                "code": "vital-signs"
              }
            ]
          }
        ],
        "code": {
          "coding": [
            {
              "system": "http://loinc.org",
              "code": "55284-4",
              "display": "Blood Pressure"
            }
          ]
        },
        "subject": {
          "reference": "urn:uuid:c018310a-b266-480c-bd55-3a3b0a0e5757"
        },
        "context": {
          "reference": "urn:uuid:36681cb9-e5d5-4748-92b6-6e4a5eafc082"
        },
        "effectiveDateTime": "2012-04-13T20:54:53-04:00",
        "issued": "2012-04-13T20:54:53-04:00",
        "component": [
          {
            "code": {
              "coding": [
                {
                  "system": "http://loinc.org",
                  "code": "8480-6",
                  "display": "Systolic Blood Pressure"
                }
              ],
              "text": "Systolic Blood Pressure"
            },
            "valueQuantity": {
              "value": 112,
              "unit": "mmHg",
              "system": "http://unitsofmeasure.org/",
              "code": "mmHg"
            }
          },
          {
            "code": {
              "coding": [
                {
                  "system": "http://loinc.org",
                  "code": "8462-4",
                  "display": "Diastolic Blood Pressure"
                }
              ],
              "text": "Diastolic Blood Pressure"
            },
            "valueQuantity": {
              "value": 75,
              "unit": "mmHg",
              "system": "http://unitsofmeasure.org/",
              "code": "mmHg"
            }
          }
        ],
        "resourceType": "Observation"
      }
    },
    {
      "resource": {
        "meta": {
          "profile": [
            "http://standardhealthrecord.org/fhir/StructureDefinition/shr-procedure-Procedure"
          ]
        },
        "extension": [
          {
            "url": "http://standardhealthrecord.org/fhir/StructureDefinition/shr-core-CodeableConcept-extension",
            "valueCodeableConcept": {
              "coding": [
                {
                  "system": "http://snomed.info/sct",
                  "code": "428191000124101",
                  "display": "Documentation of current medications"
                }
              ],
              "text": "Documentation of current medications"
            }
          }
        ],
        "status": "completed",
        "code": {
          "coding": [
            {
              "system": "http://snomed.info/sct",
              "code": "428191000124101",
              "display": "Documentation of current medications"
            }
          ],
          "text": "Documentation of current medications"
        },
        "subject": {
          "reference": "urn:uuid:c018310a-b266-480c-bd55-3a3b0a0e5757"
        },
        "context": {
          "reference": "urn:uuid:36681cb9-e5d5-4748-92b6-6e4a5eafc082"
        },
        "performedDateTime": "2012-04-13T20:54:53-04:00",
        "resourceType": "Procedure"
      }
    },
    {
      "resource": {
        "meta": {
          "profile": [
            "http://standardhealthrecord.org/fhir/StructureDefinition/shr-immunization-Immunization"
          ]
        },
        "status": "completed",
        "notGiven": false,
        "vaccineCode": {
          "coding": [
            {
              "system": "http://hl7.org/fhir/sid/cvx",
              "code": "140",
              "display": "Influenza, seasonal, injectable, preservative free"
            }
          ],
          "text": "Influenza, seasonal, injectable, preservative free"
        },
        "patient": {
          "reference": "urn:uuid:c018310a-b266-480c-bd55-3a3b0a0e5757"
        },
        "encounter": {
          "reference": "urn:uuid:36681cb9-e5d5-4748-92b6-6e4a5eafc082"
        },
        "date": "2012-04-13T20:54:53-04:00",
        "primarySource": true,
        "resourceType": "Immunization"
      }
    },
    {
      "fullUrl": "urn:uuid:dff96599-305c-41e1-a89c-5ba99efe8200",
      "resource": {
        "id": "dff96599-305c-41e1-a89c-5ba99efe8200",
        "meta": {
          "profile": [
            "http://standardhealthrecord.org/fhir/StructureDefinition/shr-encounter-Encounter"
          ]
        },
        "status": "finished",
        "class": {
          "code": "emergency"
        },
        "type": [
          {
            "coding": [
              {
                "system": "http://snomed.info/sct",
                "code": "50849002"
              }
            ],
            "text": "Emergency room admission"
          }
        ],
        "subject": {
          "reference": "urn:uuid:c018310a-b266-480c-bd55-3a3b0a0e5757"
        },
        "period": {
          "start": "2012-10-29T15:42:21-04:00",
          "end": "2012-10-29T16:19:58-04:00"
        },
        "serviceProvider": {
          "reference": "urn:uuid:3163d1c5-ee85-4b50-b6de-3b59273ee509"
        },
        "resourceType": "Encounter"
      }
    },
    {
      "fullUrl": "urn:uuid:a26643d3-59b2-4b71-b27c-5327d9d75509",
      "resource": {
        "id": "a26643d3-59b2-4b71-b27c-5327d9d75509",
        "meta": {
          "profile": [
            "http://standardhealthrecord.org/fhir/StructureDefinition/shr-problem-Problem"
          ]
        },
        "clinicalStatus": "active",
        "verificationStatus": "confirmed",
        "code": {
          "coding": [
            {
              "system": "http://snomed.info/sct",
              "code": "284551006",
              "display": "Laceration of foot"
            }
          ],
          "text": "Laceration of foot"
        },
        "subject": {
          "reference": "urn:uuid:c018310a-b266-480c-bd55-3a3b0a0e5757"
        },
        "context": {
          "reference": "urn:uuid:dff96599-305c-41e1-a89c-5ba99efe8200"
        },
        "onsetDateTime": "2012-10-29T15:42:21-04:00",
        "abatementDateTime": "2012-11-18T14:24:49-05:00",
        "assertedDate": "2012-10-29",
        "resourceType": "Condition"
      }
    },
    {
      "resource": {
        "meta": {
          "profile": [
            "http://standardhealthrecord.org/fhir/StructureDefinition/shr-procedure-Procedure"
          ]
        },
        "extension": [
          {
            "url": "http://standardhealthrecord.org/fhir/StructureDefinition/shr-core-CodeableConcept-extension",
            "valueCodeableConcept": {
              "coding": [
                {
                  "system": "http://snomed.info/sct",
                  "code": "288086009",
                  "display": "Suture open wound"
                }
              ],
              "text": "Suture open wound"
            }
          }
        ],
        "status": "completed",
        "code": {
          "coding": [
            {
              "system": "http://snomed.info/sct",
              "code": "288086009",
              "display": "Suture open wound"
            }
          ],
          "text": "Suture open wound"
        },
        "subject": {
          "reference": "urn:uuid:c018310a-b266-480c-bd55-3a3b0a0e5757"
        },
        "context": {
          "reference": "urn:uuid:dff96599-305c-41e1-a89c-5ba99efe8200"
        },
        "performedPeriod": {
          "start": "2012-10-29T15:42:21-04:00",
          "end": "2012-10-29T16:00:52-04:00"
        },
        "reasonReference": {
          "reference": "urn:uuid:a26643d3-59b2-4b71-b27c-5327d9d75509",
          "display": "Laceration of foot"
        },
        "resourceType": "Procedure"
      }
    },
    {
      "resource": {
        "meta": {
          "profile": [
            "http://standardhealthrecord.org/fhir/StructureDefinition/shr-procedure-Procedure"
          ]
        },
        "extension": [
          {
            "url": "http://standardhealthrecord.org/fhir/StructureDefinition/shr-core-CodeableConcept-extension",
            "valueCodeableConcept": {
              "coding": [
                {
                  "system": "http://snomed.info/sct",
                  "code": "384700001",
                  "display": "Injection of tetanus antitoxin"
                }
              ],
              "text": "Injection of tetanus antitoxin"
            }
          }
        ],
        "status": "completed",
        "code": {
          "coding": [
            {
              "system": "http://snomed.info/sct",
              "code": "384700001",
              "display": "Injection of tetanus antitoxin"
            }
          ],
          "text": "Injection of tetanus antitoxin"
        },
        "subject": {
          "reference": "urn:uuid:c018310a-b266-480c-bd55-3a3b0a0e5757"
        },
        "context": {
          "reference": "urn:uuid:dff96599-305c-41e1-a89c-5ba99efe8200"
        },
        "performedPeriod": {
          "start": "2012-10-29T16:00:29-04:00",
          "end": "2012-10-29T16:15:33-04:00"
        },
        "reasonReference": {
          "reference": "urn:uuid:a26643d3-59b2-4b71-b27c-5327d9d75509",
          "display": "Laceration of foot"
        },
        "resourceType": "Procedure"
      }
    },
    {
      "resource": {
        "status": "completed",
        "category": [
          {
            "coding": [
              {
                "system": "http://snomed.info/sct",
                "code": "225358003",
                "display": "Wound care"
              }
            ]
          }
        ],
        "subject": {
          "reference": "urn:uuid:c018310a-b266-480c-bd55-3a3b0a0e5757"
        },
        "context": {
          "reference": "urn:uuid:dff96599-305c-41e1-a89c-5ba99efe8200"
        },
        "period": {
          "start": "2012-10-29",
          "end": "2012-11-18"
        },
        "addresses": [
          {
            "reference": "urn:uuid:a26643d3-59b2-4b71-b27c-5327d9d75509"
          }
        ],
        "activity": [
          {
            "detail": {
              "code": {
                "coding": [
                  {
                    "system": "http://snomed.info/sct",
                    "code": "385949008",
                    "display": "Dressing change management"
                  }
                ]
              },
              "status": "completed"
            }
          },
          {
            "detail": {
              "code": {
                "coding": [
                  {
                    "system": "http://snomed.info/sct",
                    "code": "439830001",
                    "display": "Behavior to prevent infection"
                  }
                ]
              },
              "status": "completed"
            }
          }
        ],
        "resourceType": "CarePlan"
      }
    },
    {
      "resource": {
        "meta": {
          "profile": [
            "http://standardhealthrecord.org/fhir/StructureDefinition/shr-medication-Medication"
          ]
        },
        "code": {
          "coding": [
            {
              "system": "http://www.nlm.nih.gov/research/umls/rxnorm",
              "code": "282464",
              "display": "Acetaminophen 160 MG Oral Tablet"
            }
          ],
          "text": "Acetaminophen 160 MG Oral Tablet"
        },
        "resourceType": "Medication"
      }
    },
    {
      "resource": {
        "meta": {
          "profile": [
            "http://standardhealthrecord.org/fhir/StructureDefinition/shr-medication-MedicationPrescription"
          ]
        },
        "extension": [
          {
            "url": "http://standardhealthrecord.org/fhir/StructureDefinition/shr-base-ActionCode-extension",
            "valueCodeableConcept": {
              "coding": [
                {
                  "system": "http://snomed.info/sct",
                  "code": "33633005",
                  "display": "Prescription of drug (procedure)"
                }
              ],
              "text": "Prescription of drug (procedure)"
            }
          }
        ],
        "status": "stopped",
        "medicationReference": {
          "reference": ""
        },
        "subject": {
          "reference": "urn:uuid:c018310a-b266-480c-bd55-3a3b0a0e5757"
        },
        "context": {
          "reference": "urn:uuid:dff96599-305c-41e1-a89c-5ba99efe8200"
        },
        "authoredOn": "2012-10-29",
        "dosageInstruction": [
          {
            "sequence": 1,
            "asNeededBoolean": true
          }
        ],
        "resourceType": "MedicationRequest"
      }
    },
    {
      "fullUrl": "urn:uuid:e6bf8caf-b13a-4e5b-afef-c0a527a4dfe8",
      "resource": {
        "id": "e6bf8caf-b13a-4e5b-afef-c0a527a4dfe8",
        "meta": {
          "profile": [
            "http://standardhealthrecord.org/fhir/StructureDefinition/shr-encounter-Encounter"
          ]
        },
        "status": "finished",
        "class": {
          "code": "outpatient"
        },
        "type": [
          {
            "coding": [
              {
                "system": "http://snomed.info/sct",
                "code": "170258001"
              }
            ],
            "text": "Outpatient Encounter"
          }
        ],
        "subject": {
          "reference": "urn:uuid:c018310a-b266-480c-bd55-3a3b0a0e5757"
        },
        "period": {
          "start": "2013-04-18T17:55:33-04:00",
          "end": "2013-04-18T18:55:33-04:00"
        },
        "serviceProvider": {
          "reference": "urn:uuid:3163d1c5-ee85-4b50-b6de-3b59273ee509"
        },
        "resourceType": "Encounter"
      }
    },
    {
      "fullUrl": "urn:uuid:8e737849-db34-42ba-b1be-6f05763b44ca",
      "resource": {
        "id": "8e737849-db34-42ba-b1be-6f05763b44ca",
        "meta": {
          "profile": [
            "http://standardhealthrecord.org/fhir/StructureDefinition/shr-observation-Observation",
            "http://standardhealthrecord.org/fhir/StructureDefinition/shr-vital-VitalSign",
            "http://standardhealthrecord.org/fhir/StructureDefinition/shr-vital-BodyHeight"
          ]
        },
        "status": "final",
        "category": [
          {
            "coding": [
              {
                "system": "http://hl7.org/fhir/observation-category",
                "code": "vital-signs"
              }
            ]
          }
        ],
        "code": {
          "coding": [
            {
              "system": "http://loinc.org",
              "code": "8302-2",
              "display": "Body Height"
            }
          ],
          "text": "Body Height"
        },
        "subject": {
          "reference": "urn:uuid:c018310a-b266-480c-bd55-3a3b0a0e5757"
        },
        "context": {
          "reference": "urn:uuid:e6bf8caf-b13a-4e5b-afef-c0a527a4dfe8"
        },
        "effectiveDateTime": "2013-04-18T17:55:33-04:00",
        "issued": "2013-04-18T17:55:33-04:00",
        "valueQuantity": {
          "value": 151.37939688960714,
          "unit": "cm",
          "system": "http://unitsofmeasure.org/",
          "code": "cm"
        },
        "resourceType": "Observation"
      }
    },
    {
      "fullUrl": "urn:uuid:da742692-042f-47f8-8782-8efbaec69eb2",
      "resource": {
        "id": "da742692-042f-47f8-8782-8efbaec69eb2",
        "meta": {
          "profile": [
            "http://standardhealthrecord.org/fhir/StructureDefinition/shr-observation-Observation",
            "http://standardhealthrecord.org/fhir/StructureDefinition/shr-vital-VitalSign",
            "http://standardhealthrecord.org/fhir/StructureDefinition/shr-vital-BodyWeight"
          ]
        },
        "status": "final",
        "category": [
          {
            "coding": [
              {
                "system": "http://hl7.org/fhir/observation-category",
                "code": "vital-signs"
              }
            ]
          }
        ],
        "code": {
          "coding": [
            {
              "system": "http://loinc.org",
              "code": "29463-7",
              "display": "Body Weight"
            }
          ],
          "text": "Body Weight"
        },
        "subject": {
          "reference": "urn:uuid:c018310a-b266-480c-bd55-3a3b0a0e5757"
        },
        "context": {
          "reference": "urn:uuid:e6bf8caf-b13a-4e5b-afef-c0a527a4dfe8"
        },
        "effectiveDateTime": "2013-04-18T17:55:33-04:00",
        "issued": "2013-04-18T17:55:33-04:00",
        "valueQuantity": {
          "value": 47.69683484365667,
          "unit": "kg",
          "system": "http://unitsofmeasure.org/",
          "code": "kg"
        },
        "resourceType": "Observation"
      }
    },
    {
      "fullUrl": "urn:uuid:a62d08c1-381a-45f3-a21e-dce07ceaf30a",
      "resource": {
        "id": "a62d08c1-381a-45f3-a21e-dce07ceaf30a",
        "meta": {
          "profile": [
            "http://standardhealthrecord.org/fhir/StructureDefinition/shr-observation-Observation",
            "http://standardhealthrecord.org/fhir/StructureDefinition/shr-vital-VitalSign",
            "http://standardhealthrecord.org/fhir/StructureDefinition/shr-vital-BodyMassIndex"
          ]
        },
        "status": "final",
        "category": [
          {
            "coding": [
              {
                "system": "http://hl7.org/fhir/observation-category",
                "code": "vital-signs"
              }
            ]
          }
        ],
        "code": {
          "coding": [
            {
              "system": "http://loinc.org",
              "code": "39156-5",
              "display": "Body Mass Index"
            }
          ],
          "text": "Body Mass Index"
        },
        "subject": {
          "reference": "urn:uuid:c018310a-b266-480c-bd55-3a3b0a0e5757"
        },
        "context": {
          "reference": "urn:uuid:e6bf8caf-b13a-4e5b-afef-c0a527a4dfe8"
        },
        "effectiveDateTime": "2013-04-18T17:55:33-04:00",
        "issued": "2013-04-18T17:55:33-04:00",
        "valueQuantity": {
          "value": 20.814022466496187,
          "unit": "kg/m2",
          "system": "http://unitsofmeasure.org/",
          "code": "kg/m2"
        },
        "resourceType": "Observation"
      }
    },
    {
      "fullUrl": "urn:uuid:1a278586-8714-41be-9336-9b32f1401650",
      "resource": {
        "id": "1a278586-8714-41be-9336-9b32f1401650",
        "meta": {
          "profile": [
            "http://standardhealthrecord.org/fhir/StructureDefinition/shr-observation-Observation",
            "http://standardhealthrecord.org/fhir/StructureDefinition/shr-vital-BloodPressure"
          ]
        },
        "status": "final",
        "category": [
          {
            "coding": [
              {
                "system": "http://hl7.org/fhir/observation-category",
                "code": "vital-signs"
              }
            ]
          }
        ],
        "code": {
          "coding": [
            {
              "system": "http://loinc.org",
              "code": "55284-4",
              "display": "Blood Pressure"
            }
          ]
        },
        "subject": {
          "reference": "urn:uuid:c018310a-b266-480c-bd55-3a3b0a0e5757"
        },
        "context": {
          "reference": "urn:uuid:e6bf8caf-b13a-4e5b-afef-c0a527a4dfe8"
        },
        "effectiveDateTime": "2013-04-18T17:55:33-04:00",
        "issued": "2013-04-18T17:55:33-04:00",
        "component": [
          {
            "code": {
              "coding": [
                {
                  "system": "http://loinc.org",
                  "code": "8480-6",
                  "display": "Systolic Blood Pressure"
                }
              ],
              "text": "Systolic Blood Pressure"
            },
            "valueQuantity": {
              "value": 118,
              "unit": "mmHg",
              "system": "http://unitsofmeasure.org/",
              "code": "mmHg"
            }
          },
          {
            "code": {
              "coding": [
                {
                  "system": "http://loinc.org",
                  "code": "8462-4",
                  "display": "Diastolic Blood Pressure"
                }
              ],
              "text": "Diastolic Blood Pressure"
            },
            "valueQuantity": {
              "value": 85,
              "unit": "mmHg",
              "system": "http://unitsofmeasure.org/",
              "code": "mmHg"
            }
          }
        ],
        "resourceType": "Observation"
      }
    },
    {
      "resource": {
        "meta": {
          "profile": [
            "http://standardhealthrecord.org/fhir/StructureDefinition/shr-immunization-Immunization"
          ]
        },
        "status": "completed",
        "notGiven": false,
        "vaccineCode": {
          "coding": [
            {
              "system": "http://hl7.org/fhir/sid/cvx",
              "code": "140",
              "display": "Influenza, seasonal, injectable, preservative free"
            }
          ],
          "text": "Influenza, seasonal, injectable, preservative free"
        },
        "patient": {
          "reference": "urn:uuid:c018310a-b266-480c-bd55-3a3b0a0e5757"
        },
        "encounter": {
          "reference": "urn:uuid:e6bf8caf-b13a-4e5b-afef-c0a527a4dfe8"
        },
        "date": "2013-04-18T17:55:33-04:00",
        "primarySource": true,
        "resourceType": "Immunization"
      }
    },
    {
      "resource": {
        "meta": {
          "profile": [
            "http://standardhealthrecord.org/fhir/StructureDefinition/shr-immunization-Immunization"
          ]
        },
        "status": "completed",
        "notGiven": false,
        "vaccineCode": {
          "coding": [
            {
              "system": "http://hl7.org/fhir/sid/cvx",
              "code": "114",
              "display": "meningococcal MCV4P"
            }
          ],
          "text": "meningococcal MCV4P"
        },
        "patient": {
          "reference": "urn:uuid:c018310a-b266-480c-bd55-3a3b0a0e5757"
        },
        "encounter": {
          "reference": "urn:uuid:e6bf8caf-b13a-4e5b-afef-c0a527a4dfe8"
        },
        "date": "2013-04-18T17:55:33-04:00",
        "primarySource": true,
        "resourceType": "Immunization"
      }
    },
    {
      "resource": {
        "meta": {
          "profile": [
            "http://standardhealthrecord.org/fhir/StructureDefinition/shr-immunization-Immunization"
          ]
        },
        "status": "completed",
        "notGiven": false,
        "vaccineCode": {
          "coding": [
            {
              "system": "http://hl7.org/fhir/sid/cvx",
              "code": "115",
              "display": "Tdap"
            }
          ],
          "text": "Tdap"
        },
        "patient": {
          "reference": "urn:uuid:c018310a-b266-480c-bd55-3a3b0a0e5757"
        },
        "encounter": {
          "reference": "urn:uuid:e6bf8caf-b13a-4e5b-afef-c0a527a4dfe8"
        },
        "date": "2013-04-18T17:55:33-04:00",
        "primarySource": true,
        "resourceType": "Immunization"
      }
    },
    {
      "resource": {
        "meta": {
          "profile": [
            "http://standardhealthrecord.org/fhir/StructureDefinition/shr-immunization-Immunization"
          ]
        },
        "status": "completed",
        "notGiven": false,
        "vaccineCode": {
          "coding": [
            {
              "system": "http://hl7.org/fhir/sid/cvx",
              "code": "62",
              "display": "HPV, quadrivalent"
            }
          ],
          "text": "HPV, quadrivalent"
        },
        "patient": {
          "reference": "urn:uuid:c018310a-b266-480c-bd55-3a3b0a0e5757"
        },
        "encounter": {
          "reference": "urn:uuid:e6bf8caf-b13a-4e5b-afef-c0a527a4dfe8"
        },
        "date": "2013-04-18T17:55:33-04:00",
        "primarySource": true,
        "resourceType": "Immunization"
      }
    },
    {
      "fullUrl": "urn:uuid:1c3aaa1f-fa00-4807-8194-9df33e6e2393",
      "resource": {
        "id": "1c3aaa1f-fa00-4807-8194-9df33e6e2393",
        "meta": {
          "profile": [
            "http://standardhealthrecord.org/fhir/StructureDefinition/shr-encounter-Encounter"
          ]
        },
        "status": "finished",
        "class": {
          "code": "outpatient"
        },
        "type": [
          {
            "coding": [
              {
                "system": "http://snomed.info/sct",
                "code": "170258001"
              }
            ],
            "text": "Outpatient Encounter"
          }
        ],
        "subject": {
          "reference": "urn:uuid:c018310a-b266-480c-bd55-3a3b0a0e5757"
        },
        "period": {
          "start": "2014-04-24T05:59:42-04:00",
          "end": "2014-04-24T06:59:42-04:00"
        },
        "serviceProvider": {
          "reference": "urn:uuid:3163d1c5-ee85-4b50-b6de-3b59273ee509"
        },
        "resourceType": "Encounter"
      }
    },
    {
      "fullUrl": "urn:uuid:5f542333-bca6-419d-a3ca-fe9e8bba311c",
      "resource": {
        "id": "5f542333-bca6-419d-a3ca-fe9e8bba311c",
        "meta": {
          "profile": [
            "http://standardhealthrecord.org/fhir/StructureDefinition/shr-observation-Observation",
            "http://standardhealthrecord.org/fhir/StructureDefinition/shr-vital-VitalSign",
            "http://standardhealthrecord.org/fhir/StructureDefinition/shr-vital-BodyHeight"
          ]
        },
        "status": "final",
        "category": [
          {
            "coding": [
              {
                "system": "http://hl7.org/fhir/observation-category",
                "code": "vital-signs"
              }
            ]
          }
        ],
        "code": {
          "coding": [
            {
              "system": "http://loinc.org",
              "code": "8302-2",
              "display": "Body Height"
            }
          ],
          "text": "Body Height"
        },
        "subject": {
          "reference": "urn:uuid:c018310a-b266-480c-bd55-3a3b0a0e5757"
        },
        "context": {
          "reference": "urn:uuid:1c3aaa1f-fa00-4807-8194-9df33e6e2393"
        },
        "effectiveDateTime": "2014-04-24T05:59:42-04:00",
        "issued": "2014-04-24T05:59:42-04:00",
        "valueQuantity": {
          "value": 157.58948052684224,
          "unit": "cm",
          "system": "http://unitsofmeasure.org/",
          "code": "cm"
        },
        "resourceType": "Observation"
      }
    },
    {
      "fullUrl": "urn:uuid:e18eaf85-d0f3-4971-8173-51c1fadcf6b9",
      "resource": {
        "id": "e18eaf85-d0f3-4971-8173-51c1fadcf6b9",
        "meta": {
          "profile": [
            "http://standardhealthrecord.org/fhir/StructureDefinition/shr-observation-Observation",
            "http://standardhealthrecord.org/fhir/StructureDefinition/shr-vital-VitalSign",
            "http://standardhealthrecord.org/fhir/StructureDefinition/shr-vital-BodyWeight"
          ]
        },
        "status": "final",
        "category": [
          {
            "coding": [
              {
                "system": "http://hl7.org/fhir/observation-category",
                "code": "vital-signs"
              }
            ]
          }
        ],
        "code": {
          "coding": [
            {
              "system": "http://loinc.org",
              "code": "29463-7",
              "display": "Body Weight"
            }
          ],
          "text": "Body Weight"
        },
        "subject": {
          "reference": "urn:uuid:c018310a-b266-480c-bd55-3a3b0a0e5757"
        },
        "context": {
          "reference": "urn:uuid:1c3aaa1f-fa00-4807-8194-9df33e6e2393"
        },
        "effectiveDateTime": "2014-04-24T05:59:42-04:00",
        "issued": "2014-04-24T05:59:42-04:00",
        "valueQuantity": {
          "value": 52.49174671601587,
          "unit": "kg",
          "system": "http://unitsofmeasure.org/",
          "code": "kg"
        },
        "resourceType": "Observation"
      }
    },
    {
      "fullUrl": "urn:uuid:dc6d6566-5fe6-4abc-944c-5e6a7b24c6a1",
      "resource": {
        "id": "dc6d6566-5fe6-4abc-944c-5e6a7b24c6a1",
        "meta": {
          "profile": [
            "http://standardhealthrecord.org/fhir/StructureDefinition/shr-observation-Observation",
            "http://standardhealthrecord.org/fhir/StructureDefinition/shr-vital-VitalSign",
            "http://standardhealthrecord.org/fhir/StructureDefinition/shr-vital-BodyMassIndex"
          ]
        },
        "status": "final",
        "category": [
          {
            "coding": [
              {
                "system": "http://hl7.org/fhir/observation-category",
                "code": "vital-signs"
              }
            ]
          }
        ],
        "code": {
          "coding": [
            {
              "system": "http://loinc.org",
              "code": "39156-5",
              "display": "Body Mass Index"
            }
          ],
          "text": "Body Mass Index"
        },
        "subject": {
          "reference": "urn:uuid:c018310a-b266-480c-bd55-3a3b0a0e5757"
        },
        "context": {
          "reference": "urn:uuid:1c3aaa1f-fa00-4807-8194-9df33e6e2393"
        },
        "effectiveDateTime": "2014-04-24T05:59:42-04:00",
        "issued": "2014-04-24T05:59:42-04:00",
        "valueQuantity": {
          "value": 21.1366704759768,
          "unit": "kg/m2",
          "system": "http://unitsofmeasure.org/",
          "code": "kg/m2"
        },
        "resourceType": "Observation"
      }
    },
    {
      "fullUrl": "urn:uuid:fa415de4-cd30-42e6-a84d-026a0c1bda0e",
      "resource": {
        "id": "fa415de4-cd30-42e6-a84d-026a0c1bda0e",
        "meta": {
          "profile": [
            "http://standardhealthrecord.org/fhir/StructureDefinition/shr-observation-Observation",
            "http://standardhealthrecord.org/fhir/StructureDefinition/shr-vital-BloodPressure"
          ]
        },
        "status": "final",
        "category": [
          {
            "coding": [
              {
                "system": "http://hl7.org/fhir/observation-category",
                "code": "vital-signs"
              }
            ]
          }
        ],
        "code": {
          "coding": [
            {
              "system": "http://loinc.org",
              "code": "55284-4",
              "display": "Blood Pressure"
            }
          ]
        },
        "subject": {
          "reference": "urn:uuid:c018310a-b266-480c-bd55-3a3b0a0e5757"
        },
        "context": {
          "reference": "urn:uuid:1c3aaa1f-fa00-4807-8194-9df33e6e2393"
        },
        "effectiveDateTime": "2014-04-24T05:59:42-04:00",
        "issued": "2014-04-24T05:59:42-04:00",
        "component": [
          {
            "code": {
              "coding": [
                {
                  "system": "http://loinc.org",
                  "code": "8480-6",
                  "display": "Systolic Blood Pressure"
                }
              ],
              "text": "Systolic Blood Pressure"
            },
            "valueQuantity": {
              "value": 108,
              "unit": "mmHg",
              "system": "http://unitsofmeasure.org/",
              "code": "mmHg"
            }
          },
          {
            "code": {
              "coding": [
                {
                  "system": "http://loinc.org",
                  "code": "8462-4",
                  "display": "Diastolic Blood Pressure"
                }
              ],
              "text": "Diastolic Blood Pressure"
            },
            "valueQuantity": {
              "value": 81,
              "unit": "mmHg",
              "system": "http://unitsofmeasure.org/",
              "code": "mmHg"
            }
          }
        ],
        "resourceType": "Observation"
      }
    },
    {
      "resource": {
        "meta": {
          "profile": [
            "http://standardhealthrecord.org/fhir/StructureDefinition/shr-immunization-Immunization"
          ]
        },
        "status": "completed",
        "notGiven": false,
        "vaccineCode": {
          "coding": [
            {
              "system": "http://hl7.org/fhir/sid/cvx",
              "code": "140",
              "display": "Influenza, seasonal, injectable, preservative free"
            }
          ],
          "text": "Influenza, seasonal, injectable, preservative free"
        },
        "patient": {
          "reference": "urn:uuid:c018310a-b266-480c-bd55-3a3b0a0e5757"
        },
        "encounter": {
          "reference": "urn:uuid:1c3aaa1f-fa00-4807-8194-9df33e6e2393"
        },
        "date": "2014-04-24T05:59:42-04:00",
        "primarySource": true,
        "resourceType": "Immunization"
      }
    },
    {
      "resource": {
        "meta": {
          "profile": [
            "http://standardhealthrecord.org/fhir/StructureDefinition/shr-immunization-Immunization"
          ]
        },
        "status": "completed",
        "notGiven": false,
        "vaccineCode": {
          "coding": [
            {
              "system": "http://hl7.org/fhir/sid/cvx",
              "code": "62",
              "display": "HPV, quadrivalent"
            }
          ],
          "text": "HPV, quadrivalent"
        },
        "patient": {
          "reference": "urn:uuid:c018310a-b266-480c-bd55-3a3b0a0e5757"
        },
        "encounter": {
          "reference": "urn:uuid:1c3aaa1f-fa00-4807-8194-9df33e6e2393"
        },
        "date": "2014-04-24T05:59:42-04:00",
        "primarySource": true,
        "resourceType": "Immunization"
      }
    },
    {
      "fullUrl": "urn:uuid:a59ea5fc-0a62-4dd1-ad74-bff0574da6dc",
      "resource": {
        "id": "a59ea5fc-0a62-4dd1-ad74-bff0574da6dc",
        "meta": {
          "profile": [
            "http://standardhealthrecord.org/fhir/StructureDefinition/shr-encounter-Encounter"
          ]
        },
        "status": "finished",
        "class": {
          "code": "outpatient"
        },
        "type": [
          {
            "coding": [
              {
                "system": "http://snomed.info/sct",
                "code": "170258001"
              }
            ],
            "text": "Outpatient Encounter"
          }
        ],
        "subject": {
          "reference": "urn:uuid:c018310a-b266-480c-bd55-3a3b0a0e5757"
        },
        "period": {
          "start": "2015-05-01T05:32:48-04:00",
          "end": "2015-05-01T06:32:48-04:00"
        },
        "serviceProvider": {
          "reference": "urn:uuid:3163d1c5-ee85-4b50-b6de-3b59273ee509"
        },
        "resourceType": "Encounter"
      }
    },
    {
      "fullUrl": "urn:uuid:ba129530-76b6-48f5-beec-a5c54e10fa1f",
      "resource": {
        "id": "ba129530-76b6-48f5-beec-a5c54e10fa1f",
        "meta": {
          "profile": [
            "http://standardhealthrecord.org/fhir/StructureDefinition/shr-observation-Observation",
            "http://standardhealthrecord.org/fhir/StructureDefinition/shr-vital-VitalSign",
            "http://standardhealthrecord.org/fhir/StructureDefinition/shr-vital-BodyHeight"
          ]
        },
        "status": "final",
        "category": [
          {
            "coding": [
              {
                "system": "http://hl7.org/fhir/observation-category",
                "code": "vital-signs"
              }
            ]
          }
        ],
        "code": {
          "coding": [
            {
              "system": "http://loinc.org",
              "code": "8302-2",
              "display": "Body Height"
            }
          ],
          "text": "Body Height"
        },
        "subject": {
          "reference": "urn:uuid:c018310a-b266-480c-bd55-3a3b0a0e5757"
        },
        "context": {
          "reference": "urn:uuid:a59ea5fc-0a62-4dd1-ad74-bff0574da6dc"
        },
        "effectiveDateTime": "2015-05-01T05:32:48-04:00",
        "issued": "2015-05-01T05:32:48-04:00",
        "valueQuantity": {
          "value": 161.08192284343176,
          "unit": "cm",
          "system": "http://unitsofmeasure.org/",
          "code": "cm"
        },
        "resourceType": "Observation"
      }
    },
    {
      "fullUrl": "urn:uuid:71442e23-9319-4820-8ebc-ede301701d88",
      "resource": {
        "id": "71442e23-9319-4820-8ebc-ede301701d88",
        "meta": {
          "profile": [
            "http://standardhealthrecord.org/fhir/StructureDefinition/shr-observation-Observation",
            "http://standardhealthrecord.org/fhir/StructureDefinition/shr-vital-VitalSign",
            "http://standardhealthrecord.org/fhir/StructureDefinition/shr-vital-BodyWeight"
          ]
        },
        "status": "final",
        "category": [
          {
            "coding": [
              {
                "system": "http://hl7.org/fhir/observation-category",
                "code": "vital-signs"
              }
            ]
          }
        ],
        "code": {
          "coding": [
            {
              "system": "http://loinc.org",
              "code": "29463-7",
              "display": "Body Weight"
            }
          ],
          "text": "Body Weight"
        },
        "subject": {
          "reference": "urn:uuid:c018310a-b266-480c-bd55-3a3b0a0e5757"
        },
        "context": {
          "reference": "urn:uuid:a59ea5fc-0a62-4dd1-ad74-bff0574da6dc"
        },
        "effectiveDateTime": "2015-05-01T05:32:48-04:00",
        "issued": "2015-05-01T05:32:48-04:00",
        "valueQuantity": {
          "value": 56.44035374251087,
          "unit": "kg",
          "system": "http://unitsofmeasure.org/",
          "code": "kg"
        },
        "resourceType": "Observation"
      }
    },
    {
      "fullUrl": "urn:uuid:70606fa0-1843-424e-bf74-9a832ab1f366",
      "resource": {
        "id": "70606fa0-1843-424e-bf74-9a832ab1f366",
        "meta": {
          "profile": [
            "http://standardhealthrecord.org/fhir/StructureDefinition/shr-observation-Observation",
            "http://standardhealthrecord.org/fhir/StructureDefinition/shr-vital-VitalSign",
            "http://standardhealthrecord.org/fhir/StructureDefinition/shr-vital-BodyMassIndex"
          ]
        },
        "status": "final",
        "category": [
          {
            "coding": [
              {
                "system": "http://hl7.org/fhir/observation-category",
                "code": "vital-signs"
              }
            ]
          }
        ],
        "code": {
          "coding": [
            {
              "system": "http://loinc.org",
              "code": "39156-5",
              "display": "Body Mass Index"
            }
          ],
          "text": "Body Mass Index"
        },
        "subject": {
          "reference": "urn:uuid:c018310a-b266-480c-bd55-3a3b0a0e5757"
        },
        "context": {
          "reference": "urn:uuid:a59ea5fc-0a62-4dd1-ad74-bff0574da6dc"
        },
        "effectiveDateTime": "2015-05-01T05:32:48-04:00",
        "issued": "2015-05-01T05:32:48-04:00",
        "valueQuantity": {
          "value": 21.751845843718826,
          "unit": "kg/m2",
          "system": "http://unitsofmeasure.org/",
          "code": "kg/m2"
        },
        "resourceType": "Observation"
      }
    },
    {
      "fullUrl": "urn:uuid:c0c20101-7a7c-4cd6-841d-e84ae9324c96",
      "resource": {
        "id": "c0c20101-7a7c-4cd6-841d-e84ae9324c96",
        "meta": {
          "profile": [
            "http://standardhealthrecord.org/fhir/StructureDefinition/shr-observation-Observation",
            "http://standardhealthrecord.org/fhir/StructureDefinition/shr-vital-BloodPressure"
          ]
        },
        "status": "final",
        "category": [
          {
            "coding": [
              {
                "system": "http://hl7.org/fhir/observation-category",
                "code": "vital-signs"
              }
            ]
          }
        ],
        "code": {
          "coding": [
            {
              "system": "http://loinc.org",
              "code": "55284-4",
              "display": "Blood Pressure"
            }
          ]
        },
        "subject": {
          "reference": "urn:uuid:c018310a-b266-480c-bd55-3a3b0a0e5757"
        },
        "context": {
          "reference": "urn:uuid:a59ea5fc-0a62-4dd1-ad74-bff0574da6dc"
        },
        "effectiveDateTime": "2015-05-01T05:32:48-04:00",
        "issued": "2015-05-01T05:32:48-04:00",
        "component": [
          {
            "code": {
              "coding": [
                {
                  "system": "http://loinc.org",
                  "code": "8480-6",
                  "display": "Systolic Blood Pressure"
                }
              ],
              "text": "Systolic Blood Pressure"
            },
            "valueQuantity": {
              "value": 134,
              "unit": "mmHg",
              "system": "http://unitsofmeasure.org/",
              "code": "mmHg"
            }
          },
          {
            "code": {
              "coding": [
                {
                  "system": "http://loinc.org",
                  "code": "8462-4",
                  "display": "Diastolic Blood Pressure"
                }
              ],
              "text": "Diastolic Blood Pressure"
            },
            "valueQuantity": {
              "value": 75,
              "unit": "mmHg",
              "system": "http://unitsofmeasure.org/",
              "code": "mmHg"
            }
          }
        ],
        "resourceType": "Observation"
      }
    },
    {
      "resource": {
        "meta": {
          "profile": [
            "http://standardhealthrecord.org/fhir/StructureDefinition/shr-procedure-Procedure"
          ]
        },
        "extension": [
          {
            "url": "http://standardhealthrecord.org/fhir/StructureDefinition/shr-core-CodeableConcept-extension",
            "valueCodeableConcept": {
              "coding": [
                {
                  "system": "http://snomed.info/sct",
                  "code": "428191000124101",
                  "display": "Documentation of current medications"
                }
              ],
              "text": "Documentation of current medications"
            }
          }
        ],
        "status": "completed",
        "code": {
          "coding": [
            {
              "system": "http://snomed.info/sct",
              "code": "428191000124101",
              "display": "Documentation of current medications"
            }
          ],
          "text": "Documentation of current medications"
        },
        "subject": {
          "reference": "urn:uuid:c018310a-b266-480c-bd55-3a3b0a0e5757"
        },
        "context": {
          "reference": "urn:uuid:a59ea5fc-0a62-4dd1-ad74-bff0574da6dc"
        },
        "performedDateTime": "2015-05-01T05:32:48-04:00",
        "resourceType": "Procedure"
      }
    },
    {
      "resource": {
        "meta": {
          "profile": [
            "http://standardhealthrecord.org/fhir/StructureDefinition/shr-immunization-Immunization"
          ]
        },
        "status": "completed",
        "notGiven": false,
        "vaccineCode": {
          "coding": [
            {
              "system": "http://hl7.org/fhir/sid/cvx",
              "code": "140",
              "display": "Influenza, seasonal, injectable, preservative free"
            }
          ],
          "text": "Influenza, seasonal, injectable, preservative free"
        },
        "patient": {
          "reference": "urn:uuid:c018310a-b266-480c-bd55-3a3b0a0e5757"
        },
        "encounter": {
          "reference": "urn:uuid:a59ea5fc-0a62-4dd1-ad74-bff0574da6dc"
        },
        "date": "2015-05-01T05:32:48-04:00",
        "primarySource": true,
        "resourceType": "Immunization"
      }
    },
    {
      "resource": {
        "meta": {
          "profile": [
            "http://standardhealthrecord.org/fhir/StructureDefinition/shr-immunization-Immunization"
          ]
        },
        "status": "completed",
        "notGiven": false,
        "vaccineCode": {
          "coding": [
            {
              "system": "http://hl7.org/fhir/sid/cvx",
              "code": "62",
              "display": "HPV, quadrivalent"
            }
          ],
          "text": "HPV, quadrivalent"
        },
        "patient": {
          "reference": "urn:uuid:c018310a-b266-480c-bd55-3a3b0a0e5757"
        },
        "encounter": {
          "reference": "urn:uuid:a59ea5fc-0a62-4dd1-ad74-bff0574da6dc"
        },
        "date": "2015-05-01T05:32:48-04:00",
        "primarySource": true,
        "resourceType": "Immunization"
      }
    },
    {
      "fullUrl": "urn:uuid:82589a5e-f796-4d4a-b0f8-c09a9b111b17",
      "resource": {
        "id": "82589a5e-f796-4d4a-b0f8-c09a9b111b17",
        "meta": {
          "profile": [
            "http://standardhealthrecord.org/fhir/StructureDefinition/shr-encounter-Encounter"
          ]
        },
        "status": "finished",
        "class": {
          "code": "outpatient"
        },
        "type": [
          {
            "coding": [
              {
                "system": "http://snomed.info/sct",
                "code": "170258001"
              }
            ],
            "text": "Outpatient Encounter"
          }
        ],
        "subject": {
          "reference": "urn:uuid:c018310a-b266-480c-bd55-3a3b0a0e5757"
        },
        "period": {
          "start": "2016-05-16T22:04:46-04:00",
          "end": "2016-05-16T23:04:46-04:00"
        },
        "serviceProvider": {
          "reference": "urn:uuid:3163d1c5-ee85-4b50-b6de-3b59273ee509"
        },
        "resourceType": "Encounter"
      }
    },
    {
      "fullUrl": "urn:uuid:e3dc40b1-e6d4-4c52-8ce8-601e4ec26dc1",
      "resource": {
        "id": "e3dc40b1-e6d4-4c52-8ce8-601e4ec26dc1",
        "meta": {
          "profile": [
            "http://standardhealthrecord.org/fhir/StructureDefinition/shr-observation-Observation",
            "http://standardhealthrecord.org/fhir/StructureDefinition/shr-vital-VitalSign",
            "http://standardhealthrecord.org/fhir/StructureDefinition/shr-vital-BodyHeight"
          ]
        },
        "status": "final",
        "category": [
          {
            "coding": [
              {
                "system": "http://hl7.org/fhir/observation-category",
                "code": "vital-signs"
              }
            ]
          }
        ],
        "code": {
          "coding": [
            {
              "system": "http://loinc.org",
              "code": "8302-2",
              "display": "Body Height"
            }
          ],
          "text": "Body Height"
        },
        "subject": {
          "reference": "urn:uuid:c018310a-b266-480c-bd55-3a3b0a0e5757"
        },
        "context": {
          "reference": "urn:uuid:82589a5e-f796-4d4a-b0f8-c09a9b111b17"
        },
        "effectiveDateTime": "2016-05-16T22:04:46-04:00",
        "issued": "2016-05-16T22:04:46-04:00",
        "valueQuantity": {
          "value": 162.77205002354603,
          "unit": "cm",
          "system": "http://unitsofmeasure.org/",
          "code": "cm"
        },
        "resourceType": "Observation"
      }
    },
    {
      "fullUrl": "urn:uuid:4f69ce99-a358-42e5-a85f-590f8ef41ead",
      "resource": {
        "id": "4f69ce99-a358-42e5-a85f-590f8ef41ead",
        "meta": {
          "profile": [
            "http://standardhealthrecord.org/fhir/StructureDefinition/shr-observation-Observation",
            "http://standardhealthrecord.org/fhir/StructureDefinition/shr-vital-VitalSign",
            "http://standardhealthrecord.org/fhir/StructureDefinition/shr-vital-BodyWeight"
          ]
        },
        "status": "final",
        "category": [
          {
            "coding": [
              {
                "system": "http://hl7.org/fhir/observation-category",
                "code": "vital-signs"
              }
            ]
          }
        ],
        "code": {
          "coding": [
            {
              "system": "http://loinc.org",
              "code": "29463-7",
              "display": "Body Weight"
            }
          ],
          "text": "Body Weight"
        },
        "subject": {
          "reference": "urn:uuid:c018310a-b266-480c-bd55-3a3b0a0e5757"
        },
        "context": {
          "reference": "urn:uuid:82589a5e-f796-4d4a-b0f8-c09a9b111b17"
        },
        "effectiveDateTime": "2016-05-16T22:04:46-04:00",
        "issued": "2016-05-16T22:04:46-04:00",
        "valueQuantity": {
          "value": 59.49629317488067,
          "unit": "kg",
          "system": "http://unitsofmeasure.org/",
          "code": "kg"
        },
        "resourceType": "Observation"
      }
    },
    {
      "fullUrl": "urn:uuid:2d25501f-6699-4dc0-a782-8abf5a50c5b7",
      "resource": {
        "id": "2d25501f-6699-4dc0-a782-8abf5a50c5b7",
        "meta": {
          "profile": [
            "http://standardhealthrecord.org/fhir/StructureDefinition/shr-observation-Observation",
            "http://standardhealthrecord.org/fhir/StructureDefinition/shr-vital-VitalSign",
            "http://standardhealthrecord.org/fhir/StructureDefinition/shr-vital-BodyMassIndex"
          ]
        },
        "status": "final",
        "category": [
          {
            "coding": [
              {
                "system": "http://hl7.org/fhir/observation-category",
                "code": "vital-signs"
              }
            ]
          }
        ],
        "code": {
          "coding": [
            {
              "system": "http://loinc.org",
              "code": "39156-5",
              "display": "Body Mass Index"
            }
          ],
          "text": "Body Mass Index"
        },
        "subject": {
          "reference": "urn:uuid:c018310a-b266-480c-bd55-3a3b0a0e5757"
        },
        "context": {
          "reference": "urn:uuid:82589a5e-f796-4d4a-b0f8-c09a9b111b17"
        },
        "effectiveDateTime": "2016-05-16T22:04:46-04:00",
        "issued": "2016-05-16T22:04:46-04:00",
        "valueQuantity": {
          "value": 22.45588844091854,
          "unit": "kg/m2",
          "system": "http://unitsofmeasure.org/",
          "code": "kg/m2"
        },
        "resourceType": "Observation"
      }
    },
    {
      "fullUrl": "urn:uuid:1917bc9b-0e05-404a-94f7-717403283823",
      "resource": {
        "id": "1917bc9b-0e05-404a-94f7-717403283823",
        "meta": {
          "profile": [
            "http://standardhealthrecord.org/fhir/StructureDefinition/shr-observation-Observation",
            "http://standardhealthrecord.org/fhir/StructureDefinition/shr-vital-BloodPressure"
          ]
        },
        "status": "final",
        "category": [
          {
            "coding": [
              {
                "system": "http://hl7.org/fhir/observation-category",
                "code": "vital-signs"
              }
            ]
          }
        ],
        "code": {
          "coding": [
            {
              "system": "http://loinc.org",
              "code": "55284-4",
              "display": "Blood Pressure"
            }
          ]
        },
        "subject": {
          "reference": "urn:uuid:c018310a-b266-480c-bd55-3a3b0a0e5757"
        },
        "context": {
          "reference": "urn:uuid:82589a5e-f796-4d4a-b0f8-c09a9b111b17"
        },
        "effectiveDateTime": "2016-05-16T22:04:46-04:00",
        "issued": "2016-05-16T22:04:46-04:00",
        "component": [
          {
            "code": {
              "coding": [
                {
                  "system": "http://loinc.org",
                  "code": "8480-6",
                  "display": "Systolic Blood Pressure"
                }
              ],
              "text": "Systolic Blood Pressure"
            },
            "valueQuantity": {
              "value": 128,
              "unit": "mmHg",
              "system": "http://unitsofmeasure.org/",
              "code": "mmHg"
            }
          },
          {
            "code": {
              "coding": [
                {
                  "system": "http://loinc.org",
                  "code": "8462-4",
                  "display": "Diastolic Blood Pressure"
                }
              ],
              "text": "Diastolic Blood Pressure"
            },
            "valueQuantity": {
              "value": 72,
              "unit": "mmHg",
              "system": "http://unitsofmeasure.org/",
              "code": "mmHg"
            }
          }
        ],
        "resourceType": "Observation"
      }
    },
    {
      "resource": {
        "meta": {
          "profile": [
            "http://standardhealthrecord.org/fhir/StructureDefinition/shr-immunization-Immunization"
          ]
        },
        "status": "completed",
        "notGiven": false,
        "vaccineCode": {
          "coding": [
            {
              "system": "http://hl7.org/fhir/sid/cvx",
              "code": "140",
              "display": "Influenza, seasonal, injectable, preservative free"
            }
          ],
          "text": "Influenza, seasonal, injectable, preservative free"
        },
        "patient": {
          "reference": "urn:uuid:c018310a-b266-480c-bd55-3a3b0a0e5757"
        },
        "encounter": {
          "reference": "urn:uuid:82589a5e-f796-4d4a-b0f8-c09a9b111b17"
        },
        "date": "2016-05-16T22:04:46-04:00",
        "primarySource": true,
        "resourceType": "Immunization"
      }
    }
  ],
  "resourceType": "Bundle"
}