{
  "type": "collection",
  "entry": [
    {
      "fullUrl": "urn:uuid:5e8eeef7-5ccb-4ee7-9406-e5d9d4d81a35",
      "resource": {
        "id": "5e8eeef7-5ccb-4ee7-9406-e5d9d4d81a35",
        "meta": {
          "profile": [
            "http://standardhealthrecord.org/fhir/StructureDefinition/shr-demographics-PersonOfRecord"
          ]
        },
        "text": {
          "status": "generated",
          "div": "<div>Generated by <a href=\"https://github.com/synthetichealth/synthea\">Synthea</a>. Version identifier: 4d02400401b9fab839e47bf5b2f1f6a8c683ab55</div>"
        },
        "extension": [
          {
            "url": "http://hl7.org/fhir/us/core/StructureDefinition/us-core-race",
            "valueCodeableConcept": {
              "coding": [
                {
                  "system": "http://hl7.org/fhir/v3/Race",
                  "code": "2054-5",
                  "display": "Black"
                }
              ],
              "text": "race"
            }
          },
          {
            "url": "http://hl7.org/fhir/us/core/StructureDefinition/us-core-ethnicity",
            "valueCodeableConcept": {
              "coding": [
                {
                  "system": "http://hl7.org/fhir/v3/Ethnicity",
                  "code": "2186-5",
                  "display": "Nonhispanic"
                }
              ],
              "text": "ethnicity"
            }
          },
          {
            "url": "http://hl7.org/fhir/StructureDefinition/birthPlace",
            "valueAddress": {
              "city": "Fitchburg",
              "state": "MA",
              "country": "US"
            }
          },
          {
            "url": "http://hl7.org/fhir/StructureDefinition/patient-mothersMaidenName",
            "valueString": "Amos962 Yundt692"
          },
          {
            "url": "http://hl7.org/fhir/us/core/StructureDefinition/us-core-birthsex",
            "valueCode": "M"
          },
          {
            "url": "http://hl7.org/fhir/StructureDefinition/patient-interpreterRequired",
            "valueBoolean": false
          },
          {
            "url": "http://standardhealthrecord.org/fhir/StructureDefinition/shr-actor-FictionalPerson-extension",
            "valueBoolean": true
          },
          {
            "url": "http://standardhealthrecord.org/fhir/StructureDefinition/shr-demographics-FathersName-extension",
            "valueHumanName": {
              "text": "Kim310 Abernathy959"
            }
          },
          {
            "url": "http://standardhealthrecord.org/fhir/StructureDefinition/shr-demographics-SocialSecurityNumber-extension",
            "valueString": "999-73-4127"
          }
        ],
        "identifier": [
          {
            "system": "https://github.com/synthetichealth/synthea",
            "value": "3a400a98-9725-477f-aef8-1a76529d1389"
          },
          {
            "type": {
              "coding": [
                {
                  "system": "http://hl7.org/fhir/identifier-type",
                  "code": "SB"
                }
              ]
            },
            "system": "http://hl7.org/fhir/sid/us-ssn",
            "value": "999734127"
          }
        ],
        "name": [
          {
            "use": "official",
            "family": "Abernathy959",
            "given": [
              "Brando759"
            ]
          }
        ],
        "telecom": [
          {
            "system": "phone",
            "value": "(477) 770-8915",
            "use": "home"
          }
        ],
        "gender": "male",
        "birthDate": "2003-07-16",
        "address": [
          {
            "extension": [
              {
                "extension": [
                  {
                    "url": "latitude",
                    "valueDecimal": 42.02827065439122
                  },
                  {
                    "url": "longitude",
                    "valueDecimal": -70.8187396385631
                  }
                ],
                "url": "http://hl7.org/fhir/StructureDefinition/geolocation"
              }
            ],
            "line": [
              "448 Kemmer Drive",
              "Suite 603"
            ],
            "city": "Pembroke",
            "state": "MA",
            "postalCode": "02359",
            "country": "US"
          }
        ],
        "maritalStatus": {
          "coding": [
            {
              "system": "http://hl7.org/fhir/v3/MaritalStatus",
              "code": "S"
            }
          ],
          "text": "Never Married"
        },
        "multipleBirthBoolean": false,
        "communication": [
          {
            "language": {
              "coding": [
                {
                  "system": "http://hl7.org/fhir/ValueSet/languages",
                  "code": "en-US",
                  "display": "English (United States)"
                }
              ]
            }
          }
        ],
        "resourceType": "Patient"
      }
    },
    {
      "fullUrl": "urn:uuid:2bec3e3d-a82c-4a15-b8f6-e5ce96ca042f",
      "resource": {
        "id": "2bec3e3d-a82c-4a15-b8f6-e5ce96ca042f",
        "meta": {
          "profile": [
            "http://standardhealthrecord.org/fhir/StructureDefinition/shr-actor-Organization"
          ]
        },
        "type": [
          {
            "coding": [
              {
                "system": "http://hl7.org/fhir/ValueSet/organization-type",
                "code": "prov",
                "display": "Healthcare Provider"
              }
            ],
            "text": "Healthcare Provider"
          }
        ],
        "name": "Synthetic Provider",
        "resourceType": "Organization"
      }
    },
    {
      "fullUrl": "urn:uuid:428bde67-99e2-4011-a834-15eafce2b20b",
      "resource": {
        "id": "428bde67-99e2-4011-a834-15eafce2b20b",
        "meta": {
          "profile": [
            "http://standardhealthrecord.org/fhir/StructureDefinition/shr-encounter-Encounter"
          ]
        },
        "status": "finished",
        "class": {
          "code": "outpatient"
        },
        "type": [
          {
            "coding": [
              {
                "system": "http://snomed.info/sct",
                "code": "170258001"
              }
            ],
            "text": "Outpatient Encounter"
          }
        ],
        "subject": {
          "reference": "urn:uuid:5e8eeef7-5ccb-4ee7-9406-e5d9d4d81a35"
        },
        "period": {
          "start": "2011-02-22T21:24:06-05:00",
          "end": "2011-02-22T22:24:06-05:00"
        },
        "serviceProvider": {
          "reference": "urn:uuid:2bec3e3d-a82c-4a15-b8f6-e5ce96ca042f"
        },
        "resourceType": "Encounter"
      }
    },
    {
      "fullUrl": "urn:uuid:04c55c65-54a5-4a67-879c-d64f393deb66",
      "resource": {
        "id": "04c55c65-54a5-4a67-879c-d64f393deb66",
        "meta": {
          "profile": [
            "http://standardhealthrecord.org/fhir/StructureDefinition/shr-observation-Observation",
            "http://standardhealthrecord.org/fhir/StructureDefinition/shr-vital-VitalSign",
            "http://standardhealthrecord.org/fhir/StructureDefinition/shr-vital-BodyHeight"
          ]
        },
        "status": "final",
        "category": [
          {
            "coding": [
              {
                "system": "http://hl7.org/fhir/observation-category",
                "code": "vital-signs"
              }
            ]
          }
        ],
        "code": {
          "coding": [
            {
              "system": "http://loinc.org",
              "code": "8302-2",
              "display": "Body Height"
            }
          ],
          "text": "Body Height"
        },
        "subject": {
          "reference": "urn:uuid:5e8eeef7-5ccb-4ee7-9406-e5d9d4d81a35"
        },
        "context": {
          "reference": "urn:uuid:428bde67-99e2-4011-a834-15eafce2b20b"
        },
        "effectiveDateTime": "2011-02-22T21:24:06-05:00",
        "issued": "2011-02-22T21:24:06-05:00",
        "valueQuantity": {
          "value": 127.46163433615318,
          "unit": "cm",
          "system": "http://unitsofmeasure.org/",
          "code": "cm"
        },
        "resourceType": "Observation"
      }
    },
    {
      "fullUrl": "urn:uuid:024d3a73-663f-4d9b-b21a-0afa8f47f7f0",
      "resource": {
        "id": "024d3a73-663f-4d9b-b21a-0afa8f47f7f0",
        "meta": {
          "profile": [
            "http://standardhealthrecord.org/fhir/StructureDefinition/shr-observation-Observation",
            "http://standardhealthrecord.org/fhir/StructureDefinition/shr-vital-VitalSign",
            "http://standardhealthrecord.org/fhir/StructureDefinition/shr-vital-BodyWeight"
          ]
        },
        "status": "final",
        "category": [
          {
            "coding": [
              {
                "system": "http://hl7.org/fhir/observation-category",
                "code": "vital-signs"
              }
            ]
          }
        ],
        "code": {
          "coding": [
            {
              "system": "http://loinc.org",
              "code": "29463-7",
              "display": "Body Weight"
            }
          ],
          "text": "Body Weight"
        },
        "subject": {
          "reference": "urn:uuid:5e8eeef7-5ccb-4ee7-9406-e5d9d4d81a35"
        },
        "context": {
          "reference": "urn:uuid:428bde67-99e2-4011-a834-15eafce2b20b"
        },
        "effectiveDateTime": "2011-02-22T21:24:06-05:00",
        "issued": "2011-02-22T21:24:06-05:00",
        "valueQuantity": {
          "value": 26.830932858534553,
          "unit": "kg",
          "system": "http://unitsofmeasure.org/",
          "code": "kg"
        },
        "resourceType": "Observation"
      }
    },
    {
      "fullUrl": "urn:uuid:f0d9edfd-0ed7-4fd1-ab58-684495294268",
      "resource": {
        "id": "f0d9edfd-0ed7-4fd1-ab58-684495294268",
        "meta": {
          "profile": [
            "http://standardhealthrecord.org/fhir/StructureDefinition/shr-observation-Observation",
            "http://standardhealthrecord.org/fhir/StructureDefinition/shr-vital-VitalSign",
            "http://standardhealthrecord.org/fhir/StructureDefinition/shr-vital-BodyMassIndex"
          ]
        },
        "status": "final",
        "category": [
          {
            "coding": [
              {
                "system": "http://hl7.org/fhir/observation-category",
                "code": "vital-signs"
              }
            ]
          }
        ],
        "code": {
          "coding": [
            {
              "system": "http://loinc.org",
              "code": "39156-5",
              "display": "Body Mass Index"
            }
          ],
          "text": "Body Mass Index"
        },
        "subject": {
          "reference": "urn:uuid:5e8eeef7-5ccb-4ee7-9406-e5d9d4d81a35"
        },
        "context": {
          "reference": "urn:uuid:428bde67-99e2-4011-a834-15eafce2b20b"
        },
        "effectiveDateTime": "2011-02-22T21:24:06-05:00",
        "issued": "2011-02-22T21:24:06-05:00",
        "valueQuantity": {
          "value": 16.51493265033563,
          "unit": "kg/m2",
          "system": "http://unitsofmeasure.org/",
          "code": "kg/m2"
        },
        "resourceType": "Observation"
      }
    },
    {
      "fullUrl": "urn:uuid:f90c0b4a-0a61-4800-8fc1-45cb8dd33be1",
      "resource": {
        "id": "f90c0b4a-0a61-4800-8fc1-45cb8dd33be1",
        "meta": {
          "profile": [
            "http://standardhealthrecord.org/fhir/StructureDefinition/shr-observation-Observation",
            "http://standardhealthrecord.org/fhir/StructureDefinition/shr-vital-BloodPressure"
          ]
        },
        "status": "final",
        "category": [
          {
            "coding": [
              {
                "system": "http://hl7.org/fhir/observation-category",
                "code": "vital-signs"
              }
            ]
          }
        ],
        "code": {
          "coding": [
            {
              "system": "http://loinc.org",
              "code": "55284-4",
              "display": "Blood Pressure"
            }
          ]
        },
        "subject": {
          "reference": "urn:uuid:5e8eeef7-5ccb-4ee7-9406-e5d9d4d81a35"
        },
        "context": {
          "reference": "urn:uuid:428bde67-99e2-4011-a834-15eafce2b20b"
        },
        "effectiveDateTime": "2011-02-22T21:24:06-05:00",
        "issued": "2011-02-22T21:24:06-05:00",
        "component": [
          {
            "code": {
              "coding": [
                {
                  "system": "http://loinc.org",
                  "code": "8480-6",
                  "display": "Systolic Blood Pressure"
                }
              ],
              "text": "Systolic Blood Pressure"
            },
            "valueQuantity": {
              "value": 104,
              "unit": "mmHg",
              "system": "http://unitsofmeasure.org/",
              "code": "mmHg"
            }
          },
          {
            "code": {
              "coding": [
                {
                  "system": "http://loinc.org",
                  "code": "8462-4",
                  "display": "Diastolic Blood Pressure"
                }
              ],
              "text": "Diastolic Blood Pressure"
            },
            "valueQuantity": {
              "value": 88,
              "unit": "mmHg",
              "system": "http://unitsofmeasure.org/",
              "code": "mmHg"
            }
          }
        ],
        "resourceType": "Observation"
      }
    },
    {
      "resource": {
        "meta": {
          "profile": [
            "http://standardhealthrecord.org/fhir/StructureDefinition/shr-procedure-Procedure"
          ]
        },
        "extension": [
          {
            "url": "http://standardhealthrecord.org/fhir/StructureDefinition/shr-core-CodeableConcept-extension",
            "valueCodeableConcept": {
              "coding": [
                {
                  "system": "http://snomed.info/sct",
                  "code": "428191000124101",
                  "display": "Documentation of current medications"
                }
              ],
              "text": "Documentation of current medications"
            }
          }
        ],
        "status": "completed",
        "code": {
          "coding": [
            {
              "system": "http://snomed.info/sct",
              "code": "428191000124101",
              "display": "Documentation of current medications"
            }
          ],
          "text": "Documentation of current medications"
        },
        "subject": {
          "reference": "urn:uuid:5e8eeef7-5ccb-4ee7-9406-e5d9d4d81a35"
        },
        "context": {
          "reference": "urn:uuid:428bde67-99e2-4011-a834-15eafce2b20b"
        },
        "performedDateTime": "2011-02-22T21:24:06-05:00",
        "resourceType": "Procedure"
      }
    },
    {
      "resource": {
        "meta": {
          "profile": [
            "http://standardhealthrecord.org/fhir/StructureDefinition/shr-immunization-Immunization"
          ]
        },
        "status": "completed",
        "notGiven": false,
        "vaccineCode": {
          "coding": [
            {
              "system": "http://hl7.org/fhir/sid/cvx",
              "code": "140",
              "display": "Influenza, seasonal, injectable, preservative free"
            }
          ],
          "text": "Influenza, seasonal, injectable, preservative free"
        },
        "patient": {
          "reference": "urn:uuid:5e8eeef7-5ccb-4ee7-9406-e5d9d4d81a35"
        },
        "encounter": {
          "reference": "urn:uuid:428bde67-99e2-4011-a834-15eafce2b20b"
        },
        "date": "2011-02-22T21:24:06-05:00",
        "primarySource": true,
        "resourceType": "Immunization"
      }
    },
    {
      "resource": {
        "meta": {
          "profile": [
            "http://standardhealthrecord.org/fhir/StructureDefinition/shr-medication-Medication"
          ]
        },
        "code": {
          "coding": [
            {
              "system": "http://www.nlm.nih.gov/research/umls/rxnorm",
              "code": "834060",
              "display": "Penicillin V Potassium 250 MG"
            }
          ],
          "text": "Penicillin V Potassium 250 MG"
        },
        "resourceType": "Medication"
      }
    },
    {
      "resource": {
        "meta": {
          "profile": [
            "http://standardhealthrecord.org/fhir/StructureDefinition/shr-medication-MedicationPrescription"
          ]
        },
        "extension": [
          {
            "url": "http://standardhealthrecord.org/fhir/StructureDefinition/shr-base-ActionCode-extension",
            "valueCodeableConcept": {
              "coding": [
                {
                  "system": "http://snomed.info/sct",
                  "code": "33633005",
                  "display": "Prescription of drug (procedure)"
                }
              ],
              "text": "Prescription of drug (procedure)"
            }
          }
        ],
        "status": "active",
        "medicationReference": {
          "reference": ""
        },
        "subject": {
          "reference": "urn:uuid:5e8eeef7-5ccb-4ee7-9406-e5d9d4d81a35"
        },
        "context": {
          "reference": "urn:uuid:428bde67-99e2-4011-a834-15eafce2b20b"
        },
        "authoredOn": "2005-03-27",
        "dosageInstruction": [
          {

          }
        ],
        "resourceType": "MedicationRequest"
      }
    },
    {
      "fullUrl": "urn:uuid:1f95d856-b8f5-410b-b98c-a0c094e4ccf8",
      "resource": {
        "id": "1f95d856-b8f5-410b-b98c-a0c094e4ccf8",
        "meta": {
          "profile": [
            "http://standardhealthrecord.org/fhir/StructureDefinition/shr-encounter-Encounter"
          ]
        },
        "status": "finished",
        "class": {
          "code": "outpatient"
        },
        "type": [
          {
            "coding": [
              {
                "system": "http://snomed.info/sct",
                "code": "170258001"
              }
            ],
            "text": "Outpatient Encounter"
          }
        ],
        "subject": {
          "reference": "urn:uuid:5e8eeef7-5ccb-4ee7-9406-e5d9d4d81a35"
        },
        "period": {
          "start": "2012-01-29T11:08:18-05:00",
          "end": "2012-01-29T12:08:18-05:00"
        },
        "serviceProvider": {
          "reference": "urn:uuid:2bec3e3d-a82c-4a15-b8f6-e5ce96ca042f"
        },
        "resourceType": "Encounter"
      }
    },
    {
      "fullUrl": "urn:uuid:857799f6-1c18-4316-aa0e-e6bcf896efbe",
      "resource": {
        "id": "857799f6-1c18-4316-aa0e-e6bcf896efbe",
        "meta": {
          "profile": [
            "http://standardhealthrecord.org/fhir/StructureDefinition/shr-observation-Observation",
            "http://standardhealthrecord.org/fhir/StructureDefinition/shr-vital-VitalSign",
            "http://standardhealthrecord.org/fhir/StructureDefinition/shr-vital-BodyHeight"
          ]
        },
        "status": "final",
        "category": [
          {
            "coding": [
              {
                "system": "http://hl7.org/fhir/observation-category",
                "code": "vital-signs"
              }
            ]
          }
        ],
        "code": {
          "coding": [
            {
              "system": "http://loinc.org",
              "code": "8302-2",
              "display": "Body Height"
            }
          ],
          "text": "Body Height"
        },
        "subject": {
          "reference": "urn:uuid:5e8eeef7-5ccb-4ee7-9406-e5d9d4d81a35"
        },
        "context": {
          "reference": "urn:uuid:1f95d856-b8f5-410b-b98c-a0c094e4ccf8"
        },
        "effectiveDateTime": "2012-01-29T11:08:18-05:00",
        "issued": "2012-01-29T11:08:18-05:00",
        "valueQuantity": {
          "value": 132.94216242567686,
          "unit": "cm",
          "system": "http://unitsofmeasure.org/",
          "code": "cm"
        },
        "resourceType": "Observation"
      }
    },
    {
      "fullUrl": "urn:uuid:8cfd9476-9226-4349-b4a3-db1a7895cdfb",
      "resource": {
        "id": "8cfd9476-9226-4349-b4a3-db1a7895cdfb",
        "meta": {
          "profile": [
            "http://standardhealthrecord.org/fhir/StructureDefinition/shr-observation-Observation",
            "http://standardhealthrecord.org/fhir/StructureDefinition/shr-vital-VitalSign",
            "http://standardhealthrecord.org/fhir/StructureDefinition/shr-vital-BodyWeight"
          ]
        },
        "status": "final",
        "category": [
          {
            "coding": [
              {
                "system": "http://hl7.org/fhir/observation-category",
                "code": "vital-signs"
              }
            ]
          }
        ],
        "code": {
          "coding": [
            {
              "system": "http://loinc.org",
              "code": "29463-7",
              "display": "Body Weight"
            }
          ],
          "text": "Body Weight"
        },
        "subject": {
          "reference": "urn:uuid:5e8eeef7-5ccb-4ee7-9406-e5d9d4d81a35"
        },
        "context": {
          "reference": "urn:uuid:1f95d856-b8f5-410b-b98c-a0c094e4ccf8"
        },
        "effectiveDateTime": "2012-01-29T11:08:18-05:00",
        "issued": "2012-01-29T11:08:18-05:00",
        "valueQuantity": {
          "value": 29.739125875747668,
          "unit": "kg",
          "system": "http://unitsofmeasure.org/",
          "code": "kg"
        },
        "resourceType": "Observation"
      }
    },
    {
      "fullUrl": "urn:uuid:2fbe3a14-7fba-4d9e-aa37-01de9a63bd7b",
      "resource": {
        "id": "2fbe3a14-7fba-4d9e-aa37-01de9a63bd7b",
        "meta": {
          "profile": [
            "http://standardhealthrecord.org/fhir/StructureDefinition/shr-observation-Observation",
            "http://standardhealthrecord.org/fhir/StructureDefinition/shr-vital-VitalSign",
            "http://standardhealthrecord.org/fhir/StructureDefinition/shr-vital-BodyMassIndex"
          ]
        },
        "status": "final",
        "category": [
          {
            "coding": [
              {
                "system": "http://hl7.org/fhir/observation-category",
                "code": "vital-signs"
              }
            ]
          }
        ],
        "code": {
          "coding": [
            {
              "system": "http://loinc.org",
              "code": "39156-5",
              "display": "Body Mass Index"
            }
          ],
          "text": "Body Mass Index"
        },
        "subject": {
          "reference": "urn:uuid:5e8eeef7-5ccb-4ee7-9406-e5d9d4d81a35"
        },
        "context": {
          "reference": "urn:uuid:1f95d856-b8f5-410b-b98c-a0c094e4ccf8"
        },
        "effectiveDateTime": "2012-01-29T11:08:18-05:00",
        "issued": "2012-01-29T11:08:18-05:00",
        "valueQuantity": {
          "value": 16.826846064893303,
          "unit": "kg/m2",
          "system": "http://unitsofmeasure.org/",
          "code": "kg/m2"
        },
        "resourceType": "Observation"
      }
    },
    {
      "fullUrl": "urn:uuid:3038ca9f-e8ca-4dab-93c0-2ceda642ee9a",
      "resource": {
        "id": "3038ca9f-e8ca-4dab-93c0-2ceda642ee9a",
        "meta": {
          "profile": [
            "http://standardhealthrecord.org/fhir/StructureDefinition/shr-observation-Observation",
            "http://standardhealthrecord.org/fhir/StructureDefinition/shr-vital-BloodPressure"
          ]
        },
        "status": "final",
        "category": [
          {
            "coding": [
              {
                "system": "http://hl7.org/fhir/observation-category",
                "code": "vital-signs"
              }
            ]
          }
        ],
        "code": {
          "coding": [
            {
              "system": "http://loinc.org",
              "code": "55284-4",
              "display": "Blood Pressure"
            }
          ]
        },
        "subject": {
          "reference": "urn:uuid:5e8eeef7-5ccb-4ee7-9406-e5d9d4d81a35"
        },
        "context": {
          "reference": "urn:uuid:1f95d856-b8f5-410b-b98c-a0c094e4ccf8"
        },
        "effectiveDateTime": "2012-01-29T11:08:18-05:00",
        "issued": "2012-01-29T11:08:18-05:00",
        "component": [
          {
            "code": {
              "coding": [
                {
                  "system": "http://loinc.org",
                  "code": "8480-6",
                  "display": "Systolic Blood Pressure"
                }
              ],
              "text": "Systolic Blood Pressure"
            },
            "valueQuantity": {
              "value": 121,
              "unit": "mmHg",
              "system": "http://unitsofmeasure.org/",
              "code": "mmHg"
            }
          },
          {
            "code": {
              "coding": [
                {
                  "system": "http://loinc.org",
                  "code": "8462-4",
                  "display": "Diastolic Blood Pressure"
                }
              ],
              "text": "Diastolic Blood Pressure"
            },
            "valueQuantity": {
              "value": 80,
              "unit": "mmHg",
              "system": "http://unitsofmeasure.org/",
              "code": "mmHg"
            }
          }
        ],
        "resourceType": "Observation"
      }
    },
    {
      "resource": {
        "meta": {
          "profile": [
            "http://standardhealthrecord.org/fhir/StructureDefinition/shr-immunization-Immunization"
          ]
        },
        "status": "completed",
        "notGiven": false,
        "vaccineCode": {
          "coding": [
            {
              "system": "http://hl7.org/fhir/sid/cvx",
              "code": "140",
              "display": "Influenza, seasonal, injectable, preservative free"
            }
          ],
          "text": "Influenza, seasonal, injectable, preservative free"
        },
        "patient": {
          "reference": "urn:uuid:5e8eeef7-5ccb-4ee7-9406-e5d9d4d81a35"
        },
        "encounter": {
          "reference": "urn:uuid:1f95d856-b8f5-410b-b98c-a0c094e4ccf8"
        },
        "date": "2012-01-29T11:08:18-05:00",
        "primarySource": true,
        "resourceType": "Immunization"
      }
    },
    {
      "fullUrl": "urn:uuid:9d789c33-950b-43aa-b49d-1b33d674d630",
      "resource": {
        "id": "9d789c33-950b-43aa-b49d-1b33d674d630",
        "meta": {
          "profile": [
            "http://standardhealthrecord.org/fhir/StructureDefinition/shr-encounter-Encounter"
          ]
        },
        "status": "finished",
        "class": {
          "code": "outpatient"
        },
        "type": [
          {
            "coding": [
              {
                "system": "http://snomed.info/sct",
                "code": "170258001"
              }
            ],
            "text": "Outpatient Encounter"
          }
        ],
        "subject": {
          "reference": "urn:uuid:5e8eeef7-5ccb-4ee7-9406-e5d9d4d81a35"
        },
        "period": {
          "start": "2012-12-08T15:29:15-05:00",
          "end": "2012-12-08T16:29:15-05:00"
        },
        "serviceProvider": {
          "reference": "urn:uuid:2bec3e3d-a82c-4a15-b8f6-e5ce96ca042f"
        },
        "resourceType": "Encounter"
      }
    },
    {
      "fullUrl": "urn:uuid:9e0a52fb-2cdf-499a-afd0-1ab5eed0a296",
      "resource": {
        "id": "9e0a52fb-2cdf-499a-afd0-1ab5eed0a296",
        "meta": {
          "profile": [
            "http://standardhealthrecord.org/fhir/StructureDefinition/shr-observation-Observation",
            "http://standardhealthrecord.org/fhir/StructureDefinition/shr-vital-VitalSign",
            "http://standardhealthrecord.org/fhir/StructureDefinition/shr-vital-BodyHeight"
          ]
        },
        "status": "final",
        "category": [
          {
            "coding": [
              {
                "system": "http://hl7.org/fhir/observation-category",
                "code": "vital-signs"
              }
            ]
          }
        ],
        "code": {
          "coding": [
            {
              "system": "http://loinc.org",
              "code": "8302-2",
              "display": "Body Height"
            }
          ],
          "text": "Body Height"
        },
        "subject": {
          "reference": "urn:uuid:5e8eeef7-5ccb-4ee7-9406-e5d9d4d81a35"
        },
        "context": {
          "reference": "urn:uuid:9d789c33-950b-43aa-b49d-1b33d674d630"
        },
        "effectiveDateTime": "2012-12-08T15:29:15-05:00",
        "issued": "2012-12-08T15:29:15-05:00",
        "valueQuantity": {
          "value": 137.53786342502593,
          "unit": "cm",
          "system": "http://unitsofmeasure.org/",
          "code": "cm"
        },
        "resourceType": "Observation"
      }
    },
    {
      "fullUrl": "urn:uuid:aeda4dc1-f33f-4f82-997c-bb62214ac129",
      "resource": {
        "id": "aeda4dc1-f33f-4f82-997c-bb62214ac129",
        "meta": {
          "profile": [
            "http://standardhealthrecord.org/fhir/StructureDefinition/shr-observation-Observation",
            "http://standardhealthrecord.org/fhir/StructureDefinition/shr-vital-VitalSign",
            "http://standardhealthrecord.org/fhir/StructureDefinition/shr-vital-BodyWeight"
          ]
        },
        "status": "final",
        "category": [
          {
            "coding": [
              {
                "system": "http://hl7.org/fhir/observation-category",
                "code": "vital-signs"
              }
            ]
          }
        ],
        "code": {
          "coding": [
            {
              "system": "http://loinc.org",
              "code": "29463-7",
              "display": "Body Weight"
            }
          ],
          "text": "Body Weight"
        },
        "subject": {
          "reference": "urn:uuid:5e8eeef7-5ccb-4ee7-9406-e5d9d4d81a35"
        },
        "context": {
          "reference": "urn:uuid:9d789c33-950b-43aa-b49d-1b33d674d630"
        },
        "effectiveDateTime": "2012-12-08T15:29:15-05:00",
        "issued": "2012-12-08T15:29:15-05:00",
        "valueQuantity": {
          "value": 32.75819871023186,
          "unit": "kg",
          "system": "http://unitsofmeasure.org/",
          "code": "kg"
        },
        "resourceType": "Observation"
      }
    },
    {
      "fullUrl": "urn:uuid:4d2ca2d8-217f-4657-9fba-36cf040da803",
      "resource": {
        "id": "4d2ca2d8-217f-4657-9fba-36cf040da803",
        "meta": {
          "profile": [
            "http://standardhealthrecord.org/fhir/StructureDefinition/shr-observation-Observation",
            "http://standardhealthrecord.org/fhir/StructureDefinition/shr-vital-VitalSign",
            "http://standardhealthrecord.org/fhir/StructureDefinition/shr-vital-BodyMassIndex"
          ]
        },
        "status": "final",
        "category": [
          {
            "coding": [
              {
                "system": "http://hl7.org/fhir/observation-category",
                "code": "vital-signs"
              }
            ]
          }
        ],
        "code": {
          "coding": [
            {
              "system": "http://loinc.org",
              "code": "39156-5",
              "display": "Body Mass Index"
            }
          ],
          "text": "Body Mass Index"
        },
        "subject": {
          "reference": "urn:uuid:5e8eeef7-5ccb-4ee7-9406-e5d9d4d81a35"
        },
        "context": {
          "reference": "urn:uuid:9d789c33-950b-43aa-b49d-1b33d674d630"
        },
        "effectiveDateTime": "2012-12-08T15:29:15-05:00",
        "issued": "2012-12-08T15:29:15-05:00",
        "valueQuantity": {
          "value": 17.317112005474847,
          "unit": "kg/m2",
          "system": "http://unitsofmeasure.org/",
          "code": "kg/m2"
        },
        "resourceType": "Observation"
      }
    },
    {
      "fullUrl": "urn:uuid:3394003e-d656-4572-9b1b-9383957d6c2d",
      "resource": {
        "id": "3394003e-d656-4572-9b1b-9383957d6c2d",
        "meta": {
          "profile": [
            "http://standardhealthrecord.org/fhir/StructureDefinition/shr-observation-Observation",
            "http://standardhealthrecord.org/fhir/StructureDefinition/shr-vital-BloodPressure"
          ]
        },
        "status": "final",
        "category": [
          {
            "coding": [
              {
                "system": "http://hl7.org/fhir/observation-category",
                "code": "vital-signs"
              }
            ]
          }
        ],
        "code": {
          "coding": [
            {
              "system": "http://loinc.org",
              "code": "55284-4",
              "display": "Blood Pressure"
            }
          ]
        },
        "subject": {
          "reference": "urn:uuid:5e8eeef7-5ccb-4ee7-9406-e5d9d4d81a35"
        },
        "context": {
          "reference": "urn:uuid:9d789c33-950b-43aa-b49d-1b33d674d630"
        },
        "effectiveDateTime": "2012-12-08T15:29:15-05:00",
        "issued": "2012-12-08T15:29:15-05:00",
        "component": [
          {
            "code": {
              "coding": [
                {
                  "system": "http://loinc.org",
                  "code": "8480-6",
                  "display": "Systolic Blood Pressure"
                }
              ],
              "text": "Systolic Blood Pressure"
            },
            "valueQuantity": {
              "value": 112,
              "unit": "mmHg",
              "system": "http://unitsofmeasure.org/",
              "code": "mmHg"
            }
          },
          {
            "code": {
              "coding": [
                {
                  "system": "http://loinc.org",
                  "code": "8462-4",
                  "display": "Diastolic Blood Pressure"
                }
              ],
              "text": "Diastolic Blood Pressure"
            },
            "valueQuantity": {
              "value": 72,
              "unit": "mmHg",
              "system": "http://unitsofmeasure.org/",
              "code": "mmHg"
            }
          }
        ],
        "resourceType": "Observation"
      }
    },
    {
      "fullUrl": "urn:uuid:a7279191-052a-4a45-bceb-137b2b0c9c14",
      "resource": {
        "id": "a7279191-052a-4a45-bceb-137b2b0c9c14",
        "meta": {
          "profile": [
            "http://standardhealthrecord.org/fhir/StructureDefinition/shr-encounter-Encounter"
          ]
        },
        "status": "finished",
        "class": {
          "code": "outpatient"
        },
        "type": [
          {
            "coding": [
              {
                "system": "http://snomed.info/sct",
                "code": "170258001"
              }
            ],
            "text": "Outpatient Encounter"
          }
        ],
        "subject": {
          "reference": "urn:uuid:5e8eeef7-5ccb-4ee7-9406-e5d9d4d81a35"
        },
        "period": {
          "start": "2013-11-29T16:21:34-05:00",
          "end": "2013-11-29T17:21:34-05:00"
        },
        "serviceProvider": {
          "reference": "urn:uuid:2bec3e3d-a82c-4a15-b8f6-e5ce96ca042f"
        },
        "resourceType": "Encounter"
      }
    },
    {
      "fullUrl": "urn:uuid:aafd6d31-0869-4390-b3e8-28293114124c",
      "resource": {
        "id": "aafd6d31-0869-4390-b3e8-28293114124c",
        "meta": {
          "profile": [
            "http://standardhealthrecord.org/fhir/StructureDefinition/shr-observation-Observation",
            "http://standardhealthrecord.org/fhir/StructureDefinition/shr-vital-VitalSign",
            "http://standardhealthrecord.org/fhir/StructureDefinition/shr-vital-BodyHeight"
          ]
        },
        "status": "final",
        "category": [
          {
            "coding": [
              {
                "system": "http://hl7.org/fhir/observation-category",
                "code": "vital-signs"
              }
            ]
          }
        ],
        "code": {
          "coding": [
            {
              "system": "http://loinc.org",
              "code": "8302-2",
              "display": "Body Height"
            }
          ],
          "text": "Body Height"
        },
        "subject": {
          "reference": "urn:uuid:5e8eeef7-5ccb-4ee7-9406-e5d9d4d81a35"
        },
        "context": {
          "reference": "urn:uuid:a7279191-052a-4a45-bceb-137b2b0c9c14"
        },
        "effectiveDateTime": "2013-11-29T16:21:34-05:00",
        "issued": "2013-11-29T16:21:34-05:00",
        "valueQuantity": {
          "value": 142.64273382116517,
          "unit": "cm",
          "system": "http://unitsofmeasure.org/",
          "code": "cm"
        },
        "resourceType": "Observation"
      }
    },
    {
      "fullUrl": "urn:uuid:546ebf86-afc5-45c7-b009-f3d1ff4334bb",
      "resource": {
        "id": "546ebf86-afc5-45c7-b009-f3d1ff4334bb",
        "meta": {
          "profile": [
            "http://standardhealthrecord.org/fhir/StructureDefinition/shr-observation-Observation",
            "http://standardhealthrecord.org/fhir/StructureDefinition/shr-vital-VitalSign",
            "http://standardhealthrecord.org/fhir/StructureDefinition/shr-vital-BodyWeight"
          ]
        },
        "status": "final",
        "category": [
          {
            "coding": [
              {
                "system": "http://hl7.org/fhir/observation-category",
                "code": "vital-signs"
              }
            ]
          }
        ],
        "code": {
          "coding": [
            {
              "system": "http://loinc.org",
              "code": "29463-7",
              "display": "Body Weight"
            }
          ],
          "text": "Body Weight"
        },
        "subject": {
          "reference": "urn:uuid:5e8eeef7-5ccb-4ee7-9406-e5d9d4d81a35"
        },
        "context": {
          "reference": "urn:uuid:a7279191-052a-4a45-bceb-137b2b0c9c14"
        },
        "effectiveDateTime": "2013-11-29T16:21:34-05:00",
        "issued": "2013-11-29T16:21:34-05:00",
        "valueQuantity": {
          "value": 36.950220282594024,
          "unit": "kg",
          "system": "http://unitsofmeasure.org/",
          "code": "kg"
        },
        "resourceType": "Observation"
      }
    },
    {
      "fullUrl": "urn:uuid:e6ef1251-f53c-4015-9a53-967e945c9b69",
      "resource": {
        "id": "e6ef1251-f53c-4015-9a53-967e945c9b69",
        "meta": {
          "profile": [
            "http://standardhealthrecord.org/fhir/StructureDefinition/shr-observation-Observation",
            "http://standardhealthrecord.org/fhir/StructureDefinition/shr-vital-VitalSign",
            "http://standardhealthrecord.org/fhir/StructureDefinition/shr-vital-BodyMassIndex"
          ]
        },
        "status": "final",
        "category": [
          {
            "coding": [
              {
                "system": "http://hl7.org/fhir/observation-category",
                "code": "vital-signs"
              }
            ]
          }
        ],
        "code": {
          "coding": [
            {
              "system": "http://loinc.org",
              "code": "39156-5",
              "display": "Body Mass Index"
            }
          ],
          "text": "Body Mass Index"
        },
        "subject": {
          "reference": "urn:uuid:5e8eeef7-5ccb-4ee7-9406-e5d9d4d81a35"
        },
        "context": {
          "reference": "urn:uuid:a7279191-052a-4a45-bceb-137b2b0c9c14"
        },
        "effectiveDateTime": "2013-11-29T16:21:34-05:00",
        "issued": "2013-11-29T16:21:34-05:00",
        "valueQuantity": {
          "value": 18.160078620554852,
          "unit": "kg/m2",
          "system": "http://unitsofmeasure.org/",
          "code": "kg/m2"
        },
        "resourceType": "Observation"
      }
    },
    {
      "fullUrl": "urn:uuid:cd55ec5c-7f16-4e0b-bfc3-c61c0d2c2a03",
      "resource": {
        "id": "cd55ec5c-7f16-4e0b-bfc3-c61c0d2c2a03",
        "meta": {
          "profile": [
            "http://standardhealthrecord.org/fhir/StructureDefinition/shr-observation-Observation",
            "http://standardhealthrecord.org/fhir/StructureDefinition/shr-vital-BloodPressure"
          ]
        },
        "status": "final",
        "category": [
          {
            "coding": [
              {
                "system": "http://hl7.org/fhir/observation-category",
                "code": "vital-signs"
              }
            ]
          }
        ],
        "code": {
          "coding": [
            {
              "system": "http://loinc.org",
              "code": "55284-4",
              "display": "Blood Pressure"
            }
          ]
        },
        "subject": {
          "reference": "urn:uuid:5e8eeef7-5ccb-4ee7-9406-e5d9d4d81a35"
        },
        "context": {
          "reference": "urn:uuid:a7279191-052a-4a45-bceb-137b2b0c9c14"
        },
        "effectiveDateTime": "2013-11-29T16:21:34-05:00",
        "issued": "2013-11-29T16:21:34-05:00",
        "component": [
          {
            "code": {
              "coding": [
                {
                  "system": "http://loinc.org",
                  "code": "8480-6",
                  "display": "Systolic Blood Pressure"
                }
              ],
              "text": "Systolic Blood Pressure"
            },
            "valueQuantity": {
              "value": 130,
              "unit": "mmHg",
              "system": "http://unitsofmeasure.org/",
              "code": "mmHg"
            }
          },
          {
            "code": {
              "coding": [
                {
                  "system": "http://loinc.org",
                  "code": "8462-4",
                  "display": "Diastolic Blood Pressure"
                }
              ],
              "text": "Diastolic Blood Pressure"
            },
            "valueQuantity": {
              "value": 71,
              "unit": "mmHg",
              "system": "http://unitsofmeasure.org/",
              "code": "mmHg"
            }
          }
        ],
        "resourceType": "Observation"
      }
    },
    {
      "resource": {
        "meta": {
          "profile": [
            "http://standardhealthrecord.org/fhir/StructureDefinition/shr-immunization-Immunization"
          ]
        },
        "status": "completed",
        "notGiven": false,
        "vaccineCode": {
          "coding": [
            {
              "system": "http://hl7.org/fhir/sid/cvx",
              "code": "140",
              "display": "Influenza, seasonal, injectable, preservative free"
            }
          ],
          "text": "Influenza, seasonal, injectable, preservative free"
        },
        "patient": {
          "reference": "urn:uuid:5e8eeef7-5ccb-4ee7-9406-e5d9d4d81a35"
        },
        "encounter": {
          "reference": "urn:uuid:a7279191-052a-4a45-bceb-137b2b0c9c14"
        },
        "date": "2013-11-29T16:21:34-05:00",
        "primarySource": true,
        "resourceType": "Immunization"
      }
    },
    {
      "fullUrl": "urn:uuid:d226d7c5-20d1-48bf-b5d7-fb8d1b9d3357",
      "resource": {
        "id": "d226d7c5-20d1-48bf-b5d7-fb8d1b9d3357",
        "meta": {
          "profile": [
            "http://standardhealthrecord.org/fhir/StructureDefinition/shr-encounter-Encounter"
          ]
        },
        "status": "finished",
        "class": {
          "code": "outpatient"
        },
        "type": [
          {
            "coding": [
              {
                "system": "http://snomed.info/sct",
                "code": "170258001"
              }
            ],
            "text": "Outpatient Encounter"
          }
        ],
        "subject": {
          "reference": "urn:uuid:5e8eeef7-5ccb-4ee7-9406-e5d9d4d81a35"
        },
        "period": {
          "start": "2014-12-22T07:52:00-05:00",
          "end": "2014-12-22T08:52:00-05:00"
        },
        "serviceProvider": {
          "reference": "urn:uuid:2bec3e3d-a82c-4a15-b8f6-e5ce96ca042f"
        },
        "resourceType": "Encounter"
      }
    },
    {
      "fullUrl": "urn:uuid:a61059b9-7ec1-470c-8b54-9ec279838686",
      "resource": {
        "id": "a61059b9-7ec1-470c-8b54-9ec279838686",
        "meta": {
          "profile": [
            "http://standardhealthrecord.org/fhir/StructureDefinition/shr-observation-Observation",
            "http://standardhealthrecord.org/fhir/StructureDefinition/shr-vital-VitalSign",
            "http://standardhealthrecord.org/fhir/StructureDefinition/shr-vital-BodyHeight"
          ]
        },
        "status": "final",
        "category": [
          {
            "coding": [
              {
                "system": "http://hl7.org/fhir/observation-category",
                "code": "vital-signs"
              }
            ]
          }
        ],
        "code": {
          "coding": [
            {
              "system": "http://loinc.org",
              "code": "8302-2",
              "display": "Body Height"
            }
          ],
          "text": "Body Height"
        },
        "subject": {
          "reference": "urn:uuid:5e8eeef7-5ccb-4ee7-9406-e5d9d4d81a35"
        },
        "context": {
          "reference": "urn:uuid:d226d7c5-20d1-48bf-b5d7-fb8d1b9d3357"
        },
        "effectiveDateTime": "2014-12-22T07:52:00-05:00",
        "issued": "2014-12-22T07:52:00-05:00",
        "valueQuantity": {
          "value": 148.25459010294665,
          "unit": "cm",
          "system": "http://unitsofmeasure.org/",
          "code": "cm"
        },
        "resourceType": "Observation"
      }
    },
    {
      "fullUrl": "urn:uuid:c117c40f-5764-438d-8744-0f64191bfd0c",
      "resource": {
        "id": "c117c40f-5764-438d-8744-0f64191bfd0c",
        "meta": {
          "profile": [
            "http://standardhealthrecord.org/fhir/StructureDefinition/shr-observation-Observation",
            "http://standardhealthrecord.org/fhir/StructureDefinition/shr-vital-VitalSign",
            "http://standardhealthrecord.org/fhir/StructureDefinition/shr-vital-BodyWeight"
          ]
        },
        "status": "final",
        "category": [
          {
            "coding": [
              {
                "system": "http://hl7.org/fhir/observation-category",
                "code": "vital-signs"
              }
            ]
          }
        ],
        "code": {
          "coding": [
            {
              "system": "http://loinc.org",
              "code": "29463-7",
              "display": "Body Weight"
            }
          ],
          "text": "Body Weight"
        },
        "subject": {
          "reference": "urn:uuid:5e8eeef7-5ccb-4ee7-9406-e5d9d4d81a35"
        },
        "context": {
          "reference": "urn:uuid:d226d7c5-20d1-48bf-b5d7-fb8d1b9d3357"
        },
        "effectiveDateTime": "2014-12-22T07:52:00-05:00",
        "issued": "2014-12-22T07:52:00-05:00",
        "valueQuantity": {
          "value": 42.22359372030687,
          "unit": "kg",
          "system": "http://unitsofmeasure.org/",
          "code": "kg"
        },
        "resourceType": "Observation"
      }
    },
    {
      "fullUrl": "urn:uuid:e17b4e46-9f86-49f5-9b42-7ca8e70b0581",
      "resource": {
        "id": "e17b4e46-9f86-49f5-9b42-7ca8e70b0581",
        "meta": {
          "profile": [
            "http://standardhealthrecord.org/fhir/StructureDefinition/shr-observation-Observation",
            "http://standardhealthrecord.org/fhir/StructureDefinition/shr-vital-VitalSign",
            "http://standardhealthrecord.org/fhir/StructureDefinition/shr-vital-BodyMassIndex"
          ]
        },
        "status": "final",
        "category": [
          {
            "coding": [
              {
                "system": "http://hl7.org/fhir/observation-category",
                "code": "vital-signs"
              }
            ]
          }
        ],
        "code": {
          "coding": [
            {
              "system": "http://loinc.org",
              "code": "39156-5",
              "display": "Body Mass Index"
            }
          ],
          "text": "Body Mass Index"
        },
        "subject": {
          "reference": "urn:uuid:5e8eeef7-5ccb-4ee7-9406-e5d9d4d81a35"
        },
        "context": {
          "reference": "urn:uuid:d226d7c5-20d1-48bf-b5d7-fb8d1b9d3357"
        },
        "effectiveDateTime": "2014-12-22T07:52:00-05:00",
        "issued": "2014-12-22T07:52:00-05:00",
        "valueQuantity": {
          "value": 19.210510114636502,
          "unit": "kg/m2",
          "system": "http://unitsofmeasure.org/",
          "code": "kg/m2"
        },
        "resourceType": "Observation"
      }
    },
    {
      "fullUrl": "urn:uuid:d0847548-b8ec-4992-94fc-cc0c586c9746",
      "resource": {
        "id": "d0847548-b8ec-4992-94fc-cc0c586c9746",
        "meta": {
          "profile": [
            "http://standardhealthrecord.org/fhir/StructureDefinition/shr-observation-Observation",
            "http://standardhealthrecord.org/fhir/StructureDefinition/shr-vital-BloodPressure"
          ]
        },
        "status": "final",
        "category": [
          {
            "coding": [
              {
                "system": "http://hl7.org/fhir/observation-category",
                "code": "vital-signs"
              }
            ]
          }
        ],
        "code": {
          "coding": [
            {
              "system": "http://loinc.org",
              "code": "55284-4",
              "display": "Blood Pressure"
            }
          ]
        },
        "subject": {
          "reference": "urn:uuid:5e8eeef7-5ccb-4ee7-9406-e5d9d4d81a35"
        },
        "context": {
          "reference": "urn:uuid:d226d7c5-20d1-48bf-b5d7-fb8d1b9d3357"
        },
        "effectiveDateTime": "2014-12-22T07:52:00-05:00",
        "issued": "2014-12-22T07:52:00-05:00",
        "component": [
          {
            "code": {
              "coding": [
                {
                  "system": "http://loinc.org",
                  "code": "8480-6",
                  "display": "Systolic Blood Pressure"
                }
              ],
              "text": "Systolic Blood Pressure"
            },
            "valueQuantity": {
              "value": 119,
              "unit": "mmHg",
              "system": "http://unitsofmeasure.org/",
              "code": "mmHg"
            }
          },
          {
            "code": {
              "coding": [
                {
                  "system": "http://loinc.org",
                  "code": "8462-4",
                  "display": "Diastolic Blood Pressure"
                }
              ],
              "text": "Diastolic Blood Pressure"
            },
            "valueQuantity": {
              "value": 83,
              "unit": "mmHg",
              "system": "http://unitsofmeasure.org/",
              "code": "mmHg"
            }
          }
        ],
        "resourceType": "Observation"
      }
    },
    {
      "resource": {
        "meta": {
          "profile": [
            "http://standardhealthrecord.org/fhir/StructureDefinition/shr-procedure-Procedure"
          ]
        },
        "extension": [
          {
            "url": "http://standardhealthrecord.org/fhir/StructureDefinition/shr-core-CodeableConcept-extension",
            "valueCodeableConcept": {
              "coding": [
                {
                  "system": "http://snomed.info/sct",
                  "code": "428191000124101",
                  "display": "Documentation of current medications"
                }
              ],
              "text": "Documentation of current medications"
            }
          }
        ],
        "status": "completed",
        "code": {
          "coding": [
            {
              "system": "http://snomed.info/sct",
              "code": "428191000124101",
              "display": "Documentation of current medications"
            }
          ],
          "text": "Documentation of current medications"
        },
        "subject": {
          "reference": "urn:uuid:5e8eeef7-5ccb-4ee7-9406-e5d9d4d81a35"
        },
        "context": {
          "reference": "urn:uuid:d226d7c5-20d1-48bf-b5d7-fb8d1b9d3357"
        },
        "performedDateTime": "2014-12-22T07:52:00-05:00",
        "resourceType": "Procedure"
      }
    },
    {
      "resource": {
        "meta": {
          "profile": [
            "http://standardhealthrecord.org/fhir/StructureDefinition/shr-immunization-Immunization"
          ]
        },
        "status": "completed",
        "notGiven": false,
        "vaccineCode": {
          "coding": [
            {
              "system": "http://hl7.org/fhir/sid/cvx",
              "code": "140",
              "display": "Influenza, seasonal, injectable, preservative free"
            }
          ],
          "text": "Influenza, seasonal, injectable, preservative free"
        },
        "patient": {
          "reference": "urn:uuid:5e8eeef7-5ccb-4ee7-9406-e5d9d4d81a35"
        },
        "encounter": {
          "reference": "urn:uuid:d226d7c5-20d1-48bf-b5d7-fb8d1b9d3357"
        },
        "date": "2014-12-22T07:52:00-05:00",
        "primarySource": true,
        "resourceType": "Immunization"
      }
    },
    {
      "resource": {
        "meta": {
          "profile": [
            "http://standardhealthrecord.org/fhir/StructureDefinition/shr-immunization-Immunization"
          ]
        },
        "status": "completed",
        "notGiven": false,
        "vaccineCode": {
          "coding": [
            {
              "system": "http://hl7.org/fhir/sid/cvx",
              "code": "114",
              "display": "meningococcal MCV4P"
            }
          ],
          "text": "meningococcal MCV4P"
        },
        "patient": {
          "reference": "urn:uuid:5e8eeef7-5ccb-4ee7-9406-e5d9d4d81a35"
        },
        "encounter": {
          "reference": "urn:uuid:d226d7c5-20d1-48bf-b5d7-fb8d1b9d3357"
        },
        "date": "2014-12-22T07:52:00-05:00",
        "primarySource": true,
        "resourceType": "Immunization"
      }
    },
    {
      "resource": {
        "meta": {
          "profile": [
            "http://standardhealthrecord.org/fhir/StructureDefinition/shr-immunization-Immunization"
          ]
        },
        "status": "completed",
        "notGiven": false,
        "vaccineCode": {
          "coding": [
            {
              "system": "http://hl7.org/fhir/sid/cvx",
              "code": "115",
              "display": "Tdap"
            }
          ],
          "text": "Tdap"
        },
        "patient": {
          "reference": "urn:uuid:5e8eeef7-5ccb-4ee7-9406-e5d9d4d81a35"
        },
        "encounter": {
          "reference": "urn:uuid:d226d7c5-20d1-48bf-b5d7-fb8d1b9d3357"
        },
        "date": "2014-12-22T07:52:00-05:00",
        "primarySource": true,
        "resourceType": "Immunization"
      }
    },
    {
      "resource": {
        "meta": {
          "profile": [
            "http://standardhealthrecord.org/fhir/StructureDefinition/shr-immunization-Immunization"
          ]
        },
        "status": "completed",
        "notGiven": false,
        "vaccineCode": {
          "coding": [
            {
              "system": "http://hl7.org/fhir/sid/cvx",
              "code": "62",
              "display": "HPV, quadrivalent"
            }
          ],
          "text": "HPV, quadrivalent"
        },
        "patient": {
          "reference": "urn:uuid:5e8eeef7-5ccb-4ee7-9406-e5d9d4d81a35"
        },
        "encounter": {
          "reference": "urn:uuid:d226d7c5-20d1-48bf-b5d7-fb8d1b9d3357"
        },
        "date": "2014-12-22T07:52:00-05:00",
        "primarySource": true,
        "resourceType": "Immunization"
      }
    },
    {
      "fullUrl": "urn:uuid:829a108f-77d8-43a1-a3a6-a3e30181bd64",
      "resource": {
        "id": "829a108f-77d8-43a1-a3a6-a3e30181bd64",
        "meta": {
          "profile": [
            "http://standardhealthrecord.org/fhir/StructureDefinition/shr-encounter-Encounter"
          ]
        },
        "status": "finished",
        "class": {
          "code": "outpatient"
        },
        "type": [
          {
            "coding": [
              {
                "system": "http://snomed.info/sct",
                "code": "170258001"
              }
            ],
            "text": "Outpatient Encounter"
          }
        ],
        "subject": {
          "reference": "urn:uuid:5e8eeef7-5ccb-4ee7-9406-e5d9d4d81a35"
        },
        "period": {
          "start": "2016-02-09T15:05:38-05:00",
          "end": "2016-02-09T16:05:38-05:00"
        },
        "serviceProvider": {
          "reference": "urn:uuid:2bec3e3d-a82c-4a15-b8f6-e5ce96ca042f"
        },
        "resourceType": "Encounter"
      }
    },
    {
      "fullUrl": "urn:uuid:4dcb4f50-f81f-4593-b669-2cef20df11c8",
      "resource": {
        "id": "4dcb4f50-f81f-4593-b669-2cef20df11c8",
        "meta": {
          "profile": [
            "http://standardhealthrecord.org/fhir/StructureDefinition/shr-observation-Observation",
            "http://standardhealthrecord.org/fhir/StructureDefinition/shr-vital-VitalSign",
            "http://standardhealthrecord.org/fhir/StructureDefinition/shr-vital-BodyHeight"
          ]
        },
        "status": "final",
        "category": [
          {
            "coding": [
              {
                "system": "http://hl7.org/fhir/observation-category",
                "code": "vital-signs"
              }
            ]
          }
        ],
        "code": {
          "coding": [
            {
              "system": "http://loinc.org",
              "code": "8302-2",
              "display": "Body Height"
            }
          ],
          "text": "Body Height"
        },
        "subject": {
          "reference": "urn:uuid:5e8eeef7-5ccb-4ee7-9406-e5d9d4d81a35"
        },
        "context": {
          "reference": "urn:uuid:829a108f-77d8-43a1-a3a6-a3e30181bd64"
        },
        "effectiveDateTime": "2016-02-09T15:05:38-05:00",
        "issued": "2016-02-09T15:05:38-05:00",
        "valueQuantity": {
          "value": 155.15741755914453,
          "unit": "cm",
          "system": "http://unitsofmeasure.org/",
          "code": "cm"
        },
        "resourceType": "Observation"
      }
    },
    {
      "fullUrl": "urn:uuid:6f255745-2b82-4c86-bc6c-3dad1a079df1",
      "resource": {
        "id": "6f255745-2b82-4c86-bc6c-3dad1a079df1",
        "meta": {
          "profile": [
            "http://standardhealthrecord.org/fhir/StructureDefinition/shr-observation-Observation",
            "http://standardhealthrecord.org/fhir/StructureDefinition/shr-vital-VitalSign",
            "http://standardhealthrecord.org/fhir/StructureDefinition/shr-vital-BodyWeight"
          ]
        },
        "status": "final",
        "category": [
          {
            "coding": [
              {
                "system": "http://hl7.org/fhir/observation-category",
                "code": "vital-signs"
              }
            ]
          }
        ],
        "code": {
          "coding": [
            {
              "system": "http://loinc.org",
              "code": "29463-7",
              "display": "Body Weight"
            }
          ],
          "text": "Body Weight"
        },
        "subject": {
          "reference": "urn:uuid:5e8eeef7-5ccb-4ee7-9406-e5d9d4d81a35"
        },
        "context": {
          "reference": "urn:uuid:829a108f-77d8-43a1-a3a6-a3e30181bd64"
        },
        "effectiveDateTime": "2016-02-09T15:05:38-05:00",
        "issued": "2016-02-09T15:05:38-05:00",
        "valueQuantity": {
          "value": 48.15362563095348,
          "unit": "kg",
          "system": "http://unitsofmeasure.org/",
          "code": "kg"
        },
        "resourceType": "Observation"
      }
    },
    {
      "fullUrl": "urn:uuid:bc566193-19ce-48f1-958e-d9633fa41fdf",
      "resource": {
        "id": "bc566193-19ce-48f1-958e-d9633fa41fdf",
        "meta": {
          "profile": [
            "http://standardhealthrecord.org/fhir/StructureDefinition/shr-observation-Observation",
            "http://standardhealthrecord.org/fhir/StructureDefinition/shr-vital-VitalSign",
            "http://standardhealthrecord.org/fhir/StructureDefinition/shr-vital-BodyMassIndex"
          ]
        },
        "status": "final",
        "category": [
          {
            "coding": [
              {
                "system": "http://hl7.org/fhir/observation-category",
                "code": "vital-signs"
              }
            ]
          }
        ],
        "code": {
          "coding": [
            {
              "system": "http://loinc.org",
              "code": "39156-5",
              "display": "Body Mass Index"
            }
          ],
          "text": "Body Mass Index"
        },
        "subject": {
          "reference": "urn:uuid:5e8eeef7-5ccb-4ee7-9406-e5d9d4d81a35"
        },
        "context": {
          "reference": "urn:uuid:829a108f-77d8-43a1-a3a6-a3e30181bd64"
        },
        "effectiveDateTime": "2016-02-09T15:05:38-05:00",
        "issued": "2016-02-09T15:05:38-05:00",
        "valueQuantity": {
          "value": 20.002482855923716,
          "unit": "kg/m2",
          "system": "http://unitsofmeasure.org/",
          "code": "kg/m2"
        },
        "resourceType": "Observation"
      }
    },
    {
      "fullUrl": "urn:uuid:707f1f75-5840-497c-8b8e-faa86a7a3bba",
      "resource": {
        "id": "707f1f75-5840-497c-8b8e-faa86a7a3bba",
        "meta": {
          "profile": [
            "http://standardhealthrecord.org/fhir/StructureDefinition/shr-observation-Observation",
            "http://standardhealthrecord.org/fhir/StructureDefinition/shr-vital-BloodPressure"
          ]
        },
        "status": "final",
        "category": [
          {
            "coding": [
              {
                "system": "http://hl7.org/fhir/observation-category",
                "code": "vital-signs"
              }
            ]
          }
        ],
        "code": {
          "coding": [
            {
              "system": "http://loinc.org",
              "code": "55284-4",
              "display": "Blood Pressure"
            }
          ]
        },
        "subject": {
          "reference": "urn:uuid:5e8eeef7-5ccb-4ee7-9406-e5d9d4d81a35"
        },
        "context": {
          "reference": "urn:uuid:829a108f-77d8-43a1-a3a6-a3e30181bd64"
        },
        "effectiveDateTime": "2016-02-09T15:05:38-05:00",
        "issued": "2016-02-09T15:05:38-05:00",
        "component": [
          {
            "code": {
              "coding": [
                {
                  "system": "http://loinc.org",
                  "code": "8480-6",
                  "display": "Systolic Blood Pressure"
                }
              ],
              "text": "Systolic Blood Pressure"
            },
            "valueQuantity": {
              "value": 107,
              "unit": "mmHg",
              "system": "http://unitsofmeasure.org/",
              "code": "mmHg"
            }
          },
          {
            "code": {
              "coding": [
                {
                  "system": "http://loinc.org",
                  "code": "8462-4",
                  "display": "Diastolic Blood Pressure"
                }
              ],
              "text": "Diastolic Blood Pressure"
            },
            "valueQuantity": {
              "value": 77,
              "unit": "mmHg",
              "system": "http://unitsofmeasure.org/",
              "code": "mmHg"
            }
          }
        ],
        "resourceType": "Observation"
      }
    },
    {
      "resource": {
        "meta": {
          "profile": [
            "http://standardhealthrecord.org/fhir/StructureDefinition/shr-procedure-Procedure"
          ]
        },
        "extension": [
          {
            "url": "http://standardhealthrecord.org/fhir/StructureDefinition/shr-core-CodeableConcept-extension",
            "valueCodeableConcept": {
              "coding": [
                {
                  "system": "http://snomed.info/sct",
                  "code": "428191000124101",
                  "display": "Documentation of current medications"
                }
              ],
              "text": "Documentation of current medications"
            }
          }
        ],
        "status": "completed",
        "code": {
          "coding": [
            {
              "system": "http://snomed.info/sct",
              "code": "428191000124101",
              "display": "Documentation of current medications"
            }
          ],
          "text": "Documentation of current medications"
        },
        "subject": {
          "reference": "urn:uuid:5e8eeef7-5ccb-4ee7-9406-e5d9d4d81a35"
        },
        "context": {
          "reference": "urn:uuid:829a108f-77d8-43a1-a3a6-a3e30181bd64"
        },
        "performedDateTime": "2016-02-09T15:05:38-05:00",
        "resourceType": "Procedure"
      }
    },
    {
      "resource": {
        "meta": {
          "profile": [
            "http://standardhealthrecord.org/fhir/StructureDefinition/shr-immunization-Immunization"
          ]
        },
        "status": "completed",
        "notGiven": false,
        "vaccineCode": {
          "coding": [
            {
              "system": "http://hl7.org/fhir/sid/cvx",
              "code": "140",
              "display": "Influenza, seasonal, injectable, preservative free"
            }
          ],
          "text": "Influenza, seasonal, injectable, preservative free"
        },
        "patient": {
          "reference": "urn:uuid:5e8eeef7-5ccb-4ee7-9406-e5d9d4d81a35"
        },
        "encounter": {
          "reference": "urn:uuid:829a108f-77d8-43a1-a3a6-a3e30181bd64"
        },
        "date": "2016-02-09T15:05:38-05:00",
        "primarySource": true,
        "resourceType": "Immunization"
      }
    },
    {
      "resource": {
        "meta": {
          "profile": [
            "http://standardhealthrecord.org/fhir/StructureDefinition/shr-immunization-Immunization"
          ]
        },
        "status": "completed",
        "notGiven": false,
        "vaccineCode": {
          "coding": [
            {
              "system": "http://hl7.org/fhir/sid/cvx",
              "code": "62",
              "display": "HPV, quadrivalent"
            }
          ],
          "text": "HPV, quadrivalent"
        },
        "patient": {
          "reference": "urn:uuid:5e8eeef7-5ccb-4ee7-9406-e5d9d4d81a35"
        },
        "encounter": {
          "reference": "urn:uuid:829a108f-77d8-43a1-a3a6-a3e30181bd64"
        },
        "date": "2016-02-09T15:05:38-05:00",
        "primarySource": true,
        "resourceType": "Immunization"
      }
    },
    {
      "fullUrl": "urn:uuid:64e034ba-8aee-4e16-83d1-95dbc2558caa",
      "resource": {
        "id": "64e034ba-8aee-4e16-83d1-95dbc2558caa",
        "meta": {
          "profile": [
            "http://standardhealthrecord.org/fhir/StructureDefinition/shr-encounter-Encounter"
          ]
        },
        "status": "finished",
        "class": {
          "code": "emergency"
        },
        "type": [
          {
            "coding": [
              {
                "system": "http://snomed.info/sct",
                "code": "50849002"
              }
            ],
            "text": "Emergency room admission"
          }
        ],
        "subject": {
          "reference": "urn:uuid:5e8eeef7-5ccb-4ee7-9406-e5d9d4d81a35"
        },
        "period": {
          "start": "2016-08-09T12:10:58-04:00",
          "end": "2016-08-09T13:23:01-04:00"
        },
        "serviceProvider": {
          "reference": "urn:uuid:2bec3e3d-a82c-4a15-b8f6-e5ce96ca042f"
        },
        "resourceType": "Encounter"
      }
    },
    {
      "fullUrl": "urn:uuid:b7984cc3-5251-4de7-88b9-694ce13da0e5",
      "resource": {
        "id": "b7984cc3-5251-4de7-88b9-694ce13da0e5",
        "meta": {
          "profile": [
            "http://standardhealthrecord.org/fhir/StructureDefinition/shr-problem-Problem"
          ]
        },
        "clinicalStatus": "active",
        "verificationStatus": "confirmed",
        "code": {
          "coding": [
            {
              "system": "http://snomed.info/sct",
              "code": "359817006",
              "display": "Closed fracture of hip"
            }
          ],
          "text": "Closed fracture of hip"
        },
        "subject": {
          "reference": "urn:uuid:5e8eeef7-5ccb-4ee7-9406-e5d9d4d81a35"
        },
        "context": {
          "reference": "urn:uuid:64e034ba-8aee-4e16-83d1-95dbc2558caa"
        },
        "onsetDateTime": "2016-08-09T12:10:58-04:00",
        "abatementDateTime": "2016-11-19T10:58:05-05:00",
        "assertedDate": "2016-08-09",
        "resourceType": "Condition"
      }
    },
    {
      "resource": {
        "meta": {
          "profile": [
            "http://standardhealthrecord.org/fhir/StructureDefinition/shr-procedure-Procedure"
          ]
        },
        "extension": [
          {
            "url": "http://standardhealthrecord.org/fhir/StructureDefinition/shr-core-CodeableConcept-extension",
            "valueCodeableConcept": {
              "coding": [
                {
                  "system": "http://snomed.info/sct",
                  "code": "305428000",
                  "display": "Admission to orthopedic department"
                }
              ],
              "text": "Admission to orthopedic department"
            }
          }
        ],
        "status": "completed",
        "code": {
          "coding": [
            {
              "system": "http://snomed.info/sct",
              "code": "305428000",
              "display": "Admission to orthopedic department"
            }
          ],
          "text": "Admission to orthopedic department"
        },
        "subject": {
          "reference": "urn:uuid:5e8eeef7-5ccb-4ee7-9406-e5d9d4d81a35"
        },
        "context": {
          "reference": "urn:uuid:64e034ba-8aee-4e16-83d1-95dbc2558caa"
        },
        "performedPeriod": {
          "start": "2016-08-09T12:10:58-04:00",
          "end": "2016-08-09T13:53:44-04:00"
        },
        "reasonReference": {
          "reference": "urn:uuid:b7984cc3-5251-4de7-88b9-694ce13da0e5",
          "display": "Closed fracture of hip"
        },
        "resourceType": "Procedure"
      }
    },
    {
      "resource": {
        "status": "completed",
        "category": [
          {
            "coding": [
              {
                "system": "http://snomed.info/sct",
                "code": "385691007",
                "display": "Fracture care"
              }
            ]
          }
        ],
        "subject": {
          "reference": "urn:uuid:5e8eeef7-5ccb-4ee7-9406-e5d9d4d81a35"
        },
        "context": {
          "reference": "urn:uuid:64e034ba-8aee-4e16-83d1-95dbc2558caa"
        },
        "period": {
          "start": "2016-08-09",
          "end": "2016-11-19"
        },
        "addresses": [
          {
            "reference": "urn:uuid:b7984cc3-5251-4de7-88b9-694ce13da0e5"
          }
        ],
        "activity": [
          {
            "detail": {
              "code": {
                "coding": [
                  {
                    "system": "http://snomed.info/sct",
                    "code": "183051005",
                    "display": "Recommendation to rest"
                  }
                ]
              },
              "status": "completed"
            }
          },
          {
            "detail": {
              "code": {
                "coding": [
                  {
                    "system": "http://snomed.info/sct",
                    "code": "408580007",
                    "display": "Physical activity target light exercise"
                  }
                ]
              },
              "status": "completed"
            }
          }
        ],
        "resourceType": "CarePlan"
      }
    },
    {
      "resource": {
        "meta": {
          "profile": [
            "http://standardhealthrecord.org/fhir/StructureDefinition/shr-medication-Medication"
          ]
        },
        "code": {
          "coding": [
            {
              "system": "http://www.nlm.nih.gov/research/umls/rxnorm",
              "code": "857005",
              "display": "Acetaminophen 325 MG / HYDROcodone Bitartrate 7.5 MG Oral Tablet"
            }
          ],
          "text": "Acetaminophen 325 MG / HYDROcodone Bitartrate 7.5 MG Oral Tablet"
        },
        "resourceType": "Medication"
      }
    },
    {
      "resource": {
        "meta": {
          "profile": [
            "http://standardhealthrecord.org/fhir/StructureDefinition/shr-medication-MedicationPrescription"
          ]
        },
        "extension": [
          {
            "url": "http://standardhealthrecord.org/fhir/StructureDefinition/shr-base-ActionCode-extension",
            "valueCodeableConcept": {
              "coding": [
                {
                  "system": "http://snomed.info/sct",
                  "code": "33633005",
                  "display": "Prescription of drug (procedure)"
                }
              ],
              "text": "Prescription of drug (procedure)"
            }
          }
        ],
        "status": "active",
        "medicationReference": {
          "reference": ""
        },
        "subject": {
          "reference": "urn:uuid:5e8eeef7-5ccb-4ee7-9406-e5d9d4d81a35"
        },
        "context": {
          "reference": "urn:uuid:64e034ba-8aee-4e16-83d1-95dbc2558caa"
        },
        "authoredOn": "2016-08-09",
        "dosageInstruction": [
          {
            "sequence": 1,
            "timing": {
              "repeat": {
                "frequency": 1,
                "period": 6,
                "periodUnit": "h"
              }
            },
            "asNeededBoolean": false,
            "doseQuantity": {
              "value": 1
            }
          }
        ],
        "dispenseRequest": {
          "numberOfRepeatsAllowed": 0,
          "quantity": {
            "value": 56,
            "unit": "doses"
          },
          "expectedSupplyDuration": {
            "value": 2,
            "unit": "weeks",
            "system": "http://hl7.org/fhir/ValueSet/units-of-time",
            "code": "wk"
          }
        },
        "resourceType": "MedicationRequest"
      }
    },
    {
      "resource": {
        "meta": {
          "profile": [
            "http://standardhealthrecord.org/fhir/StructureDefinition/shr-medication-Medication"
          ]
        },
        "code": {
          "coding": [
            {
              "system": "http://www.nlm.nih.gov/research/umls/rxnorm",
              "code": "849574",
              "display": "Naproxen sodium 220 MG Oral Tablet"
            }
          ],
          "text": "Naproxen sodium 220 MG Oral Tablet"
        },
        "resourceType": "Medication"
      }
    },
    {
      "resource": {
        "meta": {
          "profile": [
            "http://standardhealthrecord.org/fhir/StructureDefinition/shr-medication-MedicationPrescription"
          ]
        },
        "extension": [
          {
            "url": "http://standardhealthrecord.org/fhir/StructureDefinition/shr-base-ActionCode-extension",
            "valueCodeableConcept": {
              "coding": [
                {
                  "system": "http://snomed.info/sct",
                  "code": "33633005",
                  "display": "Prescription of drug (procedure)"
                }
              ],
              "text": "Prescription of drug (procedure)"
            }
          }
        ],
        "status": "stopped",
        "medicationReference": {
          "reference": ""
        },
        "subject": {
          "reference": "urn:uuid:5e8eeef7-5ccb-4ee7-9406-e5d9d4d81a35"
        },
        "context": {
          "reference": "urn:uuid:64e034ba-8aee-4e16-83d1-95dbc2558caa"
        },
        "authoredOn": "2016-08-09",
        "dosageInstruction": [
          {
            "sequence": 1,
            "asNeededBoolean": true
          }
        ],
        "resourceType": "MedicationRequest"
      }
    },
    {
      "fullUrl": "urn:uuid:03bc98df-a5ba-4ae7-b010-7ad36d5da681",
      "resource": {
        "id": "03bc98df-a5ba-4ae7-b010-7ad36d5da681",
        "meta": {
          "profile": [
            "http://standardhealthrecord.org/fhir/StructureDefinition/shr-encounter-Encounter"
          ]
        },
        "status": "finished",
        "class": {
          "code": "ambulatory"
        },
        "type": [
          {
            "coding": [
              {
                "system": "http://snomed.info/sct",
                "code": "185349003"
              }
            ],
            "text": "Encounter for 'check-up'"
          }
        ],
        "subject": {
          "reference": "urn:uuid:5e8eeef7-5ccb-4ee7-9406-e5d9d4d81a35"
        },
        "period": {
          "start": "2016-11-19T10:58:05-05:00",
          "end": "2016-11-19T10:58:05-05:00"
        },
        "reason": {
          "coding": [
            {
              "system": "http://snomed.info/sct",
              "code": "359817006",
              "display": "Closed fracture of hip"
            }
          ]
        },
        "serviceProvider": {
          "reference": "urn:uuid:2bec3e3d-a82c-4a15-b8f6-e5ce96ca042f"
        },
        "resourceType": "Encounter"
      }
    },
    {
      "fullUrl": "urn:uuid:46eac667-1234-4417-8076-ad61da68c58d",
      "resource": {
        "id": "46eac667-1234-4417-8076-ad61da68c58d",
        "meta": {
          "profile": [
            "http://standardhealthrecord.org/fhir/StructureDefinition/shr-encounter-Encounter"
          ]
        },
        "status": "finished",
        "class": {
          "code": "outpatient"
        },
        "type": [
          {
            "coding": [
              {
                "system": "http://snomed.info/sct",
                "code": "170258001"
              }
            ],
            "text": "Outpatient Encounter"
          }
        ],
        "subject": {
          "reference": "urn:uuid:5e8eeef7-5ccb-4ee7-9406-e5d9d4d81a35"
        },
        "period": {
          "start": "2017-02-01T14:32:47-05:00",
          "end": "2017-02-01T15:32:47-05:00"
        },
        "serviceProvider": {
          "reference": "urn:uuid:2bec3e3d-a82c-4a15-b8f6-e5ce96ca042f"
        },
        "resourceType": "Encounter"
      }
    },
    {
      "fullUrl": "urn:uuid:535889d4-e50b-4da5-95c0-2bd6b0f58546",
      "resource": {
        "id": "535889d4-e50b-4da5-95c0-2bd6b0f58546",
        "meta": {
          "profile": [
            "http://standardhealthrecord.org/fhir/StructureDefinition/shr-observation-Observation",
            "http://standardhealthrecord.org/fhir/StructureDefinition/shr-vital-VitalSign",
            "http://standardhealthrecord.org/fhir/StructureDefinition/shr-vital-BodyHeight"
          ]
        },
        "status": "final",
        "category": [
          {
            "coding": [
              {
                "system": "http://hl7.org/fhir/observation-category",
                "code": "vital-signs"
              }
            ]
          }
        ],
        "code": {
          "coding": [
            {
              "system": "http://loinc.org",
              "code": "8302-2",
              "display": "Body Height"
            }
          ],
          "text": "Body Height"
        },
        "subject": {
          "reference": "urn:uuid:5e8eeef7-5ccb-4ee7-9406-e5d9d4d81a35"
        },
        "context": {
          "reference": "urn:uuid:46eac667-1234-4417-8076-ad61da68c58d"
        },
        "effectiveDateTime": "2017-02-01T14:32:47-05:00",
        "issued": "2017-02-01T14:32:47-05:00",
        "valueQuantity": {
          "value": 162.93720248110472,
          "unit": "cm",
          "system": "http://unitsofmeasure.org/",
          "code": "cm"
        },
        "resourceType": "Observation"
      }
    },
    {
      "fullUrl": "urn:uuid:a7fdbd0b-11f9-4dc6-9a83-7227973d4628",
      "resource": {
        "id": "a7fdbd0b-11f9-4dc6-9a83-7227973d4628",
        "meta": {
          "profile": [
            "http://standardhealthrecord.org/fhir/StructureDefinition/shr-observation-Observation",
            "http://standardhealthrecord.org/fhir/StructureDefinition/shr-vital-VitalSign",
            "http://standardhealthrecord.org/fhir/StructureDefinition/shr-vital-BodyWeight"
          ]
        },
        "status": "final",
        "category": [
          {
            "coding": [
              {
                "system": "http://hl7.org/fhir/observation-category",
                "code": "vital-signs"
              }
            ]
          }
        ],
        "code": {
          "coding": [
            {
              "system": "http://loinc.org",
              "code": "29463-7",
              "display": "Body Weight"
            }
          ],
          "text": "Body Weight"
        },
        "subject": {
          "reference": "urn:uuid:5e8eeef7-5ccb-4ee7-9406-e5d9d4d81a35"
        },
        "context": {
          "reference": "urn:uuid:46eac667-1234-4417-8076-ad61da68c58d"
        },
        "effectiveDateTime": "2017-02-01T14:32:47-05:00",
        "issued": "2017-02-01T14:32:47-05:00",
        "valueQuantity": {
          "value": 53.95817551339412,
          "unit": "kg",
          "system": "http://unitsofmeasure.org/",
          "code": "kg"
        },
        "resourceType": "Observation"
      }
    },
    {
      "fullUrl": "urn:uuid:9eaaa21c-56db-4346-b1a4-ddccdeffcd62",
      "resource": {
        "id": "9eaaa21c-56db-4346-b1a4-ddccdeffcd62",
        "meta": {
          "profile": [
            "http://standardhealthrecord.org/fhir/StructureDefinition/shr-observation-Observation",
            "http://standardhealthrecord.org/fhir/StructureDefinition/shr-vital-VitalSign",
            "http://standardhealthrecord.org/fhir/StructureDefinition/shr-vital-BodyMassIndex"
          ]
        },
        "status": "final",
        "category": [
          {
            "coding": [
              {
                "system": "http://hl7.org/fhir/observation-category",
                "code": "vital-signs"
              }
            ]
          }
        ],
        "code": {
          "coding": [
            {
              "system": "http://loinc.org",
              "code": "39156-5",
              "display": "Body Mass Index"
            }
          ],
          "text": "Body Mass Index"
        },
        "subject": {
          "reference": "urn:uuid:5e8eeef7-5ccb-4ee7-9406-e5d9d4d81a35"
        },
        "context": {
          "reference": "urn:uuid:46eac667-1234-4417-8076-ad61da68c58d"
        },
        "effectiveDateTime": "2017-02-01T14:32:47-05:00",
        "issued": "2017-02-01T14:32:47-05:00",
        "valueQuantity": {
          "value": 20.324353757187787,
          "unit": "kg/m2",
          "system": "http://unitsofmeasure.org/",
          "code": "kg/m2"
        },
        "resourceType": "Observation"
      }
    },
    {
      "fullUrl": "urn:uuid:a6ea359f-a5d9-4d5a-baef-9d5e6a468f4a",
      "resource": {
        "id": "a6ea359f-a5d9-4d5a-baef-9d5e6a468f4a",
        "meta": {
          "profile": [
            "http://standardhealthrecord.org/fhir/StructureDefinition/shr-observation-Observation",
            "http://standardhealthrecord.org/fhir/StructureDefinition/shr-vital-BloodPressure"
          ]
        },
        "status": "final",
        "category": [
          {
            "coding": [
              {
                "system": "http://hl7.org/fhir/observation-category",
                "code": "vital-signs"
              }
            ]
          }
        ],
        "code": {
          "coding": [
            {
              "system": "http://loinc.org",
              "code": "55284-4",
              "display": "Blood Pressure"
            }
          ]
        },
        "subject": {
          "reference": "urn:uuid:5e8eeef7-5ccb-4ee7-9406-e5d9d4d81a35"
        },
        "context": {
          "reference": "urn:uuid:46eac667-1234-4417-8076-ad61da68c58d"
        },
        "effectiveDateTime": "2017-02-01T14:32:47-05:00",
        "issued": "2017-02-01T14:32:47-05:00",
        "component": [
          {
            "code": {
              "coding": [
                {
                  "system": "http://loinc.org",
                  "code": "8480-6",
                  "display": "Systolic Blood Pressure"
                }
              ],
              "text": "Systolic Blood Pressure"
            },
            "valueQuantity": {
              "value": 123,
              "unit": "mmHg",
              "system": "http://unitsofmeasure.org/",
              "code": "mmHg"
            }
          },
          {
            "code": {
              "coding": [
                {
                  "system": "http://loinc.org",
                  "code": "8462-4",
                  "display": "Diastolic Blood Pressure"
                }
              ],
              "text": "Diastolic Blood Pressure"
            },
            "valueQuantity": {
              "value": 74,
              "unit": "mmHg",
              "system": "http://unitsofmeasure.org/",
              "code": "mmHg"
            }
          }
        ],
        "resourceType": "Observation"
      }
    },
    {
      "resource": {
        "meta": {
          "profile": [
            "http://standardhealthrecord.org/fhir/StructureDefinition/shr-immunization-Immunization"
          ]
        },
        "status": "completed",
        "notGiven": false,
        "vaccineCode": {
          "coding": [
            {
              "system": "http://hl7.org/fhir/sid/cvx",
              "code": "140",
              "display": "Influenza, seasonal, injectable, preservative free"
            }
          ],
          "text": "Influenza, seasonal, injectable, preservative free"
        },
        "patient": {
          "reference": "urn:uuid:5e8eeef7-5ccb-4ee7-9406-e5d9d4d81a35"
        },
        "encounter": {
          "reference": "urn:uuid:46eac667-1234-4417-8076-ad61da68c58d"
        },
        "date": "2017-02-01T14:32:47-05:00",
        "primarySource": true,
        "resourceType": "Immunization"
      }
    },
    {
      "resource": {
        "meta": {
          "profile": [
            "http://standardhealthrecord.org/fhir/StructureDefinition/shr-immunization-Immunization"
          ]
        },
        "status": "completed",
        "notGiven": false,
        "vaccineCode": {
          "coding": [
            {
              "system": "http://hl7.org/fhir/sid/cvx",
              "code": "62",
              "display": "HPV, quadrivalent"
            }
          ],
          "text": "HPV, quadrivalent"
        },
        "patient": {
          "reference": "urn:uuid:5e8eeef7-5ccb-4ee7-9406-e5d9d4d81a35"
        },
        "encounter": {
          "reference": "urn:uuid:46eac667-1234-4417-8076-ad61da68c58d"
        },
        "date": "2017-02-01T14:32:47-05:00",
        "primarySource": true,
        "resourceType": "Immunization"
      }
    }
  ],
  "resourceType": "Bundle"
}